# https://github.com/mikedh/trimesh

o v10c3_canonical_head_deformed.obj
v 0.75717296 0.55525779 0.01300820
v 0.74896251 0.54015693 0.01862745
v 0.67738474 0.51825922 0.11277328
v 0.66325057 0.53094094 0.14729590
v 0.72835145 0.52235660 0.06534073
v 0.74705226 0.55427269 0.00992260
v 0.72506253 0.55332683 0.03454129
v 0.66286731 0.52407908 0.10073395
v 0.64270327 0.53452576 0.13635850
v 0.69016675 0.53754000 0.07013818
v 0.64318638 0.54693023 0.11279646
v 0.65916437 0.54017209 0.09943526
v 0.69163979 0.54741262 0.07443638
v 0.72502843 0.56777944 0.04123661
v 0.74126123 0.55947255 0.01805070
v 0.63908451 0.55611145 0.12447143
v 0.68966995 0.53975220 0.10430766
v 0.70604137 0.54571228 0.08584602
v 0.73728292 0.55333955 0.05004259
v 0.75451751 0.56215331 0.01883550
v 0.76846689 0.54841390 0.06845536
v 0.74108414 0.35382035 -0.02034142
v 0.73266253 0.36023224 -0.01335794
v 0.70229028 0.35428505 -0.02586352
v 0.70767369 0.34637974 -0.03177178
v 0.75792520 0.37550272 -0.00612044
v 0.74576782 0.37292212 -0.00755930
v 0.73026007 0.38398501 -0.01888525
v 0.71968924 0.37713728 -0.02246714
v 0.66921021 0.37993294 -0.02764569
v 0.64332578 0.35781955 -0.02466885
v 0.65996540 0.36083668 -0.02724664
v 0.67332837 0.37392352 -0.02949203
v 0.67868480 0.34692067 -0.03325219
v 0.68086841 0.35645448 -0.03426134
v 0.70191287 0.38467710 -0.02828582
v 0.69868996 0.37584754 -0.02971275
v 0.42365892 0.40124292 0.15331374
v 0.43048628 0.36461576 0.14862626
v 0.44628889 0.45038425 0.13645508
v 0.50974419 0.38545838 0.08235288
v 0.51067548 0.42371831 0.07967026
v 0.52491238 0.51202951 0.07748995
v 0.46747836 0.34905014 0.13058754
v 0.47195981 0.47820716 0.10909850
v 0.44237073 0.37907763 0.13830900
v 0.45925910 0.38140391 0.12716175
v 0.47718958 0.41252379 0.13922527
v 0.43731373 0.40543167 0.13613007
v 0.45602382 0.45354834 0.13316740
v 0.46129837 0.46333275 0.10854176
v 0.47761860 0.39264726 0.11319179
v 0.48425680 0.41551317 0.10646840
v 0.47461684 0.46366107 0.10169340
v 0.81336364 0.52291058 -0.04172952
v 0.78299844 0.53087904 -0.04542355
v 0.79035337 0.51727697 -0.04471226
v 0.77133136 0.56133641 -0.04029684
v 0.76844458 0.57938266 -0.03266398
v 0.71610473 0.54436406 -0.03599776
v 0.70215222 0.54358374 -0.03670403
v 0.70130324 0.53597209 -0.03759446
v 0.71917577 0.53909504 -0.03844730
v 0.72634538 0.55298123 -0.03775016
v 0.71314506 0.55686523 -0.03631950
v 0.75030653 0.51834356 -0.04303818
v 0.74955377 0.53147575 -0.04497677
v 0.73934774 0.57233224 -0.03584543
v 0.74343523 0.55711504 -0.03990060
v 0.77306002 0.54210832 -0.03573807
v 0.74551491 0.54190804 -0.03754113
v 0.77111083 0.54610218 -0.03266439
v 0.74661560 0.54582444 -0.03319494
v 0.79854116 0.35683976 -0.01304644
v 0.78300534 0.32092960 -0.02803770
v 0.68034595 0.54622095 -0.03342197
v 0.70519487 0.56428146 -0.03441923
v 0.76650302 0.58692676 -0.02719302
v 0.73378313 0.57798742 -0.03422175
v 0.62734190 0.35511212 -0.02187044
v 0.65852657 0.39126792 -0.02451071
v 0.77710956 0.37738472 -0.00498100
v 0.75735038 0.34143312 -0.02399914
v 0.71016803 0.33264681 -0.03817675
v 0.71146331 0.30978347 -0.03956863
v 0.67175921 0.33350676 -0.03831874
v 0.65562159 0.31302656 -0.03445358
v 0.61129839 0.33575628 -0.01586530
v 0.70566263 0.39795373 -0.02138874
v 0.74059212 0.39436380 -0.01324542
v 0.79936173 0.45771354 -0.05553143
v 0.80169598 0.43650241 -0.04343403
v 0.79833472 0.47387505 -0.05332969
v 0.80144206 0.48091604 -0.04644155
v 0.78181268 0.47247854 -0.05069147
v 0.78553506 0.47468849 -0.04444177
v 0.76224857 0.47458044 -0.03957156
v 0.77373577 0.47692149 -0.03468100
v 0.75170301 0.48007623 -0.03198458
v 0.77075661 0.48731563 -0.03240173
v 0.78762472 0.50912400 -0.04020060
v 0.79332516 0.49443090 -0.03532751
v 0.81882590 0.48681382 -0.04165136
v 0.79610608 0.48294570 -0.03768697
v 0.77232368 0.45799477 -0.04770020
v 0.77624747 0.44196020 -0.03738356
v 0.75637231 0.46215095 -0.03824687
v 0.72197219 0.64494102 -0.00856690
v 0.69227899 0.64731790 0.01832289
v 0.67236058 0.63385313 0.00553074
v 0.69904284 0.63941082 -0.00627246
v 0.74283955 0.64909046 -0.00657603
v 0.72554939 0.65688314 0.02842625
v 0.66398546 0.61400564 -0.00769384
v 0.69452802 0.61792227 -0.01770873
v 0.72657096 0.61740670 -0.02412483
v 0.75960841 0.61975147 -0.02466972
v 0.68009831 0.52005186 -0.03379066
v 0.70225741 0.48865775 -0.03334123
v 0.72278120 0.50482107 -0.03658362
v 0.59602509 0.59757543 0.03382987
v 0.64414001 0.49067065 -0.02899669
v 0.61602503 0.54236943 -0.00734005
v 0.67867127 0.44290771 -0.03196202
v 0.62323196 0.43638568 -0.03075605
v 0.57712287 0.39905630 -0.00449016
v 0.56726621 0.35629048 0.01380609
v 0.54339516 0.55431182 0.06519945
v 0.57293065 0.51942520 0.01614061
v 0.59384133 0.47308809 -0.01466579
v 0.54868247 0.44254019 0.02535920
v 0.53447068 0.47538197 0.05010785
v 0.75280505 0.45457646 -0.02927562
v 0.75965387 0.50543785 -0.03981904
v 0.55640508 0.30543720 0.04819403
v 0.59080092 0.27630168 0.01890359
v 0.53228491 0.39255493 0.05110519
v 0.79823513 0.40139489 -0.02238227
v 0.77658384 0.40833908 -0.02004618
v 0.75054177 0.41824032 -0.01965937
v 0.52455239 0.35026180 0.07351194
v 0.77595561 0.25041524 -0.01749655
v 0.70315704 0.24693273 -0.01966407
v 0.64580955 0.25749495 -0.00815583
v 0.64933344 0.74574027 0.11791465
v 0.68070430 0.68872578 0.10437478
v 0.58129160 0.72643502 0.12133683
v 0.62107805 0.66768490 0.10559069
v 0.52995824 0.69889757 0.13966335
v 0.56391365 0.63762876 0.12169174
v 0.50033323 0.65797385 0.17056055
v 0.52122017 0.60298455 0.15198803
v 0.60595005 0.62458502 0.07938223
v 0.65410790 0.64648343 0.07121549
v 0.70127165 0.66161249 0.07864929
v 0.54587019 0.57572087 0.10690399
v 0.50242642 0.47854469 0.09588269
v 0.50778770 0.55639769 0.17796737
v 0.52437826 0.53529938 0.12634229
v 0.75359531 0.18004911 0.01523400
v 0.73571140 0.11208999 0.08986507
v 0.70388139 0.08782039 0.17843449
v 0.65667345 0.10627587 0.29094592
v 0.68168908 0.18208709 0.01735020
v 0.65546532 0.13272756 0.07445903
v 0.62620130 0.10584210 0.15991400
v 0.58417568 0.12260039 0.26756931
v 0.61745613 0.20069884 0.03268763
v 0.58735692 0.15925585 0.09226323
v 0.55612552 0.14471518 0.16696762
v 0.54090295 0.14671949 0.24402049
v 0.54381770 0.17167973 0.31449657
v 0.51295700 0.17948190 0.26184737
v 0.60227661 0.16299064 0.35453680
v 0.48406977 0.35006470 0.13610925
v 0.46486257 0.38012624 0.15680443
v 0.49405986 0.35937897 0.10176968
v 0.46821356 0.41376659 0.15933337
v 0.48711366 0.46322927 0.14176393
v 0.50831760 0.49154056 0.12446603
v 0.50492345 0.31903993 0.10283830
v 0.56915908 0.21995910 0.06433564
v 0.48204122 0.30808340 0.14441734
v 0.53118122 0.20039957 0.12153098
v 0.46401943 0.32409653 0.21570326
v 0.50944385 0.18650277 0.18890113
v 0.46383922 0.37747936 0.23222251
v 0.48878379 0.45402348 0.21879188
v 0.50031959 0.49504828 0.20366578
v 0.48148765 0.36269175 0.29561688
v 0.51115383 0.46208696 0.26617114
v 0.52076263 0.51320902 0.24920349
v 0.47744614 0.30687321 0.29051818
v 0.51667769 0.35130924 0.34599396
v 0.54303055 0.46964182 0.30201732
v 0.54381682 0.52960073 0.27933065
v 0.51496165 0.29115808 0.34712745
v 0.55785161 0.34264987 0.38081827
v 0.57717272 0.47204879 0.32990619
v 0.58087926 0.53465705 0.31057868
v 0.56233603 0.28557281 0.38404484
v 0.64442829 0.27773513 0.42906154
v 0.50799549 0.58509911 0.22686430
v 0.49791773 0.39743545 0.09428902
v 0.52240507 0.59328667 0.26137362
v 0.57023489 0.61222932 0.31155983
v 0.48790184 0.37011205 0.10298828
v 0.71662745 0.37574821 -0.01588871
v 0.74384961 0.37233115 -0.00479105
v 0.73159009 0.35966784 -0.01162074
v 0.70117317 0.35402301 -0.02230125
v 0.66618370 0.36016383 -0.02387795
v 0.67651284 0.37130940 -0.02032940
v 0.68048284 0.35660817 -0.02520463
v 0.69721322 0.37486558 -0.02050505
v 0.80362761 0.56538084 -0.03424683
v 0.82773934 0.45877700 -0.05318602
v 0.81407625 0.49291947 -0.03291701
v 0.82220879 0.40436022 -0.02068806
v 0.80966267 0.10926905 0.11072576
v 0.72042195 0.54443801 -0.03036478
v 0.71503729 0.54149102 -0.02798736
v 0.72334280 0.54568053 -0.03016845
v 0.80079762 0.54874228 -0.02198622
v 0.74115880 0.54513877 -0.02504435
v 0.76649683 0.54838953 -0.02656303
v 0.73899418 0.54062310 -0.02948699
v 0.76899159 0.54441965 -0.02997793
v 0.80065856 0.54392147 -0.01998987
v 0.73177461 0.54899966 -0.03599050
v 0.72021982 0.54379729 -0.03516211
v 0.72320603 0.54204324 -0.03681373
v 0.51179950 0.48511516 0.08857810
v 0.43473312 0.42843183 0.14863519
v 0.55967985 0.40362876 0.36635669
v 0.52436803 0.40727751 0.33447394
v 0.49253552 0.41701432 0.28703003
v 0.47681540 0.42452094 0.23180188
v 0.44332393 0.43101933 0.13263664
v 0.47372843 0.43499127 0.12652097
v 0.48218223 0.44260985 0.10633680
v 0.49832392 0.44241510 0.09229172
v 0.47475908 0.43877219 0.15207796
v 0.52490615 0.22247345 0.33368384
v 0.57772230 0.21674311 0.37555382
v 0.50090871 0.25051917 0.13772850
v 0.49007680 0.23348654 0.27712918
v 0.48176695 0.24176757 0.19919604
v 0.52952866 0.26916759 0.08764708
v 0.54485328 0.68626436 0.32465264
v 0.48291887 0.68207800 0.28331657
v 0.44445214 0.68935200 0.22446241
v 0.45496891 0.70692675 0.18329981
v 0.48418515 0.75092203 0.14495542
v 0.54824777 0.77724870 0.12533510
v 0.68903965 0.81356598 0.14049432
v 0.60844626 0.79667230 0.12245697
v 0.78638912 0.54942216 0.02146154
v 0.76650757 0.51667714 0.08388896
v 0.80472375 0.54423714 -0.02939589
v 0.82392266 0.35965613 -0.00904799
v 0.82549462 0.43491305 -0.03974816
v 0.64097333 0.47786186 0.36637357
v 0.64286540 0.53706456 0.34325934
v 0.63060548 0.62175859 0.34089681
v 0.80436481 0.54610647 -0.02922627
v 0.75630268 0.66149505 0.04052822
v 0.77308592 0.08534460 0.20270635
v 0.68198214 0.15825827 0.38568174
v 0.78338078 0.54262441 0.02932478
v 0.81104750 0.55663596 0.03032731
v 0.81673870 0.54208003 0.04047626
v 0.73564247 0.50912696 0.13575369
v 0.79636917 0.51571376 0.14922317
v 0.77925916 0.52772953 0.18260231
v 0.80697324 0.52363612 0.09038051
v 0.82071583 0.55669298 0.03377521
v 0.82209300 0.55695938 0.06610275
v 0.81679246 0.52436455 0.14904023
v 0.80165396 0.53503458 0.18631011
v 0.82767354 0.54350192 0.11512626
v 0.81503746 0.55029353 0.16770602
v 0.81428716 0.54313519 0.14897362
v 0.82101556 0.55224838 0.11651599
v 0.81502460 0.57102862 0.07047152
v 0.81862926 0.56174076 0.04301498
v 0.80717793 0.55908304 0.17807798
v 0.78867042 0.54073032 0.13563260
v 0.80093675 0.54727519 0.11607424
v 0.80327786 0.55419673 0.07099145
v 0.80757405 0.56325275 0.03580896
v 0.72421708 0.57104934 0.14166772
v 0.73753835 0.54337284 0.12127734
v 0.89462819 0.36321929 0.03077152
v 0.89381225 0.37009616 0.04028700
v 0.92707281 0.36804470 0.04896364
v 0.92969121 0.35997080 0.04213479
v 0.86582180 0.38210638 0.02979753
v 0.87648730 0.38092279 0.03595608
v 0.89349508 0.39397579 0.03545420
v 0.90574697 0.38852538 0.03946960
v 0.94586781 0.39686619 0.06445015
v 0.96838230 0.37771637 0.08353742
v 0.95736330 0.37904056 0.07175285
v 0.94583634 0.39060325 0.06122244
v 0.95188090 0.36364448 0.05769084
v 0.94853448 0.37283925 0.05484112
v 0.92117303 0.39809715 0.04470360
v 0.92693888 0.38981828 0.04626879
v 0.98292599 0.43546081 0.33947092
v 0.99113446 0.39892073 0.33524301
v 0.96617554 0.48219045 0.30950563
v 0.97781865 0.41410041 0.23815906
v 0.96908260 0.45176653 0.23225929
v 0.93703375 0.53724224 0.21467392
v 0.98182490 0.38052398 0.30179322
v 0.96076844 0.50811154 0.27180625
v 0.98643704 0.41236742 0.31940693
v 0.98190515 0.41338340 0.30113035
v 0.95144511 0.44154028 0.29708689
v 0.98484044 0.43893146 0.31838009
v 0.96070659 0.48442431 0.30115752
v 0.97291371 0.49463303 0.27884054
v 0.97608326 0.42314704 0.27911224
v 0.97028833 0.44525104 0.26825102
v 0.96826593 0.49386239 0.26601238
v 0.83628043 0.53413874 -0.02768662
v 0.83394587 0.51994407 -0.03020091
v 0.83290857 0.56510347 -0.01979839
v 0.82448546 0.58281097 -0.01400856
v 0.87453803 0.55405667 0.01674300
v 0.88548843 0.55479996 0.02432659
v 0.88879015 0.54744242 0.02481786
v 0.87553450 0.54866082 0.01360285
v 0.86610054 0.56153104 0.00877288
v 0.87365300 0.56668460 0.01711187
v 0.86170125 0.52515887 -0.00595622
v 0.86025835 0.53824856 -0.00812444
v 0.85004438 0.57910417 0.00100431
v 0.85413416 0.56388723 -0.00305004
v 0.83325821 0.54579106 -0.01569874
v 0.85483295 0.54859585 -0.00115029
v 0.83130407 0.54978460 -0.01262663
v 0.84970386 0.55213107 0.00112212
v 0.83034628 0.32813072 -0.01276448
v 0.84626602 0.35976110 0.00284062
v 0.87845168 0.32677317 0.00373480
v 0.89826490 0.55955292 0.03912066
v 0.87607722 0.57473543 0.02246559
v 0.81977522 0.59018566 -0.00945931
v 0.85139658 0.58518245 0.00493047
v 0.97867293 0.37661708 0.09508182
v 0.94832420 0.40900452 0.07195914
v 0.85042536 0.38187177 0.01942539
v 0.88876092 0.34947777 0.01974551
v 0.93633577 0.34649282 0.03711107
v 0.94246871 0.32392652 0.03732912
v 0.96432024 0.35141700 0.05907021
v 0.97860072 0.33279942 0.07306024
v 0.99096818 0.35899655 0.11051924
v 0.90970762 0.41044156 0.04653572
v 0.87892883 0.40283014 0.03280573
v 0.85125292 0.46088914 -0.03825801
v 0.84597364 0.43921218 -0.02869476
v 0.84607654 0.47679662 -0.03743769
v 0.83672945 0.48307539 -0.03469524
v 0.85653618 0.47705117 -0.02581764
v 0.84849642 0.47854127 -0.02348326
v 0.86187570 0.48067675 -0.00640744
v 0.84914909 0.48153608 -0.00957728
v 0.86239728 0.48684950 0.00486381
v 0.84686237 0.49197244 -0.00706741
v 0.83467545 0.51200279 -0.02453809
v 0.83068784 0.49671707 -0.02289016
v 0.83346826 0.48523193 -0.02524987
v 0.86503199 0.46366810 -0.01683932
v 0.85857412 0.44699831 -0.00997828
v 0.86844877 0.46900924 -0.00093843
v 0.82296925 0.65111921 0.02505345
v 0.82370591 0.65535758 0.06207280
v 0.85151734 0.64481264 0.06516914
v 0.83946718 0.64800092 0.04047259
v 0.80509863 0.65289893 0.01414904
v 0.78918772 0.66077604 0.04961046
v 0.87289093 0.62678521 0.06184761
v 0.85709378 0.62786698 0.03640707
v 0.83864133 0.62426243 0.01318184
v 0.81426105 0.62309474 -0.00647662
v 0.90562270 0.53384999 0.04128366
v 0.89734298 0.50059449 0.03160030
v 0.88051967 0.51447221 0.01592553
v 0.89550577 0.61589626 0.13352145
v 0.93604912 0.50853159 0.06817584
v 0.92659682 0.56137004 0.09604440
v 0.92561622 0.45801934 0.05024287
v 0.96698898 0.45742199 0.08367558
v 0.99067971 0.42436554 0.13317460
v 0.99531168 0.38248838 0.15629199
v 0.92166820 0.57745334 0.19111765
v 0.94639933 0.54227436 0.14046097
v 0.96663802 0.49589899 0.10943190
v 0.97742952 0.46877490 0.16807891
v 0.96043365 0.50144357 0.19189986
v 0.86626134 0.46151915 0.00849235
v 0.85582598 0.51132210 -0.00780465
v 0.99062851 0.33201499 0.19273318
v 0.99531582 0.30106441 0.15355467
v 0.98311151 0.42014256 0.20117217
v 0.84181631 0.40406211 -0.00787459
v 0.85405981 0.41308057 0.00574481
v 0.87021254 0.42556387 0.02017786
v 0.98295355 0.37831478 0.22609823
v 0.89421654 0.25765648 0.02186979
v 0.95004378 0.26204934 0.06251852
v 0.98050866 0.27798643 0.10325676
v 0.75376486 0.75212925 0.15267823
v 0.75609064 0.69333773 0.12946978
v 0.80605268 0.74018570 0.19615590
v 0.80434850 0.67889701 0.16659832
v 0.83699734 0.71768205 0.24187054
v 0.84190938 0.65463637 0.21423103
v 0.84606774 0.67912539 0.28564708
v 0.85934391 0.62367002 0.26454059
v 0.84662721 0.63930859 0.15949916
v 0.81180002 0.65613026 0.12370855
v 0.76766940 0.66567445 0.10075223
v 0.73404953 0.66601454 0.08801186
v 0.88263228 0.59632267 0.21900379
v 0.94839023 0.50582823 0.24432997
v 0.86178430 0.57805385 0.29580172
v 0.89429769 0.55792952 0.24947760
v 0.83139295 0.17396383 0.03759521
v 0.90434301 0.18928007 0.06541323
v 0.87883275 0.12085303 0.13750466
v 0.84145705 0.09624268 0.22422750
v 0.78594311 0.11418846 0.33397385
v 0.95482103 0.19881102 0.10826686
v 0.94378055 0.15038000 0.17042809
v 0.90757649 0.12306755 0.25357182
v 0.85239552 0.13901826 0.35684751
v 0.98530449 0.22321996 0.15513173
v 0.97314645 0.18287404 0.22067731
v 0.94326908 0.16841399 0.29583112
v 0.89553605 0.16842645 0.36206192
v 0.83345791 0.18940698 0.41090437
v 0.89385195 0.20279478 0.38863003
v 0.76264825 0.17280595 0.40791700
v 0.96523444 0.37950816 0.29627013
v 0.95569572 0.41015859 0.32018314
v 0.98146967 0.38920507 0.26401053
v 0.94246025 0.44278199 0.31719150
v 0.92889258 0.49025643 0.28881630
v 0.91900910 0.51666538 0.26117186
v 0.98334376 0.34831876 0.26208640
v 0.99160689 0.24582013 0.20495297
v 0.97149465 0.33803658 0.30733651
v 0.98124842 0.22794935 0.27133997
v 0.92648422 0.35239516 0.36963774
v 0.94980722 0.21345683 0.33547897
v 0.90003471 0.40416753 0.37741329
v 0.87176983 0.47745365 0.34627286
v 0.86396523 0.51729478 0.32471014
v 0.84301386 0.38481141 0.41595286
v 0.81739600 0.48082202 0.36810677
v 0.80973396 0.53088716 0.34539117
v 0.86454756 0.33055991 0.41936667
v 0.78211491 0.36754981 0.43434596
v 0.76493222 0.48321709 0.37587934
v 0.76572758 0.54317634 0.35319632
v 0.79837004 0.30849985 0.44146096
v 0.72789584 0.35305388 0.43741821
v 0.71819335 0.48067597 0.37684617
v 0.71360954 0.54277694 0.35475949
v 0.73721814 0.29627371 0.44225492
v 0.81703874 0.60400530 0.32973467
v 0.97427854 0.42658322 0.25285297
v 0.77820354 0.60893550 0.34652012
v 0.70020426 0.62018038 0.35482197
v 0.98222421 0.40036029 0.26753008
v 0.90337214 0.38717813 0.04627663
v 0.87595048 0.38041627 0.03918415
v 0.89343028 0.36957398 0.04225403
v 0.92526190 0.36774005 0.05229489
v 0.95043985 0.37756321 0.07074672
v 0.93725723 0.38726889 0.06646889
v 0.94191848 0.37261110 0.06182356
v 0.92130607 0.38858162 0.05409281
v 0.77484058 0.65341617 0.00095254
v 0.63754635 0.33999895 0.42221055
v 0.86709351 0.55341103 0.01846065
v 0.87001002 0.55097193 0.02360142
v 0.86448004 0.55431496 0.01681466
v 0.84770515 0.55165696 0.01042386
v 0.82945709 0.55224123 -0.00560416
v 0.85384385 0.54764932 0.00874527
v 0.83126396 0.54822925 -0.00924809
v 0.86184432 0.55695696 0.00730837
v 0.87104331 0.55302434 0.01504544
v 0.87057117 0.55105875 0.01224257
v 0.94532961 0.51163797 0.23288719
v 0.97119667 0.46125302 0.32720258
v 0.72143219 0.41352476 0.42019692
v 0.77045485 0.42233312 0.41638548
v 0.82710956 0.43748349 0.39839541
v 0.87845523 0.44909308 0.36549121
v 0.97634183 0.46362999 0.31005781
v 0.95767481 0.46459972 0.28760898
v 0.96476305 0.47213497 0.26697120
v 0.96363619 0.47088430 0.24717884
v 0.93657182 0.46702572 0.30579793
v 0.63494217 0.39729424 0.41095688
v 0.66066463 0.21369736 0.41513558
v 0.81937883 0.24049465 0.43170006
v 0.75053289 0.22731869 0.43307431
v 0.97792573 0.27971512 0.29650786
v 0.88478834 0.25764243 0.40851065
v 0.94769812 0.27028343 0.35428422
v 0.98998590 0.29735117 0.24091600
v 0.61086907 0.70118364 0.35198990
v 0.68934522 0.69510402 0.37274918
v 0.76707417 0.69946203 0.37790288
v 0.83787280 0.71342088 0.35542107
v 0.85671277 0.73150504 0.31703050
v 0.85277191 0.77347196 0.26765057
v 0.81381156 0.79349568 0.21373665
v 0.76682011 0.80636146 0.17517703
v 0.72768977 0.51876733 0.16867916
v 0.75352588 0.54082340 0.10014432
v 0.78141467 0.56095013 0.02735704
v 0.79677246 0.58324354 -0.02478591
v 0.79418611 0.58749786 -0.02035184
v 0.82548406 0.47483830 -0.05270607
v 0.81130509 0.51054830 -0.03363190
v 0.78766920 0.62411047 -0.01818704
v 0.83652072 0.25163872 -0.00025593
v 0.71877519 0.69558857 0.11447273
v 0.81168825 0.53146201 -0.04087533
v 0.82177983 0.48283023 -0.04701860
v 0.70264783 0.75992615 0.12895884
v 0.71979037 0.09282095 0.32199312
v 0.90305179 0.37507881 0.03726167
v 0.89710175 0.37473633 0.03858436
v 0.88481775 0.37340937 0.03854004
v 0.87526054 0.37191630 0.04137972
v 0.86626216 0.37085153 0.04697710
v 0.85908550 0.36942076 0.05325742
v 0.85301568 0.36843396 0.06124186
v 0.84883311 0.36732814 0.06983292
v 0.84604395 0.36670300 0.07924784
v 0.84523853 0.36564397 0.08887544
v 0.90451226 0.37190184 0.03758271
v 0.89865717 0.37039603 0.03885192
v 0.88760951 0.36579163 0.03913531
v 0.87851454 0.36189977 0.04186013
v 0.86998964 0.35890260 0.04724225
v 0.86257773 0.35609688 0.05333421
v 0.85690639 0.35388461 0.06114701
v 0.85232028 0.35237446 0.06990815
v 0.84979172 0.35208030 0.07940209
v 0.84845530 0.35225465 0.08932267
v 0.90671817 0.36914698 0.03849382
v 0.90182218 0.36612750 0.04010767
v 0.89269397 0.35904026 0.04101677
v 0.88519400 0.35365601 0.04426859
v 0.87746462 0.34913851 0.04985816
v 0.87109417 0.34507783 0.05587584
v 0.86576151 0.34248150 0.06398725
v 0.86160441 0.34068744 0.07252771
v 0.85829395 0.34063544 0.08210277
v 0.85721031 0.34119783 0.09159799
v 0.91042753 0.36656511 0.03939517
v 0.90672582 0.36297852 0.04205956
v 0.89987864 0.35401528 0.04337063
v 0.89444978 0.34681788 0.04718185
v 0.88857215 0.34083869 0.05288645
v 0.88375758 0.33693556 0.05996427
v 0.87839832 0.33322763 0.06779726
v 0.87422946 0.33142381 0.07630788
v 0.87121675 0.33140201 0.08597101
v 0.86957819 0.33226476 0.09487052
v 0.91456475 0.36543391 0.04088075
v 0.91254595 0.36111493 0.04405113
v 0.90871914 0.35115173 0.04632156
v 0.90492475 0.34379559 0.05108356
v 0.90101232 0.33714303 0.05748116
v 0.89720937 0.33241132 0.06498530
v 0.89311843 0.32886444 0.07331973
v 0.88929645 0.32677905 0.08193225
v 0.88593297 0.32676128 0.09114339
v 0.88301654 0.32731852 0.09987114
v 0.91896864 0.36510417 0.04276790
v 0.91835216 0.36094498 0.04624469
v 0.91795078 0.35077005 0.05030724
v 0.91682647 0.34380824 0.05597554
v 0.91482346 0.33705626 0.06301655
v 0.91267384 0.33273896 0.07076213
v 0.90948561 0.32905104 0.07969297
v 0.90659128 0.32694343 0.08767415
v 0.90293684 0.32716861 0.09708637
v 0.89886429 0.32756121 0.10470494
v 0.92297486 0.36624768 0.04395445
v 0.92394801 0.36198591 0.04810730
v 0.92687403 0.35267724 0.05302857
v 0.92800421 0.34582026 0.05948332
v 0.92835100 0.34013163 0.06765089
v 0.92768034 0.33523187 0.07532579
v 0.92527686 0.33198737 0.08431341
v 0.92197498 0.32995005 0.09340720
v 0.91918783 0.32956252 0.10140485
v 0.91412216 0.33044426 0.10966933
v 0.92622079 0.36827026 0.04541100
v 0.92850693 0.36492942 0.04985379
v 0.93442285 0.35698412 0.05590344
v 0.93761118 0.35098448 0.06287620
v 0.93902525 0.34623688 0.07163493
v 0.93972376 0.34243260 0.07990941
v 0.93832368 0.33921616 0.08854280
v 0.93548269 0.33755464 0.09733993
v 0.93098673 0.33692800 0.10596956
v 0.92588799 0.33798415 0.11421366
v 0.92899269 0.37081259 0.04616209
v 0.93215179 0.36847824 0.05123216
v 0.94024130 0.36289083 0.05817368
v 0.94471661 0.35868606 0.06626003
v 0.94747758 0.35554376 0.07480678
v 0.94883441 0.35244866 0.08304751
v 0.94757528 0.35033778 0.09261280
v 0.94504339 0.34875788 0.10152961
v 0.94031430 0.34828740 0.10994233
v 0.93452685 0.34862974 0.11833636
v 0.93015257 0.37387470 0.04685766
v 0.93408040 0.37255513 0.05188912
v 0.94351906 0.37021514 0.05931969
v 0.94896938 0.36805805 0.06736646
v 0.95207041 0.36592780 0.07658124
v 0.95421992 0.36454817 0.08559398
v 0.95330039 0.36321339 0.09499328
v 0.95107580 0.36183765 0.10426464
v 0.94600750 0.36132236 0.11290282
v 0.93963559 0.36076306 0.12102684
v 0.93050378 0.37720026 0.04722485
v 0.93439195 0.37742807 0.05234015
v 0.94333596 0.37820480 0.05996850
v 0.94907424 0.37811424 0.06785110
v 0.95195357 0.37801405 0.07716868
v 0.95362085 0.37768431 0.08643633
v 0.95284852 0.37733611 0.09599503
v 0.95035539 0.37649349 0.10544433
v 0.94538265 0.37568437 0.11382253
v 0.93959433 0.37414098 0.12080162
v 0.92940586 0.38068369 0.04693071
v 0.93270137 0.38210651 0.05219964
v 0.94097663 0.38526993 0.05920918
v 0.94560925 0.38758348 0.06770161
v 0.94848218 0.38964396 0.07693268
v 0.94954020 0.39082799 0.08685719
v 0.94871895 0.39143245 0.09601142
v 0.94622573 0.39095916 0.10544580
v 0.94210040 0.38931035 0.11332574
v 0.93675296 0.38745425 0.11995874
v 0.92729400 0.38325021 0.04671142
v 0.92952965 0.38601855 0.05131810
v 0.93541840 0.39157209 0.05815249
v 0.93926810 0.39560143 0.06617600
v 0.94074988 0.39876818 0.07528975
v 0.94094296 0.40108910 0.08433316
v 0.93919016 0.40209012 0.09413525
v 0.93667133 0.40228932 0.10332512
v 0.93320668 0.40020319 0.11085269
v 0.92753852 0.39780286 0.11864807
v 0.92365524 0.38539422 0.04573702
v 0.92508888 0.38886122 0.05015011
v 0.92849276 0.39661494 0.05625541
v 0.92971478 0.40248221 0.06345709
v 0.92996357 0.40656428 0.07217558
v 0.92894831 0.40979280 0.08120115
v 0.92693265 0.41124726 0.09022750
v 0.92399021 0.41173987 0.09961112
v 0.91959734 0.41017109 0.10837632
v 0.91569034 0.40668489 0.11574678
v 0.91977876 0.38688001 0.04423852
v 0.91946160 0.39060042 0.04806117
v 0.92018516 0.39945630 0.05332164
v 0.91890986 0.40628145 0.06010909
v 0.91753313 0.41127428 0.06809454
v 0.91555100 0.41507059 0.07679244
v 0.91275083 0.41668635 0.08596120
v 0.90919477 0.41705630 0.09512099
v 0.90557744 0.41510918 0.10418771
v 0.90194941 0.41197676 0.11233357
v 0.91555514 0.38713893 0.04249218
v 0.91329668 0.39090994 0.04610592
v 0.91014787 0.40005567 0.05037487
v 0.90706712 0.40641804 0.05612440
v 0.90320283 0.41171436 0.06353077
v 0.89972277 0.41541465 0.07139685
v 0.89635859 0.41697266 0.08041745
v 0.89255739 0.41763244 0.08914507
v 0.88924152 0.41570809 0.09830621
v 0.88585491 0.41245146 0.10706332
v 0.91080066 0.38632854 0.04092289
v 0.90744010 0.38991114 0.04402831
v 0.90141431 0.39849675 0.04663133
v 0.89588769 0.40428655 0.05159546
v 0.89009735 0.40876914 0.05858823
v 0.88498373 0.41256941 0.06595250
v 0.88039250 0.41400395 0.07466180
v 0.87653449 0.41422086 0.08351875
v 0.87338696 0.41293176 0.09258380
v 0.87094979 0.40975580 0.10165926
v 0.90744323 0.38445616 0.03972669
v 0.90273505 0.38736394 0.04215730
v 0.89397311 0.39424407 0.04391985
v 0.88600506 0.39894050 0.04809026
v 0.87907768 0.40251463 0.05450588
v 0.87310047 0.40494258 0.06123330
v 0.86832143 0.40611773 0.06966063
v 0.86384823 0.40633802 0.07850822
v 0.86082859 0.40474768 0.08778881
v 0.85951449 0.40209185 0.09680519
v 0.90479134 0.38181843 0.03841308
v 0.89934609 0.38346751 0.04052240
v 0.88807760 0.38789225 0.04099421
v 0.87917693 0.39129080 0.04459286
v 0.87113938 0.39296964 0.05037699
v 0.86414941 0.39444356 0.05708163
v 0.85854517 0.39479012 0.06523629
v 0.85413474 0.39462592 0.07411816
v 0.85165384 0.39307730 0.08299198
v 0.85028108 0.39153409 0.09264294
v 0.90329672 0.37870992 0.03744845
v 0.89744601 0.37949165 0.03919666
v 0.88505925 0.38122394 0.03896282
v 0.87490181 0.38212478 0.04172681
v 0.86671977 0.38249862 0.04727019
v 0.85834786 0.38248484 0.05402492
v 0.85319464 0.38251440 0.06206443
v 0.84875367 0.38099617 0.07068782
v 0.84661220 0.38058651 0.08020216
v 0.84528646 0.37891176 0.08982324
v 0.92896078 0.37735071 0.04581394
v 0.91905038 0.36699705 0.04179781
v 0.90532073 0.37523721 0.03702783
v 0.91607215 0.38564569 0.04158681
v 0.90644688 0.37775064 0.03714269
v 0.91890551 0.38498466 0.04216665
v 0.92814805 0.37516366 0.04483806
v 0.91653712 0.36763794 0.04026500
v 0.91331138 0.38480774 0.04016174
v 0.92745504 0.37942701 0.04506068
v 0.92151425 0.36824005 0.04211348
v 0.90733063 0.37341230 0.03689758
v 0.90793864 0.38031530 0.03767146
v 0.92204483 0.38344745 0.04316578
v 0.92680227 0.37249267 0.04398099
v 0.91298724 0.36857411 0.03839191
v 0.91011786 0.38292264 0.03885427
v 0.92538784 0.38170308 0.04427239
v 0.92454009 0.37016034 0.04315770
v 0.90962034 0.37077899 0.03762296
v 0.91226373 0.37348956 0.03756259
v 0.91574202 0.37124050 0.03899808
v 0.91915336 0.36949529 0.04050464
v 0.90925320 0.37568833 0.03692617
v 0.91151919 0.37863679 0.03778344
v 0.91467127 0.37618190 0.03811033
v 0.91886451 0.37374888 0.03938496
v 0.92178508 0.37196836 0.04143315
v 0.92035434 0.38159357 0.04134461
v 0.92383395 0.37943607 0.04231680
v 0.92630423 0.37725006 0.04352683
v 0.91654537 0.38354507 0.04051595
v 0.91806323 0.37894845 0.03948429
v 0.92456950 0.37465185 0.04222322
v 0.91381109 0.38129165 0.03864907
v 0.92131271 0.37653328 0.04051398
v 0.89915756 0.37484551 0.03794478
v 0.90070020 0.37076578 0.03825361
v 0.90344220 0.36684302 0.03917068
v 0.90809113 0.36439652 0.04085339
v 0.91356145 0.36259147 0.04243612
v 0.91887188 0.36222952 0.04454241
v 0.92365649 0.36358800 0.04636251
v 0.92775566 0.36645125 0.04819167
v 0.93102145 0.36950901 0.04936418
v 0.93326110 0.37281369 0.04996331
v 0.93328913 0.37732578 0.05031832
v 0.93174225 0.38169676 0.04989458
v 0.92864313 0.38509290 0.04946897
v 0.92426122 0.38759917 0.04837230
v 0.91980912 0.38936426 0.04648326
v 0.91396241 0.38975209 0.04457480
v 0.90874800 0.38874881 0.04278944
v 0.90436000 0.38622535 0.04105252
v 0.90127081 0.38269103 0.03946203
v 0.89967244 0.37904866 0.03824984
v 0.90501510 0.37565502 0.04570815
v 0.89903584 0.37486544 0.04130889
v 0.88568325 0.37352560 0.03918242
v 0.87610777 0.37201493 0.04200716
v 0.86735902 0.37064492 0.04802100
v 0.85982144 0.36949698 0.05419157
v 0.85416188 0.36855485 0.06197174
v 0.85007976 0.36746085 0.07025485
v 0.84739351 0.36684727 0.07936155
v 0.84668882 0.36580249 0.08868368
v 0.90589727 0.37355680 0.04595938
v 0.90054225 0.37108327 0.04157185
v 0.88820840 0.36621510 0.03932267
v 0.87931700 0.36232238 0.04247457
v 0.87068831 0.35930011 0.04816448
v 0.86356575 0.35660646 0.05413699
v 0.85801535 0.35432850 0.06187297
v 0.85349404 0.35315376 0.07032383
v 0.85096388 0.35286039 0.07982034
v 0.84952689 0.35302490 0.08901714
v 0.90798583 0.37093076 0.04627518
v 0.90337513 0.36745060 0.04218657
v 0.89324151 0.35975802 0.04119066
v 0.88564100 0.35435354 0.04476315
v 0.87845767 0.34952173 0.05079782
v 0.87175223 0.34579620 0.05679719
v 0.86652146 0.34321527 0.06460494
v 0.86243098 0.34175787 0.07283514
v 0.86020666 0.34120311 0.08190866
v 0.85859070 0.34200555 0.09140339
v 0.91064132 0.37022206 0.04751246
v 0.90727238 0.36491680 0.04394648
v 0.90043913 0.35472280 0.04356581
v 0.89454299 0.34780129 0.04756635
v 0.88876942 0.34182862 0.05399797
v 0.88334040 0.33742604 0.06031872
v 0.87911780 0.33428790 0.06841518
v 0.87505339 0.33249758 0.07661960
v 0.87179766 0.33277711 0.08586359
v 0.87030153 0.33332849 0.09445952
v 0.91278525 0.36918675 0.04822012
v 0.91274137 0.36311793 0.04554374
v 0.90896569 0.35182611 0.04641386
v 0.90533969 0.34480334 0.05157710
v 0.90132305 0.33811897 0.05847453
v 0.89751133 0.33341502 0.06579528
v 0.89352450 0.32988375 0.07382578
v 0.88977009 0.32813474 0.08212766
v 0.88632880 0.32737286 0.09032742
v 0.88339452 0.32867124 0.09934864
v 0.91612935 0.36853538 0.04922791
v 0.91770715 0.36302532 0.04749772
v 0.91787810 0.35140854 0.05028824
v 0.91661029 0.34474259 0.05624775
v 0.91446584 0.33829869 0.06359179
v 0.91245588 0.33363290 0.07134677
v 0.90933698 0.33033032 0.07967080
v 0.90644255 0.32822651 0.08765523
v 0.90289506 0.32846616 0.09676143
v 0.89874821 0.32861073 0.10443927
v 0.91840911 0.36973054 0.05023887
v 0.92229350 0.36438533 0.04887160
v 0.92648103 0.35328529 0.05290344
v 0.92747409 0.34672045 0.05964798
v 0.92735938 0.34129743 0.06801253
v 0.92704538 0.33611956 0.07580679
v 0.92443437 0.33286028 0.08438871
v 0.92151728 0.33119419 0.09327964
v 0.91833485 0.33058307 0.10049955
v 0.91387031 0.33172405 0.10894359
v 0.92051823 0.37123754 0.05097314
v 0.92626127 0.36676745 0.05043126
v 0.93359924 0.35754510 0.05597100
v 0.93707585 0.35188253 0.06304721
v 0.93807788 0.34707458 0.07200059
v 0.93878081 0.34267394 0.07986601
v 0.93716651 0.34005211 0.08852616
v 0.93474546 0.33844347 0.09712404
v 0.93035432 0.33783173 0.10544990
v 0.92536273 0.33890138 0.11338671
v 0.92282280 0.37224778 0.05182096
v 0.92917400 0.36976487 0.05145989
v 0.93952278 0.36345720 0.05793845
v 0.94369681 0.35921959 0.06592324
v 0.94625069 0.35603649 0.07507910
v 0.94760761 0.35294611 0.08333510
v 0.94655363 0.35086524 0.09230417
v 0.94398752 0.34960649 0.10121830
v 0.93940143 0.34882969 0.10932805
v 0.93372361 0.34918548 0.11741150
v 0.92389365 0.37502053 0.05287818
v 0.93118713 0.37321432 0.05264008
v 0.94242786 0.37042880 0.05926441
v 0.94787555 0.36826793 0.06734842
v 0.95087808 0.36611898 0.07687515
v 0.95266528 0.36501760 0.08579832
v 0.95188223 0.36337890 0.09490982
v 0.94962684 0.36231787 0.10417680
v 0.94470692 0.36149573 0.11250605
v 0.93883138 0.36131383 0.12010286
v 0.92399371 0.37682298 0.05292950
v 0.93129085 0.37710727 0.05301308
v 0.94259636 0.37812888 0.06005626
v 0.94779271 0.37810107 0.06812909
v 0.95077225 0.37788862 0.07748517
v 0.95221994 0.37753279 0.08636782
v 0.95145628 0.37718250 0.09592430
v 0.94908149 0.37634796 0.10505656
v 0.94411926 0.37553931 0.11342502
v 0.93885297 0.37405294 0.11990716
v 0.92340636 0.37886239 0.05276007
v 0.93010910 0.38121050 0.05268690
v 0.94010243 0.38486775 0.05917362
v 0.94490793 0.38720259 0.06777909
v 0.94729796 0.38889223 0.07754010
v 0.94824891 0.39004543 0.08675933
v 0.94742749 0.39064285 0.09591724
v 0.94500364 0.39049372 0.10504264
v 0.94101730 0.38854573 0.11263005
v 0.93608022 0.38673531 0.11907907
v 0.92140198 0.38078739 0.05231941
v 0.92734805 0.38454622 0.05187921
v 0.93483424 0.39089453 0.05795666
v 0.93826301 0.39492786 0.06616246
v 0.93965894 0.39805427 0.07560079
v 0.93985793 0.40035848 0.08464946
v 0.93821786 0.40134452 0.09413663
v 0.93538840 0.40150003 0.10322011
v 0.93243990 0.39947014 0.11025363
v 0.92675946 0.39717523 0.11764341
v 0.91891643 0.38169038 0.05106309
v 0.92321192 0.38678621 0.05060605
v 0.92823791 0.39595451 0.05615608
v 0.92936511 0.40181205 0.06366310
v 0.92918718 0.40586194 0.07259505
v 0.92852898 0.40879837 0.08172519
v 0.92631064 0.41021271 0.09033339
v 0.92351537 0.41038322 0.09940509
v 0.91922911 0.40882084 0.10786016
v 0.91541451 0.40535472 0.11494421
v 0.91633435 0.38260423 0.05031218
v 0.91823036 0.38832575 0.04918369
v 0.91983767 0.39879483 0.05351697
v 0.91860222 0.40529529 0.06031809
v 0.91716087 0.40994952 0.06861080
v 0.91482000 0.41402575 0.07720596
v 0.91216576 0.41532033 0.08606509
v 0.90871751 0.41569555 0.09491457
v 0.90517016 0.41407938 0.10367056
v 0.90164735 0.41095520 0.11150850
v 0.91350258 0.38326371 0.04973568
v 0.91302089 0.38875853 0.04755601
v 0.91044814 0.39918328 0.05047982
v 0.90706920 0.40548765 0.05644022
v 0.90313506 0.41043135 0.06415289
v 0.89965409 0.41411442 0.07201836
v 0.89639696 0.41567311 0.08073017
v 0.89259532 0.41633043 0.08945780
v 0.88949148 0.41442372 0.09800134
v 0.88610488 0.41116684 0.10675828
v 0.91084405 0.38271648 0.04832429
v 0.90823923 0.38780241 0.04550004
v 0.90170413 0.39789578 0.04704511
v 0.89617283 0.40367896 0.05201338
v 0.89031202 0.40783846 0.05931249
v 0.88551288 0.41166090 0.06678404
v 0.88070840 0.41306696 0.07507834
v 0.87745212 0.41364591 0.08364141
v 0.87425743 0.41171287 0.09249281
v 0.87192585 0.40854722 0.10125914
v 0.90870871 0.38129582 0.04757304
v 0.90413426 0.38563332 0.04381379
v 0.89459133 0.39367937 0.04443753
v 0.88664941 0.39806213 0.04861490
v 0.87960679 0.40161986 0.05533920
v 0.87362766 0.40403668 0.06206473
v 0.86895014 0.40521492 0.07018395
v 0.86458014 0.40544151 0.07872305
v 0.86201282 0.40357069 0.08780236
v 0.86045367 0.40120876 0.09640394
v 0.90635920 0.37987807 0.04641219
v 0.90099544 0.38236818 0.04238478
v 0.88865799 0.38762584 0.04152464
v 0.88009937 0.39074462 0.04522838
v 0.87163234 0.39238526 0.05120988
v 0.86495236 0.39388439 0.05802317
v 0.85944749 0.39423969 0.06586809
v 0.85513915 0.39408497 0.07444055
v 0.85265847 0.39253470 0.08331387
v 0.85180543 0.39104214 0.09245435
v 0.90530444 0.37768221 0.04601235
v 0.89927363 0.37872214 0.04150881
v 0.88565637 0.38095752 0.03951432
v 0.87585441 0.38193668 0.04199351
v 0.86753439 0.38193605 0.04821050
v 0.85980388 0.38228689 0.05491811
v 0.85409914 0.38195760 0.06269458
v 0.85034578 0.38100704 0.07110958
v 0.84771915 0.38005402 0.08021653
v 0.84691358 0.37843442 0.08932532
v 0.92127580 0.37683607 0.05236714
v 0.91553177 0.37063826 0.05009208
v 0.90762838 0.37572851 0.04743714
v 0.91352730 0.38141898 0.05003218
v 0.90813828 0.37699072 0.04763591
v 0.91527044 0.38107528 0.05078331
v 0.92078353 0.37557969 0.05218653
v 0.91351243 0.37099609 0.04935960
v 0.91172949 0.38096934 0.04960139
v 0.92047846 0.37795773 0.05211814
v 0.91675708 0.37140585 0.05051689
v 0.90842895 0.37456859 0.04768241
v 0.90919271 0.37829899 0.04835810
v 0.91731210 0.37971652 0.05118143
v 0.91949268 0.37411765 0.05169716
v 0.91173423 0.37219213 0.04895707
v 0.91031334 0.37992325 0.04876720
v 0.91878324 0.37880623 0.05160729
v 0.91835335 0.37277598 0.05129431
v 0.90993292 0.37325790 0.04836617
v 0.91152181 0.37449740 0.04944321
v 0.91298599 0.37341025 0.04991321
v 0.91518610 0.37244912 0.05035503
v 0.90981417 0.37591098 0.04851825
v 0.91086726 0.37722801 0.04923921
v 0.91253193 0.37612639 0.05015550
v 0.91466266 0.37462002 0.05081233
v 0.91622283 0.37379211 0.05106806
v 0.91546719 0.37865923 0.05114796
v 0.91691735 0.37758592 0.05160836
v 0.91895614 0.37651190 0.05214402
v 0.91401415 0.37974042 0.05068777
v 0.91431865 0.37733148 0.05074704
v 0.91726168 0.37489330 0.05167841
v 0.91222601 0.37854206 0.05009933
v 0.91577138 0.37625701 0.05120870
v 0.90185931 0.37500095 0.04366813
v 0.90318581 0.37220519 0.04362151
v 0.90583755 0.36922794 0.04446671
v 0.90891432 0.36692876 0.04513771
v 0.91291157 0.36632423 0.04700169
v 0.91695046 0.36580102 0.04861512
v 0.92045720 0.36692072 0.04977085
v 0.92358600 0.36882696 0.05077517
v 0.92585986 0.37115744 0.05183191
v 0.92734942 0.37419193 0.05266758
v 0.92746339 0.37687685 0.05292191
v 0.92644529 0.37976503 0.05261876
v 0.92406514 0.38285272 0.05221191
v 0.92106167 0.38461173 0.05112236
v 0.91723510 0.38575512 0.04976879
v 0.91303197 0.38595030 0.04845072
v 0.90967212 0.38529128 0.04715502
v 0.90586077 0.38342979 0.04545927
v 0.90384760 0.38115662 0.04475573
v 0.90218493 0.37801332 0.04385755
v 0.89590753 0.37468520 0.03986621
v 0.89725087 0.37010768 0.03965522
v 0.90077389 0.36572333 0.04106469
v 0.90572170 0.36222972 0.04305678
v 0.91219719 0.36041926 0.04527596
v 0.91803467 0.35992524 0.04747216
v 0.92359915 0.36127344 0.04930581
v 0.92849319 0.36422495 0.05112186
v 0.93265970 0.36820234 0.05276379
v 0.93468512 0.37227699 0.05340497
v 0.93452888 0.37743022 0.05404366
v 0.93326508 0.38216429 0.05370175
v 0.92955412 0.38629326 0.05281233
v 0.92494701 0.38936702 0.05148187
v 0.91915485 0.39153689 0.04962790
v 0.91271013 0.39150791 0.04756818
v 0.90704721 0.39031278 0.04538281
v 0.90164131 0.38760770 0.04307599
v 0.89823812 0.38369843 0.04150426
v 0.89603992 0.37939346 0.04007008
v 0.72598800 0.36424198 -0.02168059
v 0.72982811 0.36473541 -0.01702292
v 0.73962640 0.36506046 -0.00961996
v 0.74541471 0.36501388 -0.00150918
v 0.74930231 0.36512071 0.00850073
v 0.75125948 0.36475079 0.01798269
v 0.75119546 0.36449986 0.02808462
v 0.74932250 0.36372021 0.03750386
v 0.74577367 0.36307606 0.04667473
v 0.74028522 0.36194592 0.05481256
v 0.72558493 0.36086555 -0.02200721
v 0.72963097 0.36015766 -0.01738045
v 0.73890309 0.35725064 -0.01018728
v 0.74491486 0.35488704 -0.00223988
v 0.74896872 0.35288717 0.00740254
v 0.75145719 0.35115895 0.01694159
v 0.75124147 0.34959176 0.02667034
v 0.74963286 0.34845826 0.03648506
v 0.74575407 0.34806807 0.04552524
v 0.74061170 0.34787035 0.05413420
v 0.72406900 0.35798938 -0.02230075
v 0.72750656 0.35546666 -0.01791707
v 0.73542191 0.35008228 -0.01112262
v 0.74027859 0.34577168 -0.00365557
v 0.74390011 0.34211349 0.00576540
v 0.74560937 0.33891618 0.01459103
v 0.74517741 0.33687561 0.02441593
v 0.74342730 0.33537430 0.03380433
v 0.74004562 0.33534674 0.04336493
v 0.73457521 0.33601630 0.05152048
v 0.72104807 0.35520009 -0.02357407
v 0.72317029 0.35185249 -0.01900868
v 0.72952546 0.34395251 -0.01322081
v 0.73275273 0.33770024 -0.00639476
v 0.73486884 0.33261384 0.00210039
v 0.73519356 0.32946432 0.01103009
v 0.73495254 0.32595784 0.02053084
v 0.73321796 0.32443742 0.02989494
v 0.72954096 0.32436390 0.03933338
v 0.72453516 0.32554371 0.04727993
v 0.71725402 0.35371397 -0.02468667
v 0.71791779 0.34959331 -0.02061228
v 0.72154648 0.34014830 -0.01584015
v 0.72331865 0.33339900 -0.00913956
v 0.72368295 0.32723664 -0.00124495
v 0.72295232 0.32312885 0.00742197
v 0.72151823 0.31978907 0.01665506
v 0.71951028 0.31792026 0.02590532
v 0.71615349 0.31790046 0.03511784
v 0.71237771 0.31847321 0.04358127
v 0.71276633 0.35279944 -0.02577237
v 0.71205620 0.34867267 -0.02231441
v 0.71214704 0.33860833 -0.01806207
v 0.71109757 0.33190082 -0.01228850
v 0.70962682 0.32524590 -0.00504959
v 0.70746539 0.32121262 0.00278364
v 0.70499757 0.31783707 0.01204046
v 0.70227871 0.31622896 0.02023697
v 0.69917713 0.31654416 0.02985126
v 0.69658412 0.31698923 0.03794988
v 0.70865346 0.35337308 -0.02731190
v 0.70616219 0.34890202 -0.02431134
v 0.70282455 0.33922566 -0.02146999
v 0.69951341 0.33221489 -0.01645561
v 0.69543547 0.32636685 -0.00972502
v 0.69185300 0.32162775 -0.00291056
v 0.68872568 0.31835207 0.00584031
v 0.68599093 0.31639990 0.01513908
v 0.68225746 0.31689827 0.02312486
v 0.68061273 0.31800480 0.03253298
v 0.70484708 0.35473923 -0.02827510
v 0.70084865 0.35103818 -0.02591645
v 0.69405332 0.34242081 -0.02406401
v 0.68832858 0.33612420 -0.01997826
v 0.68293106 0.33091728 -0.01350049
v 0.67783358 0.32686511 -0.00712100
v 0.67356519 0.32379511 0.00066100
v 0.67053025 0.32220039 0.00941884
v 0.66839826 0.32188159 0.01888770
v 0.66695378 0.32336195 0.02841263
v 0.70128489 0.35693829 -0.02961835
v 0.69623342 0.35406549 -0.02729285
v 0.68658375 0.34757380 -0.02619798
v 0.67887530 0.34223619 -0.02229168
v 0.67196437 0.33849822 -0.01696554
v 0.66586464 0.33516631 -0.01113639
v 0.66119625 0.33282733 -0.00271220
v 0.65785251 0.33124660 0.00595007
v 0.65614223 0.33113881 0.01542478
v 0.65530712 0.33201921 0.02554279
v 0.69920268 0.35971453 -0.03003013
v 0.69304645 0.35794011 -0.02830333
v 0.68150656 0.35412957 -0.02791586
v 0.67246031 0.35079479 -0.02478795
v 0.66458371 0.34767742 -0.01932865
v 0.65727268 0.34590976 -0.01340361
v 0.65233202 0.34427716 -0.00535943
v 0.64840509 0.34292657 0.00338680
v 0.64706443 0.34281023 0.01332070
v 0.64695646 0.34289820 0.02361456
v 0.69778145 0.36308892 -0.03020252
v 0.69138090 0.36265246 -0.02852322
v 0.67941226 0.36193610 -0.02792460
v 0.66945727 0.36079943 -0.02529346
v 0.66135696 0.35971273 -0.01973177
v 0.65417238 0.35878557 -0.01342850
v 0.64885657 0.35803901 -0.00542083
v 0.64509668 0.35707184 0.00359172
v 0.64393706 0.35663228 0.01328297
v 0.64366630 0.35599418 0.02228111
v 0.69800890 0.36667681 -0.03004805
v 0.69170251 0.36747935 -0.02798586
v 0.67972541 0.36920295 -0.02778230
v 0.67023993 0.37020859 -0.02413204
v 0.66174656 0.37141553 -0.01873521
v 0.65452245 0.37180600 -0.01165969
v 0.64918934 0.37228160 -0.00395992
v 0.64536350 0.37170642 0.00502436
v 0.64336432 0.37072764 0.01378547
v 0.64304316 0.36994572 0.02233798
v 0.69915727 0.36952270 -0.02915652
v 0.69384278 0.37180579 -0.02707055
v 0.68334649 0.37599042 -0.02580811
v 0.67424503 0.37915071 -0.02212032
v 0.66680293 0.38146436 -0.01607568
v 0.66040998 0.38324903 -0.00926736
v 0.65554963 0.38391812 -0.00054520
v 0.65180626 0.38397821 0.00821646
v 0.64938343 0.38293511 0.01640547
v 0.64932962 0.38112566 0.02614920
v 0.70210228 0.37192418 -0.02798615
v 0.69735710 0.37499455 -0.02563582
v 0.68892529 0.38205585 -0.02346015
v 0.68218336 0.38730011 -0.01895305
v 0.67551665 0.39095894 -0.01253659
v 0.67006081 0.39375360 -0.00504124
v 0.66558100 0.39521509 0.00321558
v 0.66197870 0.39565453 0.01237547
v 0.66026923 0.39428377 0.02204480
v 0.65872805 0.39166532 0.03043503
v 0.70582469 0.37387883 -0.02695391
v 0.70267801 0.37745158 -0.02406503
v 0.69670971 0.38608687 -0.02097151
v 0.69195191 0.39242911 -0.01542998
v 0.68689054 0.39728830 -0.00864156
v 0.68226053 0.40087465 -0.00084046
v 0.67826682 0.40262067 0.00799630
v 0.67527719 0.40307599 0.01736095
v 0.67285044 0.40127973 0.02684905
v 0.67102201 0.39892896 0.03580968
v 0.71011461 0.37485213 -0.02580418
v 0.70860611 0.37836572 -0.02203832
v 0.70640460 0.38746602 -0.01748730
v 0.70366245 0.39399201 -0.01157924
v 0.70098556 0.39944040 -0.00375209
v 0.69806475 0.40322861 0.00431741
v 0.69462721 0.40509175 0.01341305
v 0.69202581 0.40589925 0.02256392
v 0.68929886 0.40405255 0.03193447
v 0.68714150 0.40093349 0.04112080
v 0.71517703 0.37402891 -0.02430271
v 0.71487040 0.37796211 -0.02012819
v 0.71604258 0.38715415 -0.01507587
v 0.71580689 0.39364557 -0.00822924
v 0.71507470 0.39835000 0.00041913
v 0.71370462 0.40254381 0.00908237
v 0.71147773 0.40428590 0.01863100
v 0.70872908 0.40496127 0.02798263
v 0.70588590 0.40384785 0.03719945
v 0.70277989 0.40062177 0.04604932
v 0.71889623 0.37280470 -0.02307417
v 0.72027600 0.37614058 -0.01859924
v 0.72452846 0.38414833 -0.01239813
v 0.72710524 0.38942123 -0.00473970
v 0.72775694 0.39375077 0.00429248
v 0.72749949 0.39701297 0.01307937
v 0.72572763 0.39855465 0.02256634
v 0.72365169 0.39907107 0.03225992
v 0.72055446 0.39750739 0.04152477
v 0.71632748 0.39501260 0.04968045
v 0.72242901 0.37056206 -0.02232364
v 0.72475720 0.37289984 -0.01755839
v 0.73223924 0.37872135 -0.01076489
v 0.73615675 0.38331499 -0.00276746
v 0.73837602 0.38594880 0.00653603
v 0.73929663 0.38834398 0.01601432
v 0.73848394 0.38928374 0.02586031
v 0.73641033 0.38943636 0.03557588
v 0.73302611 0.38791829 0.04417658
v 0.72847689 0.38634675 0.05282353
v 0.72486994 0.36778130 -0.02195025
v 0.72810017 0.36936252 -0.01710092
v 0.73731507 0.37263213 -0.01007491
v 0.74304178 0.37479490 -0.00193040
v 0.74587322 0.37670296 0.00755539
v 0.74837359 0.37743286 0.01795446
v 0.74730481 0.37829849 0.02754182
v 0.74540854 0.37730525 0.03713083
v 0.74132238 0.37700383 0.04607083
v 0.73655789 0.37511084 0.05454469
v 0.69995522 0.36336231 -0.03040974
v 0.71289457 0.35467634 -0.02673305
v 0.72435295 0.36406189 -0.02324596
v 0.71060051 0.37336961 -0.02671584
v 0.72285737 0.36635615 -0.02402270
v 0.70820064 0.37226696 -0.02791699
v 0.70169535 0.36141798 -0.03050802
v 0.71561676 0.35575811 -0.02648443
v 0.71398767 0.37237967 -0.02626403
v 0.70107782 0.36565522 -0.03027026
v 0.71046316 0.35564162 -0.02803987
v 0.72329300 0.36217189 -0.02435862
v 0.72070647 0.36877221 -0.02468270
v 0.70550031 0.37021658 -0.02891175
v 0.70407238 0.35886772 -0.03016020
v 0.71906498 0.35681012 -0.02612846
v 0.71772810 0.37091181 -0.02526561
v 0.70274957 0.36804639 -0.02985050
v 0.70708532 0.35696255 -0.02919392
v 0.72164683 0.35949081 -0.02488134
v 0.71906410 0.36175721 -0.02672133
v 0.71619411 0.35916934 -0.02738298
v 0.71307006 0.35714966 -0.02801153
v 0.72128592 0.36439790 -0.02557696
v 0.71836585 0.36688842 -0.02649119
v 0.71629081 0.36398984 -0.02794401
v 0.71275703 0.36141170 -0.02913620
v 0.70993998 0.35908277 -0.02906118
v 0.70854161 0.36869687 -0.02914340
v 0.70566289 0.36620426 -0.03027037
v 0.70363184 0.36360529 -0.03060279
v 0.71154180 0.37110837 -0.02769160
v 0.71204942 0.36657902 -0.02901800
v 0.70636611 0.36143133 -0.03037032
v 0.71549162 0.36907851 -0.02739300
v 0.70945483 0.36365221 -0.02998309
v 0.72861632 0.36456739 -0.01877502
v 0.72835140 0.36026903 -0.01910247
v 0.72652833 0.35595496 -0.01974094
v 0.72258243 0.35310165 -0.02088086
v 0.71764463 0.35095273 -0.02266859
v 0.71225832 0.35006613 -0.02408126
v 0.70715702 0.35062203 -0.02561535
v 0.70234932 0.35262615 -0.02685194
v 0.69818998 0.35515554 -0.02817491
v 0.69485057 0.35841710 -0.02933728
v 0.69353819 0.36282977 -0.02943411
v 0.69399798 0.36735109 -0.02918111
v 0.69590057 0.37098817 -0.02796280
v 0.69950260 0.37383076 -0.02645081
v 0.70367570 0.37627195 -0.02542113
v 0.70938306 0.37716986 -0.02354676
v 0.71490541 0.37667716 -0.02180514
v 0.71998963 0.37481873 -0.02036153
v 0.72411043 0.37188702 -0.01950010
v 0.72707882 0.36863557 -0.01915622
v 0.71907283 0.36422920 -0.01620420
v 0.72661228 0.36439425 -0.01606250
v 0.73854890 0.36500441 -0.00964150
v 0.74435623 0.36492742 -0.00153809
v 0.74785310 0.36466909 0.00866845
v 0.75009835 0.36463895 0.01826224
v 0.74983784 0.36436122 0.02794690
v 0.74807757 0.36358918 0.03706067
v 0.74463914 0.36295403 0.04592484
v 0.73926283 0.36183423 0.05375952
v 0.71869343 0.36228426 -0.01629886
v 0.72631754 0.36039127 -0.01643453
v 0.73823875 0.35754826 -0.01043600
v 0.74383069 0.35511802 -0.00227792
v 0.74777445 0.35309521 0.00767102
v 0.74992708 0.35141399 0.01687384
v 0.74984949 0.34977513 0.02652928
v 0.74831749 0.34897300 0.03603612
v 0.74443985 0.34858264 0.04507942
v 0.73982474 0.34843932 0.05318189
v 0.71746386 0.35939846 -0.01710577
v 0.72454283 0.35638186 -0.01738398
v 0.73473688 0.35066366 -0.01137860
v 0.73947854 0.34633779 -0.00359382
v 0.74217704 0.34258985 0.00588415
v 0.74438337 0.33944205 0.01486042
v 0.74406223 0.33741380 0.02438347
v 0.74238703 0.33624630 0.03346329
v 0.73827123 0.33606116 0.04206302
v 0.73347908 0.33655511 0.05046382
v 0.71480886 0.35827461 -0.01766518
v 0.72113606 0.35355768 -0.01800501
v 0.72882421 0.34453364 -0.01346143
v 0.73223413 0.33861392 -0.00622428
v 0.73381898 0.33347237 0.00277907
v 0.73498529 0.32960345 0.01133705
v 0.73380558 0.32681954 0.02050037
v 0.73217968 0.32531117 0.02955913
v 0.72888734 0.32560327 0.03879568
v 0.72402400 0.32647169 0.04643866
v 0.71295280 0.35693383 -0.01830849
v 0.71619751 0.35141473 -0.01977808
v 0.72115822 0.34076083 -0.01596654
v 0.72247824 0.33427817 -0.00908053
v 0.72254294 0.32815118 -0.00072571
v 0.72201018 0.32400011 0.00779974
v 0.72068483 0.32067435 0.01672983
v 0.71875093 0.31913968 0.02567077
v 0.71575279 0.31850596 0.03405031
v 0.71214035 0.31975741 0.04284403
v 0.70983863 0.35626130 -0.01933031
v 0.71108990 0.35086327 -0.02112669
v 0.71207804 0.33924557 -0.01808032
v 0.71088840 0.33283278 -0.01201487
v 0.70927418 0.32648664 -0.00447334
v 0.70704730 0.32217526 0.00332766
v 0.70486027 0.31911247 0.01202059
v 0.70214117 0.31750820 0.02022031
v 0.69914591 0.31783808 0.02952846
v 0.69684725 0.31790816 0.03776104
v 0.70715203 0.35720306 -0.01995631
v 0.70640644 0.35148899 -0.02289209
v 0.70307528 0.33989250 -0.02137461
v 0.69961792 0.33317701 -0.01607229
v 0.69571543 0.32765568 -0.00892559
v 0.69184763 0.32257909 -0.00221193
v 0.68913981 0.31935312 0.00635036
v 0.68616229 0.31770785 0.01522905
v 0.68307720 0.31790433 0.02273877
v 0.68100249 0.31934408 0.03202731
v 0.70476036 0.35829676 -0.02076453
v 0.70182880 0.35316776 -0.02423494
v 0.69452169 0.34309782 -0.02355451
v 0.68843697 0.33708105 -0.01958675
v 0.68323844 0.33188378 -0.01270046
v 0.67817451 0.32722536 -0.00672419
v 0.67429109 0.32482391 0.00129610
v 0.67105000 0.32321723 0.00963777
v 0.66902602 0.32291223 0.01880351
v 0.66768782 0.32440638 0.02802096
v 0.70206757 0.35906430 -0.02155996
v 0.69802510 0.35567334 -0.02546810
v 0.68715929 0.34825547 -0.02599086
v 0.67975154 0.34295813 -0.02197408
v 0.67262141 0.33918353 -0.01604129
v 0.66651938 0.33585713 -0.01019737
v 0.66206948 0.33354355 -0.00236669
v 0.65868821 0.33228511 0.00629223
v 0.65711998 0.33187133 0.01546378
v 0.65638930 0.33276697 0.02527016
v 0.69992583 0.36154104 -0.02160411
v 0.69465704 0.35901155 -0.02600927
v 0.68231779 0.35452948 -0.02731544
v 0.67326795 0.35119121 -0.02415050
v 0.66527584 0.34806098 -0.01838271
v 0.65825078 0.34662875 -0.01232582
v 0.65345606 0.34468896 -0.00456752
v 0.64948834 0.34365651 0.00417230
v 0.64828551 0.34323695 0.01379513
v 0.64803920 0.34364046 0.02334311
v 0.69939430 0.36328051 -0.02177087
v 0.69341182 0.36280803 -0.02608984
v 0.67993869 0.36198510 -0.02740017
v 0.67047201 0.36083696 -0.02427993
v 0.66210579 0.35976396 -0.01875398
v 0.65534839 0.35886841 -0.01261460
v 0.65002456 0.35812549 -0.00461253
v 0.64636156 0.35717377 0.00407862
v 0.64519349 0.35674121 0.01375628
v 0.64482571 0.35609285 0.02204197
v 0.69947654 0.36536978 -0.02171459
v 0.69358214 0.36700655 -0.02596198
v 0.68062933 0.36874964 -0.02727734
v 0.67080281 0.36995327 -0.02361825
v 0.66243479 0.37086032 -0.01747818
v 0.65574025 0.37128113 -0.01088888
v 0.65040639 0.37174990 -0.00318556
v 0.64665206 0.37149812 0.00549017
v 0.64479740 0.37021826 0.01395987
v 0.64427646 0.36941167 0.02211469
v 0.70069889 0.36758591 -0.02105116
v 0.69546444 0.37070649 -0.02519837
v 0.68407180 0.37542285 -0.02555845
v 0.67518274 0.37864952 -0.02146996
v 0.66761005 0.38093817 -0.01510983
v 0.66120985 0.38271064 -0.00829893
v 0.65645037 0.38336881 0.00010590
v 0.65301691 0.38345195 0.00897697
v 0.65050218 0.38239403 0.01645865
v 0.65068855 0.38060344 0.02584806
v 0.70327881 0.36870809 -0.02065051
v 0.69884931 0.37316202 -0.02404670
v 0.68932322 0.38145110 -0.02333712
v 0.68246373 0.38669343 -0.01852930
v 0.67600832 0.39038082 -0.01168003
v 0.67026849 0.39282370 -0.00430007
v 0.66620436 0.39431255 0.00375395
v 0.66274083 0.39443277 0.01260021
v 0.66113828 0.39306832 0.02195947
v 0.65971442 0.39046136 0.03006834
v 0.70555289 0.36991310 -0.01978688
v 0.70336795 0.37535685 -0.02228294
v 0.69699009 0.38548964 -0.02055888
v 0.69226252 0.39151048 -0.01500564
v 0.68712473 0.39603513 -0.00791236
v 0.68277946 0.39996026 0.00000647
v 0.67892538 0.40138725 0.00853231
v 0.67604150 0.40184855 0.01758623
v 0.67368628 0.40038271 0.02676391
v 0.67196583 0.39803924 0.03541719
v 0.70795065 0.37101546 -0.01858315
v 0.70842746 0.37618128 -0.02056835
v 0.70631726 0.38672665 -0.01746102
v 0.70366452 0.39306165 -0.01126340
v 0.70091569 0.39815814 -0.00313038
v 0.69799505 0.40192874 0.00493872
v 0.69466355 0.40379289 0.01372536
v 0.69206245 0.40459769 0.02287640
v 0.68955028 0.40276767 0.03162990
v 0.68739293 0.39964837 0.04081606
v 0.71125132 0.37038118 -0.01815588
v 0.71374252 0.37567574 -0.01931708
v 0.71568570 0.38649544 -0.01488320
v 0.71545352 0.39297742 -0.00803077
v 0.71465132 0.39735860 0.00092405
v 0.71296654 0.40151080 0.00947699
v 0.71116544 0.40328480 0.01883019
v 0.70815173 0.40434035 0.02762228
v 0.70551704 0.40249487 0.03667722
v 0.70251894 0.39927830 0.04521843
v 0.71367467 0.36935398 -0.01735286
v 0.71848096 0.37410782 -0.01804028
v 0.72384475 0.38347105 -0.01232439
v 0.72646646 0.38842384 -0.00465520
v 0.72701924 0.39273137 0.00468898
v 0.72676342 0.39598123 0.01347469
v 0.72510287 0.39752262 0.02265554
v 0.72313682 0.39804304 0.03204198
v 0.71987292 0.39613161 0.04089007
v 0.71603151 0.39399399 0.04884879
v 0.71652528 0.36838928 -0.01673940
v 0.72255043 0.37144571 -0.01701777
v 0.73151797 0.37834224 -0.01067836
v 0.73516629 0.38258620 -0.00278975
v 0.73760179 0.38523991 0.00693202
v 0.73821190 0.38759354 0.01630317
v 0.73751309 0.38853705 0.02584236
v 0.73555073 0.38869601 0.03525038
v 0.73216632 0.38717645 0.04385050
v 0.72752416 0.38558609 0.05177276
v 0.71808631 0.36641460 -0.01624885
v 0.72542393 0.36818077 -0.01633187
v 0.73657447 0.37226538 -0.00997464
v 0.74217136 0.37439339 -0.00230324
v 0.74477740 0.37595693 0.00783838
v 0.74669122 0.37719338 0.01785130
v 0.74633184 0.37754691 0.02752135
v 0.74399896 0.37722772 0.03658402
v 0.74057335 0.37626918 0.04543893
v 0.73571600 0.37436203 0.05318624
v 0.70182216 0.36376523 -0.02057000
v 0.70929346 0.35834619 -0.01845553
v 0.71584168 0.36407089 -0.01638027
v 0.70823359 0.36908231 -0.01823411
v 0.71504289 0.36522279 -0.01662686
v 0.70661274 0.36849452 -0.01861502
v 0.70260148 0.36263187 -0.02031279
v 0.71084746 0.35874512 -0.01805872
v 0.71016229 0.36847260 -0.01754905
v 0.70232991 0.36499838 -0.02037443
v 0.70792688 0.35888446 -0.01891621
v 0.71532969 0.36280204 -0.01658109
v 0.71348716 0.36630799 -0.01679388
v 0.70488719 0.36703022 -0.01943079
v 0.70442413 0.36121996 -0.01981081
v 0.71264455 0.35996397 -0.01733097
v 0.71200626 0.36770620 -0.01727226
v 0.70361258 0.36589634 -0.01959766
v 0.70584951 0.36011694 -0.01933368
v 0.71415790 0.36129070 -0.01679985
v 0.71187488 0.36246055 -0.01695796
v 0.71070008 0.36116027 -0.01738298
v 0.70899355 0.36014131 -0.01818333
v 0.71344321 0.36386869 -0.01685860
v 0.71188937 0.36496155 -0.01702619
v 0.71029240 0.36386045 -0.01713133
v 0.70851924 0.36229533 -0.01771614
v 0.70745778 0.36124833 -0.01835187
v 0.70677978 0.36608872 -0.01825634
v 0.70562052 0.36479216 -0.01868496
v 0.70388881 0.36361367 -0.01936382
v 0.70794213 0.36739112 -0.01782631
v 0.70821428 0.36499334 -0.01777356
v 0.70592527 0.36211317 -0.01862288
v 0.71002142 0.36626408 -0.01718045
v 0.70705231 0.36369742 -0.01820198
v 0.72292703 0.36396634 -0.01592290
v 0.72255553 0.36119413 -0.01649375
v 0.72061581 0.35811437 -0.01711959
v 0.71832063 0.35542110 -0.01825775
v 0.71446509 0.35443490 -0.01897588
v 0.71035745 0.35363068 -0.02000437
v 0.70672364 0.35412427 -0.02128630
v 0.70309420 0.35555320 -0.02255211
v 0.70003284 0.35747694 -0.02329719
v 0.69761391 0.36017453 -0.02379400
v 0.69657687 0.36297475 -0.02386325
v 0.69687294 0.36597126 -0.02372004
v 0.69824591 0.36916938 -0.02291594
v 0.70091635 0.37121847 -0.02213519
v 0.70430800 0.37296125 -0.02103542
v 0.70843668 0.37337379 -0.01967397
v 0.71213425 0.37308974 -0.01863866
v 0.71668328 0.37171527 -0.01755932
v 0.71919935 0.36984571 -0.01671454
v 0.72187384 0.36689238 -0.01619312
v 0.72996348 0.36478745 -0.01529147
v 0.73027692 0.36000427 -0.01589099
v 0.72778250 0.35516749 -0.01651154
v 0.72346722 0.35121662 -0.01756768
v 0.71755842 0.34890129 -0.01938959
v 0.71173703 0.34765353 -0.02108728
v 0.70580632 0.34819198 -0.02311426
v 0.70016373 0.35028441 -0.02487444
v 0.69494436 0.35384687 -0.02630564
v 0.69166901 0.35750318 -0.02745933
v 0.69018707 0.36255197 -0.02726949
v 0.69029648 0.36737410 -0.02715308
v 0.69263146 0.37194525 -0.02600690
v 0.69633947 0.37552148 -0.02457160
v 0.70171476 0.37833373 -0.02272138
v 0.70799486 0.37897225 -0.02058106
v 0.71408241 0.37849946 -0.01885389
v 0.72046046 0.37650517 -0.01724138
v 0.72494460 0.37324565 -0.01613389
v 0.72865812 0.36942945 -0.01555929
f 6 1 2
f 6 2 7
f 3 4 9
f 3 9 8
f 5 3 8
f 5 8 10
f 2 5 10
f 2 10 7
f 11 12 8
f 11 8 9
f 12 13 10
f 12 10 8
f 13 14 7
f 13 7 10
f 14 15 6
f 14 6 7
f 16 17 12
f 16 12 11
f 17 18 13
f 17 13 12
f 18 19 14
f 18 14 13
f 19 20 15
f 19 15 14
f 20 1 6
f 20 6 15
f 22 25 24
f 22 24 23
f 26 22 23
f 26 23 27
f 28 26 27
f 28 27 29
f 30 33 32
f 30 32 31
f 34 35 24
f 34 24 25
f 31 32 35
f 31 35 34
f 36 37 33
f 36 33 30
f 28 29 37
f 28 37 36
f 46 49 48
f 46 48 47
f 239 240 48
f 239 48 49
f 241 242 204
f 241 204 53
f 52 53 204
f 52 204 207
f 52 47 48
f 52 48 53
f 47 52 207
f 47 207 44
f 46 47 44
f 46 44 39
f 241 53 48
f 241 48 240
f 49 46 39
f 49 39 38
f 234 239 49
f 234 49 38
f 60 63 62
f 60 62 61
f 60 61 65
f 60 65 64
f 66 67 56
f 66 56 57
f 62 63 67
f 62 67 66
f 68 69 64
f 68 64 65
f 59 58 69
f 59 69 68
f 70 56 67
f 70 67 71
f 63 232 71
f 63 71 67
f 60 64 230
f 60 230 231
f 73 69 58
f 73 58 72
f 76 77 65
f 76 65 61
f 77 79 68
f 77 68 65
f 79 78 59
f 79 59 68
f 80 81 30
f 80 30 31
f 82 83 22
f 82 22 26
f 74 75 83
f 74 83 82
f 83 84 25
f 83 25 22
f 75 85 84
f 75 84 83
f 84 86 34
f 84 34 25
f 85 87 86
f 85 86 84
f 86 80 31
f 86 31 34
f 87 88 80
f 87 80 86
f 89 90 28
f 89 28 36
f 90 82 26
f 90 26 28
f 81 89 36
f 81 36 30
f 95 96 94
f 95 94 93
f 97 98 96
f 97 96 95
f 99 100 98
f 99 98 97
f 98 104 94
f 98 94 96
f 102 104 98
f 102 98 100
f 105 91 92
f 105 92 106
f 95 93 91
f 95 91 105
f 97 95 105
f 97 105 107
f 108 111 110
f 108 110 109
f 112 108 109
f 112 109 113
f 110 111 115
f 110 115 114
f 116 115 111
f 116 111 108
f 117 116 108
f 117 108 112
f 76 61 62
f 76 62 118
f 118 62 120
f 118 120 119
f 132 42 233
f 132 233 43
f 122 123 76
f 122 76 118
f 124 122 118
f 124 118 119
f 129 132 43
f 129 43 128
f 123 129 128
f 123 128 121
f 76 123 121
f 76 121 114
f 129 123 122
f 129 122 130
f 114 115 77
f 114 77 76
f 130 122 124
f 130 124 125
f 131 132 129
f 131 129 130
f 126 131 130
f 126 130 125
f 133 107 105
f 133 105 106
f 120 62 66
f 120 66 134
f 134 66 57
f 134 57 101
f 233 180 159
f 233 159 43
f 137 42 132
f 137 132 131
f 127 137 131
f 127 131 126
f 133 99 97
f 133 97 107
f 139 106 92
f 139 92 138
f 140 133 106
f 140 106 139
f 101 102 100
f 101 100 134
f 119 120 99
f 119 99 133
f 120 134 100
f 120 100 99
f 133 140 124
f 133 124 119
f 137 141 41
f 137 41 42
f 137 127 135
f 137 135 141
f 142 143 85
f 142 85 75
f 143 144 87
f 143 87 85
f 144 136 88
f 144 88 87
f 147 145 146
f 147 146 148
f 149 147 148
f 149 148 150
f 151 149 150
f 151 150 152
f 153 154 109
f 153 109 110
f 154 155 113
f 154 113 109
f 154 148 146
f 154 146 155
f 153 150 148
f 153 148 154
f 121 153 110
f 121 110 114
f 156 153 121
f 156 121 128
f 156 152 150
f 156 150 153
f 189 192 203
f 189 203 158
f 43 159 156
f 43 156 128
f 159 158 152
f 159 152 156
f 165 164 160
f 165 160 161
f 166 165 161
f 166 161 162
f 167 166 162
f 167 162 163
f 169 168 164
f 169 164 165
f 170 169 165
f 170 165 166
f 171 170 166
f 171 166 167
f 172 173 171
f 172 171 167
f 174 172 167
f 174 167 163
f 175 176 39
f 175 39 44
f 207 177 175
f 207 175 44
f 176 178 38
f 176 38 39
f 243 179 40
f 243 40 234
f 45 180 233
f 45 233 157
f 179 180 45
f 179 45 40
f 183 175 177
f 183 177 181
f 169 184 182
f 169 182 168
f 246 183 181
f 246 181 249
f 185 176 175
f 185 175 183
f 170 186 184
f 170 184 169
f 172 174 245
f 172 245 244
f 248 185 183
f 248 183 246
f 238 188 179
f 238 179 243
f 189 158 159
f 189 159 180
f 188 189 180
f 188 180 179
f 185 187 178
f 185 178 176
f 237 191 188
f 237 188 238
f 191 192 189
f 191 189 188
f 193 190 187
f 193 187 185
f 247 193 185
f 247 185 248
f 236 195 191
f 236 191 237
f 195 196 192
f 195 192 191
f 197 194 190
f 197 190 193
f 244 197 193
f 244 193 247
f 235 199 195
f 235 195 236
f 199 200 196
f 199 196 195
f 201 198 194
f 201 194 197
f 245 201 197
f 245 197 244
f 244 247 173
f 244 173 172
f 186 170 171
f 186 171 173
f 173 247 248
f 173 248 186
f 184 186 248
f 184 248 246
f 152 158 203
f 152 203 151
f 205 203 192
f 205 192 196
f 206 205 196
f 206 196 200
f 253 151 203
f 253 203 252
f 27 209 208
f 27 208 29
f 23 210 209
f 23 209 27
f 24 211 210
f 24 210 23
f 33 213 212
f 33 212 32
f 35 214 211
f 35 211 24
f 32 212 214
f 32 214 35
f 37 215 213
f 37 213 33
f 29 208 215
f 29 215 37
f 230 223 222
f 230 222 231
f 71 227 228
f 71 228 70
f 73 225 223
f 73 223 230
f 72 226 225
f 72 225 73
f 232 221 227
f 232 227 71
f 231 222 221
f 231 221 232
f 69 73 230
f 69 230 64
f 231 232 63
f 231 63 60
f 103 104 102
f 103 102 218
f 78 79 116
f 78 116 117
f 115 116 79
f 115 79 77
f 182 184 246
f 182 246 249
f 135 136 182
f 135 182 249
f 204 41 177
f 204 177 207
f 41 141 181
f 41 181 177
f 234 40 50
f 234 50 239
f 40 45 51
f 40 51 50
f 50 51 240
f 50 240 239
f 54 51 45
f 54 45 157
f 54 241 240
f 54 240 51
f 241 54 157
f 241 157 242
f 178 243 234
f 178 234 38
f 187 238 243
f 187 243 178
f 190 237 238
f 190 238 187
f 194 236 237
f 194 237 190
f 198 235 236
f 198 236 194
f 204 242 42
f 204 42 41
f 157 233 42
f 157 42 242
f 88 136 135
f 88 135 127
f 80 88 127
f 80 127 126
f 126 125 81
f 126 81 80
f 125 124 89
f 125 89 81
f 124 140 90
f 124 90 89
f 82 90 140
f 82 140 139
f 249 181 141
f 249 141 135
f 74 82 139
f 74 139 138
f 168 182 136
f 168 136 144
f 164 168 144
f 164 144 143
f 160 164 143
f 160 143 142
f 205 206 250
f 205 250 251
f 203 205 251
f 203 251 252
f 149 151 253
f 149 253 254
f 147 149 254
f 147 254 255
f 145 147 255
f 145 255 257
f 263 264 200
f 263 200 199
f 265 206 200
f 265 200 264
f 266 224 226
f 266 226 72
f 70 228 229
f 70 229 260
f 72 58 216
f 72 216 266
f 91 217 262
f 91 262 92
f 262 219 138
f 262 138 92
f 162 161 220
f 162 220 268
f 261 74 138
f 261 138 219
f 272 271 277
f 272 277 278
f 274 279 280
f 274 280 275
f 276 281 279
f 276 279 274
f 272 278 281
f 272 281 276
f 282 280 279
f 282 279 283
f 283 279 281
f 283 281 284
f 284 281 278
f 284 278 285
f 285 278 277
f 285 277 286
f 287 282 283
f 287 283 288
f 288 283 284
f 288 284 289
f 289 284 285
f 289 285 290
f 290 285 286
f 290 286 291
f 292 287 288
f 292 288 293
f 291 286 277
f 291 277 271
f 294 295 296
f 294 296 297
f 298 299 295
f 298 295 294
f 300 301 299
f 300 299 298
f 302 303 304
f 302 304 305
f 306 297 296
f 306 296 307
f 303 306 307
f 303 307 304
f 308 302 305
f 308 305 309
f 300 308 309
f 300 309 301
f 318 319 320
f 318 320 321
f 506 321 320
f 506 320 507
f 508 325 476
f 508 476 509
f 324 479 476
f 324 476 325
f 324 325 320
f 324 320 319
f 319 316 479
f 319 479 324
f 318 311 316
f 318 316 319
f 508 507 320
f 508 320 325
f 321 310 311
f 321 311 318
f 501 310 321
f 501 321 506
f 331 332 333
f 331 333 334
f 331 335 336
f 331 336 332
f 337 328 327
f 337 327 338
f 333 337 338
f 333 338 334
f 339 336 335
f 339 335 340
f 330 339 340
f 330 340 329
f 341 342 338
f 341 338 327
f 334 338 342
f 334 342 499
f 331 498 497
f 331 497 335
f 344 343 329
f 344 329 340
f 348 332 336
f 348 336 349
f 349 336 339
f 349 339 351
f 351 339 330
f 351 330 350
f 352 303 302
f 352 302 353
f 354 298 294
f 354 294 355
f 346 354 355
f 346 355 347
f 355 294 297
f 355 297 356
f 347 355 356
f 347 356 357
f 356 297 306
f 356 306 358
f 357 356 358
f 357 358 359
f 358 306 303
f 358 303 352
f 359 358 352
f 359 352 360
f 361 308 300
f 361 300 362
f 362 300 298
f 362 298 354
f 353 302 308
f 353 308 361
f 367 365 366
f 367 366 368
f 369 367 368
f 369 368 370
f 371 369 370
f 371 370 372
f 370 368 366
f 370 366 375
f 374 372 370
f 374 370 375
f 376 377 364
f 376 364 363
f 367 376 363
f 367 363 365
f 369 378 376
f 369 376 367
f 379 380 381
f 379 381 382
f 383 384 380
f 383 380 379
f 381 385 386
f 381 386 382
f 387 379 382
f 387 382 386
f 388 383 379
f 388 379 387
f 348 389 333
f 348 333 332
f 389 390 391
f 389 391 333
f 403 315 500
f 403 500 314
f 393 389 348
f 393 348 394
f 395 390 389
f 395 389 393
f 400 399 315
f 400 315 403
f 394 392 399
f 394 399 400
f 348 385 392
f 348 392 394
f 400 401 393
f 400 393 394
f 385 348 349
f 385 349 386
f 401 396 395
f 401 395 393
f 402 401 400
f 402 400 403
f 397 396 401
f 397 401 402
f 404 377 376
f 404 376 378
f 391 405 337
f 391 337 333
f 405 373 328
f 405 328 337
f 500 315 431
f 500 431 453
f 408 402 403
f 408 403 314
f 398 397 402
f 398 402 408
f 404 378 369
f 404 369 371
f 410 409 364
f 410 364 377
f 411 410 377
f 411 377 404
f 373 405 372
f 373 372 374
f 390 404 371
f 390 371 391
f 391 371 372
f 391 372 405
f 404 390 395
f 404 395 411
f 408 314 313
f 408 313 412
f 408 412 406
f 408 406 398
f 413 347 357
f 413 357 414
f 414 357 359
f 414 359 415
f 415 359 360
f 415 360 407
f 418 419 417
f 418 417 416
f 420 421 419
f 420 419 418
f 422 423 421
f 422 421 420
f 424 381 380
f 424 380 425
f 425 380 384
f 425 384 426
f 425 426 417
f 425 417 419
f 424 425 419
f 424 419 421
f 392 385 381
f 392 381 424
f 428 399 392
f 428 392 424
f 428 424 421
f 428 421 423
f 462 430 475
f 462 475 465
f 315 399 428
f 315 428 431
f 431 428 423
f 431 423 430
f 438 434 433
f 438 433 437
f 439 435 434
f 439 434 438
f 440 436 435
f 440 435 439
f 442 438 437
f 442 437 441
f 443 439 438
f 443 438 442
f 444 440 439
f 444 439 443
f 445 440 444
f 445 444 446
f 447 436 440
f 447 440 445
f 448 316 311
f 448 311 449
f 479 316 448
f 479 448 450
f 449 311 310
f 449 310 451
f 510 501 312
f 510 312 452
f 317 429 500
f 317 500 453
f 452 312 317
f 452 317 453
f 456 454 450
f 456 450 448
f 442 441 455
f 442 455 457
f 515 518 454
f 515 454 456
f 458 456 448
f 458 448 449
f 443 442 457
f 443 457 459
f 445 513 514
f 445 514 447
f 517 515 456
f 517 456 458
f 505 510 452
f 505 452 461
f 462 453 431
f 462 431 430
f 461 452 453
f 461 453 462
f 458 449 451
f 458 451 460
f 504 505 461
f 504 461 464
f 464 461 462
f 464 462 465
f 466 458 460
f 466 460 463
f 516 517 458
f 516 458 466
f 503 504 464
f 503 464 468
f 468 464 465
f 468 465 469
f 470 466 463
f 470 463 467
f 513 516 466
f 513 466 470
f 502 503 468
f 502 468 472
f 472 468 469
f 472 469 473
f 474 470 467
f 474 467 471
f 514 513 470
f 514 470 474
f 513 445 446
f 513 446 516
f 459 446 444
f 459 444 443
f 446 459 517
f 446 517 516
f 457 515 517
f 457 517 459
f 423 422 475
f 423 475 430
f 477 469 465
f 477 465 475
f 478 473 469
f 478 469 477
f 523 522 475
f 523 475 422
f 299 301 480
f 299 480 481
f 295 299 481
f 295 481 482
f 296 295 482
f 296 482 483
f 305 304 484
f 305 484 485
f 307 296 483
f 307 483 486
f 304 307 486
f 304 486 484
f 309 305 485
f 309 485 487
f 301 309 487
f 301 487 480
f 497 498 491
f 497 491 492
f 342 341 496
f 342 496 495
f 344 497 492
f 344 492 493
f 343 344 493
f 343 493 494
f 499 342 495
f 499 495 490
f 498 499 490
f 498 490 491
f 340 335 497
f 340 497 344
f 498 331 334
f 498 334 499
f 350 388 387
f 350 387 351
f 386 349 351
f 386 351 387
f 455 518 515
f 455 515 457
f 406 518 455
f 406 455 407
f 476 479 450
f 476 450 313
f 313 450 454
f 313 454 412
f 501 506 322
f 501 322 312
f 312 322 323
f 312 323 317
f 322 506 507
f 322 507 323
f 326 429 317
f 326 317 323
f 326 323 507
f 326 507 508
f 508 509 429
f 508 429 326
f 451 310 501
f 451 501 510
f 460 451 510
f 460 510 505
f 463 460 505
f 463 505 504
f 467 463 504
f 467 504 503
f 471 467 503
f 471 503 502
f 489 471 502
f 489 502 511
f 476 313 314
f 476 314 509
f 429 509 314
f 429 314 500
f 360 398 406
f 360 406 407
f 352 397 398
f 352 398 360
f 397 352 353
f 397 353 396
f 396 353 361
f 396 361 395
f 395 361 362
f 395 362 411
f 354 410 411
f 354 411 362
f 518 406 412
f 518 412 454
f 346 409 410
f 346 410 354
f 441 415 407
f 441 407 455
f 437 414 415
f 437 415 441
f 433 413 414
f 433 414 437
f 477 521 520
f 477 520 478
f 475 522 521
f 475 521 477
f 420 524 523
f 420 523 422
f 418 525 524
f 418 524 420
f 416 526 525
f 416 525 418
f 274 275 527
f 274 527 273
f 293 288 289
f 293 289 528
f 350 330 530
f 350 530 531
f 531 534 388
f 531 388 350
f 535 345 347
f 535 347 413
f 426 427 536
f 426 536 417
f 365 532 538
f 365 538 366
f 534 488 383
f 534 383 388
f 416 417 536
f 416 536 539
f 432 535 413
f 432 413 433
f 292 293 17
f 292 17 16
f 512 202 201
f 512 201 245
f 161 160 432
f 161 432 220
f 202 489 198
f 202 198 201
f 489 511 235
f 489 235 198
f 2 1 258
f 2 258 270
f 3 273 527
f 3 527 4
f 5 259 273
f 5 273 3
f 2 270 259
f 2 259 5
f 293 528 18
f 293 18 17
f 528 21 19
f 528 19 18
f 21 529 20
f 21 20 19
f 258 1 20
f 258 20 529
f 345 75 74
f 345 74 261
f 78 531 530
f 78 530 59
f 531 78 117
f 531 117 534
f 101 57 55
f 101 55 533
f 535 142 75
f 535 75 345
f 155 146 536
f 155 536 427
f 269 512 245
f 269 245 174
f 56 537 55
f 56 55 57
f 58 59 530
f 58 530 216
f 260 537 56
f 260 56 70
f 93 94 538
f 93 538 532
f 533 218 102
f 533 102 101
f 91 93 532
f 91 532 217
f 103 538 94
f 103 94 104
f 488 112 113
f 488 113 267
f 534 117 112
f 534 112 488
f 145 539 536
f 145 536 146
f 155 427 267
f 155 267 113
f 163 162 268
f 163 268 540
f 269 174 163
f 269 163 540
f 511 263 199
f 511 199 235
f 432 160 142
f 432 142 535
f 206 265 519
f 206 519 250
f 539 145 257
f 539 257 256
f 512 514 474
f 512 474 202
f 103 218 374
f 103 374 375
f 434 220 432
f 434 432 433
f 202 474 471
f 202 471 489
f 258 271 272
f 258 272 270
f 276 274 273
f 276 273 259
f 272 276 259
f 272 259 270
f 528 289 290
f 528 290 21
f 21 290 291
f 21 291 529
f 258 529 291
f 258 291 271
f 345 261 346
f 345 346 347
f 373 533 55
f 373 55 328
f 269 447 514
f 269 514 512
f 263 472 473
f 263 473 264
f 265 264 473
f 265 473 478
f 266 343 494
f 266 494 224
f 341 260 229
f 341 229 496
f 327 328 55
f 327 55 537
f 329 216 530
f 329 530 330
f 260 341 327
f 260 327 537
f 343 266 216
f 343 216 329
f 363 364 262
f 363 262 217
f 533 373 374
f 533 374 218
f 363 217 532
f 363 532 365
f 103 375 366
f 103 366 538
f 488 267 384
f 488 384 383
f 262 364 409
f 262 409 219
f 426 384 267
f 426 267 427
f 435 268 220
f 435 220 434
f 436 540 268
f 436 268 435
f 269 540 436
f 269 436 447
f 511 502 472
f 511 472 263
f 261 219 409
f 261 409 346
f 478 520 519
f 478 519 265
f 539 256 526
f 539 526 416
f 548 547 557
f 548 557 558
f 777 541 551
f 777 551 778
f 549 548 558
f 549 558 559
f 543 542 552
f 543 552 553
f 550 549 559
f 550 559 560
f 544 543 553
f 544 553 554
f 545 544 554
f 545 554 555
f 546 545 555
f 546 555 556
f 547 546 556
f 547 556 557
f 555 554 564
f 555 564 565
f 556 555 565
f 556 565 566
f 557 556 566
f 557 566 567
f 558 557 567
f 558 567 568
f 778 551 561
f 778 561 779
f 559 558 568
f 559 568 569
f 553 552 562
f 553 562 563
f 560 559 569
f 560 569 570
f 554 553 563
f 554 563 564
f 779 561 571
f 779 571 780
f 569 568 578
f 569 578 579
f 563 562 572
f 563 572 573
f 570 569 579
f 570 579 580
f 564 563 573
f 564 573 574
f 565 564 574
f 565 574 575
f 566 565 575
f 566 575 576
f 567 566 576
f 567 576 577
f 568 567 577
f 568 577 578
f 576 575 585
f 576 585 586
f 577 576 586
f 577 586 587
f 578 577 587
f 578 587 588
f 780 571 581
f 780 581 781
f 579 578 588
f 579 588 589
f 573 572 582
f 573 582 583
f 580 579 589
f 580 589 590
f 574 573 583
f 574 583 584
f 575 574 584
f 575 584 585
f 590 589 599
f 590 599 600
f 584 583 593
f 584 593 594
f 585 584 594
f 585 594 595
f 586 585 595
f 586 595 596
f 587 586 596
f 587 596 597
f 588 587 597
f 588 597 598
f 781 581 591
f 781 591 782
f 589 588 598
f 589 598 599
f 583 582 592
f 583 592 593
f 598 597 607
f 598 607 608
f 782 591 601
f 782 601 783
f 599 598 608
f 599 608 609
f 593 592 602
f 593 602 603
f 600 599 609
f 600 609 610
f 594 593 603
f 594 603 604
f 595 594 604
f 595 604 605
f 596 595 605
f 596 605 606
f 597 596 606
f 597 606 607
f 606 605 615
f 606 615 616
f 607 606 616
f 607 616 617
f 608 607 617
f 608 617 618
f 783 601 611
f 783 611 784
f 609 608 618
f 609 618 619
f 603 602 612
f 603 612 613
f 610 609 619
f 610 619 620
f 604 603 613
f 604 613 614
f 605 604 614
f 605 614 615
f 620 619 629
f 620 629 630
f 614 613 623
f 614 623 624
f 615 614 624
f 615 624 625
f 616 615 625
f 616 625 626
f 617 616 626
f 617 626 627
f 618 617 627
f 618 627 628
f 784 611 621
f 784 621 785
f 619 618 628
f 619 628 629
f 613 612 622
f 613 622 623
f 628 627 637
f 628 637 638
f 785 621 631
f 785 631 786
f 629 628 638
f 629 638 639
f 623 622 632
f 623 632 633
f 630 629 639
f 630 639 640
f 624 623 633
f 624 633 634
f 625 624 634
f 625 634 635
f 626 625 635
f 626 635 636
f 627 626 636
f 627 636 637
f 636 635 645
f 636 645 646
f 637 636 646
f 637 646 647
f 638 637 647
f 638 647 648
f 786 631 641
f 786 641 787
f 639 638 648
f 639 648 649
f 633 632 642
f 633 642 643
f 640 639 649
f 640 649 650
f 634 633 643
f 634 643 644
f 635 634 644
f 635 644 645
f 650 649 659
f 650 659 660
f 644 643 653
f 644 653 654
f 645 644 654
f 645 654 655
f 646 645 655
f 646 655 656
f 647 646 656
f 647 656 657
f 648 647 657
f 648 657 658
f 787 641 651
f 787 651 788
f 649 648 658
f 649 658 659
f 643 642 652
f 643 652 653
f 658 657 667
f 658 667 668
f 788 651 661
f 788 661 789
f 659 658 668
f 659 668 669
f 653 652 662
f 653 662 663
f 660 659 669
f 660 669 670
f 654 653 663
f 654 663 664
f 655 654 664
f 655 664 665
f 656 655 665
f 656 665 666
f 657 656 666
f 657 666 667
f 665 664 674
f 665 674 675
f 666 665 675
f 666 675 676
f 667 666 676
f 667 676 677
f 668 667 677
f 668 677 678
f 789 661 671
f 789 671 790
f 669 668 678
f 669 678 679
f 663 662 672
f 663 672 673
f 670 669 679
f 670 679 680
f 664 663 673
f 664 673 674
f 679 678 688
f 679 688 689
f 673 672 682
f 673 682 683
f 680 679 689
f 680 689 690
f 674 673 683
f 674 683 684
f 675 674 684
f 675 684 685
f 676 675 685
f 676 685 686
f 677 676 686
f 677 686 687
f 678 677 687
f 678 687 688
f 790 671 681
f 790 681 791
f 687 686 696
f 687 696 697
f 688 687 697
f 688 697 698
f 791 681 691
f 791 691 792
f 689 688 698
f 689 698 699
f 683 682 692
f 683 692 693
f 690 689 699
f 690 699 700
f 684 683 693
f 684 693 694
f 685 684 694
f 685 694 695
f 686 685 695
f 686 695 696
f 695 694 704
f 695 704 705
f 696 695 705
f 696 705 706
f 697 696 706
f 697 706 707
f 698 697 707
f 698 707 708
f 792 691 701
f 792 701 793
f 699 698 708
f 699 708 709
f 693 692 702
f 693 702 703
f 700 699 709
f 700 709 710
f 694 693 703
f 694 703 704
f 709 708 718
f 709 718 719
f 703 702 712
f 703 712 713
f 710 709 719
f 710 719 720
f 704 703 713
f 704 713 714
f 705 704 714
f 705 714 715
f 706 705 715
f 706 715 716
f 707 706 716
f 707 716 717
f 708 707 717
f 708 717 718
f 793 701 711
f 793 711 794
f 717 716 726
f 717 726 727
f 718 717 727
f 718 727 728
f 794 711 721
f 794 721 795
f 719 718 728
f 719 728 729
f 713 712 722
f 713 722 723
f 720 719 729
f 720 729 730
f 714 713 723
f 714 723 724
f 715 714 724
f 715 724 725
f 716 715 725
f 716 725 726
f 725 724 734
f 725 734 735
f 726 725 735
f 726 735 736
f 727 726 736
f 727 736 737
f 728 727 737
f 728 737 738
f 795 721 731
f 795 731 796
f 729 728 738
f 729 738 739
f 723 722 732
f 723 732 733
f 730 729 739
f 730 739 740
f 724 723 733
f 724 733 734
f 739 738 548
f 739 548 549
f 733 732 542
f 733 542 543
f 740 739 549
f 740 549 550
f 734 733 543
f 734 543 544
f 735 734 544
f 735 544 545
f 736 735 545
f 736 545 546
f 737 736 546
f 737 546 547
f 738 737 547
f 738 547 548
f 541 777 796
f 541 796 731
f 774 755 759
f 774 759 768
f 771 747 755
f 771 755 774
f 756 762 763
f 756 763 748
f 752 764 761
f 752 761 760
f 760 761 762
f 760 762 756
f 747 771 750
f 747 750 741
f 746 772 749
f 746 749 744
f 745 764 752
f 745 752 743
f 765 764 745
f 765 745 753
f 775 765 753
f 775 753 757
f 775 757 749
f 775 749 772
f 775 772 769
f 775 769 773
f 765 775 773
f 765 773 766
f 764 765 766
f 764 766 761
f 761 766 767
f 761 767 762
f 766 773 776
f 766 776 767
f 773 769 770
f 773 770 776
f 776 770 771
f 776 771 774
f 767 776 774
f 767 774 768
f 762 767 768
f 762 768 763
f 748 763 751
f 748 751 742
f 772 746 754
f 772 754 769
f 770 758 750
f 770 750 771
f 769 754 758
f 769 758 770
f 753 721 711
f 753 711 757
f 745 731 721
f 745 721 753
f 743 541 731
f 743 731 745
f 541 743 752
f 541 752 551
f 760 561 551
f 760 551 752
f 561 760 756
f 561 756 571
f 748 581 571
f 748 571 756
f 742 591 581
f 742 581 748
f 757 711 701
f 757 701 749
f 749 701 691
f 749 691 744
f 744 691 681
f 744 681 746
f 746 681 671
f 746 671 754
f 754 671 661
f 754 661 758
f 758 661 651
f 758 651 750
f 750 651 641
f 750 641 741
f 741 641 631
f 741 631 747
f 621 755 747
f 621 747 631
f 755 621 611
f 755 611 759
f 759 611 601
f 759 601 751
f 591 742 751
f 591 751 601
f 768 759 751
f 768 751 763
f 542 777 778
f 542 778 552
f 552 778 779
f 552 779 562
f 562 779 780
f 562 780 572
f 572 780 781
f 572 781 582
f 582 781 782
f 582 782 592
f 592 782 783
f 592 783 602
f 602 783 784
f 602 784 612
f 612 784 785
f 612 785 622
f 622 785 786
f 622 786 632
f 632 786 787
f 632 787 642
f 642 787 788
f 642 788 652
f 652 788 789
f 652 789 662
f 662 789 790
f 662 790 672
f 672 790 791
f 672 791 682
f 682 791 792
f 682 792 692
f 692 792 793
f 692 793 702
f 702 793 794
f 702 794 712
f 712 794 795
f 712 795 722
f 722 795 796
f 722 796 732
f 732 796 777
f 732 777 542
f 804 803 813
f 804 813 814
f 1033 797 807
f 1033 807 1034
f 805 804 814
f 805 814 815
f 1053 798 808
f 1053 808 1054
f 806 805 815
f 806 815 816
f 800 799 809
f 800 809 810
f 801 800 810
f 801 810 811
f 802 801 811
f 802 811 812
f 803 802 812
f 803 812 813
f 811 810 820
f 811 820 821
f 812 811 821
f 812 821 822
f 813 812 822
f 813 822 823
f 814 813 823
f 814 823 824
f 1034 807 817
f 1034 817 1035
f 815 814 824
f 815 824 825
f 1054 808 818
f 1054 818 1055
f 816 815 825
f 816 825 826
f 810 809 819
f 810 819 820
f 1035 817 827
f 1035 827 1036
f 825 824 834
f 825 834 835
f 1055 818 828
f 1055 828 1056
f 826 825 835
f 826 835 836
f 820 819 829
f 820 829 830
f 821 820 830
f 821 830 831
f 822 821 831
f 822 831 832
f 823 822 832
f 823 832 833
f 824 823 833
f 824 833 834
f 832 831 841
f 832 841 842
f 833 832 842
f 833 842 843
f 834 833 843
f 834 843 844
f 1036 827 837
f 1036 837 1037
f 835 834 844
f 835 844 845
f 1056 828 838
f 1056 838 1057
f 836 835 845
f 836 845 846
f 830 829 839
f 830 839 840
f 831 830 840
f 831 840 841
f 846 845 855
f 846 855 856
f 840 839 849
f 840 849 850
f 841 840 850
f 841 850 851
f 842 841 851
f 842 851 852
f 843 842 852
f 843 852 853
f 844 843 853
f 844 853 854
f 1037 837 847
f 1037 847 1038
f 845 844 854
f 845 854 855
f 1057 838 848
f 1057 848 1058
f 854 853 863
f 854 863 864
f 1038 847 857
f 1038 857 1039
f 855 854 864
f 855 864 865
f 1058 848 858
f 1058 858 1059
f 856 855 865
f 856 865 866
f 850 849 859
f 850 859 860
f 851 850 860
f 851 860 861
f 852 851 861
f 852 861 862
f 853 852 862
f 853 862 863
f 862 861 871
f 862 871 872
f 863 862 872
f 863 872 873
f 864 863 873
f 864 873 874
f 1039 857 867
f 1039 867 1040
f 865 864 874
f 865 874 875
f 1059 858 868
f 1059 868 1060
f 866 865 875
f 866 875 876
f 860 859 869
f 860 869 870
f 861 860 870
f 861 870 871
f 876 875 885
f 876 885 886
f 870 869 879
f 870 879 880
f 871 870 880
f 871 880 881
f 872 871 881
f 872 881 882
f 873 872 882
f 873 882 883
f 874 873 883
f 874 883 884
f 1040 867 877
f 1040 877 1041
f 875 874 884
f 875 884 885
f 1060 868 878
f 1060 878 1061
f 884 883 893
f 884 893 894
f 1041 877 887
f 1041 887 1042
f 885 884 894
f 885 894 895
f 1061 878 888
f 1061 888 1062
f 886 885 895
f 886 895 896
f 880 879 889
f 880 889 890
f 881 880 890
f 881 890 891
f 882 881 891
f 882 891 892
f 883 882 892
f 883 892 893
f 892 891 901
f 892 901 902
f 893 892 902
f 893 902 903
f 894 893 903
f 894 903 904
f 1042 887 897
f 1042 897 1043
f 895 894 904
f 895 904 905
f 1062 888 898
f 1062 898 1063
f 896 895 905
f 896 905 906
f 890 889 899
f 890 899 900
f 891 890 900
f 891 900 901
f 906 905 915
f 906 915 916
f 900 899 909
f 900 909 910
f 901 900 910
f 901 910 911
f 902 901 911
f 902 911 912
f 903 902 912
f 903 912 913
f 904 903 913
f 904 913 914
f 1043 897 907
f 1043 907 1044
f 905 904 914
f 905 914 915
f 1063 898 908
f 1063 908 1064
f 914 913 923
f 914 923 924
f 1044 907 917
f 1044 917 1045
f 915 914 924
f 915 924 925
f 1064 908 918
f 1064 918 1065
f 916 915 925
f 916 925 926
f 910 909 919
f 910 919 920
f 911 910 920
f 911 920 921
f 912 911 921
f 912 921 922
f 913 912 922
f 913 922 923
f 921 920 930
f 921 930 931
f 922 921 931
f 922 931 932
f 923 922 932
f 923 932 933
f 924 923 933
f 924 933 934
f 1045 917 927
f 1045 927 1046
f 925 924 934
f 925 934 935
f 1065 918 928
f 1065 928 1066
f 926 925 935
f 926 935 936
f 920 919 929
f 920 929 930
f 935 934 944
f 935 944 945
f 1066 928 938
f 1066 938 1067
f 936 935 945
f 936 945 946
f 930 929 939
f 930 939 940
f 931 930 940
f 931 940 941
f 932 931 941
f 932 941 942
f 933 932 942
f 933 942 943
f 934 933 943
f 934 943 944
f 1046 927 937
f 1046 937 1047
f 943 942 952
f 943 952 953
f 944 943 953
f 944 953 954
f 1047 937 947
f 1047 947 1048
f 945 944 954
f 945 954 955
f 1067 938 948
f 1067 948 1068
f 946 945 955
f 946 955 956
f 940 939 949
f 940 949 950
f 941 940 950
f 941 950 951
f 942 941 951
f 942 951 952
f 951 950 960
f 951 960 961
f 952 951 961
f 952 961 962
f 953 952 962
f 953 962 963
f 954 953 963
f 954 963 964
f 1048 947 957
f 1048 957 1049
f 955 954 964
f 955 964 965
f 1068 948 958
f 1068 958 1069
f 956 955 965
f 956 965 966
f 950 949 959
f 950 959 960
f 965 964 974
f 965 974 975
f 1069 958 968
f 1069 968 1070
f 966 965 975
f 966 975 976
f 960 959 969
f 960 969 970
f 961 960 970
f 961 970 971
f 962 961 971
f 962 971 972
f 963 962 972
f 963 972 973
f 964 963 973
f 964 973 974
f 1049 957 967
f 1049 967 1050
f 973 972 982
f 973 982 983
f 974 973 983
f 974 983 984
f 1050 967 977
f 1050 977 1051
f 975 974 984
f 975 984 985
f 1070 968 978
f 1070 978 1071
f 976 975 985
f 976 985 986
f 970 969 979
f 970 979 980
f 971 970 980
f 971 980 981
f 972 971 981
f 972 981 982
f 981 980 990
f 981 990 991
f 982 981 991
f 982 991 992
f 983 982 992
f 983 992 993
f 984 983 993
f 984 993 994
f 1051 977 987
f 1051 987 1052
f 985 984 994
f 985 994 995
f 1071 978 988
f 1071 988 1072
f 986 985 995
f 986 995 996
f 980 979 989
f 980 989 990
f 995 994 804
f 995 804 805
f 1072 988 798
f 1072 798 1053
f 996 995 805
f 996 805 806
f 990 989 799
f 990 799 800
f 991 990 800
f 991 800 801
f 992 991 801
f 992 801 802
f 993 992 802
f 993 802 803
f 994 993 803
f 994 803 804
f 1052 987 797
f 1052 797 1033
f 1030 1011 1015
f 1030 1015 1024
f 1027 1003 1011
f 1027 1011 1030
f 1012 1018 1019
f 1012 1019 1004
f 1008 1020 1017
f 1008 1017 1016
f 1016 1017 1018
f 1016 1018 1012
f 1003 1027 1006
f 1003 1006 997
f 1002 1028 1005
f 1002 1005 1000
f 1001 1020 1008
f 1001 1008 999
f 1021 1020 1001
f 1021 1001 1009
f 1031 1021 1009
f 1031 1009 1013
f 1031 1013 1005
f 1031 1005 1028
f 1031 1028 1025
f 1031 1025 1029
f 1021 1031 1029
f 1021 1029 1022
f 1020 1021 1022
f 1020 1022 1017
f 1017 1022 1023
f 1017 1023 1018
f 1022 1029 1032
f 1022 1032 1023
f 1029 1025 1026
f 1029 1026 1032
f 1032 1026 1027
f 1032 1027 1030
f 1023 1032 1030
f 1023 1030 1024
f 1018 1023 1024
f 1018 1024 1019
f 1004 1019 1007
f 1004 1007 998
f 1028 1002 1010
f 1028 1010 1025
f 1026 1014 1006
f 1026 1006 1027
f 1025 1010 1014
f 1025 1014 1026
f 1009 977 967
f 1009 967 1013
f 1001 987 977
f 1001 977 1009
f 999 797 987
f 999 987 1001
f 797 999 1008
f 797 1008 807
f 1016 817 807
f 1016 807 1008
f 817 1016 1012
f 817 1012 827
f 1004 837 827
f 1004 827 1012
f 998 847 837
f 998 837 1004
f 1013 967 957
f 1013 957 1005
f 1005 957 947
f 1005 947 1000
f 1000 947 937
f 1000 937 1002
f 1002 937 927
f 1002 927 1010
f 1010 927 917
f 1010 917 1014
f 1014 917 907
f 1014 907 1006
f 1006 907 897
f 1006 897 997
f 997 897 887
f 997 887 1003
f 877 1011 1003
f 877 1003 887
f 1011 877 867
f 1011 867 1015
f 1015 867 857
f 1015 857 1007
f 847 998 1007
f 847 1007 857
f 1024 1015 1007
f 1024 1007 1019
f 798 1033 1034
f 798 1034 808
f 808 1034 1035
f 808 1035 818
f 818 1035 1036
f 818 1036 828
f 828 1036 1037
f 828 1037 838
f 838 1037 1038
f 838 1038 848
f 848 1038 1039
f 848 1039 858
f 858 1039 1040
f 858 1040 868
f 868 1040 1041
f 868 1041 878
f 878 1041 1042
f 878 1042 888
f 888 1042 1043
f 888 1043 898
f 898 1043 1044
f 898 1044 908
f 908 1044 1045
f 908 1045 918
f 918 1045 1046
f 918 1046 928
f 928 1046 1047
f 928 1047 938
f 938 1047 1048
f 938 1048 948
f 948 1048 1049
f 948 1049 958
f 958 1049 1050
f 958 1050 968
f 968 1050 1051
f 968 1051 978
f 978 1051 1052
f 978 1052 988
f 988 1052 1033
f 988 1033 798
f 799 1053 1054
f 799 1054 809
f 809 1054 1055
f 809 1055 819
f 819 1055 1056
f 819 1056 829
f 829 1056 1057
f 829 1057 839
f 839 1057 1058
f 839 1058 849
f 849 1058 1059
f 849 1059 859
f 859 1059 1060
f 859 1060 869
f 869 1060 1061
f 869 1061 879
f 879 1061 1062
f 879 1062 889
f 889 1062 1063
f 889 1063 899
f 899 1063 1064
f 899 1064 909
f 909 1064 1065
f 909 1065 919
f 919 1065 1066
f 919 1066 929
f 929 1066 1067
f 929 1067 939
f 939 1067 1068
f 939 1068 949
f 949 1068 1069
f 949 1069 959
f 959 1069 1070
f 959 1070 969
f 969 1070 1071
f 969 1071 979
f 979 1071 1072
f 979 1072 989
f 989 1072 1053
f 989 1053 799
f 1080 1090 1089
f 1080 1089 1079
f 1309 1310 1083
f 1309 1083 1073
f 1081 1091 1090
f 1081 1090 1080
f 1075 1085 1084
f 1075 1084 1074
f 1082 1092 1091
f 1082 1091 1081
f 1076 1086 1085
f 1076 1085 1075
f 1077 1087 1086
f 1077 1086 1076
f 1078 1088 1087
f 1078 1087 1077
f 1079 1089 1088
f 1079 1088 1078
f 1087 1097 1096
f 1087 1096 1086
f 1088 1098 1097
f 1088 1097 1087
f 1089 1099 1098
f 1089 1098 1088
f 1090 1100 1099
f 1090 1099 1089
f 1310 1311 1093
f 1310 1093 1083
f 1091 1101 1100
f 1091 1100 1090
f 1085 1095 1094
f 1085 1094 1084
f 1092 1102 1101
f 1092 1101 1091
f 1086 1096 1095
f 1086 1095 1085
f 1311 1312 1103
f 1311 1103 1093
f 1101 1111 1110
f 1101 1110 1100
f 1095 1105 1104
f 1095 1104 1094
f 1102 1112 1111
f 1102 1111 1101
f 1096 1106 1105
f 1096 1105 1095
f 1097 1107 1106
f 1097 1106 1096
f 1098 1108 1107
f 1098 1107 1097
f 1099 1109 1108
f 1099 1108 1098
f 1100 1110 1109
f 1100 1109 1099
f 1108 1118 1117
f 1108 1117 1107
f 1109 1119 1118
f 1109 1118 1108
f 1110 1120 1119
f 1110 1119 1109
f 1312 1313 1113
f 1312 1113 1103
f 1111 1121 1120
f 1111 1120 1110
f 1105 1115 1114
f 1105 1114 1104
f 1112 1122 1121
f 1112 1121 1111
f 1106 1116 1115
f 1106 1115 1105
f 1107 1117 1116
f 1107 1116 1106
f 1122 1132 1131
f 1122 1131 1121
f 1116 1126 1125
f 1116 1125 1115
f 1117 1127 1126
f 1117 1126 1116
f 1118 1128 1127
f 1118 1127 1117
f 1119 1129 1128
f 1119 1128 1118
f 1120 1130 1129
f 1120 1129 1119
f 1313 1314 1123
f 1313 1123 1113
f 1121 1131 1130
f 1121 1130 1120
f 1115 1125 1124
f 1115 1124 1114
f 1130 1140 1139
f 1130 1139 1129
f 1314 1315 1133
f 1314 1133 1123
f 1131 1141 1140
f 1131 1140 1130
f 1125 1135 1134
f 1125 1134 1124
f 1132 1142 1141
f 1132 1141 1131
f 1126 1136 1135
f 1126 1135 1125
f 1127 1137 1136
f 1127 1136 1126
f 1128 1138 1137
f 1128 1137 1127
f 1129 1139 1138
f 1129 1138 1128
f 1138 1148 1147
f 1138 1147 1137
f 1139 1149 1148
f 1139 1148 1138
f 1140 1150 1149
f 1140 1149 1139
f 1315 1316 1143
f 1315 1143 1133
f 1141 1151 1150
f 1141 1150 1140
f 1135 1145 1144
f 1135 1144 1134
f 1142 1152 1151
f 1142 1151 1141
f 1136 1146 1145
f 1136 1145 1135
f 1137 1147 1146
f 1137 1146 1136
f 1152 1162 1161
f 1152 1161 1151
f 1146 1156 1155
f 1146 1155 1145
f 1147 1157 1156
f 1147 1156 1146
f 1148 1158 1157
f 1148 1157 1147
f 1149 1159 1158
f 1149 1158 1148
f 1150 1160 1159
f 1150 1159 1149
f 1316 1317 1153
f 1316 1153 1143
f 1151 1161 1160
f 1151 1160 1150
f 1145 1155 1154
f 1145 1154 1144
f 1160 1170 1169
f 1160 1169 1159
f 1317 1318 1163
f 1317 1163 1153
f 1161 1171 1170
f 1161 1170 1160
f 1155 1165 1164
f 1155 1164 1154
f 1162 1172 1171
f 1162 1171 1161
f 1156 1166 1165
f 1156 1165 1155
f 1157 1167 1166
f 1157 1166 1156
f 1158 1168 1167
f 1158 1167 1157
f 1159 1169 1168
f 1159 1168 1158
f 1168 1178 1177
f 1168 1177 1167
f 1169 1179 1178
f 1169 1178 1168
f 1170 1180 1179
f 1170 1179 1169
f 1318 1319 1173
f 1318 1173 1163
f 1171 1181 1180
f 1171 1180 1170
f 1165 1175 1174
f 1165 1174 1164
f 1172 1182 1181
f 1172 1181 1171
f 1166 1176 1175
f 1166 1175 1165
f 1167 1177 1176
f 1167 1176 1166
f 1182 1192 1191
f 1182 1191 1181
f 1176 1186 1185
f 1176 1185 1175
f 1177 1187 1186
f 1177 1186 1176
f 1178 1188 1187
f 1178 1187 1177
f 1179 1189 1188
f 1179 1188 1178
f 1180 1190 1189
f 1180 1189 1179
f 1319 1320 1183
f 1319 1183 1173
f 1181 1191 1190
f 1181 1190 1180
f 1175 1185 1184
f 1175 1184 1174
f 1190 1200 1199
f 1190 1199 1189
f 1320 1321 1193
f 1320 1193 1183
f 1191 1201 1200
f 1191 1200 1190
f 1185 1195 1194
f 1185 1194 1184
f 1192 1202 1201
f 1192 1201 1191
f 1186 1196 1195
f 1186 1195 1185
f 1187 1197 1196
f 1187 1196 1186
f 1188 1198 1197
f 1188 1197 1187
f 1189 1199 1198
f 1189 1198 1188
f 1197 1207 1206
f 1197 1206 1196
f 1198 1208 1207
f 1198 1207 1197
f 1199 1209 1208
f 1199 1208 1198
f 1200 1210 1209
f 1200 1209 1199
f 1321 1322 1203
f 1321 1203 1193
f 1201 1211 1210
f 1201 1210 1200
f 1195 1205 1204
f 1195 1204 1194
f 1202 1212 1211
f 1202 1211 1201
f 1196 1206 1205
f 1196 1205 1195
f 1211 1221 1220
f 1211 1220 1210
f 1205 1215 1214
f 1205 1214 1204
f 1212 1222 1221
f 1212 1221 1211
f 1206 1216 1215
f 1206 1215 1205
f 1207 1217 1216
f 1207 1216 1206
f 1208 1218 1217
f 1208 1217 1207
f 1209 1219 1218
f 1209 1218 1208
f 1210 1220 1219
f 1210 1219 1209
f 1322 1323 1213
f 1322 1213 1203
f 1219 1229 1228
f 1219 1228 1218
f 1220 1230 1229
f 1220 1229 1219
f 1323 1324 1223
f 1323 1223 1213
f 1221 1231 1230
f 1221 1230 1220
f 1215 1225 1224
f 1215 1224 1214
f 1222 1232 1231
f 1222 1231 1221
f 1216 1226 1225
f 1216 1225 1215
f 1217 1227 1226
f 1217 1226 1216
f 1218 1228 1227
f 1218 1227 1217
f 1227 1237 1236
f 1227 1236 1226
f 1228 1238 1237
f 1228 1237 1227
f 1229 1239 1238
f 1229 1238 1228
f 1230 1240 1239
f 1230 1239 1229
f 1324 1325 1233
f 1324 1233 1223
f 1231 1241 1240
f 1231 1240 1230
f 1225 1235 1234
f 1225 1234 1224
f 1232 1242 1241
f 1232 1241 1231
f 1226 1236 1235
f 1226 1235 1225
f 1241 1251 1250
f 1241 1250 1240
f 1235 1245 1244
f 1235 1244 1234
f 1242 1252 1251
f 1242 1251 1241
f 1236 1246 1245
f 1236 1245 1235
f 1237 1247 1246
f 1237 1246 1236
f 1238 1248 1247
f 1238 1247 1237
f 1239 1249 1248
f 1239 1248 1238
f 1240 1250 1249
f 1240 1249 1239
f 1325 1326 1243
f 1325 1243 1233
f 1249 1259 1258
f 1249 1258 1248
f 1250 1260 1259
f 1250 1259 1249
f 1326 1327 1253
f 1326 1253 1243
f 1251 1261 1260
f 1251 1260 1250
f 1245 1255 1254
f 1245 1254 1244
f 1252 1262 1261
f 1252 1261 1251
f 1246 1256 1255
f 1246 1255 1245
f 1247 1257 1256
f 1247 1256 1246
f 1248 1258 1257
f 1248 1257 1247
f 1257 1267 1266
f 1257 1266 1256
f 1258 1268 1267
f 1258 1267 1257
f 1259 1269 1268
f 1259 1268 1258
f 1260 1270 1269
f 1260 1269 1259
f 1327 1328 1263
f 1327 1263 1253
f 1261 1271 1270
f 1261 1270 1260
f 1255 1265 1264
f 1255 1264 1254
f 1262 1272 1271
f 1262 1271 1261
f 1256 1266 1265
f 1256 1265 1255
f 1271 1081 1080
f 1271 1080 1270
f 1265 1075 1074
f 1265 1074 1264
f 1272 1082 1081
f 1272 1081 1271
f 1266 1076 1075
f 1266 1075 1265
f 1267 1077 1076
f 1267 1076 1266
f 1268 1078 1077
f 1268 1077 1267
f 1269 1079 1078
f 1269 1078 1268
f 1270 1080 1079
f 1270 1079 1269
f 1328 1309 1073
f 1328 1073 1263
f 1306 1300 1291
f 1306 1291 1287
f 1303 1306 1287
f 1303 1287 1279
f 1288 1280 1295
f 1288 1295 1294
f 1284 1292 1293
f 1284 1293 1296
f 1292 1288 1294
f 1292 1294 1293
f 1279 1273 1282
f 1279 1282 1303
f 1278 1276 1281
f 1278 1281 1304
f 1277 1275 1284
f 1277 1284 1296
f 1297 1285 1277
f 1297 1277 1296
f 1307 1289 1285
f 1307 1285 1297
f 1307 1304 1281
f 1307 1281 1289
f 1307 1305 1301
f 1307 1301 1304
f 1297 1298 1305
f 1297 1305 1307
f 1296 1293 1298
f 1296 1298 1297
f 1293 1294 1299
f 1293 1299 1298
f 1298 1299 1308
f 1298 1308 1305
f 1305 1308 1302
f 1305 1302 1301
f 1308 1306 1303
f 1308 1303 1302
f 1299 1300 1306
f 1299 1306 1308
f 1294 1295 1300
f 1294 1300 1299
f 1280 1274 1283
f 1280 1283 1295
f 1304 1301 1286
f 1304 1286 1278
f 1302 1303 1282
f 1302 1282 1290
f 1301 1302 1290
f 1301 1290 1286
f 1285 1289 1243
f 1285 1243 1253
f 1277 1285 1253
f 1277 1253 1263
f 1275 1277 1263
f 1275 1263 1073
f 1073 1083 1284
f 1073 1284 1275
f 1292 1284 1083
f 1292 1083 1093
f 1093 1103 1288
f 1093 1288 1292
f 1280 1288 1103
f 1280 1103 1113
f 1274 1280 1113
f 1274 1113 1123
f 1289 1281 1233
f 1289 1233 1243
f 1281 1276 1223
f 1281 1223 1233
f 1276 1278 1213
f 1276 1213 1223
f 1278 1286 1203
f 1278 1203 1213
f 1286 1290 1193
f 1286 1193 1203
f 1290 1282 1183
f 1290 1183 1193
f 1282 1273 1173
f 1282 1173 1183
f 1273 1279 1163
f 1273 1163 1173
f 1153 1163 1279
f 1153 1279 1287
f 1287 1291 1143
f 1287 1143 1153
f 1291 1283 1133
f 1291 1133 1143
f 1123 1133 1283
f 1123 1283 1274
f 1300 1295 1283
f 1300 1283 1291
f 1074 1084 1310
f 1074 1310 1309
f 1084 1094 1311
f 1084 1311 1310
f 1094 1104 1312
f 1094 1312 1311
f 1104 1114 1313
f 1104 1313 1312
f 1114 1124 1314
f 1114 1314 1313
f 1124 1134 1315
f 1124 1315 1314
f 1134 1144 1316
f 1134 1316 1315
f 1144 1154 1317
f 1144 1317 1316
f 1154 1164 1318
f 1154 1318 1317
f 1164 1174 1319
f 1164 1319 1318
f 1174 1184 1320
f 1174 1320 1319
f 1184 1194 1321
f 1184 1321 1320
f 1194 1204 1322
f 1194 1322 1321
f 1204 1214 1323
f 1204 1323 1322
f 1214 1224 1324
f 1214 1324 1323
f 1224 1234 1325
f 1224 1325 1324
f 1234 1244 1326
f 1234 1326 1325
f 1244 1254 1327
f 1244 1327 1326
f 1254 1264 1328
f 1254 1328 1327
f 1264 1074 1309
f 1264 1309 1328
f 1336 1346 1345
f 1336 1345 1335
f 1565 1566 1339
f 1565 1339 1329
f 1337 1347 1346
f 1337 1346 1336
f 1585 1586 1340
f 1585 1340 1330
f 1338 1348 1347
f 1338 1347 1337
f 1332 1342 1341
f 1332 1341 1331
f 1333 1343 1342
f 1333 1342 1332
f 1334 1344 1343
f 1334 1343 1333
f 1335 1345 1344
f 1335 1344 1334
f 1343 1353 1352
f 1343 1352 1342
f 1344 1354 1353
f 1344 1353 1343
f 1345 1355 1354
f 1345 1354 1344
f 1346 1356 1355
f 1346 1355 1345
f 1566 1567 1349
f 1566 1349 1339
f 1347 1357 1356
f 1347 1356 1346
f 1586 1587 1350
f 1586 1350 1340
f 1348 1358 1357
f 1348 1357 1347
f 1342 1352 1351
f 1342 1351 1341
f 1567 1568 1359
f 1567 1359 1349
f 1357 1367 1366
f 1357 1366 1356
f 1587 1588 1360
f 1587 1360 1350
f 1358 1368 1367
f 1358 1367 1357
f 1352 1362 1361
f 1352 1361 1351
f 1353 1363 1362
f 1353 1362 1352
f 1354 1364 1363
f 1354 1363 1353
f 1355 1365 1364
f 1355 1364 1354
f 1356 1366 1365
f 1356 1365 1355
f 1364 1374 1373
f 1364 1373 1363
f 1365 1375 1374
f 1365 1374 1364
f 1366 1376 1375
f 1366 1375 1365
f 1568 1569 1369
f 1568 1369 1359
f 1367 1377 1376
f 1367 1376 1366
f 1588 1589 1370
f 1588 1370 1360
f 1368 1378 1377
f 1368 1377 1367
f 1362 1372 1371
f 1362 1371 1361
f 1363 1373 1372
f 1363 1372 1362
f 1378 1388 1387
f 1378 1387 1377
f 1372 1382 1381
f 1372 1381 1371
f 1373 1383 1382
f 1373 1382 1372
f 1374 1384 1383
f 1374 1383 1373
f 1375 1385 1384
f 1375 1384 1374
f 1376 1386 1385
f 1376 1385 1375
f 1569 1570 1379
f 1569 1379 1369
f 1377 1387 1386
f 1377 1386 1376
f 1589 1590 1380
f 1589 1380 1370
f 1386 1396 1395
f 1386 1395 1385
f 1570 1571 1389
f 1570 1389 1379
f 1387 1397 1396
f 1387 1396 1386
f 1590 1591 1390
f 1590 1390 1380
f 1388 1398 1397
f 1388 1397 1387
f 1382 1392 1391
f 1382 1391 1381
f 1383 1393 1392
f 1383 1392 1382
f 1384 1394 1393
f 1384 1393 1383
f 1385 1395 1394
f 1385 1394 1384
f 1394 1404 1403
f 1394 1403 1393
f 1395 1405 1404
f 1395 1404 1394
f 1396 1406 1405
f 1396 1405 1395
f 1571 1572 1399
f 1571 1399 1389
f 1397 1407 1406
f 1397 1406 1396
f 1591 1592 1400
f 1591 1400 1390
f 1398 1408 1407
f 1398 1407 1397
f 1392 1402 1401
f 1392 1401 1391
f 1393 1403 1402
f 1393 1402 1392
f 1408 1418 1417
f 1408 1417 1407
f 1402 1412 1411
f 1402 1411 1401
f 1403 1413 1412
f 1403 1412 1402
f 1404 1414 1413
f 1404 1413 1403
f 1405 1415 1414
f 1405 1414 1404
f 1406 1416 1415
f 1406 1415 1405
f 1572 1573 1409
f 1572 1409 1399
f 1407 1417 1416
f 1407 1416 1406
f 1592 1593 1410
f 1592 1410 1400
f 1416 1426 1425
f 1416 1425 1415
f 1573 1574 1419
f 1573 1419 1409
f 1417 1427 1426
f 1417 1426 1416
f 1593 1594 1420
f 1593 1420 1410
f 1418 1428 1427
f 1418 1427 1417
f 1412 1422 1421
f 1412 1421 1411
f 1413 1423 1422
f 1413 1422 1412
f 1414 1424 1423
f 1414 1423 1413
f 1415 1425 1424
f 1415 1424 1414
f 1424 1434 1433
f 1424 1433 1423
f 1425 1435 1434
f 1425 1434 1424
f 1426 1436 1435
f 1426 1435 1425
f 1574 1575 1429
f 1574 1429 1419
f 1427 1437 1436
f 1427 1436 1426
f 1594 1595 1430
f 1594 1430 1420
f 1428 1438 1437
f 1428 1437 1427
f 1422 1432 1431
f 1422 1431 1421
f 1423 1433 1432
f 1423 1432 1422
f 1438 1448 1447
f 1438 1447 1437
f 1432 1442 1441
f 1432 1441 1431
f 1433 1443 1442
f 1433 1442 1432
f 1434 1444 1443
f 1434 1443 1433
f 1435 1445 1444
f 1435 1444 1434
f 1436 1446 1445
f 1436 1445 1435
f 1575 1576 1439
f 1575 1439 1429
f 1437 1447 1446
f 1437 1446 1436
f 1595 1596 1440
f 1595 1440 1430
f 1446 1456 1455
f 1446 1455 1445
f 1576 1577 1449
f 1576 1449 1439
f 1447 1457 1456
f 1447 1456 1446
f 1596 1597 1450
f 1596 1450 1440
f 1448 1458 1457
f 1448 1457 1447
f 1442 1452 1451
f 1442 1451 1441
f 1443 1453 1452
f 1443 1452 1442
f 1444 1454 1453
f 1444 1453 1443
f 1445 1455 1454
f 1445 1454 1444
f 1453 1463 1462
f 1453 1462 1452
f 1454 1464 1463
f 1454 1463 1453
f 1455 1465 1464
f 1455 1464 1454
f 1456 1466 1465
f 1456 1465 1455
f 1577 1578 1459
f 1577 1459 1449
f 1457 1467 1466
f 1457 1466 1456
f 1597 1598 1460
f 1597 1460 1450
f 1458 1468 1467
f 1458 1467 1457
f 1452 1462 1461
f 1452 1461 1451
f 1467 1477 1476
f 1467 1476 1466
f 1598 1599 1470
f 1598 1470 1460
f 1468 1478 1477
f 1468 1477 1467
f 1462 1472 1471
f 1462 1471 1461
f 1463 1473 1472
f 1463 1472 1462
f 1464 1474 1473
f 1464 1473 1463
f 1465 1475 1474
f 1465 1474 1464
f 1466 1476 1475
f 1466 1475 1465
f 1578 1579 1469
f 1578 1469 1459
f 1475 1485 1484
f 1475 1484 1474
f 1476 1486 1485
f 1476 1485 1475
f 1579 1580 1479
f 1579 1479 1469
f 1477 1487 1486
f 1477 1486 1476
f 1599 1600 1480
f 1599 1480 1470
f 1478 1488 1487
f 1478 1487 1477
f 1472 1482 1481
f 1472 1481 1471
f 1473 1483 1482
f 1473 1482 1472
f 1474 1484 1483
f 1474 1483 1473
f 1483 1493 1492
f 1483 1492 1482
f 1484 1494 1493
f 1484 1493 1483
f 1485 1495 1494
f 1485 1494 1484
f 1486 1496 1495
f 1486 1495 1485
f 1580 1581 1489
f 1580 1489 1479
f 1487 1497 1496
f 1487 1496 1486
f 1600 1601 1490
f 1600 1490 1480
f 1488 1498 1497
f 1488 1497 1487
f 1482 1492 1491
f 1482 1491 1481
f 1497 1507 1506
f 1497 1506 1496
f 1601 1602 1500
f 1601 1500 1490
f 1498 1508 1507
f 1498 1507 1497
f 1492 1502 1501
f 1492 1501 1491
f 1493 1503 1502
f 1493 1502 1492
f 1494 1504 1503
f 1494 1503 1493
f 1495 1505 1504
f 1495 1504 1494
f 1496 1506 1505
f 1496 1505 1495
f 1581 1582 1499
f 1581 1499 1489
f 1505 1515 1514
f 1505 1514 1504
f 1506 1516 1515
f 1506 1515 1505
f 1582 1583 1509
f 1582 1509 1499
f 1507 1517 1516
f 1507 1516 1506
f 1602 1603 1510
f 1602 1510 1500
f 1508 1518 1517
f 1508 1517 1507
f 1502 1512 1511
f 1502 1511 1501
f 1503 1513 1512
f 1503 1512 1502
f 1504 1514 1513
f 1504 1513 1503
f 1513 1523 1522
f 1513 1522 1512
f 1514 1524 1523
f 1514 1523 1513
f 1515 1525 1524
f 1515 1524 1514
f 1516 1526 1525
f 1516 1525 1515
f 1583 1584 1519
f 1583 1519 1509
f 1517 1527 1526
f 1517 1526 1516
f 1603 1604 1520
f 1603 1520 1510
f 1518 1528 1527
f 1518 1527 1517
f 1512 1522 1521
f 1512 1521 1511
f 1527 1337 1336
f 1527 1336 1526
f 1604 1585 1330
f 1604 1330 1520
f 1528 1338 1337
f 1528 1337 1527
f 1522 1332 1331
f 1522 1331 1521
f 1523 1333 1332
f 1523 1332 1522
f 1524 1334 1333
f 1524 1333 1523
f 1525 1335 1334
f 1525 1334 1524
f 1526 1336 1335
f 1526 1335 1525
f 1584 1565 1329
f 1584 1329 1519
f 1562 1556 1547
f 1562 1547 1543
f 1559 1562 1543
f 1559 1543 1535
f 1544 1536 1551
f 1544 1551 1550
f 1540 1548 1549
f 1540 1549 1552
f 1548 1544 1550
f 1548 1550 1549
f 1535 1529 1538
f 1535 1538 1559
f 1534 1532 1537
f 1534 1537 1560
f 1533 1531 1540
f 1533 1540 1552
f 1553 1541 1533
f 1553 1533 1552
f 1563 1545 1541
f 1563 1541 1553
f 1563 1560 1537
f 1563 1537 1545
f 1563 1561 1557
f 1563 1557 1560
f 1553 1554 1561
f 1553 1561 1563
f 1552 1549 1554
f 1552 1554 1553
f 1549 1550 1555
f 1549 1555 1554
f 1554 1555 1564
f 1554 1564 1561
f 1561 1564 1558
f 1561 1558 1557
f 1564 1562 1559
f 1564 1559 1558
f 1555 1556 1562
f 1555 1562 1564
f 1550 1551 1556
f 1550 1556 1555
f 1536 1530 1539
f 1536 1539 1551
f 1560 1557 1542
f 1560 1542 1534
f 1558 1559 1538
f 1558 1538 1546
f 1557 1558 1546
f 1557 1546 1542
f 1541 1545 1499
f 1541 1499 1509
f 1533 1541 1509
f 1533 1509 1519
f 1531 1533 1519
f 1531 1519 1329
f 1329 1339 1540
f 1329 1540 1531
f 1548 1540 1339
f 1548 1339 1349
f 1349 1359 1544
f 1349 1544 1548
f 1536 1544 1359
f 1536 1359 1369
f 1530 1536 1369
f 1530 1369 1379
f 1545 1537 1489
f 1545 1489 1499
f 1537 1532 1479
f 1537 1479 1489
f 1532 1534 1469
f 1532 1469 1479
f 1534 1542 1459
f 1534 1459 1469
f 1542 1546 1449
f 1542 1449 1459
f 1546 1538 1439
f 1546 1439 1449
f 1538 1529 1429
f 1538 1429 1439
f 1529 1535 1419
f 1529 1419 1429
f 1409 1419 1535
f 1409 1535 1543
f 1543 1547 1399
f 1543 1399 1409
f 1547 1539 1389
f 1547 1389 1399
f 1379 1389 1539
f 1379 1539 1530
f 1556 1551 1539
f 1556 1539 1547
f 1330 1340 1566
f 1330 1566 1565
f 1340 1350 1567
f 1340 1567 1566
f 1350 1360 1568
f 1350 1568 1567
f 1360 1370 1569
f 1360 1569 1568
f 1370 1380 1570
f 1370 1570 1569
f 1380 1390 1571
f 1380 1571 1570
f 1390 1400 1572
f 1390 1572 1571
f 1400 1410 1573
f 1400 1573 1572
f 1410 1420 1574
f 1410 1574 1573
f 1420 1430 1575
f 1420 1575 1574
f 1430 1440 1576
f 1430 1576 1575
f 1440 1450 1577
f 1440 1577 1576
f 1450 1460 1578
f 1450 1578 1577
f 1460 1470 1579
f 1460 1579 1578
f 1470 1480 1580
f 1470 1580 1579
f 1480 1490 1581
f 1480 1581 1580
f 1490 1500 1582
f 1490 1582 1581
f 1500 1510 1583
f 1500 1583 1582
f 1510 1520 1584
f 1510 1584 1583
f 1520 1330 1565
f 1520 1565 1584
f 1331 1341 1586
f 1331 1586 1585
f 1341 1351 1587
f 1341 1587 1586
f 1351 1361 1588
f 1351 1588 1587
f 1361 1371 1589
f 1361 1589 1588
f 1371 1381 1590
f 1371 1590 1589
f 1381 1391 1591
f 1381 1591 1590
f 1391 1401 1592
f 1391 1592 1591
f 1401 1411 1593
f 1401 1593 1592
f 1411 1421 1594
f 1411 1594 1593
f 1421 1431 1595
f 1421 1595 1594
f 1431 1441 1596
f 1431 1596 1595
f 1441 1451 1597
f 1441 1597 1596
f 1451 1461 1598
f 1451 1598 1597
f 1461 1471 1599
f 1461 1599 1598
f 1471 1481 1600
f 1471 1600 1599
f 1481 1491 1601
f 1481 1601 1600
f 1491 1501 1602
f 1491 1602 1601
f 1501 1511 1603
f 1501 1603 1602
f 1511 1521 1604
f 1511 1604 1603
f 1521 1331 1585
f 1521 1585 1604

