vertex,baseline_x,baseline_y,baseline_z,deformed_x,deformed_y,deformed_z,dx,dy,dz,displacement_norm
0,0.76227261,0.5749884,0.02005106,0.75717296,0.55525779,0.0130082,-0.005099648368804482,-0.019730606230502906,-0.007042862196518333,0.02156165911120379
1,0.75509237,0.55906334,0.02672818,0.74896251,0.54015693,0.01862745,-0.006129861204192908,-0.018906408718350268,-0.00810073013592748,0.02146274254942979
2,0.69056583,0.53269269,0.17304988,0.67738474,0.51825922,0.11277328,-0.013181091635075609,-0.01443347022724405,-0.0602766044259289,0.06336667326452378
3,0.67612497,0.54640796,0.21602851,0.66325057,0.53094094,0.1472959,-0.012874399425570119,-0.015467015966253838,-0.06873261294877672,0.07161809007671051
4,0.7363819,0.54003824,0.07542128,0.72835145,0.5223566,0.06534073,-0.008030445208680726,-0.017681640124697452,-0.010080547229219217,0.02188026234279318
5,0.75337829,0.57366975,0.01797497,0.74705226,0.55427269,0.0099226,-0.006326030198729514,-0.019397062198142946,-0.00805237160978369,0.02193411426376534
6,0.73279856,0.57215132,0.0444424,0.72506253,0.55332683,0.03454129,-0.0077360352870604245,-0.018824483399519712,-0.009901113303910119,0.022632707789354396
7,0.677505,0.53481758,0.15682862,0.66286731,0.52407908,0.10073395,-0.014637688856100667,-0.010738498891955212,-0.056094672755257986,0.05895921984745066
8,0.65668195,0.54718978,0.2055304,0.64270327,0.53452576,0.1363585,-0.013978675671481594,-0.012664016923382326,-0.06917190007724787,0.07169750664047495
9,0.69988055,0.55614501,0.0859086,0.69016675,0.53754,0.07013818,-0.009713798996161713,-0.018605005853674358,-0.01577042904751784,0.026252820155097317
10,0.65618307,0.56350293,0.17576381,0.64318638,0.54693023,0.11279646,-0.012996690704240813,-0.016572700562105115,-0.0629673503929836,0.06639620161346332
11,0.67110634,0.55980871,0.15617631,0.65916437,0.54017209,0.09943526,-0.011941973217036949,-0.0196366141406769,-0.05674104961378322,0.061218902722117365
12,0.70150439,0.56721786,0.09170469,0.69163979,0.54741262,0.07443638,-0.00986460751982457,-0.019805235432973384,-0.017268318946921313,0.028066931989946555
13,0.73236897,0.587612,0.05072112,0.72502843,0.56777944,0.04123661,-0.0073405388983544375,-0.019832562913984476,-0.009484508664366915,0.023176927485321647
14,0.74815452,0.57938587,0.02711503,0.74126123,0.55947255,0.0180507,-0.006893287667436023,-0.01991332188295931,-0.009064334200871046,0.022939484688751233
15,0.6517164,0.57295056,0.1915337,0.63908451,0.55611145,0.12447143,-0.012631891811644102,-0.016839102003639007,-0.0670622689720568,0.07028846254336862
16,0.69770919,0.56932307,0.15286295,0.68966995,0.5397522,0.10430766,-0.008039242175345074,-0.029570865321583806,-0.04855528107434946,0.05741672936375054
17,0.71504746,0.56843587,0.1064747,0.70604137,0.54571228,0.08584602,-0.009006099126587404,-0.022723585901786594,-0.02062868403444674,0.03198458664273826
18,0.74431898,0.5728165,0.05918834,0.73728292,0.55333955,0.05004259,-0.007036062442382354,-0.019476950144489587,-0.009145749897452076,0.022638518123118862
19,0.75981719,0.58330663,0.02642362,0.75451751,0.56215331,0.0188355,-0.00529967748980352,-0.021153319013104792,-0.007588114801978042,0.023089585812961416
20,0.76837447,0.56926911,0.07534293,0.76846689,0.5484139,0.06845536,9.242343031907243e-05,-0.020855215918268596,-0.006887569750207547,0.02196331464401605
21,0.7486599,0.33020697,-0.01355624,0.74108414,0.35382035,-0.02034142,-0.007575756835912606,0.02361338319215117,-0.00678518272880374,0.025710360986954277
22,0.74042723,0.33757178,-0.00331809,0.73266253,0.36023224,-0.01335794,-0.007764692976462206,0.022660453360632327,-0.010039849234864118,0.02597277759861113
23,0.7136381,0.32962747,-0.01596036,0.70229028,0.35428505,-0.02586352,-0.011347820468258996,0.02465757093429649,-0.009903156679179459,0.02889362119866732
24,0.7190435,0.32030932,-0.02446886,0.70767369,0.34637974,-0.03177178,-0.011369808732901499,0.026070416223474613,-0.007302913378142928,0.02936446315696288
25,0.76280578,0.35686936,0.00334078,0.7579252,0.37550272,-0.00612044,-0.004880587280253534,0.018633359863847898,-0.009461220349857857,0.02146012400999572
26,0.75184192,0.3533512,0.00290077,0.74576782,0.37292212,-0.0075593,-0.006074101947298294,0.019570926484854256,-0.010460064350981457,0.023007147240986132
27,0.73833629,0.36664261,-0.00962187,0.73026007,0.38398501,-0.01888525,-0.008076223239241731,0.017342403440983922,-0.009263386429408271,0.021255462052387018
28,0.72901543,0.35802311,-0.01313735,0.71968924,0.37713728,-0.02246714,-0.009326182754748724,0.019114170946425313,-0.009329796897409204,0.023224433812066302
29,0.68327961,0.35989218,-0.01360925,0.66921021,0.37993294,-0.02764569,-0.014069403368479172,0.020040762039823634,-0.014036441819699874,0.028224137776726298
30,0.6597153,0.33194397,-0.00711059,0.64332578,0.35781955,-0.02466885,-0.016389517296029554,0.02587557866689555,-0.01755825593989835,0.03530515826610224
31,0.6750387,0.33625238,-0.01241779,0.6599654,0.36083668,-0.02724664,-0.01507330370565807,0.02458430339405676,-0.014828848067780398,0.032426643258150395
32,0.6872327,0.35273957,-0.01665138,0.67332837,0.37392352,-0.02949203,-0.013904334820482367,0.02118395094510711,-0.012840647817762896,0.02840726211419541
33,0.69269043,0.32004212,-0.02282968,0.6786848,0.34692067,-0.03325219,-0.014005629069239633,0.02687855069562095,-0.010422508756369853,0.03205062904061014
34,0.69464047,0.33178451,-0.02417735,0.68086841,0.35645448,-0.03426134,-0.013772056730687932,0.02466997018910866,-0.01008399185974973,0.029999397786493905
35,0.71310596,0.366792,-0.01832663,0.70191287,0.3846771,-0.02828582,-0.011193092737921573,0.017885102067810354,-0.00995919037271098,0.023331259586563385
36,0.71036515,0.35594004,-0.01999433,0.69868996,0.37584754,-0.02971275,-0.011675184248516435,0.019907497902864113,-0.009718418083366431,0.025041286908472755
37,0.44653666,0.37292496,0.25175616,0.42365892,0.40124292,0.15331374,-0.022877741433220522,0.028317967575625047,-0.09844241761097972,0.10495812462974925
38,0.45351445,0.32852814,0.24396524,0.43048628,0.36461576,0.14862626,-0.023028172800068192,0.036087624712485666,-0.09533898092430962,0.10450901723576239
39,0.46777912,0.43416377,0.22827386,0.44628889,0.45038425,0.13645508,-0.02149022873792672,0.01622047762151485,-0.09181878261274973,0.0956850179806947
40,0.53015794,0.35839512,0.14874406,0.50974419,0.38545838,0.08235288,-0.02041374279154584,0.0270632646857355,-0.06639117863744123,0.07454481733211371
41,0.53074919,0.40523755,0.14606,0.51067548,0.42371831,0.07967026,-0.020073708786650934,0.018480761647029775,-0.06638974538647585,0.0717780650894595
42,0.54287802,0.51364986,0.14359293,0.52491238,0.51202951,0.07748995,-0.017965636537667917,-0.0016203499283293787,-0.06610297916697319,0.06852002251052694
43,0.48869925,0.31122412,0.21564992,0.46747836,0.34905014,0.13058754,-0.0212208938985331,0.037826017644698895,-0.08506237899631874,0.09548163315121522
44,0.49276304,0.46973471,0.19029083,0.47195981,0.47820716,0.1090985,-0.020803233189958026,0.008472453559549176,-0.08119233503203374,0.0842422236674015
45,0.46490045,0.34686648,0.22946403,0.44237073,0.37907763,0.138309,-0.022529715196977718,0.03221114777388823,-0.09115502882338855,0.09926925701122674
46,0.48105301,0.35056766,0.21298288,0.4592591,0.38140391,0.12716175,-0.021793912619742728,0.03083625416477448,-0.08582112970534,0.09376094870516374
47,0.49623939,0.38886721,0.22717467,0.47718958,0.41252379,0.13922527,-0.01904981264416039,0.023656582166904916,-0.08794940787951286,0.09304637331972727
48,0.46012626,0.37895279,0.2278844,0.43731373,0.40543167,0.13613007,-0.02281252493478697,0.026478880764085055,-0.09175433497464519,0.0981855407229512
49,0.47685492,0.43844124,0.22288867,0.45602382,0.45354834,0.1331674,-0.02083109545816958,0.01510710433282314,-0.08972126983657103,0.09333844545736214
50,0.48323838,0.45122153,0.19052293,0.46129837,0.46333275,0.10854176,-0.021940008668113242,0.012111219556694752,-0.08198116904280833,0.08572606194811976
51,0.49863836,0.36528703,0.19287062,0.4776186,0.39264726,0.11319179,-0.02101975909198639,0.02736022594733034,-0.07967883489588268,0.08682815768251359
52,0.5048934,0.39362211,0.18387632,0.4842568,0.41551317,0.1064684,-0.02063660540779011,0.02189105697209881,-0.07740791421159021,0.0830486185357795
53,0.49586197,0.45224804,0.18001063,0.47461684,0.46366107,0.1016934,-0.021245132395672273,0.011413037584252661,-0.07831722648107212,0.08194633024789305
54,0.8140877,0.5396162,-0.04613108,0.81336364,0.52291058,-0.04172952,-0.00072405614218507,-0.016705623385146806,0.00440156297674027,0.017290918617054746
55,0.78655376,0.54843524,-0.04701216,0.78299844,0.53087904,-0.04542355,-0.003555318614482772,-0.01755620232152577,0.0015886159116629273,0.01798288716862849
56,0.79336793,0.53205319,-0.04730558,0.79035337,0.51727697,-0.04471226,-0.0030145660118822137,-0.014776223326447457,0.0025933138462617134,0.015301949573118392
57,0.77520706,0.58510472,-0.03822326,0.77133136,0.56133641,-0.04029684,-0.0038757004140235196,-0.02376830353942916,-0.0020735782315899898,0.02417132668109524
58,0.77184171,0.6068467,-0.02754138,0.76844458,0.57938266,-0.03266398,-0.0033971308826891145,-0.027464035664497954,-0.0051225975264238,0.028143467423767436
59,0.72473391,0.56244277,-0.02627236,0.71610473,0.54436406,-0.03599776,-0.008629183868689494,-0.018078715480486562,-0.009725402622489776,0.02226850295447735
60,0.712062,0.56104679,-0.0254955,0.70215222,0.54358374,-0.03670403,-0.00990978065607484,-0.017463048518424062,-0.011208530253774884,0.022995498834731433
61,0.71143673,0.55174784,-0.02672587,0.70130324,0.53597209,-0.03759446,-0.010133492136081834,-0.015775746552451397,-0.010868589568074127,0.021672288327688527
62,0.72776354,0.55617442,-0.02994938,0.71917577,0.53909504,-0.0384473,-0.00858777844806824,-0.017079380763228014,-0.008497920943601467,0.020920560372325807
63,0.73409451,0.57334869,-0.02959704,0.72634538,0.55298123,-0.03775016,-0.007749128197837907,-0.02036746007332879,-0.00815312369683846,0.023267054899172735
64,0.72190906,0.57761757,-0.02603004,0.71314506,0.55686523,-0.0363195,-0.008764007166601417,-0.020752342217573383,-0.010289460606129786,0.024765712763750943
65,0.75671424,0.53198638,-0.0402027,0.75030653,0.51834356,-0.04303818,-0.006407706410095582,-0.01364281680217938,-0.0028354731483501427,0.015337048598437143
66,0.75600879,0.54804569,-0.04231796,0.74955377,0.53147575,-0.04497677,-0.006455023651598002,-0.016569946621599163,-0.0026588098788398185,0.017980537571417363
67,0.7455981,0.59735763,-0.02826284,0.73934774,0.57233224,-0.03584543,-0.006250361590008913,-0.025025389919901997,-0.0075825903422856444,0.026885550709403645
68,0.74978236,0.57901711,-0.0343848,0.74343523,0.55711504,-0.0399006,-0.006347136403852094,-0.02190206934955985,-0.0055158001358299735,0.02346083616285778
69,0.7767001,0.56156536,-0.03297473,0.77306002,0.54210832,-0.03573807,-0.0036400786070084346,-0.019457038514145264,-0.002763341410889686,0.019986559878059813
70,0.75169774,0.56045666,-0.03193826,0.74551491,0.54190804,-0.03754113,-0.006182830890804736,-0.018548618926616856,-0.005602868511210113,0.02033889862954846
71,0.77466579,0.56629843,-0.0286605,0.77111083,0.54610218,-0.03266439,-0.003554965365947682,-0.02019625416554227,-0.004003885180656974,0.02089395983561172
72,0.75235999,0.56516244,-0.02634743,0.7466156,0.54582444,-0.03319494,-0.005744393493374744,-0.01933800326434465,-0.006847503221116713,0.02130363178478576
73,0.80054876,0.33561399,-0.01105549,0.79854116,0.35683976,-0.01304644,-0.0020076010815064382,0.021225768883499085,-0.0019909497381849772,0.021413257754441816
74,0.78781198,0.29163915,-0.0294507,0.78300534,0.3209296,-0.0280377,-0.0048066364629327785,0.029290446574461504,0.0014129986390887805,0.029715830457388286
75,0.6919119,0.56346025,-0.01850256,0.68034595,0.54622095,-0.03342197,-0.011565953504271143,-0.017239301677061336,-0.014919412104682173,0.025564695584438878
76,0.7144389,0.58636091,-0.0224139,0.70519487,0.56428146,-0.03441923,-0.009244022145057595,-0.022079445138001197,-0.012005331096151373,0.02677838340431586
77,0.76960898,0.61585255,-0.02002827,0.76650302,0.58692676,-0.02719302,-0.0031059598659991527,-0.02892578372685528,-0.007164755862018812,0.02996133637647587
78,0.74034416,0.60403674,-0.0253395,0.73378313,0.57798742,-0.03422175,-0.006561022470729649,-0.026049327744890993,-0.008882245352122065,0.028293263762200732
79,0.64497095,0.32802973,-0.00158987,0.6273419,0.35511212,-0.02187044,-0.01762905021053296,0.02708238451029804,-0.020280568486573558,0.038151545450056466
80,0.67318603,0.37329542,-0.00796463,0.65852657,0.39126792,-0.02451071,-0.014659459848261114,0.017972497934528875,-0.016546076672296683,0.028490052620080312
81,0.78020886,0.35977587,0.00251616,0.77710956,0.37738472,-0.004981,-0.003099302719323571,0.017608849468842336,-0.0074971523987653055,0.01938774228869024
82,0.76389185,0.31571857,-0.02058428,0.75735038,0.34143312,-0.02399914,-0.00654146085490992,0.025714556998645444,-0.0034148560463271305,0.026752390427213064
83,0.72191489,0.30379076,-0.03340761,0.71016803,0.33264681,-0.03817675,-0.011746860406792625,0.028856051283744077,-0.004769145622351034,0.031518330778674344
84,0.72345742,0.27594596,-0.03591686,0.71146331,0.30978347,-0.03956863,-0.011994110843957628,0.033837514417144055,-0.0036517691291875765,0.03608561340258
85,0.6868734,0.30356328,-0.02887351,0.67175921,0.33350676,-0.03831874,-0.015114193735193737,0.02994347992866314,-0.00944523830926608,0.03484628199997884
86,0.67212148,0.27790575,-0.02237332,0.65562159,0.31302656,-0.03445358,-0.016499893020928913,0.03512081437028591,-0.012080263869861718,0.040640507463609095
87,0.63014331,0.30369172,0.0077029,0.61129839,0.33575628,-0.0158653,-0.0188449147844878,0.032064559978321694,-0.023568196025105126,0.04403097413998215
88,0.71590312,0.38294733,-0.00952342,0.70566263,0.39795373,-0.02138874,-0.010240485461538773,0.015006397148385697,-0.011865324414593426,0.02169897281731585
89,0.74725806,0.37951126,-0.00332423,0.74059212,0.3943638,-0.01324542,-0.006665941865567349,0.014852546332475403,-0.009921185832577395,0.019064701462073473
90,0.80299518,0.45991167,-0.06380638,0.79936173,0.45771354,-0.05553143,-0.0036334419320207534,-0.0021981361900003105,0.008274950795676028,0.009300995304483016
91,0.80455242,0.43377785,-0.04891932,0.80169598,0.43650241,-0.04343403,-0.0028564429102876376,0.002724561868349129,0.005485288142698885,0.006758024081240581
92,0.80172299,0.47955224,-0.06044729,0.79833472,0.47387505,-0.05332969,-0.0033882716468377483,-0.005677196316931088,0.007117594446839293,0.009714478549228365
93,0.80400977,0.48807277,-0.05173737,0.80144206,0.48091604,-0.04644155,-0.0025677153569796385,-0.007156737054778262,0.005295814386604203,0.0092659428793334
94,0.7864915,0.47723125,-0.0550397,0.78181268,0.47247854,-0.05069147,-0.0046788167565507965,-0.00475270785297216,0.004348236772544811,0.007961577808901617
95,0.78943797,0.47989027,-0.04734446,0.78553506,0.47468849,-0.04444177,-0.0039029130012567803,-0.005201785040956697,0.0029026952253060623,0.007121582484161416
96,0.76787022,0.47886012,-0.03818674,0.76224857,0.47458044,-0.03957156,-0.005621651998818811,-0.0042796802515002175,-0.0013848223440370844,0.00719974771609734
97,0.77798966,0.48197178,-0.03319928,0.77373577,0.47692149,-0.034681,-0.004253888185063226,-0.0050502932857889316,-0.0014817205807547418,0.006767312822896355
98,0.75767382,0.48502333,-0.0269348,0.75170301,0.48007623,-0.03198458,-0.00597080440587483,-0.004947096971970821,-0.00504978367245329,0.009253355544983289
99,0.77499914,0.49450423,-0.02963901,0.77075661,0.48731563,-0.03240173,-0.004242522510545799,-0.007188600904334874,-0.002762724969905206,0.008792475730625006
100,0.79066538,0.5218917,-0.04131008,0.78762472,0.509124,-0.0402006,-0.003040659731353479,-0.01276770428115459,0.0011094779291416779,0.013171591608007757
101,0.79570069,0.50401521,-0.03602964,0.79332516,0.4944309,-0.03532751,-0.002375526943596773,-0.009584312699632669,0.0007021336090594632,0.009899250971112166
102,0.81947242,0.49572529,-0.04752162,0.8188259,0.48681382,-0.04165136,-0.000646519947592239,-0.008911473525645253,0.005870262559828199,0.010690759138724977
103,0.79852744,0.49014638,-0.03969262,0.79610608,0.4829457,-0.03768697,-0.002421353736832721,-0.007200677256252175,0.002005650905670897,0.007857184128108468
104,0.77780163,0.45915559,-0.05034459,0.77232368,0.45799477,-0.0477002,-0.00547795011766361,-0.0011608171130480516,0.0026443940244519903,0.006192596678140226
105,0.78086746,0.43944002,-0.0378348,0.77624747,0.4419602,-0.03738356,-0.004619992035977738,0.0025201781457102612,0.0004512467859360547,0.005281973869722469
106,0.76256369,0.46345522,-0.03604445,0.75637231,0.46215095,-0.03824687,-0.006191379933309649,-0.001304268590384683,-0.0022024242775913194,0.006699624969576811
107,0.72702809,0.68473772,0.01098211,0.72197219,0.64494102,-0.0085669,-0.005055895735118998,-0.039796691764783954,-0.019549016770025185,0.044626256999443094
108,0.69807785,0.68596278,0.04956032,0.69227899,0.6473179,0.01832289,-0.005798857169633909,-0.03864487633671243,-0.031237427184106215,0.050028292681601166
109,0.68093434,0.66919214,0.03508997,0.67236058,0.63385313,0.00553074,-0.008573757143894745,-0.03533900850871685,-0.02955923081923381,0.046862596605036624
110,0.70601707,0.67716688,0.01663966,0.69904284,0.63941082,-0.00627246,-0.006974229920345132,-0.037756060792853985,-0.022912116573739344,0.044711576749921766
111,0.74588186,0.69044358,0.01110164,0.74283955,0.64909046,-0.00657603,-0.0030423125878631385,-0.04135312661163426,-0.017677673122375004,0.04507590124957751
112,0.72763336,0.69848365,0.05880933,0.72554939,0.65688314,0.02842625,-0.0020839700943962036,-0.04160051422488853,-0.03038308065188494,0.051556544735158846
113,0.67442882,0.64502159,0.01849011,0.66398546,0.61400564,-0.00769384,-0.010443359942200359,-0.031015943153227643,-0.026183951460314048,0.04191243026409571
114,0.70293188,0.65107391,0.00184742,0.69452802,0.61792227,-0.01770873,-0.008403855063975674,-0.0331516449990078,-0.01955615161695523,0.039396692908693354
115,0.732609,0.65167019,-0.01041873,0.72657096,0.6174067,-0.02412483,-0.0060380364611875015,-0.034263485069037425,-0.013706106221117897,0.037393871705499376
116,0.76275872,0.65564039,-0.01512568,0.75960841,0.61975147,-0.02466972,-0.0031503147777038887,-0.03588891041775688,-0.009544047344449691,0.037269655403363945
117,0.69201477,0.53150786,-0.01957085,0.68009831,0.52005186,-0.03379066,-0.01191645991281065,-0.011455992826514327,-0.014219812161250123,0.021804697805656647
118,0.71256236,0.49389815,-0.02244279,0.70225741,0.48865775,-0.03334123,-0.010304950231202703,-0.005240407321744134,-0.010898432400393565,0.01588803628367277
119,0.73132047,0.51439726,-0.02877811,0.7227812,0.50482107,-0.03658362,-0.008539264905002897,-0.009576186526497277,-0.0078055160730932105,0.015018271361092081
120,0.60977524,0.62163083,0.08029007,0.59602509,0.59757543,0.03382987,-0.013750144726348168,-0.024055394961990717,-0.04646019877342206,0.05409508828755876
121,0.6592177,0.49431562,-0.00964598,0.64414001,0.49067065,-0.02899669,-0.015077688859014948,-0.003644973158356657,-0.019350717991261757,0.02480066163294329
122,0.63148294,0.55594972,0.02311926,0.61602503,0.54236943,-0.00734005,-0.015457913334971263,-0.013580286973656985,-0.030459305748884502,0.03675786426960071
123,0.69147698,0.43721863,-0.01885404,0.67867127,0.44290771,-0.03196202,-0.012805709780187913,0.005689081158544884,-0.013107975778516967,0.019187779350750785
124,0.64088426,0.42737998,-0.01066115,0.62323196,0.43638568,-0.03075605,-0.017652296236720155,0.009005699489690822,-0.02009489631286221,0.02822252723538814
125,0.59744474,0.37956084,0.02815373,0.57712287,0.3990563,-0.00449016,-0.020321872677162567,0.019495465972617088,-0.032643883122224604,0.04311235099010187
126,0.5876924,0.32651104,0.05207243,0.56726621,0.35629048,0.01380609,-0.020426188320453398,0.029779435228167617,-0.038266337676674866,0.052615173961477725
127,0.56010217,0.56623041,0.12639712,0.54339516,0.55431182,0.06519945,-0.016707015387623647,-0.011918581886270263,-0.0611976765523303,0.06454713450452824
128,0.59081618,0.52588636,0.05830507,0.57293065,0.5194252,0.01614061,-0.017885531545975275,-0.006461166135139473,-0.04216446718237499,0.04625452625723808
129,0.6125427,0.47079904,0.01467915,0.59384133,0.47308809,-0.01466579,-0.01870136616749274,0.002289044667355744,-0.029344936426199675,0.0348727130558764
130,0.56894339,0.4309336,0.0713924,0.54868247,0.44254019,0.0253592,-0.02026091201975755,0.011606593954264333,-0.04603320856631013,0.05161660459581713
131,0.55389793,0.46992268,0.1060227,0.53447068,0.47538197,0.05010785,-0.01942724322091416,0.005459295827259458,-0.055914847464401396,0.059444864009108166
132,0.75878917,0.45385534,-0.02416004,0.75280505,0.45457646,-0.02927562,-0.005984126870826945,0.0007211196162988376,-0.005115577430333085,0.007905625867247785
133,0.76516882,0.51645513,-0.03747393,0.75965387,0.50543785,-0.03981904,-0.005514951451151329,-0.011017282752689539,-0.002345107363229182,0.012541719870350248
134,0.57601479,0.26310885,0.09680736,0.55640508,0.3054372,0.04819403,-0.01960971310731896,0.04232835591744516,-0.04861332976772781,0.06737571071188135
135,0.60974596,0.22944773,0.0539061,0.59080092,0.27630168,0.01890359,-0.018945038691224658,0.04685394799515752,-0.03500251152405562,0.06147668457827383
136,0.55279084,0.36864742,0.10560836,0.53228491,0.39255493,0.05110519,-0.020505932833589924,0.02390751388574225,-0.05450316355877788,0.06294964129752888
137,0.80038118,0.39025068,-0.02205168,0.79823513,0.40139489,-0.02238227,-0.002146049305673081,0.011144207698086606,-0.0003305812853049983,0.011353773682202169
138,0.78039091,0.39794944,-0.01620756,0.77658384,0.40833908,-0.02004618,-0.003807075474490107,0.01038964431023337,-0.003838620020548633,0.011712110664768563
139,0.75649318,0.40916385,-0.01228419,0.75054177,0.41824032,-0.01965937,-0.005951414910978392,0.009076468084628975,-0.007375183225814208,0.013122306959838868
140,0.54468897,0.31612743,0.13462148,0.52455239,0.3502618,0.07351194,-0.020136580691391237,0.0341343660963655,-0.06110954535029514,0.0728355226772033
141,0.78148852,0.20499158,-0.0166015,0.77595561,0.25041524,-0.01749655,-0.00553291471892281,0.04542365759295042,-0.0008950488052091865,0.04576814314315342
142,0.71525085,0.19836055,-0.01057891,0.70315704,0.24693273,-0.01966407,-0.012093809997093308,0.048572181338973675,-0.009085158026668982,0.05087295093309886
143,0.66201268,0.20903725,0.01162179,0.64580955,0.25749495,-0.00815583,-0.016203127323164868,0.04845769350980239,-0.019777620678122,0.054789083538861236
144,0.65095506,0.80216896,0.18636351,0.64933344,0.74574027,0.11791465,-0.0016216177901401396,-0.05642868595285744,-0.06844886130596597,0.08872470262957705
145,0.68117288,0.73392534,0.1635865,0.6807043,0.68872578,0.10437478,-0.00046858863007737117,-0.04519955829927058,-0.0592117180449899,0.0744932694918996
146,0.5888542,0.77624797,0.19869411,0.5812916,0.72643502,0.12133683,-0.007562602491820614,-0.0498129468890004,-0.07735727184575505,0.09231830881051555
147,0.62692374,0.70622115,0.17197982,0.62107805,0.6676849,0.10559069,-0.005845692239091038,-0.038536258989462446,-0.06638913522917461,0.07698527554756641
148,0.54107788,0.74043703,0.22810725,0.52995824,0.69889757,0.13966335,-0.01111964129480525,-0.04153946966972566,-0.08844389804367606,0.09834376982873577
149,0.5740068,0.66719897,0.19916076,0.56391365,0.63762876,0.12169174,-0.010093151207595241,-0.029570210829711452,-0.07746902867761171,0.08353274492117202
150,0.51240682,0.6886608,0.27084381,0.50033323,0.65797385,0.17056055,-0.012073585045616952,-0.030686942603332934,-0.10028326330762627,0.1055660589480383
151,0.5333739,0.62267241,0.24287135,0.52122017,0.60298455,0.15198803,-0.012153738228925959,-0.019687856055849773,-0.09088331915061354,0.09378220902092994
152,0.61540909,0.65376202,0.13880779,0.60595005,0.62458502,0.07938223,-0.009459046194959297,-0.029177004728062172,-0.05942555279635506,0.06687426623875674
153,0.65965462,0.68231189,0.12283055,0.6541079,0.64648343,0.07121549,-0.005546718160030384,-0.0358284625222588,-0.0516150619481206,0.0630758228560202
154,0.70200883,0.70215831,0.12704495,0.70127165,0.66161249,0.07864929,-0.0007371811333716227,-0.0405458121465152,-0.04839566739360604,0.06313989975535629
155,0.55926544,0.59137219,0.18070642,0.54587019,0.57572087,0.10690399,-0.013395245410337653,-0.0156513199687649,-0.07380243451919685,0.07662372842225944
156,0.52147746,0.471512,0.16941371,0.50242642,0.47854469,0.09588269,-0.019051040283771026,0.007032693447776461,-0.07353101787830449,0.0762837564835647
157,0.51987806,0.56463337,0.27711123,0.5077877,0.55639769,0.17796737,-0.012090364683689625,-0.008235682304687075,-0.09914385349656998,0.10021729924198555
158,0.53878614,0.54077323,0.20759288,0.52437826,0.53529938,0.12634229,-0.014407885645559282,-0.005473842660189132,-0.08125059183259373,0.0826995090395993
159,0.75968003,0.11740292,0.02692034,0.75359531,0.18004911,0.015234,-0.006084727248039989,0.06264618141497558,-0.011686340774957754,0.0640167049469864
160,0.73907773,0.03178661,0.12430969,0.7357114,0.11208999,0.08986507,-0.0033663210775526364,0.08030337405034166,-0.03444462193232922,0.08744367319324685
161,0.70429037,-0.00128592,0.24253562,0.70388139,0.08782039,0.17843449,-0.0004089811932159737,0.08910630599621261,-0.0641011262997864,0.10976818950319008
162,0.65334174,0.01669602,0.39473016,0.65667345,0.10627587,0.29094592,0.003331716445145183,0.089579845890916,-0.10378424005396952,0.1371379510124425
163,0.69388904,0.11743075,0.0385268,0.68168908,0.18208709,0.0173502,-0.012199957742206502,0.06465633855819222,-0.021176603508007513,0.06912112282651776
164,0.66664061,0.05472798,0.11465472,0.65546532,0.13272756,0.07445903,-0.011175289890353879,0.07799957941574659,-0.04019568807025731,0.08845628769402562
165,0.63442971,0.01862928,0.2284659,0.6262013,0.1058421,0.159914,-0.008228406509804054,0.08721281447592705,-0.0685519010911437,0.11123463860557557
166,0.5885553,0.0348401,0.3736849,0.58417568,0.12260039,0.26756931,-0.004379611610918488,0.08776029081920012,-0.10611558449234337,0.13777360746777567
167,0.63400544,0.13760931,0.06673442,0.61745613,0.20069884,0.03268763,-0.016549302191848914,0.06308953129426922,-0.03404678524937582,0.07357548469282976
168,0.60295377,0.08438502,0.14672983,0.58735692,0.15925585,0.09226323,-0.015596851006646872,0.07487083058386326,-0.0544666051523206,0.09389096926999899
169,0.56952979,0.06359043,0.24713186,0.55612552,0.14471518,0.16696762,-0.013404276535599502,0.08112475009493969,-0.0801642424944245,0.11483555843951009
170,0.55037072,0.06348577,0.34901339,0.54090295,0.14671949,0.24402049,-0.009467773456780515,0.08323371910062152,-0.10499290582715032,0.13431679345330927
171,0.5479512,0.09221018,0.44068411,0.5438177,0.17167973,0.31449657,-0.004133500706946069,0.0794695444092548,-0.12618754320890213,0.14918374702965262
172,0.52326404,0.10210598,0.37634743,0.512957,0.1794819,0.26184737,-0.010307040134050927,0.07737592662792708,-0.11450006200190493,0.1385768137037916
173,0.59870318,0.08248522,0.48525335,0.60227661,0.16299064,0.3545368,0.0035734326147098816,0.08050541392023913,-0.13071654207180522,0.1535601037455072
174,0.50345893,0.31287166,0.22080212,0.48406977,0.3500647,0.13610925,-0.01938915896441562,0.037193030861015275,-0.08469286932290138,0.0945100161047593
175,0.48416326,0.34840948,0.25072616,0.46486257,0.38012624,0.15680443,-0.01930069528132644,0.03171675985152117,-0.09392173597369907,0.10099387200288402
176,0.51481458,0.32549485,0.1752418,0.49405986,0.35937897,0.10176968,-0.020754725852295985,0.033884114285607114,-0.07347211916988569,0.0835287025006251
177,0.48666043,0.38955421,0.25439615,0.46821356,0.41376659,0.15933337,-0.01844687721841648,0.024212388853471045,-0.09506278801404933,0.09981713639504543
178,0.50454248,0.45107943,0.23045696,0.48711366,0.46322927,0.14176393,-0.017428826265518893,0.012149845942891702,-0.08869303294139255,0.09120217559780353
179,0.52475489,0.48683111,0.20608526,0.5083176,0.49154056,0.12446603,-0.016437292176929463,0.004709456526278244,-0.08161922661673626,0.08339101695264785
180,0.52512797,0.27654848,0.17433814,0.50492345,0.31903993,0.1028383,-0.020204521069702053,0.04249144609128391,-0.0714998341655261,0.08559189183726608
181,0.58754228,0.15867872,0.11416476,0.56915908,0.2199591,0.06433564,-0.018383194960825855,0.061280380316639044,-0.04982911515612207,0.08109357302500445
182,0.50152906,0.26129486,0.2308333,0.48204122,0.3080834,0.14441734,-0.01948783994495934,0.04678854459418291,-0.08641596109455296,0.10018314300748149
183,0.54920345,0.13199153,0.19256126,0.53118122,0.20039957,0.12153098,-0.018022223681352312,0.06840804679613866,-0.07103027716436683,0.1002484996742104
184,0.4800351,0.27837091,0.32591609,0.46401943,0.32409653,0.21570326,-0.016015663597973517,0.04572561541724518,-0.11021282829174073,0.120391863951988
185,0.52493584,0.11249917,0.28230349,0.50944385,0.18650277,0.18890113,-0.015491991656969573,0.07400359878448864,-0.09340235800491187,0.12016877680759219
186,0.47812604,0.34314943,0.34864005,0.46383922,0.37747936,0.23222251,-0.014286820098368125,0.03432992699939269,-0.1164175388455772,0.12221170347871044
187,0.50092806,0.43785541,0.32997205,0.48878379,0.45402348,0.21879188,-0.012144261348310925,0.01616806449254471,-0.11118016943209608,0.1130040683695979
188,0.51201626,0.48875999,0.30990684,0.50031959,0.49504828,0.20366578,-0.011696673923478285,0.006288292733182765,-0.10624105395990086,0.10706781193655235
189,0.4901007,0.32399761,0.4283737,0.48148765,0.36269175,0.29561688,-0.008613048249368205,0.03869413713775921,-0.1327568116553579,0.13854887906395286
190,0.51803417,0.44720204,0.38888994,0.51115383,0.46208696,0.26617114,-0.006880345016586187,0.014884919576626743,-0.12271880438018812,0.12380955103243363
191,0.52736858,0.51042661,0.36691167,0.52076263,0.51320902,0.24920349,-0.006605955457134938,0.0027824113606922385,-0.11770817284557636,0.1179262244588787
192,0.48740693,0.25580006,0.42092814,0.47744614,0.30687321,0.29051818,-0.009960790967278754,0.05107314606112151,-0.130409961751967,0.14040812558190488
193,0.51893869,0.30993453,0.48914635,0.51667769,0.35130924,0.34599396,-0.0022609908104254117,0.04137471499665646,-0.1431523934476051,0.1490288122152133
194,0.54461188,0.45654823,0.43166557,0.54303055,0.46964182,0.30201732,-0.001581330408335191,0.013093591783614245,-0.1296482445108244,0.13031734365154457
195,0.54617629,0.53042526,0.40355989,0.54381682,0.52960073,0.27933065,-0.0023594685656131986,-0.0008245247186140503,-0.1242292345006954,0.12425437472198912
196,0.51799515,0.23635635,0.48939863,0.51496165,0.29115808,0.34712745,-0.0030335035701442026,0.05480172567413666,-0.14227117795320066,0.15249104680919695
197,0.55426615,0.29980838,0.52907022,0.55785161,0.34264987,0.38081827,0.003585461607682361,0.04284149608802679,-0.14825195079259668,0.15435961335728685
198,0.57385955,0.45989076,0.4637163,0.57717272,0.47204879,0.32990619,0.0033131710422245053,0.0121580302380499,-0.1338101147110392,0.1344021636753138
199,0.57782921,0.5370131,0.43967285,0.58087926,0.53465705,0.31057868,0.003050055969869625,-0.0023560499316598316,-0.12909416343843005,0.1291516815475815
200,0.55880568,0.23013749,0.53135032,0.56233603,0.28557281,0.38404484,0.0035303445216556817,0.055435316579566574,-0.147305482341399,0.15743075552302532
201,0.6307915,0.22211013,0.5794954,0.64442829,0.27773513,0.42906154,0.013636789085191836,0.055625003161121456,-0.15043385344865923,0.16096722416890172
202,0.51640435,0.598415,0.34120795,0.50799549,0.58509911,0.2268643,-0.008408863487942564,-0.013315885261897309,-0.11434364714112072,0.11542309745887082
203,0.51840658,0.37231556,0.16596675,0.49791773,0.39743545,0.09428902,-0.02048884894020936,0.025119890403846712,-0.07167773338796773,0.07866701525056466
204,0.5271135,0.607988,0.38440625,0.52240507,0.59328667,0.26137362,-0.004708434980539855,-0.014701329953668685,-0.12303263466385284,0.12399728890061142
205,0.56714389,0.63139974,0.44409771,0.57023489,0.61222932,0.31155983,0.0030909983274900465,-0.019170415856275547,-0.13253788587834997,0.1339527913403286
206,0.50898476,0.33836942,0.17783372,0.48790184,0.37011205,0.10298828,-0.021082920853498,0.031742630108972714,-0.07484543253661843,0.0839876353372532
207,0.72579009,0.35605125,-0.00426626,0.71662745,0.37574821,-0.01588871,-0.009162640653499143,0.019696957937293758,-0.01162244551451419,0.02463747908099621
208,0.74991026,0.35249257,0.00671062,0.74384961,0.37233115,-0.00479105,-0.00606065523226762,0.019838574905789774,-0.011501674453616217,0.023718961009580763
209,0.73933711,0.33680092,-0.0009479,0.73159009,0.35966784,-0.01162074,-0.007747017863634853,0.02286691695822396,-0.010672836043299716,0.02639737877443413
210,0.71237937,0.32917596,-0.01121085,0.70117317,0.35402301,-0.02230125,-0.011206196675604074,0.024847051599489578,-0.011090403271481697,0.029427060027194515
211,0.68049074,0.33554904,-0.00882674,0.6661837,0.36016383,-0.02387795,-0.01430704577991615,0.024614797324485183,-0.015051212843162742,0.032204329123959194
212,0.68954421,0.34941108,-0.00522247,0.67651284,0.3713094,-0.0203294,-0.01303137397035714,0.021898319322165127,-0.015106936053685405,0.02962385210638468
213,0.69366955,0.33171934,-0.01238228,0.68048284,0.35660817,-0.02520463,-0.01318671406134031,0.024888831961669577,-0.012822345261933932,0.030947631931506733
214,0.70840185,0.35444846,-0.00789784,0.69721322,0.37486558,-0.02050505,-0.011188629118138338,0.020417122594533987,-0.012607211921457528,0.026476142260835965
215,0.80420909,0.59095604,-0.03424872,0.80362761,0.56538084,-0.03424683,-0.0005814843600894237,-0.025575199669805038,1.886470409495633e-06,0.025581809274759965
216,0.82870542,0.4620892,-0.06421492,0.82773934,0.458777,-0.05318602,-0.0009660793443748705,-0.0033121934968404765,0.011028897863785858,0.011555973483439654
217,0.81448041,0.50279526,-0.03548165,0.81407625,0.49291947,-0.03291701,-0.00040415967135898345,-0.009875788042568445,0.0025646385491343016,0.010211361583520416
218,0.82210111,0.39462269,-0.022722,0.82220879,0.40436022,-0.02068806,0.00010767391220400935,0.009737532912657498,0.0020339384669669225,0.009948268521901945
219,0.80519431,0.03025242,0.14222821,0.80966267,0.10926905,0.11072576,0.004468361691782552,0.07901662778979918,-0.0315024519966009,0.08518214722157687
220,0.72828827,0.56252975,-0.01949605,0.72042195,0.54443801,-0.03036478,-0.007866321658426934,-0.018091735625167193,-0.010868726067923107,0.022523745707682185
221,0.72324869,0.55869171,-0.0158221,0.71503729,0.54149102,-0.02798736,-0.008211406488429773,-0.017200687862310104,-0.01216526458939532,0.022611601490934788
222,0.73092492,0.56413846,-0.01957019,0.7233428,0.54568053,-0.03016845,-0.007582121420103616,-0.01845792724985551,-0.010598258041519815,0.022594395701252823
223,0.80098948,0.57022908,-0.01839742,0.80079762,0.54874228,-0.02198622,-0.00019186179331753817,-0.0214868054384022,-0.0035888046842952326,0.0217852963706603
224,0.7468356,0.56393364,-0.01512457,0.7411588,0.54513877,-0.02504435,-0.005676800854269359,-0.0187948643115865,-0.00991978264953225,0.021997160731420367
225,0.77001495,0.5687808,-0.02012766,0.76649683,0.54838953,-0.02656303,-0.00351811508730393,-0.02039126422509252,-0.006435371875237017,0.021670136170260795
226,0.74521592,0.55846317,-0.02072569,0.73899418,0.5406231,-0.02948699,-0.006221737379475956,-0.017840069415763105,-0.008761301443842462,0.020826389407871217
227,0.77257037,0.56410343,-0.02495335,0.76899159,0.54441965,-0.02997793,-0.003578774146013486,-0.019683777231859323,-0.00502457664100725,0.020627774502427393
228,0.80078176,0.56428433,-0.01590135,0.80065856,0.54392147,-0.01998987,-0.00012320328181070206,-0.020362860173181896,-0.004088514883094974,0.020769622226475267
229,0.73897431,0.56862101,-0.02807577,0.73177461,0.54899966,-0.0359905,-0.007199702774525751,-0.01962135163533807,-0.007914732407390379,0.022348963043499204
230,0.72843775,0.56186517,-0.02570697,0.72021982,0.54379729,-0.03516211,-0.008217933364237817,-0.018067879613319793,-0.009455135833643824,0.021985956793670033
231,0.73129484,0.55986508,-0.02825618,0.72320603,0.54204324,-0.03681373,-0.00808880475081697,-0.017821833351771232,-0.008557546675892425,0.02136066739184949
232,0.53045834,0.48004418,0.1589431,0.5117995,0.48511516,0.0885781,-0.018658833608756975,0.005070981415993603,-0.07036499901965906,0.07297328285884672
233,0.45665152,0.40663622,0.24497333,0.43473312,0.42843183,0.14863519,-0.02191839526992162,0.02179560903207267,-0.09633813851916698,0.10117559763908338
234,0.55620838,0.37475318,0.51153113,0.55967985,0.40362876,0.36635669,0.003471473334920816,0.028875573901185836,-0.14517444148868214,0.14805900295756658
235,0.52609218,0.37887549,0.47458545,0.52436803,0.40727751,0.33447394,-0.0017241560554008828,0.028402020458410115,-0.14011151078747125,0.14297161583814808
236,0.50014047,0.39096272,0.41716742,0.49253552,0.41701432,0.28703003,-0.007604950323629178,0.02605160418091601,-0.13013739477288438,0.13293706356053434
237,0.4894568,0.40106775,0.34761957,0.4768154,0.42452094,0.23180188,-0.0126413929534126,0.023453180538255514,-0.11581768837777687,0.11884272562649524
238,0.46555594,0.41050702,0.22322273,0.44332393,0.43101933,0.13263664,-0.02223201347213072,0.020512305719947388,-0.09058609029753784,0.09550317724749928
239,0.49368682,0.41653632,0.2116504,0.47372843,0.43499127,0.12652097,-0.01995838516754983,0.01845495179251916,-0.08512943092098912,0.08936410013585958
240,0.50269504,0.42665993,0.18460535,0.48218223,0.44260985,0.1063368,-0.020512813876781777,0.015949925568882528,-0.07826855062777363,0.08246903465039922
241,0.51839412,0.42733242,0.1643966,0.49832392,0.4424151,0.09229172,-0.020070202850937857,0.015082681649788543,-0.07210487744961028,0.07635059711783516
242,0.49284165,0.42051477,0.24477377,0.47475908,0.43877219,0.15207796,-0.018082570502930828,0.018257423930924943,-0.09269581217935075,0.09619161335676019
243,0.52878898,0.15312764,0.46910447,0.52490615,0.22247345,0.33368384,-0.0038828342031075325,0.06934580544682101,-0.1354206306682072,0.15219285247702058
244,0.57423202,0.14678165,0.5168107,0.5777223,0.21674311,0.37555382,0.0034902788199029366,0.06996146148379706,-0.14125687658273706,0.15767147275617135
245,0.51988101,0.19177856,0.21847502,0.50090871,0.25051917,0.1377285,-0.018972302725635437,0.05874061492182048,-0.08074651920823164,0.10163861705253606
246,0.50070541,0.16691579,0.40026333,0.4900768,0.23348654,0.27712918,-0.010628617587774447,0.06657075284498137,-0.12313415162809666,0.1403803830431654
247,0.49832277,0.17881751,0.30036549,0.48176695,0.24176757,0.19919604,-0.01655582579248449,0.0629500659485974,-0.10116945340383218,0.12029989390117526
248,0.54920622,0.2168487,0.15043008,0.52952866,0.26916759,0.08764708,-0.019677561031082758,0.05231889329400807,-0.06278299349865424,0.08406055719714121
249,0.54222381,0.72065289,0.46596295,0.54485328,0.68626436,0.32465264,0.0026294650974237888,-0.03438852877751719,-0.14131030467659095,0.14545819745195407
250,0.48854818,0.71456384,0.41983812,0.48291887,0.682078,0.28331657,-0.005629315723008177,-0.03248584758080164,-0.13652155249401832,0.14044626653610048
251,0.45736154,0.72371685,0.34837906,0.44445214,0.689352,0.22446241,-0.01290940307234284,-0.03436485787002641,-0.12391664662742025,0.12923982147734603
252,0.46956474,0.74661658,0.29410697,0.45496891,0.70692675,0.18329981,-0.014595831222165623,-0.03968982643408048,-0.11080716070306545,0.1186024766794874
253,0.49833537,0.80232367,0.24183458,0.48418515,0.75092203,0.14495542,-0.014150223894489666,-0.05140163328845593,-0.09687915892635221,0.11057996281091116
254,0.55783102,0.83711018,0.20915225,0.54824777,0.7772487,0.1253351,-0.00958324987140835,-0.059861480835970315,-0.08381714921759398,0.10344346315228191
255,0.68485904,0.88573914,0.21239389,0.68903965,0.81356598,0.14049432,0.004180603182378895,-0.07217316371088134,-0.07189956845634224,0.10196073237876647
256,0.61273592,0.86290178,0.19849274,0.60844626,0.7966723,0.12245697,-0.004289659474222329,-0.06622947368609311,-0.07603576499858705,0.10092661651943971
257,0.7861859,0.57105858,0.02574406,0.78638912,0.54942216,0.02146154,0.00020321560597006847,-0.02163642031874256,-0.004282527128603935,0.022057108137719106
258,0.76637651,0.53747469,0.09123363,0.76650757,0.51667714,0.08388896,0.0001310576212568949,-0.020797547081553267,-0.00734466962940574,0.022056729419264075
259,0.80512505,0.56504807,-0.02858795,0.80472375,0.54423714,-0.02939589,-0.00040130178540553896,-0.020810924359529026,-0.0008079418102079905,0.020830467728538655
260,0.82340192,0.33979161,-0.00891482,0.82392266,0.35965613,-0.00904799,0.0005207445132469068,0.019864523440256243,-0.00013317080146052485,0.019871794101664
261,0.8260287,0.43253062,-0.04709472,0.82549462,0.43491305,-0.03974816,-0.0005340774481045196,0.002382435635342295,0.007346568529294162,0.00774166050874992
262,0.62956261,0.46815734,0.50333676,0.64097333,0.47786186,0.36637357,0.011410723355578911,0.009704513289384153,-0.13696318784582312,0.13777988608854203
263,0.63217023,0.54115854,0.47452103,0.6428654,0.53706456,0.34325934,0.010695177529045141,-0.004093981432729765,-0.13126168722111015,0.13176030524585877
264,0.62015222,0.64428,0.4749745,0.63060548,0.62175859,0.34089681,0.010453260934808473,-0.022521413142521762,-0.13407769897546484,0.13635730298250515
265,0.80476672,0.56731597,-0.02828666,0.80436481,0.54610647,-0.02922627,-0.00040190995920963424,-0.021209503252104578,-0.0009396180526998754,0.02123411033929385
266,0.75481576,0.70482177,0.07083859,0.75630268,0.66149505,0.04052822,0.0014869155894774444,-0.04332672237313695,-0.030310377796065935,0.0528973987234662
267,0.76584575,-0.00264675,0.26547174,0.77308592,0.0853446,0.20270635,0.007240167686693666,0.08799134273589326,-0.06276539189132108,0.10832539334739567
268,0.66941254,0.07853748,0.51576657,0.68198214,0.15825827,0.38568174,0.012569596131153715,0.07972079200428728,-0.13008483069539956,0.15308645466448662
269,0.78347752,0.56354005,0.03390871,0.78338078,0.54262441,0.02932478,-9.673709471093891e-05,-0.02091563669135375,-0.004583932975991908,0.02141227820197053
270,0.80593665,0.57986239,0.03529297,0.8110475,0.55663596,0.03032731,0.005110852371404402,-0.023226427611645298,-0.004965664820024623,0.024294970233900662
271,0.81044115,0.56524164,0.04604892,0.8167387,0.54208003,0.04047626,0.006297546360397324,-0.023161600705614523,-0.005572665019928559,0.024640889448881754
272,0.7331546,0.53809953,0.18620579,0.73564247,0.50912696,0.13575369,0.0024878689839479573,-0.028972565384961926,-0.050452098280907895,0.058232407283346735
273,0.77481898,0.54209743,0.20246034,0.79636917,0.51571376,0.14922317,0.021550182596841116,-0.026383677317958595,-0.05323716713288159,0.06320367681638249
274,0.7566882,0.55540082,0.24415092,0.77925916,0.52772953,0.18260231,0.02257095836984274,-0.02767128903388441,-0.06154860889373821,0.07115742867251666
275,0.79849554,0.54697166,0.09710344,0.80697324,0.52363612,0.09038051,0.008477701001452077,-0.0233355359575227,-0.006722924983986441,0.025721904537478666
276,0.81426196,0.58046588,0.03922778,0.82071583,0.55669298,0.03377521,0.006453873767571512,-0.02377290135073612,-0.005452573812060681,0.025229623192103937
277,0.81397678,0.58121282,0.07277948,0.822093,0.55695938,0.06610275,0.008116221718747943,-0.024253438021180147,-0.006676736700635776,0.02643257694218858
278,0.79435244,0.54786065,0.19761684,0.81679246,0.52436455,0.14904023,0.02244002460810447,-0.023496106214071215,-0.04857661314060837,0.05844064558034567
279,0.77783429,0.56071339,0.24782135,0.80165396,0.53503458,0.18631011,0.02381966894914099,-0.025678809043935578,-0.06151123433820033,0.07078424833655136
280,0.81672799,0.56918808,0.12669683,0.82767354,0.54350192,0.11512626,0.010945554963493701,-0.02568616565824216,-0.01157056737047067,0.03022353898794979
281,0.79332507,0.57881138,0.2236363,0.81503746,0.55029353,0.16770602,0.021712395299515123,-0.028517852000845542,-0.05593027333162854,0.06642959782608363
282,0.79471863,0.57360691,0.19932596,0.81428716,0.54313519,0.14897362,0.01956852861904158,-0.030471723272185086,-0.050352332628518695,0.06202266225037316
283,0.80974202,0.57929986,0.12948747,0.82101556,0.55224838,0.11651599,0.011273533386482626,-0.027051479619996915,-0.012971482504035218,0.03204893856276271
284,0.80739733,0.59598703,0.07691145,0.8150246,0.57102862,0.07047152,0.007627276025016553,-0.024958410841666074,-0.006439934706871095,0.026880669082668868
285,0.81149813,0.58645659,0.04922654,0.81862926,0.56174076,0.04301498,0.007131128707607104,-0.024715838892252907,-0.006211560271306543,0.026463355225600806
286,0.78516848,0.58784712,0.23811815,0.80717793,0.55908304,0.17807798,0.022009446349385026,-0.028764084053851807,-0.0600401677844247,0.0701185425379434
287,0.77458251,0.57790404,0.1796973,0.78867042,0.54073032,0.1356326,0.014087910023987666,-0.037173719940554274,-0.04406470445098146,0.059346885692638324
288,0.79007582,0.5768109,0.13266503,0.80093675,0.54727519,0.11607424,0.01086092852258571,-0.02953570412802218,-0.016590790722745316,0.03557487770206265
289,0.79597785,0.57858291,0.07722103,0.80327786,0.55419673,0.07099145,0.007300007503971816,-0.0243861793943083,-0.006229584810304463,0.026206556086563675
290,0.80225125,0.58804333,0.04123618,0.80757405,0.56325275,0.03580896,0.00532279938523111,-0.024790578476360414,-0.005427228496013252,0.025929901342580136
291,0.72143861,0.61097671,0.19646465,0.72421708,0.57104934,0.14166772,0.002778474056248525,-0.03992737119423503,-0.05479693548808031,0.06785734320947373
292,0.73479636,0.58301913,0.16613918,0.73753835,0.54337284,0.12127734,0.0027419857677136996,-0.039646289040359516,-0.044861833672546335,0.059932719286590753
293,0.88518691,0.34544678,0.03410158,0.89462819,0.36321929,0.03077152,0.00944127760347091,0.01777250996344193,-0.003330056222138139,0.020398262367884307
294,0.88371908,0.35356671,0.04670115,0.89381225,0.37009616,0.040287,0.010093163559475204,0.016529449008242214,-0.006414150404471741,0.020401861693619596
295,0.91350872,0.351938,0.05380897,0.92707281,0.3680447,0.04896364,0.013564093031943392,0.0161067028103396,-0.004845327720232301,0.021607584222126
296,0.91645417,0.34234525,0.04444176,0.92969121,0.3599708,0.04213479,0.013237042161570733,0.017625541201921613,-0.0023069756194926683,0.02216305764908739
297,0.85874368,0.36757842,0.03683006,0.8658218,0.38210638,0.02979753,0.007078123987597107,0.01452796242797405,-0.007032527999359661,0.017624357621036882
298,0.86807437,0.36632562,0.04347431,0.8764873,0.38092279,0.03595608,0.008412933170276249,0.014597169936647003,-0.007518236417134061,0.018449354826410767
299,0.88347311,0.38284348,0.0410414,0.89349508,0.39397579,0.0354542,0.010021965644157804,0.011132303451598935,-0.005587194637759363,0.015987017214958137
300,0.8944468,0.37648936,0.04461019,0.90574697,0.38852538,0.0394696,0.011300175824672576,0.012036018188915643,-0.005140592991568632,0.01729119440112184
301,0.92927422,0.38735129,0.07226069,0.94586781,0.39686619,0.06445015,0.016593596010353484,0.009514907974817965,-0.0078105469577165465,0.020661208728019007
302,0.94875896,0.36420843,0.09378659,0.9683823,0.37771637,0.08353742,0.01962333842566011,0.013507940727020995,-0.010249168331705444,0.025934250040136782
303,0.9394829,0.36577092,0.07989239,0.9573633,0.37904056,0.07175285,0.017880399605812003,0.0132696396460108,-0.008139546710032752,0.023707472388327454
304,0.92953739,0.37978679,0.06793051,0.94583634,0.39060325,0.06122244,0.01629894836813439,0.010816462798462378,-0.006708071049471548,0.02067969541802755
305,0.93561011,0.34715799,0.06196689,0.9518809,0.36364448,0.05769084,0.016270790018111936,0.016486491250069624,-0.004276049073656196,0.023554778649616498
306,0.93264025,0.3583512,0.05890182,0.94853448,0.37283925,0.05484112,0.015894229604466292,0.014488051434532134,-0.004060698323173323,0.021886512740977353
307,0.90805669,0.38855334,0.0497253,0.92117303,0.39809715,0.0447036,0.01311634616717916,0.009543811994772444,-0.005021698058603391,0.01698058702049546
308,0.9133107,0.3785938,0.05084837,0.92693888,0.38981828,0.04626879,0.01362817824093987,0.011224478685427641,-0.004579577335602547,0.01823975582345364
309,0.94406075,0.428461,0.42542812,0.98292599,0.43546081,0.33947092,0.03886524520349055,0.006999810508873605,-0.08595719759632686,0.09459463224994093
310,0.95226852,0.38420148,0.41806655,0.99113446,0.39892073,0.33524301,0.038865943891900234,0.014719252105340253,-0.0828235358979103,0.09266583014132737
311,0.93024898,0.48578689,0.38970935,0.96617554,0.48219045,0.30950563,0.035926558054406366,-0.003596442927700616,-0.08020372266483683,0.08795617718311148
312,0.94650381,0.40486966,0.29407894,0.97781865,0.41410041,0.23815906,0.031314844892914584,0.009230753040398443,-0.05591987405472715,0.06475228665195285
313,0.93848525,0.45075102,0.28838943,0.9690826,0.45176653,0.23225929,0.030597346663709613,0.001015505709570097,-0.056130138542697994,0.06393607219346417
314,0.90940998,0.55456393,0.27153914,0.93703375,0.53724224,0.21467392,0.027623772312048045,-0.017321691551688723,-0.056865219691240226,0.06554972925567833
315,0.94624922,0.36229806,0.37536801,0.9818249,0.38052398,0.30179322,0.03557567902869485,0.018225918372879346,-0.07357479491430119,0.08373209352195286
316,0.92755851,0.51826868,0.34206595,0.96076844,0.50811154,0.27180625,0.03320993090602031,-0.010157137461461518,-0.0702597016892142,0.078374055870875
317,0.94889484,0.40089228,0.39841314,0.98643704,0.41236742,0.31940693,0.037542203508583616,0.011475144831761097,-0.07900620729166791,0.08822174779386203
318,0.94598282,0.40246537,0.37527707,0.98190515,0.4133834,0.30113035,0.03592233374964804,0.010918028743122421,-0.07414671388663019,0.0831104842594636
319,0.91812014,0.43595958,0.37444162,0.95144511,0.44154028,0.29708689,0.03332497288011704,0.005580700472545108,-0.07735473328058695,0.08441239717088686
320,0.94719558,0.43332182,0.39790689,0.98484044,0.43893146,0.31838009,0.03764485525762218,0.0056096418420182315,-0.07952679605357338,0.08816526810206897
321,0.92579508,0.48855411,0.37960132,0.96070659,0.48442431,0.30115752,0.03491151613670951,-0.004129800030741815,-0.07844379409853958,0.08596102628419298
322,0.9383284,0.50202088,0.34938232,0.97291371,0.49463303,0.27884054,0.03458531093551476,-0.007387850076512825,-0.07054178049632559,0.07891049902801939
323,0.94204364,0.41478208,0.34765119,0.97608326,0.42314704,0.27911224,0.03403962160518148,0.008364965938404356,-0.06853895492703632,0.07698218519024333
324,0.93722892,0.44188149,0.33479274,0.97028833,0.44525104,0.26825102,0.03305940749556169,0.003369551365379475,-0.06654171744850251,0.07437794337945809
325,0.93496235,0.50126254,0.33328847,0.96826593,0.49386239,0.26601238,0.0333035840459297,-0.007400149886531371,-0.06727609194866607,0.0754318465671682
326,0.83390772,0.55372112,-0.0304822,0.83628043,0.53413874,-0.02768662,0.002372711561605678,-0.01958238122062661,0.0027955747483485727,0.019922716998394853
327,0.83211208,0.536378,-0.03378106,0.83394587,0.51994407,-0.03020091,0.001833789505635841,-0.016433924777937148,0.003580151769900064,0.016919047084673393
328,0.82994086,0.59121437,-0.0191172,0.83290857,0.56510347,-0.01979839,0.0029677141942136,-0.0261108948631954,-0.0006811900818031735,0.0262878332698404
329,0.82165561,0.61240717,-0.01015272,0.82448546,0.58281097,-0.01400856,0.002829840295559438,-0.029596201752308926,-0.0038558432865895553,0.029980171475701797
330,0.86556583,0.57816311,0.02288818,0.87453803,0.55405667,0.016743,0.00897220270872301,-0.024106441546678292,-0.0061451806404083376,0.02644587284611879
331,0.87503343,0.57923845,0.03139334,0.88548843,0.55479996,0.02432659,0.010454998761733392,-0.02443848791756109,-0.007066753182200514,0.027504284963306487
332,0.87809807,0.57035138,0.03145101,0.88879015,0.54744242,0.02481786,0.01069207272560746,-0.022908963320956155,-0.006633157495931297,0.02613694316434925
333,0.8667505,0.57168881,0.01856714,0.8755345,0.54866082,0.01360285,0.00878400536112156,-0.023027991929594593,-0.004964289984826176,0.025141426720596657
334,0.85832179,0.58721554,0.01376728,0.86610054,0.56153104,0.00877288,0.007778751452217181,-0.025684505610826025,-0.004994399999452559,0.0272973777858324
335,0.86458594,0.59354385,0.02377452,0.873653,0.5666846,0.01711187,0.00906706098673038,-0.0268592529340822,-0.0066626505542264625,0.029120816875936456
336,0.85572707,0.54303867,-0.00564005,0.86170125,0.52515887,-0.00595622,0.0059741841731878464,-0.017879795330094317,-0.00031616279759000276,0.01885412200278259
337,0.85440664,0.55902934,-0.00796998,0.86025835,0.53824856,-0.00812444,0.005851709747642708,-0.020780780164662005,-0.00015446077171654693,0.021589515727608755
338,0.84399594,0.60834127,0.00608514,0.85004438,0.57910417,0.00100431,0.0060484411356310774,-0.02923710133746038,-0.005080826908008984,0.030285417891408893
339,0.84818021,0.59000076,-3.682e-05,0.85413416,0.56388723,-0.00305004,0.005953949365950284,-0.02611352816462087,-0.0030132185064583594,0.026952650185545952
340,0.83020393,0.56753772,-0.01429802,0.83325821,0.54579106,-0.01569874,0.0030542792460566126,-0.021746660365843273,-0.00140072039982303,0.022004723956885058
341,0.84886561,0.57130301,0.00198037,0.85483295,0.54859585,-0.00115029,0.005967338999540939,-0.022707154884316516,-0.003130663217893681,0.02368596778389378
342,0.82816962,0.57227079,-0.00998379,0.83130407,0.5497846,-0.01262663,0.003134448815791724,-0.02248618274254477,-0.0026428438396474685,0.02285689846131139
343,0.84399298,0.57539096,0.00563912,0.84970386,0.55213107,0.00112212,0.005710879347097908,-0.02325988755167918,-0.004516997862923922,0.02437293132816668
344,0.82988477,0.30160544,-0.01527548,0.83034628,0.32813072,-0.01276448,0.0004615038790226622,0.026525277048714324,0.002510995437880026,0.02664785932172523
345,0.84298283,0.34035068,0.00375707,0.84626602,0.3597611,0.00284062,0.003283186168831831,0.019410416165012545,-0.0009164531082048177,0.019707446648861624
346,0.87268012,0.30111254,0.00017443,0.87845168,0.32677317,0.0037348,0.005771566025280173,0.02566062576160244,0.003560365878031546,0.026541569170767474
347,0.88563265,0.5850843,0.04912002,0.8982649,0.55955292,0.03912066,0.012632244854723806,-0.025531373140993074,-0.009999355770171886,0.030189596558297834
348,0.86634057,0.6033169,0.03061079,0.87607722,0.57473543,0.02246559,0.009736655143379402,-0.028581475664723133,-0.008145200499335897,0.03127375090596968
349,0.81696294,0.62113842,-0.0034983,0.81977522,0.59018566,-0.00945931,0.0028122752496474446,-0.030952764386265708,-0.0059610083315846385,0.03164673973035263
350,0.84489186,0.61570686,0.01115522,0.85139658,0.58518245,0.00493047,0.006504712683419345,-0.030524414770286,-0.006224752541462042,0.03182449887059856
351,0.9573841,0.3629028,0.10746495,0.97867293,0.37661708,0.09508182,0.021288827657206855,0.01371428515635048,-0.012383127976505398,0.0281893181693077
352,0.93086538,0.40205884,0.08198413,0.9483242,0.40900452,0.07195914,0.01745882886507455,0.0069456795293092455,-0.010024995883297305,0.021296800509089477
353,0.84539743,0.36705253,0.02527169,0.85042536,0.38187177,0.01942539,0.00502793348264996,0.014819239492404213,-0.005846301783235031,0.016705364969968252
354,0.88073928,0.32876164,0.02020394,0.88876092,0.34947777,0.01974551,0.008021636053103576,0.020716128596940497,-0.00045842697190359716,0.02221969361404418
355,0.92301548,0.32623858,0.03679107,0.93633577,0.34649282,0.03711107,0.013320289123896045,0.020254236378319967,0.00032000034110260533,0.02424389807418248
356,0.92886292,0.29887431,0.03578454,0.94246871,0.32392652,0.03732912,0.01360579605783696,0.02505220941099734,0.0015445839567981845,0.02855024732536504
357,0.9470127,0.33260129,0.06193396,0.96432024,0.351417,0.05907021,0.017307536245309008,0.018815717430341328,-0.0028637454678019925,0.02572514473050622
358,0.95932019,0.30996425,0.07787984,0.97860072,0.33279942,0.07306024,0.019280528826719046,0.022835167736923345,-0.004819598362540256,0.030272300966189696
359,0.96777091,0.34137934,0.12555939,0.99096818,0.35899655,0.11051924,0.02319727511923919,0.017617208641878268,-0.01504015559916183,0.03278240219593651
360,0.89732414,0.40319842,0.05380567,0.90970762,0.41044156,0.04653572,0.012383484189770533,0.007243136580218301,-0.00726994194094116,0.01608308938054653
361,0.87025536,0.39324081,0.03961074,0.87892883,0.40283014,0.03280573,0.008673473165137446,0.009589326539254317,-0.006805007275506619,0.0146113806412161
362,0.84911917,0.46506026,-0.04770577,0.85125292,0.46088914,-0.03825801,0.0021337517047267385,-0.004171110857209559,0.009447759217383056,0.01054567287327851
363,0.84391156,0.43817131,-0.03518013,0.84597364,0.43921218,-0.02869476,0.002062080565239599,0.0010408691564374184,0.006485369252089701,0.006884446179200774
364,0.84415706,0.48428894,-0.04563472,0.84607654,0.47679662,-0.03743769,0.0019194804089115447,-0.007492316681307676,0.008197033058831293,0.011269896417481821
365,0.83537409,0.49157381,-0.04078895,0.83672945,0.48307539,-0.03469524,0.0013553631127871668,-0.008498418519244932,0.0060937127526684565,0.010544831037422247
366,0.85291004,0.48464521,-0.03185482,0.85653618,0.47705117,-0.02581764,0.003626140308401915,-0.00759403183868218,0.00603717896895517,0.010356917640221458
367,0.84540175,0.48613722,-0.02780905,0.84849642,0.47854127,-0.02348326,0.0030946728349002806,-0.007595944107500696,0.004325788992090351,0.009272961622018844
368,0.85642828,0.4887454,-0.00727356,0.8618757,0.48067675,-0.00640744,0.005447421542727149,-0.008068651740083865,0.0008661265380080496,0.009773828193024883
369,0.84502319,0.48945439,-0.00979972,0.84914909,0.48153608,-0.00957728,0.004125903854896307,-0.007918306619574877,0.0002224454474389348,0.008931525307501392
370,0.85607166,0.49600697,0.00741318,0.86239728,0.4868495,0.00486381,0.0063256154990841695,-0.009157475824101258,-0.002549366370552142,0.011418057794675723
371,0.84264765,0.50205549,-0.00602477,0.84686237,0.49197244,-0.00706741,0.004214720172229125,-0.010083051498994022,-0.0010426321639595004,0.010978108921434674
372,0.83248446,0.52655975,-0.02671219,0.83467545,0.51200279,-0.02453809,0.0021909888881412876,-0.014556959914362011,0.002174097941278208,0.014880598647721508
373,0.82890996,0.50772219,-0.0244372,0.83068784,0.49671707,-0.02289016,0.0017778795299711048,-0.011005120322582829,0.0015470435383290182,0.011254637828339988
374,0.83173671,0.49385336,-0.02810018,0.83346826,0.48523193,-0.02524987,0.0017315487227398396,-0.008621426056178105,0.002850303759271089,0.009243996957024794
375,0.86020983,0.46835439,-0.02157816,0.86503199,0.4636681,-0.01683932,0.004822160556366195,-0.0046862974021551485,0.004738843786495361,0.008226254081027751
376,0.85405085,0.4476091,-0.01228849,0.85857412,0.44699831,-0.00997828,0.004523269146642472,-0.00061079630965305,0.002310213504050973,0.005115674182270894
377,0.86219151,0.47457616,-0.00126712,0.86844877,0.46900924,-0.00093843,0.0062572585057116825,-0.005566923206946017,0.00032869608006241835,0.008381644177151863
378,0.81681612,0.69476029,0.04232464,0.82296925,0.65111921,0.02505345,0.006153133357938989,-0.0436410854212439,-0.01727119538252528,0.04733602831677211
379,0.81492529,0.69900585,0.09034854,0.82370591,0.65535758,0.0620728,0.008780623772579044,-0.04364827597204424,-0.028275743755981658,0.05274266806032143
380,0.84021585,0.68697191,0.09069076,0.85151734,0.64481264,0.06516914,0.01130149065242636,-0.04215927439313649,-0.025521617373346572,0.05056165604165038
381,0.83085934,0.69110238,0.06021865,0.83946718,0.64800092,0.04047259,0.008607839337305245,-0.04310145272820354,-0.019746056134085893,0.04818440471966936
382,0.80123065,0.69662188,0.03042238,0.80509863,0.65289893,0.01414904,0.003867976656899308,-0.04372295062854925,-0.016273337906053315,0.04681323724855466
383,0.78421212,0.70479925,0.07855942,0.78918772,0.66077604,0.04961046,0.0049755946670355655,-0.04402321303594292,-0.02894895944607459,0.052922982543589875
384,0.86015475,0.66575321,0.08332192,0.87289093,0.62678521,0.06184761,0.012736180446164758,-0.03896800446698068,-0.021474310852158368,0.04628025163145747
385,0.84745371,0.66720614,0.05229602,0.85709378,0.62786698,0.03640707,0.009640068830066517,-0.039339155945894766,-0.015888940624503717,0.04350814351075959
386,0.83223681,0.66279113,0.0243586,0.83864133,0.62426243,0.01318184,0.0064045169391935275,-0.038528697298209735,-0.011176758086385685,0.04062509414195958
387,0.81134266,0.66106356,0.00183364,0.81426105,0.62309474,-0.00647662,0.0029183859465062856,-0.03796881459717083,-0.008310261859551304,0.0389770228547719
388,0.89250037,0.55388703,0.05041315,0.9056227,0.53384999,0.04128366,0.013122330430463514,-0.020037041066079064,-0.009129493728909727,0.025632522824650124
389,0.88598856,0.51325683,0.03809552,0.89734298,0.50059449,0.0316003,0.011354424820430697,-0.012662339098009734,-0.006495214280928807,0.018205647557584435
390,0.87153739,0.53004895,0.02016776,0.88051967,0.51447221,0.01592553,0.008982273441235256,-0.015576735955191934,-0.00424223179397204,0.018474643969091167
391,0.8760644,0.65135531,0.17324428,0.89550577,0.61589626,0.13352145,0.019441376334244587,-0.03545904891532614,-0.039722830777461776,0.056685223371916615
392,0.91874201,0.52328498,0.08094681,0.93604912,0.50853159,0.06817584,0.01730711497487658,-0.014753388870310413,-0.01277097510949557,0.02608249445815242
393,0.90761189,0.58677257,0.11950827,0.92659682,0.56137004,0.0960444,0.018984930756683283,-0.02540252586275571,-0.023463871429740074,0.039449577672205874
394,0.91102717,0.46172588,0.05778488,0.92561622,0.45801934,0.05024287,0.014589053267025975,-0.003706544132451195,-0.0075420141074505065,0.016836297735277554
395,0.94653256,0.46149792,0.09603225,0.96698898,0.45742199,0.08367558,0.02045642976728035,-0.0040759370530810135,-0.012356675570692144,0.024243890216788484
396,0.96520668,0.4206122,0.15652929,0.99067971,0.42436554,0.1331746,0.025473031611851327,0.003753342016756922,-0.02335469408835994,0.03476211517951698
397,0.96836905,0.36900401,0.18495616,0.99531168,0.38248838,0.15629199,0.02694262733945685,0.01348436697933647,-0.028664172192935572,0.041585671670570964
398,0.8964998,0.60378074,0.24382427,0.9216682,0.57745334,0.19111765,0.025168404199718886,-0.02632739722217592,-0.052706620816018485,0.06406690481284558
399,0.9229089,0.56295616,0.1742295,0.94639933,0.54227436,0.14046097,0.023490433801459654,-0.020681799997339878,-0.03376852945447251,0.04604183872119252
400,0.94402043,0.50780019,0.13038889,0.96663802,0.49589899,0.1094319,0.022617595203606733,-0.01190119926339428,-0.020956988986582326,0.03305131682830449
401,0.95023503,0.47349522,0.20449081,0.97742952,0.4687749,0.16807891,0.02719449661665041,-0.004720315268712139,-0.036411902417099073,0.045690794041047186
402,0.93272962,0.5122097,0.23826241,0.96043365,0.50144357,0.19189986,0.02770403161140922,-0.010766135802826593,-0.046362546712799935,0.05507185111604133
403,0.85964696,0.46511358,0.01104663,0.86626134,0.46151915,0.00849235,0.006614375429538022,-0.00359442793243675,-0.0025542796029349724,0.007949479151134838
404,0.85065195,0.52599717,-0.00763413,0.85582598,0.5113221,-0.00780465,0.005174024299273161,-0.01467506618840897,-0.00017052259274130677,0.015561400098907826
405,0.96222632,0.30621965,0.23162317,0.99062851,0.33201499,0.19273318,0.028402190252366566,0.02579534626808555,-0.038889987258344055,0.05463071854896496
406,0.96951307,0.26960667,0.17949089,0.99531582,0.30106441,0.15355467,0.02580274904808355,0.03145773327904827,-0.025936220012600375,0.04824995699517389
407,0.95376205,0.41340577,0.24557636,0.98311151,0.42014256,0.20117217,0.02934945654947896,0.006736799727177889,-0.04440419230133594,0.05365172284510423
408,0.83912533,0.39457549,-0.00852717,0.84181631,0.40406211,-0.00787459,0.0026909789527927996,0.009486627159672412,0.0006525805198480672,0.00988247559702999
409,0.8492694,0.40563799,0.00783603,0.85405981,0.41308057,0.00574481,0.004790404679814619,0.007442580792514142,-0.0020912218230741964,0.009094679464543651
410,0.86288585,0.42103992,0.02485456,0.87021254,0.42556387,0.02017786,0.007326694953775248,0.004523949842068498,-0.00467670410097884,0.009798884751202025
411,0.95242503,0.3616409,0.27695091,0.98295355,0.37831478,0.22609823,0.03052852101682979,0.01667387601553899,-0.05085268605011753,0.061611723035217926
412,0.88665121,0.21673035,0.0201079,0.89421654,0.25765648,0.02186979,0.007565321674765979,0.0409261230927368,0.001761893464937242,0.041656763100681705
413,0.93480104,0.2228678,0.06606001,0.95004378,0.26204934,0.06251852,0.015242742198635528,0.03918154366303436,-0.0035414956949127163,0.042190955728798295
414,0.95966615,0.24226277,0.11552442,0.98050866,0.27798643,0.10325676,0.020842509048030422,0.035723660282856506,-0.012267660082875137,0.043140301011132705
415,0.74381802,0.81253477,0.21877942,0.75376486,0.75212925,0.15267823,0.009946830925057881,-0.06040552061397397,-0.06610118931292885,0.09009513635419274
416,0.74820641,0.74140795,0.18698606,0.75609064,0.69333773,0.12946978,0.00788422863636662,-0.04807021983306181,-0.05751627650572286,0.07537260217792775
417,0.78872482,0.79855849,0.26846343,0.80605268,0.7401857,0.1961559,0.01732785956366134,-0.0583727904456397,-0.07230753003595589,0.0945305045018231
418,0.78989517,0.72441281,0.22886866,0.8043485,0.67889701,0.16659832,0.014453333769315346,-0.04551579880273038,-0.06227034176572163,0.0784740865593072
419,0.81413189,0.77091664,0.32342289,0.83699734,0.71768205,0.24187054,0.022865442630967125,-0.05323459727307722,-0.0815523414026823,0.10003766891424659
420,0.82123138,0.69479537,0.28546006,0.84190938,0.65463637,0.21423103,0.020677999787984902,-0.0401589981089403,-0.07122902952372342,0.08434393547397014
421,0.81990008,0.72298468,0.37818124,0.84606774,0.67912539,0.28564708,0.026167659577252755,-0.04385929429569502,-0.09253416017352795,0.1056927381748032
422,0.83410231,0.65624117,0.34784735,0.85934391,0.62367002,0.26454059,0.025241595449267074,-0.032571149670456045,-0.08330676499804579,0.09294102983139006
423,0.8294244,0.67765145,0.21351463,0.84662721,0.63930859,0.15949916,0.017202808954910997,-0.03834285359866074,-0.054015476667877094,0.06843816755061076
424,0.79987154,0.69796359,0.17177642,0.81180002,0.65613026,0.12370855,0.011928477285428563,-0.04183332714553689,-0.048067872925796284,0.06482928534254406
425,0.76104754,0.70874849,0.14765374,0.7676694,0.66567445,0.10075223,0.006621863763874081,-0.04307403786964348,-0.04690150661583711,0.06402322345007475
426,0.73123068,0.7083785,0.13526784,0.73404953,0.66601454,0.08801186,0.0028188481348031535,-0.04236396729609615,-0.04725597900497308,0.06352778275361295
427,0.85876387,0.62480365,0.28525307,0.88263228,0.59632267,0.21900379,0.023868410701301856,-0.028480978653969036,-0.06624928321932125,0.07595942799658052
428,0.91814376,0.51578981,0.30787899,0.94839023,0.50582823,0.24432997,0.030246472291982407,-0.009961578789868808,-0.06354902191332515,0.07108136411350519
429,0.83475116,0.59978103,0.38702475,0.8617843,0.57805385,0.29580172,0.02703314464617046,-0.021727181398983664,-0.09122302822226386,0.0975935561348446
430,0.86780393,0.57749978,0.32244392,0.89429769,0.55792952,0.2494776,0.0264937561172377,-0.01957026501162107,-0.0729663237294162,0.08005622264640466
431,0.82923184,0.11196961,0.04623671,0.83139295,0.17396383,0.03759521,0.002161107560252895,0.06199421964300211,-0.008641491428340364,0.06263089516474957
432,0.89374709,0.13236814,0.07371946,0.90434301,0.18928007,0.06541323,0.0105959111268209,0.05691192753889121,-0.008306223699319909,0.05848276823939368
433,0.86637993,0.0459967,0.16874738,0.87883275,0.12085303,0.13750466,0.012452815359984881,0.07485633114866674,-0.031242718688492377,0.08206491573429539
434,0.82667269,0.01237499,0.28525591,0.84145705,0.09624268,0.2242275,0.014784358742076065,0.08386769208667538,-0.0610284107880697,0.10477038685944219
435,0.76834422,0.02953315,0.43487436,0.78594311,0.11418846,0.33397385,0.017598891467721756,0.08465530367878643,-0.10090050315923604,0.13288022034760177
436,0.93680871,0.14454662,0.12332337,0.95482103,0.19881102,0.10826686,0.018012323173370315,0.054264403490636826,-0.01505650986305243,0.059125018068096745
437,0.92308999,0.0833541,0.20417414,0.94378055,0.15038,0.17042809,0.020690561557416554,0.06702590053481561,-0.03374604238325479,0.07784192993879756
438,0.88472922,0.04656893,0.31583857,0.90757649,0.12306755,0.25357182,0.02284727324610858,0.07649862810759162,-0.062266751352201444,0.10124814230929294
439,0.82717006,0.06147543,0.45697874,0.85239552,0.13901826,0.35684751,0.025225453132620923,0.0775428256185011,-0.10013123021893944,0.12913356091971434
440,0.96117826,0.17412992,0.18094144,0.98530449,0.22321996,0.15513173,0.024126229745500605,0.04909003788754951,-0.025809705241050085,0.06048179615523677
441,0.94611625,0.12269047,0.2665184,0.97314645,0.18287404,0.22067731,0.027030198877087575,0.06018356585771939,-0.04584108805640014,0.08033740476814014
442,0.91392224,0.10203318,0.36734978,0.94326908,0.16841399,0.29583112,0.029346834919000253,0.06638081533932386,-0.07151865443141125,0.1018948835641716
443,0.8658588,0.09870207,0.45914159,0.89553605,0.16842645,0.36206192,0.029677249689090468,0.06972438120146054,-0.09707967453913324,0.12315312294724498
444,0.80563055,0.1209736,0.53063287,0.83345791,0.18940698,0.41090437,0.027827357957938115,0.06843338021019649,-0.11972849862644153,0.14068547459227745
445,0.86212162,0.1399309,0.49463328,0.89385195,0.20279478,0.38863003,0.03173033635810496,0.06286388673975904,-0.10600324808354178,0.12726103530023883
446,0.74138005,0.09841151,0.53505791,0.76264825,0.17280595,0.407917,0.02126819653296208,0.07439444240630913,-0.1271409081816104,0.14883440387879082
447,0.93148955,0.36065051,0.37021582,0.96523444,0.37950816,0.29627013,0.033744894920440305,0.01885764623221925,-0.07394568813512037,0.0834403592297371
448,0.92080369,0.3971494,0.40314531,0.95569572,0.41015859,0.32018314,0.034892030385023864,0.013009188006383787,-0.08296216993533695,0.09093632056199874
449,0.94838008,0.37389153,0.32658757,0.98146967,0.38920507,0.26401053,0.03308958915220339,0.01531353645551764,-0.06257703821590083,0.0724245194731066
450,0.90854118,0.43664658,0.4016631,0.94246025,0.44278199,0.3171915,0.03391906220908003,0.006135414595227817,-0.08447160872633075,0.09123375896132468
451,0.89751887,0.49494535,0.3676342,0.92889258,0.49025643,0.2888163,0.03137371180804671,-0.004688926536327298,-0.0788178969150849,0.08496208977417159
452,0.89005688,0.52760788,0.33360212,0.9190091,0.51666538,0.26117186,0.028952213745109923,-0.010942499017553509,-0.07243026143050452,0.07876618396483939
453,0.95069864,0.32405274,0.32289314,0.98334376,0.34831876,0.2620864,0.03264511907334966,0.024266016136385626,-0.06080673684536292,0.07315738229478773
454,0.96329904,0.20062251,0.24533109,0.99160689,0.24582013,0.20495297,0.028307851840114084,0.04519762922748108,-0.04037812583311681,0.06689210124806753
455,0.93693951,0.30989748,0.38282309,0.97149465,0.33803658,0.30733651,0.0345551360897588,0.02813909960466321,-0.0754865858850467,0.08765894709225887
456,0.94955967,0.17668122,0.33231459,0.98124842,0.22794935,0.27133997,0.03168874979936054,0.05126812958320465,-0.06097462033163403,0.08573507041691664
457,0.89146108,0.32429627,0.46953357,0.92648422,0.35239516,0.36963774,0.03502314677939011,0.028098894364780913,-0.09989582422476823,0.10952325950408713
458,0.91668225,0.1562278,0.41905137,0.94980722,0.21345683,0.33547897,0.0331249657441578,0.05722902872105329,-0.08357240428199958,0.10656815585052015
459,0.86618253,0.38646617,0.48409988,0.90003471,0.40416753,0.37741329,0.03385218163956982,0.017701358302408265,-0.10668659378545231,0.11331962575410659
460,0.84163059,0.47588628,0.44890192,0.87176983,0.47745365,0.34627286,0.030139245491532796,0.0015673772524801843,-0.10262906218576479,0.10697455396205234
461,0.83549917,0.52486872,0.42282581,0.86396523,0.51729478,0.32471014,0.02846605749060338,-0.00757394225717678,-0.09811567042739999,0.10244201195696792
462,0.81173865,0.35990039,0.54064864,0.84301386,0.38481141,0.41595286,0.03127521176075809,0.024911020432998032,-0.12469578785804636,0.1309493692968103
463,0.7904732,0.477613,0.4839909,0.817396,0.48082202,0.36810677,0.02692279513366147,0.00320901636501858,-0.1158841308733769,0.11901372388139952
464,0.78443295,0.53912138,0.45664576,0.80973396,0.53088716,0.34539117,0.025301019614647924,-0.008234217031101054,-0.11125459066800297,0.11439199215137819
465,0.83179938,0.29424281,0.54114606,0.86454756,0.33055991,0.41936667,0.03274818517539646,0.036317103796983996,-0.12177939166245966,0.13123107823287025
466,0.75509351,0.33629527,0.57158149,0.78211491,0.36754981,0.43434596,0.027021401713289372,0.03125453474601103,-0.13723553212497108,0.143319898724373
467,0.74202255,0.47858416,0.5005762,0.76493222,0.48321709,0.37587934,0.02290966870195843,0.004632927167100176,-0.12469686099113947,0.12686853067334197
468,0.74358696,0.55246119,0.47247052,0.76572758,0.54317634,0.35319632,0.022140614496340083,-0.009284846082416642,-0.1192741981318649,0.12166655052663028
469,0.77013962,0.26450194,0.57741532,0.79837004,0.30849985,0.44146096,0.0282304231255045,0.04399791096714317,-0.13595436060446858,0.14565837128942352
470,0.70555284,0.31669573,0.58188023,0.72789584,0.35305388,0.43741821,0.022343003916773463,0.03635815394260122,-0.1444620211319767,0.15063333207386248
471,0.6993168,0.4738949,0.50750997,0.71819335,0.48067597,0.37684617,0.01887655086990525,0.006781063900367701,-0.13066379929337102,0.13219430943177296
472,0.69590662,0.55019347,0.48089042,0.71360954,0.54277694,0.35475949,0.017702924360707417,-0.007416530309444447,-0.12613092388561908,0.1275829471872776
473,0.71439727,0.24750538,0.58566306,0.73721814,0.29627371,0.44225492,0.022820874802369828,0.04876833596988661,-0.14340813436852606,0.1531830144731406
474,0.79130332,0.62910055,0.43716761,0.81703874,0.6040053,0.32973467,0.025735418285010803,-0.025095245898462792,-0.10743293298931961,0.11328688455287496
475,0.94213229,0.41961387,0.31387773,0.97427854,0.42658322,0.25285297,0.03214624680405531,0.006969341955917363,-0.06102475346262681,0.06932512853259004
476,0.75465851,0.63338767,0.46383595,0.77820354,0.6089355,0.34652012,0.023545020687648743,-0.024452167903545985,-0.11731582846689248,0.12212812994244344
477,0.68276135,0.64430552,0.48445659,0.70020426,0.62018038,0.35482197,0.01744290885548272,-0.024125145052564023,-0.12963461777577556,0.13300906667975443
478,0.94870012,0.38745257,0.33132624,0.98222421,0.40036029,0.26753008,0.03352408720608113,0.012907722267548993,-0.06379615162183977,0.07321490749085108
479,0.89183645,0.37458615,0.05369595,0.90337214,0.38717813,0.04627663,0.01153568776501357,0.012591983644910154,-0.0074193188421267375,0.018619249082782726
480,0.86737269,0.3656043,0.04771352,0.87595048,0.38041627,0.03918415,0.008577789074141418,0.0148119780566906,-0.008529368804652215,0.01912389321132384
481,0.88324396,0.3528645,0.04928601,0.89343028,0.36957398,0.04225403,0.01018632052816737,0.016709480436841673,-0.00703198262160909,0.02079463012324025
482,0.911635,0.35141784,0.0583438,0.9252619,0.36774005,0.05229489,0.013626898527851816,0.016322218587721593,-0.0060489089104713845,0.022106480545779204
483,0.9332502,0.36376327,0.07940462,0.95043985,0.37756321,0.07074672,0.017189647774372152,0.013799943013667493,-0.00865790856851556,0.023682943199024545
484,0.92139413,0.37529129,0.07570995,0.93725723,0.38726889,0.06646889,0.01586310096869903,0.011977592751563015,-0.009241063597001942,0.021920263613133612
485,0.92613445,0.35766819,0.06876481,0.94191848,0.3726111,0.06182356,0.01578402661271061,0.014942907123819404,-0.006941251345341959,0.022816812653415487
486,0.90765748,0.37669034,0.06165681,0.92130607,0.38858162,0.05409281,0.013648585915966738,0.011891285263851747,-0.007564003781596579,0.01961888671509754
487,0.7745146,0.69659062,0.01703877,0.77484058,0.65341617,0.00095254,0.000325976646749937,-0.04317445057020275,-0.01608623564795736,0.046075008628699364
488,0.62424832,0.29813427,0.57293001,0.63754635,0.33999895,0.42221055,0.013298025520745993,0.041864676024668424,-0.15071946227313482,0.15698995155519913
489,0.85866541,0.57708308,0.02601502,0.86709351,0.55341103,0.01846065,0.008428103041702939,-0.02367204670121459,-0.00755437002296197,0.02623865892818978
490,0.86100567,0.57406881,0.03226507,0.87001002,0.55097193,0.02360142,0.009004348556109765,-0.02309688411724431,-0.008663652799600546,0.02626029757404426
491,0.85638217,0.57814261,0.02422348,0.86448004,0.55431496,0.01681466,0.008097870170007737,-0.023827650782391796,-0.007408815003068919,0.026234004323541928
492,0.84154352,0.57450539,0.01793536,0.84770515,0.55165696,0.01042386,0.0061616303893088364,-0.022848431885408305,-0.007511493477898368,0.024828190891506913
493,0.82597872,0.57502774,-0.00059224,0.82945709,0.55224123,-0.00560416,0.0034783721669841006,-0.02278651133187304,-0.005011917650052378,0.023589054456262856
494,0.84730368,0.5698587,0.01491034,0.85384385,0.54764932,0.00874527,0.006540174367260065,-0.022209373513899955,-0.006165063888514066,0.023959093584348022
495,0.82791915,0.57028173,-0.00563261,0.83126396,0.54822925,-0.00924809,0.003344809932811499,-0.022052475641049063,-0.0036154833136595177,0.022595821626509784
496,0.85459178,0.58152679,0.0122831,0.86184432,0.55695696,0.00730837,0.007252540399404039,-0.024569834588413553,-0.004974734223856081,0.0260964383498016
497,0.86250481,0.57683038,0.02109214,0.87104331,0.55302434,0.01504544,0.008538491877230991,-0.02380603850284535,-0.006046707415765296,0.026003768636648914
498,0.86228697,0.57448705,0.01746956,0.87057117,0.55105875,0.01224257,0.008284207891829709,-0.023428300474605646,-0.005226994412118796,0.025393598289879714
499,0.91605488,0.52308633,0.29354423,0.94532961,0.51163797,0.23288719,0.029274723653793466,-0.01144835658950949,-0.06065704110392184,0.06831801335730865
500,0.93388105,0.45990689,0.41156102,0.97119667,0.46125302,0.32720258,0.037315620089709234,0.0013461325085514786,-0.08435843828273648,0.09225298740372774
501,0.70011523,0.39081676,0.56176505,0.72143219,0.41352476,0.42019692,0.02131696650730175,0.022708003621119632,-0.14156812816779218,0.14495379057638555
502,0.74502738,0.40331409,0.55100969,0.77045485,0.42233312,0.41638548,0.025427466673549115,0.019019025683935487,-0.13462421248871292,0.13831832122899257
503,0.79779394,0.42418824,0.52107005,0.82710956,0.43748349,0.39839541,0.02931561650892356,0.013295247809982202,-0.12267464358737235,0.12682758834305705
504,0.84676396,0.44095211,0.47234566,0.87845523,0.44909308,0.36549121,0.03169126602581385,0.008140967193752069,-0.1068544476090812,0.1117518888565671
505,0.93971055,0.46343445,0.38873704,0.97634183,0.46362999,0.31005781,0.036631281009447125,0.0001955330913235298,-0.07867923379265368,0.08678888645317406
506,0.92417738,0.46458976,0.3619228,0.95767481,0.46459972,0.28760898,0.03349742777267284,9.958822406175294e-06,-0.07431381451135455,0.08151454344956847
507,0.93195563,0.47457607,0.3344484,0.96476305,0.47213497,0.2669712,0.03280741470754367,-0.002441096646689067,-0.06747719647031875,0.07506968400176749
508,0.93228005,0.47353237,0.30887278,0.96363619,0.4708843,0.24717884,0.031356139759591395,-0.002648070228865207,-0.06169393106277213,0.06925576442822727
509,0.90365264,0.46637148,0.38817658,0.93657182,0.46702572,0.30579793,0.032919174576661714,0.0006542436778286809,-0.08237864761199931,0.08871494615892335
510,0.62196763,0.36834609,0.56000917,0.63494217,0.39729424,0.41095688,0.012974545703805407,0.028948149890164976,-0.14905229330628544,0.15239068330494007
511,0.64730592,0.14478003,0.55791342,0.66066463,0.21369736,0.41513558,0.013358707445873863,0.06891732751574695,-0.14277784410299876,0.15910237541670266
512,0.79077324,0.18237159,0.56055596,0.81937883,0.24049465,0.43170006,0.02860559015791453,0.05812305579022392,-0.12885589512747297,0.14422347628516785
513,0.72797865,0.16394359,0.57047941,0.75053289,0.22731869,0.43307431,0.022554233226775855,0.06337509267583594,-0.13740509773135834,0.15298776647393322
514,0.94422171,0.23914552,0.36660067,0.97792573,0.27971512,0.29650786,0.03370401663076006,0.04056960005935739,-0.07009281580011895,0.08772032838978754
515,0.85186272,0.20611367,0.52284267,0.88478834,0.25764243,0.40851065,0.03292562369899321,0.05152876592113009,-0.1143320235755878,0.12965771102487922
516,0.91282369,0.2250861,0.44505634,0.94769812,0.27028343,0.35428422,0.03487443343547669,0.04519732825835299,-0.09077212484615355,0.10723154031451984
517,0.95878724,0.26256811,0.29340353,0.9899859,0.29735117,0.240916,0.031198667927226365,0.03478305545483523,-0.05248752459667222,0.07027202904067704
518,0.60045652,0.74035877,0.49367943,0.61086907,0.70118364,0.3519899,0.010412548229529195,-0.03917513256939764,-0.14168952779936567,0.14737379163361905
519,0.67075599,0.73500027,0.51082999,0.68934522,0.69510402,0.37274918,0.01858922911965699,-0.039896253807598425,-0.13808080995592298,0.14492612112806696
520,0.74130764,0.74277808,0.50806949,0.76707417,0.69946203,0.37790288,0.025766526814456014,-0.04331604470072148,-0.1301666045746082,0.13958344665137554
521,0.80728887,0.76277743,0.47052905,0.8378728,0.71342088,0.35542107,0.030583926080773094,-0.04935655594196908,-0.11510797437785103,0.12892358944095111
522,0.8268719,0.78650093,0.41883306,0.85671277,0.73150504,0.3170305,0.029840865522988813,-0.054995890024190475,-0.101802558544139,0.11949387474195823
523,0.82612318,0.83891293,0.35625627,0.85277191,0.77347196,0.26765057,0.026648727238580583,-0.06544096372566655,-0.08860570635349169,0.11332980894354966
524,0.79398584,0.86347092,0.29158739,0.81381156,0.79349568,0.21373665,0.01982571966573221,-0.06997523911841363,-0.07785074164142719,0.10653793326352644
525,0.75356783,0.87862212,0.24765328,0.76682011,0.80636146,0.17517703,0.013252280315644738,-0.07226065512211965,-0.07247625388660986,0.10319899510013977
526,0.72169578,0.55115786,0.22984453,0.72768977,0.51876733,0.16867916,0.005993993405054,-0.03239053257907761,-0.061165368184707435,0.06947141011140438
527,0.75166026,0.57089119,0.12370521,0.75352588,0.5408234,0.10014432,0.0018656225490093718,-0.030067790933241245,-0.023560884602544414,0.038244841251532095
528,0.78153332,0.58506671,0.03259462,0.78141467,0.56095013,0.02735704,-0.00011864904992011006,-0.024116581376309554,-0.005237580618447268,0.024679056416563868
529,0.79710208,0.61229517,-0.02071273,0.79677246,0.58324354,-0.02478591,-0.00032961644365947507,-0.029051635970737455,-0.004073176113927379,0.029337637315081214
530,0.79439098,0.61728963,-0.01454326,0.79418611,0.58749786,-0.02035184,-0.00020486284236032049,-0.029791764650121788,-0.005808579975986161,0.030353431619667876
531,0.82642982,0.48161159,-0.06293951,0.82548406,0.4748383,-0.05270607,-0.0009457519864658481,-0.006773287285760321,0.010233441451194647,0.012308338287940226
532,0.81180148,0.52424484,-0.03566547,0.81130509,0.5105483,-0.0336319,-0.0004963847752463835,-0.013696546031715773,0.002033570765436199,0.013855583030029529
533,0.7878663,0.66172468,-0.01006102,0.7876692,0.62411047,-0.01818704,-0.0001970969313925819,-0.03761421091017092,-0.008126024112905972,0.03848246324598667
534,0.83556816,0.20804892,-0.00163978,0.83652072,0.25163872,-0.00025593,0.0009525652668835871,0.04358980176722088,0.0013838509940126142,0.04362216457567088
535,0.71514693,0.74330726,0.17217257,0.71877519,0.69558857,0.11447273,0.0036282590329679287,-0.047718688579794666,-0.05769984477043086,0.07496338833002118
536,0.81240386,0.5499792,-0.04462116,0.81168825,0.53146201,-0.04087533,-0.00071561333788972,-0.018517187330680862,0.003745832757807155,0.018905808423295593
537,0.82257482,0.49109911,-0.05492986,0.82177983,0.48283023,-0.0470186,-0.0007949927448074323,-0.008268872643561909,0.007911255796574035,0.011471453113645596
538,0.69869044,0.82097582,0.19447953,0.70264783,0.75992615,0.12895884,0.0039573838389922456,-0.06104967575649545,-0.06552068447969914,0.08964197616915098
539,0.70901288,0.00153935,0.42694422,0.71979037,0.09282095,0.32199312,0.010777485927543351,0.09128159954571846,-0.10495109821438497,0.13951063627891885
540,0.89213814,0.360744,0.04326927,0.90305179,0.37507881,0.03726167,0.01091365398720226,0.014334811040116037,-0.0060076011044548055,0.01899173298934184
541,0.88645764,0.36012226,0.04475322,0.89710175,0.37473633,0.03858436,0.010644117280003118,0.0146140737401267,-0.006168858671045205,0.01910296315380552
542,0.87506457,0.3585358,0.04492506,0.88481775,0.37340937,0.03854004,0.009753182369885151,0.014873571887833826,-0.0063850171468186655,0.01889751705933792
543,0.86579807,0.35719412,0.04791933,0.87526054,0.3719163,0.04137972,0.009462467106986528,0.014722180068696926,-0.006539609563128448,0.018682809289935497
544,0.85712069,0.35592561,0.05319936,0.86626216,0.37085153,0.0469771,0.009141463011809767,0.014925918132659638,-0.006222259857343222,0.018575949392465752
545,0.8499099,0.35449251,0.05932664,0.8590855,0.36942076,0.05325742,0.009175602029272483,0.01492824216873439,-0.0060692155450459435,0.018543987278365898
546,0.8437734,0.3535138,0.06722705,0.85301568,0.36843396,0.06124186,0.009242279822678296,0.014920162331870513,-0.0059851895780536,0.01854328651062954
547,0.8395178,0.35241551,0.07577264,0.84883311,0.36732814,0.06983292,0.009315316693573526,0.014912627172592998,-0.005939726428765691,0.018559146648995106
548,0.83665691,0.35180367,0.08516316,0.84604395,0.366703,0.07924784,0.009387040617961431,0.014899323083656482,-0.005915323381881188,0.01857679764186139
549,0.8353335,0.35136345,0.09509037,0.84523853,0.36564397,0.08887544,0.009905031683853092,0.01428051196058541,-0.0062149374552707545,0.01845719702683709
550,0.8935986,0.3569515,0.04329579,0.90451226,0.37190184,0.03758271,0.010913667060388862,0.014950341221656423,-0.005713082134866512,0.01937163232225687
551,0.88806182,0.3550277,0.04478438,0.89865717,0.37039603,0.03885192,0.010595348712400749,0.015368329417880978,-0.005932458143159587,0.019586756317834218
552,0.87764305,0.35025475,0.04518247,0.88760951,0.36579163,0.03913531,0.009966468567816784,0.01553687887985188,-0.006047168480335371,0.019424040456867592
553,0.86873488,0.34664516,0.04787546,0.87851454,0.36189977,0.04186013,0.009779662227646722,0.015254608428353305,-0.006015328206630941,0.019092643741052143
554,0.86068739,0.34346858,0.05296038,0.86998964,0.3589026,0.04724225,0.00930225216282374,0.015434016821109897,-0.005718137220053472,0.018906027181891574
555,0.85331283,0.34069911,0.05898496,0.86257773,0.35609688,0.05333421,0.009264907616187307,0.015397771251057462,-0.0056507466354926705,0.018837749604846885
556,0.84759161,0.33877818,0.06699618,0.85690639,0.35388461,0.06114701,0.00931477394791665,0.015106436446154952,-0.005849169454931151,0.01868641803864521
557,0.84295763,0.33730937,0.075745,0.85232028,0.35237446,0.06990815,0.00936264851927331,0.015065091373655507,-0.0058368534426165575,0.018673109636657335
558,0.84036831,0.33705736,0.0852417,0.84979172,0.3520803,0.07940209,0.009423408922569213,0.015022933508241017,-0.00583960665556425,0.018670569696897257
559,0.83897303,0.33726817,0.09516659,0.8484553,0.35225465,0.08932267,0.009482270321261392,0.014986478075664968,-0.005843918933768262,0.018672422554728042
560,0.89549537,0.35386798,0.04384407,0.90671817,0.36914698,0.03849382,0.01122280264586143,0.015278998625239806,-0.005350247308932853,0.01969833100759497
561,0.89106073,0.35041959,0.04566046,0.90182218,0.3661275,0.04010767,0.010761447933464834,0.015707919429166148,-0.005552791022864736,0.019833834287939816
562,0.88215937,0.34317982,0.04649718,0.89269397,0.35904026,0.04101677,0.010534593507143919,0.015860444586623165,-0.005480408537642944,0.01981328444719786
563,0.87500426,0.33778877,0.04973381,0.885194,0.35365601,0.04426859,0.010189740096292891,0.01586724347009683,-0.0054652206360874525,0.019633360771157994
564,0.86775141,0.33305327,0.0550392,0.87746462,0.34913851,0.04985816,0.00971321440955473,0.01608524037727989,-0.005181036329294433,0.01949165538394124
565,0.86140712,0.32941023,0.06138926,0.87109417,0.34507783,0.05587584,0.009687045924365478,0.01566759971286127,-0.005513428638012022,0.019227855700770888
566,0.85606526,0.32687259,0.06951014,0.86576151,0.3424815,0.06398725,0.00969625151028025,0.015608913365579248,-0.005522895525280633,0.019187439766366315
567,0.85188152,0.32512328,0.07805805,0.86160441,0.34068744,0.07252771,0.009722895609562836,0.01556415773839911,-0.005530348458175905,0.019166701834407343
568,0.84853447,0.32511745,0.08764832,0.85829395,0.34063544,0.08210277,0.009759480472721356,0.015517991177369708,-0.00554555063655122,0.019152248983889782
569,0.84675983,0.32594496,0.09746356,0.85721031,0.34119783,0.09159799,0.01045047763315414,0.015252870989273372,-0.005865565399986911,0.019397613606781525
570,0.89858619,0.35124727,0.04482054,0.91042753,0.36656511,0.03939517,0.011841336572844136,0.015317837615340684,-0.005425370581789403,0.02010691540219603
571,0.89534657,0.34727446,0.047378,0.90672582,0.36297852,0.04205956,0.01137925483999243,0.015704064543365762,-0.005318433821909515,0.020109470958076442
572,0.88895599,0.33800705,0.04866479,0.89987864,0.35401528,0.04337063,0.0109226499706744,0.016008235062763353,-0.005294153886277751,0.020089697299316117
573,0.88355393,0.33083454,0.05244506,0.89444978,0.34681788,0.04718185,0.010895851323692024,0.01598333706398549,-0.005263208689398416,0.020047144571662383
574,0.87767478,0.32493428,0.05818443,0.88857215,0.34083869,0.05288645,0.010897372759054553,0.01590441699869417,-0.005297981635697469,0.019994294749511022
575,0.87266825,0.32045199,0.06496733,0.88375758,0.33693556,0.05996427,0.011089322221490993,0.016483574163563722,-0.005003059751593328,0.02048687119634847
576,0.86770575,0.31729765,0.07319786,0.87839832,0.33322763,0.06779726,0.01069256670986106,0.015929985254357334,-0.005400597842455871,0.019931429203767854
577,0.863522,0.31554834,0.08174577,0.87422946,0.33142381,0.07630788,0.010707451751535868,0.015875472167989825,-0.0054378909686656485,0.01990604927541333
578,0.86048245,0.31557684,0.09144338,0.87121675,0.33140201,0.08597101,0.010734299732475118,0.015825178567867696,-0.005472367308857057,0.019889903755789314
579,0.85802097,0.31698673,0.10104162,0.86957819,0.33226476,0.09487052,0.011557221712730761,0.01527803825528762,-0.006171102446699007,0.020126359135593845
580,0.90214827,0.34999726,0.04600704,0.91456475,0.36543391,0.04088075,0.012416480060957696,0.015436643023979256,-0.005126294291144912,0.020463084276651756
581,0.90024642,0.3451852,0.04899733,0.91254595,0.36111493,0.04405113,0.012299536584495766,0.015929726482754886,-0.004946198919508479,0.020724373808636027
582,0.896767,0.33492466,0.05125479,0.90871914,0.35115173,0.04632156,0.011952140385564584,0.01622707477573332,-0.004933235347109687,0.020748696984713447
583,0.8930102,0.32694723,0.05557523,0.90492475,0.34379559,0.05108356,0.011914553092059282,0.016848361360767193,-0.004491671683614525,0.02111868770638642
584,0.8890838,0.32027637,0.06196211,0.90101232,0.33714303,0.05748116,0.011928520282722744,0.016866660457203198,-0.004480947856371564,0.021138891286097073
585,0.8849648,0.31523533,0.06937873,0.89720937,0.33241132,0.0649853,0.012244568806706858,0.017175984191654704,-0.004393425910765417,0.021546370679247487
586,0.88096071,0.31185845,0.07793243,0.89311843,0.32886444,0.07331973,0.012157719467316457,0.017005986902291652,-0.004612706216464175,0.021407727385369238
587,0.87712039,0.30981795,0.08658884,0.88929645,0.32677905,0.08193225,0.012176064097342067,0.016961104243753772,-0.0046565928898587156,0.02139204177753838
588,0.87373741,0.31013764,0.09617795,0.88593297,0.32676128,0.09114339,0.012195560711363655,0.016623639916835548,-0.005034562449804015,0.02122319307291298
589,0.87066094,0.31147888,0.10556152,0.88301654,0.32731852,0.09987114,0.01235559884810784,0.01583964345404664,-0.005690376374787447,0.020879068727637867
590,0.90611073,0.34978176,0.04771415,0.91896864,0.36510417,0.0427679,0.01285790469839453,0.015322410762832871,-0.004946250106753355,0.02060503275747288
591,0.90543885,0.34510699,0.05113378,0.91835216,0.36094498,0.04624469,0.012913309561161771,0.015837981835761485,-0.004889095203458531,0.021011865323211643
592,0.90499942,0.33452797,0.05477634,0.91795078,0.35077005,0.05030724,0.012951351561321479,0.016242079397374858,-0.0044691053520035445,0.021248895337472953
593,0.90359576,0.32681444,0.06026488,0.91682647,0.34380824,0.05597554,0.013230716471916792,0.016993798599390177,-0.004289333953984469,0.021959950704992258
594,0.90155025,0.32002401,0.06729694,0.91482346,0.33705626,0.06301655,0.013273212406045249,0.0170322453921699,-0.00428038289888521,0.022013569188937883
595,0.89907553,0.31516529,0.07494085,0.91267384,0.33273896,0.07076213,0.013598316493477265,0.01757367824410934,-0.004178719253599977,0.022609955176529316
596,0.89561554,0.31152085,0.08401979,0.90948561,0.32905104,0.07969297,0.013870065209486042,0.01753018927885322,-0.004326822079761445,0.022768566805526573
597,0.89215359,0.30985087,0.09247297,0.90659128,0.32694343,0.08767415,0.014437684657057873,0.01709255846407901,-0.004798821743404645,0.022882984578712115
598,0.88846312,0.31013624,0.10195474,0.90293684,0.32716861,0.09708637,0.014473722441113064,0.017032374666338026,-0.004868373449288127,0.022875565307083165
599,0.88442824,0.31170002,0.11101514,0.89886429,0.32756121,0.10470494,0.01443605050300712,0.015861185549180864,-0.0063102046426767285,0.02235610529102453
600,0.90972879,0.35084467,0.04899988,0.92297486,0.36624768,0.04395445,0.013246072302524961,0.01540300356776339,-0.005045430694778894,0.020932446614002568
601,0.91048757,0.34633084,0.0532656,0.92394801,0.36198591,0.0481073,0.013460443951463185,0.015655065910115073,-0.005158301434782148,0.021280806227974645
602,0.91305121,0.33674608,0.05797922,0.92687403,0.35267724,0.05302857,0.013822822166022788,0.015931155405755935,-0.004950652144464562,0.021665204403636007
603,0.91379999,0.32927282,0.06421911,0.92800421,0.34582026,0.05948332,0.014204214677019177,0.016547437606158923,-0.004735791824599931,0.022316028547358445
604,0.91376419,0.32303748,0.07231078,0.928351,0.34013163,0.06765089,0.01458680109815259,0.017094145107054464,-0.004659890115276497,0.02294992677776013
605,0.91251945,0.31831605,0.08038404,0.92768034,0.33523187,0.07532579,0.015160885902118667,0.016915813702531382,-0.005058246885468827,0.023271937523768063
606,0.91005282,0.31511079,0.08947443,0.92527686,0.33198737,0.08431341,0.01522403521898823,0.016876581939275617,-0.005161021080954563,0.023307217871297626
607,0.90672068,0.31312825,0.09865491,0.92197498,0.32995005,0.0934072,0.01525430488696269,0.01682180004424625,-0.00524771141956601,0.023306764027982534
608,0.90272271,0.31337929,0.10802935,0.91918783,0.32956252,0.10140485,0.016465121759961364,0.01618322936473555,-0.006624494940647992,0.024018348828773867
609,0.89780129,0.31451459,0.11676889,0.91412216,0.33044426,0.10966933,0.0163208714646087,0.015929670872345696,-0.007099563309624362,0.023885750117023787
610,0.91282475,0.35283912,0.0504842,0.92622079,0.36827026,0.045411,0.013396041749331514,0.015431141809682724,-0.005073194571816849,0.021054960823138166
611,0.91470571,0.34943912,0.05517579,0.92850693,0.36492942,0.04985379,0.013801226817104408,0.015490300168540215,-0.005322002410282631,0.021418379271637082
612,0.91978626,0.34145464,0.06116021,0.93442285,0.35698412,0.05590344,0.014636589316642348,0.015529479440816462,-0.005256773243403036,0.021977901252379587
613,0.9221654,0.33515318,0.06835005,0.93761118,0.35098448,0.0628762,0.015445786701276484,0.015831303078299386,-0.005473851018648161,0.022785204167456052
614,0.92325178,0.33003168,0.07686759,0.93902525,0.34623688,0.07163493,0.015773474111638153,0.01620520663961823,-0.005232662239539803,0.023211892682337462
615,0.92347264,0.32613289,0.08547522,0.93972376,0.3424326,0.07990941,0.0162511207618974,0.016299701173422703,-0.005565813698785292,0.02368031812476843
616,0.92147826,0.32331111,0.09508853,0.93832368,0.33921616,0.0885428,0.01684542076491952,0.015905057048108878,-0.006545730424560733,0.024074584674336538
617,0.91852449,0.32169909,0.10406579,0.93548269,0.33755464,0.09733993,0.016958206414517202,0.015855548581348394,-0.0067258578793086745,0.02417056784243039
618,0.91394746,0.32155597,0.11322671,0.93098673,0.336928,0.10596956,0.017039264728113568,0.015372030749909029,-0.007257145034728716,0.02406869389696856
619,0.90882535,0.32266763,0.12154951,0.92588799,0.33798415,0.11421366,0.017062640799045535,0.01531651542337898,-0.0073358500763059725,0.024073721193324012
620,0.915162,0.35606697,0.0517492,0.92899269,0.37081259,0.04616209,0.013830686193565945,0.014745625612709921,-0.005587115680402325,0.020974680377095142
621,0.91789358,0.35342097,0.05676049,0.93215179,0.36847824,0.05123216,0.014258209274381787,0.015057269308007847,-0.005528331739332053,0.02146113563039123
622,0.92476825,0.34794467,0.06379756,0.9402413,0.36289083,0.05817368,0.015473049832509904,0.014946159459526105,-0.005623879965375283,0.02223580400106697
623,0.92897745,0.34382586,0.07204122,0.94471661,0.35868606,0.06626003,0.015739155121186538,0.014860195050699007,-0.005781185427419497,0.022404653664357305
624,0.93115008,0.34014371,0.08098347,0.94747758,0.35554376,0.07480678,0.016327496854970466,0.015400045289927236,-0.006176689529396872,0.023278746573289582
625,0.93177133,0.33727943,0.09011169,0.94883441,0.35244866,0.08304751,0.017063087480783747,0.015169233521526175,-0.007064182387811419,0.023898896895374427
626,0.93032007,0.33517732,0.09993736,0.94757528,0.35033778,0.0926128,0.017255214266537738,0.015160466616167302,-0.007324558180647154,0.02410873949309121
627,0.92767379,0.33359962,0.10902196,0.94504339,0.34875788,0.10152961,0.01736959625761283,0.015158260393331718,-0.007492350032475631,0.024240689786259473
628,0.92289609,0.33343287,0.11776614,0.9403143,0.3482874,0.10994233,0.017418210850369497,0.014854528481831332,-0.007823811413397264,0.024192211777302904
629,0.91712404,0.33381417,0.12618599,0.93452685,0.34862974,0.11833636,0.017402809446862896,0.014815573224677789,-0.007849627292007699,0.024165587831522783
630,0.91623335,0.35948303,0.0525837,0.93015257,0.3738747,0.04685766,0.013919215821527971,0.014391662321295478,-0.00572604283307049,0.020824314634163316
631,0.91940026,0.35853325,0.05780387,0.9340804,0.37255513,0.05188912,0.014680145972655208,0.014021874096182607,-0.0059147553196132715,0.021144833161757397
632,0.92783244,0.35586701,0.06547569,0.94351906,0.37021514,0.05931969,0.01568661110026283,0.014348133359992216,-0.006156008294207837,0.02213221942881839
633,0.93274854,0.35380426,0.07403441,0.94896938,0.36805805,0.06736646,0.016220844931659303,0.014253795323524877,-0.006667945016890546,0.02259973411724466
634,0.93555718,0.35184196,0.08360228,0.95207041,0.3659278,0.07658124,0.016513229590534494,0.014085840479621378,-0.007021031535621446,0.02281211382908728
635,0.93688631,0.3500465,0.09335844,0.95421992,0.36454817,0.08559398,0.01733361765694999,0.014501667611772637,-0.007764457544567492,0.02389643206759233
636,0.93577749,0.34864043,0.10297972,0.95330039,0.36321339,0.09499328,0.01752289590021372,0.014572966170494396,-0.007986442183458009,0.02414966837217063
637,0.93329596,0.34741188,0.1124799,0.9510758,0.36183765,0.10426464,0.017779837905894935,0.014425768546964958,-0.00821526327175446,0.024325212943666897
638,0.9282467,0.34688529,0.1211179,0.9460075,0.36132236,0.11290282,0.017760805818972398,0.014437072465571526,-0.008215085081760873,0.02431795442910397
639,0.92193153,0.34654691,0.1293254,0.93963559,0.36076306,0.12102684,0.017704066092434235,0.014216147222908773,-0.008298556029367646,0.024174342395218335
640,0.91631036,0.36344716,0.05309387,0.93050378,0.37720026,0.04722485,0.01419342350995983,0.013753096961460985,-0.005869017283288527,0.020616651300246782
641,0.91964103,0.36383376,0.05841674,0.93439195,0.37742807,0.05234015,0.014750913193234995,0.013594310610614906,-0.0060765978924985295,0.02095995617741957
642,0.9276071,0.36441196,0.06638638,0.94333596,0.3782048,0.0599685,0.015728857849041208,0.013792844154600236,-0.006417877159310897,0.021882154060796653
643,0.93247236,0.36465144,0.07535371,0.94907424,0.37811424,0.0678511,0.01660188120031105,0.013462798021980003,-0.007502617941980531,0.02265300567150413
644,0.93506542,0.36464222,0.08491463,0.95195357,0.37801405,0.07716868,0.016888143207466857,0.013371827906130694,-0.007745949857815289,0.02289137177512246
645,0.93625082,0.36414882,0.09466616,0.95362085,0.37768431,0.08643633,0.017370027205926113,0.0135354864412498,-0.008229828674372539,0.023508664750372256
646,0.93534171,0.36375361,0.1043913,0.95284852,0.37733611,0.09599503,0.01750681248484505,0.013582496314012676,-0.008396273393035988,0.023695360229173526
647,0.93282425,0.36285058,0.11389032,0.95035539,0.37649349,0.10544433,0.017531142336161935,0.013642904621688622,-0.008445988204559529,0.02376561623183419
648,0.92791772,0.36200916,0.12222008,0.94538265,0.37568437,0.11382253,0.017464929482460378,0.01367520949960827,-0.008397547038789581,0.023718219008900598
649,0.92171035,0.36069425,0.13043105,0.93959433,0.37414098,0.12080162,0.017883980614950407,0.013446737863345541,-0.009629427386606233,0.024359338940032314
650,0.9152642,0.36728468,0.05286529,0.92940586,0.38068369,0.04693071,0.01414166204282838,0.013399017252441376,-0.005934581968562919,0.020365154843663396
651,0.91803685,0.36892832,0.05838559,0.93270137,0.38210651,0.05219964,0.014664520766469576,0.013178190902941476,-0.006185944933329114,0.020663465331419294
652,0.92533612,0.37272733,0.06623629,0.94097663,0.38526993,0.05920918,0.01564051604802196,0.012542603606174693,-0.0070271139462695755,0.02124436343795491
653,0.92964237,0.37521108,0.07508818,0.94560925,0.38758348,0.06770161,0.015966879388967105,0.01237239323736872,-0.007386575291246841,0.02150764623047274
654,0.93201984,0.37715495,0.08464214,0.94848218,0.38964396,0.07693268,0.016462337955563303,0.01248900809574851,-0.007709464091033711,0.022054925317257144
655,0.93291878,0.37827843,0.09469728,0.9495402,0.39082799,0.08685719,0.01662142790516388,0.0125495597016364,-0.00784008937139236,0.022253770818962713
656,0.93163031,0.37849992,0.10431277,0.94871895,0.39143245,0.09601142,0.017088646530587566,0.012932526814086177,-0.008301343442002519,0.022982262573265032
657,0.92907692,0.37792241,0.11381063,0.94622573,0.39095916,0.1054458,0.01714881586913139,0.013036758301061904,-0.008364823284958384,0.02310863953810914
658,0.92440701,0.37677911,0.12255828,0.9421004,0.38931035,0.11332574,0.017693389736902838,0.012531235965751591,-0.009232542156896414,0.0235653930561354
659,0.9183783,0.37482385,0.13046217,0.93675296,0.38745425,0.11995874,0.01837466084681126,0.012630400166001877,-0.010503431432060754,0.02464705340272303
660,0.91326061,0.37035751,0.05262641,0.927294,0.38325021,0.04671142,0.014033389800846487,0.012892705298874756,-0.005914997999444269,0.019953573127627168
661,0.91507387,0.37321092,0.05751066,0.92952965,0.38601855,0.0513181,0.014455777911805301,0.01280762889248171,-0.006192560816711629,0.02028183133623891
662,0.92040548,0.37975725,0.06512365,0.9354184,0.39157209,0.05815249,0.015012913999686808,0.011814844499340834,-0.006971159368236376,0.02033654838567613
663,0.92357367,0.38409111,0.07364657,0.9392681,0.39560143,0.066176,0.015694426068936815,0.011510322347279868,-0.0074705750149692655,0.020847350460571647
664,0.92488494,0.38723406,0.08287389,0.94074988,0.39876818,0.07528975,0.015864938020928247,0.01153411826507564,-0.007584133985334677,0.021029770109731456
665,0.92482448,0.38956731,0.09229297,0.94094296,0.4010891,0.08433316,0.016118478697304626,0.011521790678349788,-0.00795981070301401,0.02135218027225762
666,0.92304985,0.39039482,0.10210821,0.93919016,0.40209012,0.09413525,0.01614030890010215,0.011695298546071355,-0.00797296279986666,0.021467596867849766
667,0.92053141,0.39047902,0.11129435,0.93667133,0.40228932,0.10332512,0.016139924409576522,0.011810299933820765,-0.007969229778099518,0.021528793921857275
668,0.91593336,0.3886847,0.12004432,0.93320668,0.40020319,0.11085269,0.017273321157496465,0.011518499580397667,-0.00919163684691952,0.022705277895663043
669,0.91028401,0.38611274,0.12805787,0.92753852,0.39780286,0.11864807,0.01725450829803084,0.01169012861885382,-0.009409796985746864,0.02286747565965975
670,0.9101698,0.37297821,0.05164995,0.92365524,0.38539422,0.04573702,0.01348544380633603,0.01241600435347562,-0.005912926521186201,0.019260764751284395
671,0.91126027,0.37673952,0.05631604,0.92508888,0.38886122,0.05015011,0.013828601976147888,0.01212170100737233,-0.006165934771200103,0.019395479358075868
672,0.91391636,0.38496434,0.06306338,0.92849276,0.39661494,0.05625541,0.014576401128419814,0.01165059595308177,-0.006807974522012891,0.019863443130810437
673,0.91482331,0.39102171,0.07051859,0.92971478,0.40248221,0.06345709,0.01489146573499579,0.01146050655561888,-0.007061495098782224,0.020073955147854206
674,0.91465408,0.39531873,0.07962132,0.92996357,0.40656428,0.07217558,0.015309490733001238,0.011245554007222599,-0.007445736707952941,0.02040298964753374
675,0.91356335,0.39852555,0.08871491,0.92894831,0.4097928,0.08120115,0.01538496255560881,0.011267254345776995,-0.007513761879659704,0.020496456057429613
676,0.91120868,0.39994613,0.09800375,0.92693265,0.41124726,0.0902275,0.015723974019936887,0.01130113881995637,-0.007776249378070239,0.020866939210088115
677,0.90824,0.40031083,0.1073908,0.92399021,0.41173987,0.09961112,0.015750207239562823,0.011429044788909642,-0.00777967365108483,0.020957466807643127
678,0.90394944,0.39855083,0.11624811,0.91959734,0.41017109,0.10837632,0.01564789349858843,0.011620259095307844,-0.007871787808051768,0.021020276774587038
679,0.89929444,0.39543081,0.12458598,0.91569034,0.40668489,0.11574678,0.016395902574623325,0.011254076006601485,-0.008839205273993211,0.021762614683780355
680,0.90671453,0.37423891,0.05015404,0.91977876,0.38688001,0.04423852,0.013064236717554988,0.012641106924112683,-0.005915519250694223,0.019117145008721765
681,0.90619568,0.37847962,0.05428113,0.9194616,0.39060042,0.04806117,0.01326591834751012,0.012120794700236623,-0.006219964008016361,0.019015420217000433
682,0.90631897,0.38806811,0.05985457,0.92018516,0.3994563,0.05332164,0.013866193729121085,0.01138819042879269,-0.006532930624945674,0.01909558567644144
683,0.90513043,0.3952109,0.06697052,0.91890986,0.40628145,0.06010909,0.01377942230599349,0.011070552287593356,-0.006861427258339057,0.018960717050278655
684,0.90342275,0.40032353,0.07522368,0.91753313,0.41127428,0.06809454,0.014110377624887805,0.010950751049179811,-0.007129140058021375,0.019231389529228825
685,0.90133768,0.4040784,0.08399295,0.915551,0.41507059,0.07679244,0.01421332586280567,0.010992187135022959,-0.007200507369168377,0.019357017240967497
686,0.89822528,0.40574516,0.09337536,0.91275083,0.41668635,0.0859612,0.01452555663832333,0.010941187602675349,-0.007414158386972262,0.019638511308069838
687,0.89464162,0.40604121,0.10254773,0.90919477,0.4170563,0.09512099,0.014553151533879184,0.011015084610409481,-0.007426735561031874,0.019704890500483
688,0.89100198,0.40402435,0.11162087,0.90557744,0.41510918,0.10418771,0.014575459100258604,0.01108483512558312,-0.007433165714198519,0.019762832040965413
689,0.88669039,0.40061314,0.12006724,0.90194941,0.41197676,0.11233357,0.015259022880854154,0.011363616730154928,-0.007733675995718249,0.020537266343772148
690,0.90275206,0.37445441,0.04844693,0.91555514,0.38713893,0.04249218,0.01280307983683322,0.012684515093711431,-0.0059547520618561224,0.018980907475384265
691,0.9008605,0.37887266,0.05245292,0.91329668,0.39090994,0.04610592,0.012436177040683503,0.012037280529686825,-0.00634699447549735,0.018434721609224124
692,0.89787293,0.38844342,0.05695183,0.91014787,0.40005567,0.05037487,0.012274942027211399,0.011612246921066677,-0.006576953507136091,0.018132148183881935
693,0.89463875,0.39535663,0.06300701,0.90706712,0.40641804,0.0561244,0.012428373729312252,0.01106140435144107,-0.006882612246135888,0.018005262872621386
694,0.89074268,0.40055451,0.07050765,0.90320283,0.41171436,0.06353077,0.012460144963597722,0.0111598534321376,-0.006976884119462035,0.018123864189434454
695,0.88722695,0.40414845,0.07843083,0.89972277,0.41541465,0.07139685,0.012495811935538535,0.011266199906371779,-0.007033984268594777,0.018235940089546182
696,0.88349957,0.40574656,0.08759857,0.89635859,0.41697266,0.08041745,0.012859023409580134,0.011226099574098765,-0.007181116174604399,0.018518861309726235
697,0.87967929,0.40634449,0.09635304,0.89255739,0.41763244,0.08914507,0.012878099197585424,0.011287953403215322,-0.007207967627832284,0.018580046509626632
698,0.87634715,0.40436195,0.10553352,0.88924152,0.41570809,0.09830621,0.012894378978703488,0.011346144009619422,-0.0072273088144117256,0.01863421546060704
699,0.87295804,0.40105371,0.1143019,0.88585491,0.41245146,0.10706332,0.012896874149113365,0.011397744122030033,-0.007238582379198944,0.018671770369994064
700,0.89924082,0.37340219,0.0468518,0.91080066,0.38632854,0.04092289,0.011559846166247834,0.01292635617596754,-0.005928908177044246,0.018326829500683175
701,0.89584772,0.3773233,0.05032226,0.9074401,0.38991114,0.04402831,0.011592386674559323,0.012587837262363177,-0.006293949204159994,0.01823323537775964
702,0.89003476,0.38624668,0.05313015,0.90141431,0.39849675,0.04663133,0.011379547185878981,0.012250065318168666,-0.006498817049393607,0.01793858460125921
703,0.88437657,0.39255979,0.05832779,0.89588769,0.40428655,0.05159546,0.01151112243082863,0.011726757352048886,-0.006732327365631553,0.017758012539960382
704,0.87897897,0.39726054,0.06529291,0.89009735,0.40876914,0.05858823,0.011118380279770575,0.011508607636447635,-0.006704679433343304,0.017349903633138392
705,0.87388984,0.40100837,0.07267824,0.88498373,0.41256941,0.0659525,0.011093890296585335,0.011561037709337954,-0.006725735931146194,0.017377212625876323
706,0.86923998,0.40250351,0.08152396,0.8803925,0.41400395,0.0746618,0.011152521311885905,0.011500443640148081,-0.006862163664954146,0.017427800368862063
707,0.8650054,0.40305643,0.0904805,0.87653449,0.41422086,0.08351875,0.01152909688611048,0.011164428741238689,-0.0069617513097910266,0.017493728174031282
708,0.86167325,0.40107389,0.09966098,0.87338696,0.41293176,0.0925838,0.01171370641126255,0.01185787887855123,-0.007077183328231073,0.018108195195795648
709,0.85920663,0.39786862,0.10875137,0.87094979,0.4097558,0.10165926,0.011743166189330094,0.011887179613231281,-0.007092115190983205,0.018152275041702668
710,0.89603805,0.37139706,0.04567688,0.90744323,0.38445616,0.03972669,0.01140518885670629,0.013059106643242748,-0.005950194298828726,0.0183309413661857
711,0.89159364,0.37454053,0.04841091,0.90273505,0.38736394,0.0421573,0.01114140296614177,0.01282341000447851,-0.006253608414191142,0.01810188726058569
712,0.8831929,0.38152744,0.05025856,0.89397311,0.39424407,0.04391985,0.010780200311630463,0.012716636037481757,-0.0063387108608512046,0.017835492879259892
713,0.87590436,0.38666875,0.05450625,0.88600506,0.3989405,0.04809026,0.010100704764190017,0.012271755540605361,-0.006415987702237714,0.01714016099623848
714,0.86907708,0.39022133,0.06093816,0.87907768,0.40251463,0.05450588,0.010000603409863446,0.012293298262380788,-0.00643227907652449,0.01710296655108469
715,0.86286577,0.39285533,0.06789762,0.87310047,0.40494258,0.0612333,0.010234697388695101,0.012087245514807398,-0.006664314613065569,0.017183236715919186
716,0.85805116,0.39400132,0.07632776,0.86832143,0.40611773,0.06966063,0.010270279334392863,0.01211641580797433,-0.006667124822576034,0.017226047806679187
717,0.85354501,0.3941944,0.08517812,0.86384823,0.40633802,0.07850822,0.010303211264659818,0.012143624018112649,-0.006669893065416332,0.017265898185776035
718,0.85048443,0.39257169,0.09446478,0.86082859,0.40474768,0.08778881,0.010344162118942096,0.012175982678837325,-0.006675963564605465,0.01731544783291044
719,0.84859686,0.38976059,0.10376869,0.85951449,0.40209185,0.09680519,0.010917632152773868,0.012331258453278687,-0.006963497268304094,0.017881412725803222
720,0.89370079,0.36816921,0.04441188,0.90479134,0.38181843,0.03841308,0.011090547256839459,0.013649223549326012,-0.005998798092669303,0.01858190303796352
721,0.88844171,0.37023317,0.04682737,0.89934609,0.38346751,0.0405224,0.010904388028515932,0.01323433667012823,-0.00630497151491725,0.01827035881362652
722,0.87793935,0.37467757,0.04751503,0.8880776,0.38789225,0.04099421,0.010138253741592806,0.013214679045639862,-0.006520817820732518,0.017886670910467844
723,0.86929299,0.3780197,0.05123183,0.87917693,0.3912908,0.04459286,0.009883941743720082,0.013271103481110763,-0.006638970857692571,0.01782948193439433
724,0.86148627,0.38014362,0.05692962,0.87113938,0.39296964,0.05037699,0.009653107810182901,0.012826023245712222,-0.006552626775115817,0.01733857780639834
725,0.85446028,0.38169811,0.06357054,0.86414941,0.39444356,0.05708163,0.009689130152259291,0.012745454718820675,-0.006488908823617477,0.017275178633465678
726,0.84879504,0.38209009,0.07168099,0.85854517,0.39479012,0.06523629,0.009750132694576056,0.012700026684663853,-0.006444704302759913,0.01725948953193654
727,0.84432483,0.38195766,0.08053251,0.85413474,0.39462592,0.07411816,0.009809905496332698,0.01266825883157256,-0.006414349754469733,0.017258705352469535
728,0.84167855,0.38037997,0.08961711,0.85165384,0.3930773,0.08299198,0.009975292275840177,0.012697327369330151,-0.0066251306945204905,0.017453393224008185
729,0.8399198,0.37824353,0.09933544,0.85028108,0.39153409,0.09264294,0.01036127509605874,0.01329055955242914,-0.006692492707341699,0.018132414441289785
730,0.89232195,0.36471881,0.04347004,0.90329672,0.37870992,0.03744845,0.010974762622636799,0.013991109683589558,-0.006021587290469152,0.018773813632243154
731,0.88669841,0.36542276,0.04536609,0.89744601,0.37949165,0.03919666,0.01074760310674376,0.014068883107805078,-0.006169426219300255,0.01874850032180069
732,0.87525353,0.36712576,0.04563367,0.88505925,0.38122394,0.03896282,0.009805720610443913,0.014098179413867675,-0.00667084856828818,0.018423111574778005
733,0.86562871,0.36805199,0.04892924,0.87490181,0.38212478,0.04172681,0.009273103620375093,0.014072783816654803,-0.0072024322811587455,0.018327812904686488
734,0.85715005,0.36878157,0.05400025,0.86671977,0.38249862,0.04727019,0.009569725836674687,0.013717045605907672,-0.006730063472009853,0.018028609127743362
735,0.8493453,0.36893104,0.0603238,0.85834786,0.38248484,0.05402492,0.009002565444728884,0.013553805556937892,-0.006298881401547815,0.01744785764994293
736,0.84375192,0.368672,0.06843656,0.85319464,0.3825144,0.06206443,0.009442720583321407,0.013842407002325327,-0.006372135084030958,0.017927111009915828
737,0.83904608,0.36785421,0.07718306,0.84875367,0.38099617,0.07068782,0.009707592746938434,0.013141954815386844,-0.006495241819081422,0.017582277997984938
738,0.83652862,0.36695118,0.08668208,0.8466122,0.38058651,0.08020216,0.010083573450069312,0.013635328987218224,-0.006479920044425127,0.01815461412134003
739,0.8350055,0.3655001,0.09650543,0.84528646,0.37891176,0.08982324,0.0102809589212364,0.013411657191519691,-0.006682188532497255,0.018172019935792223
740,0.91509332,0.3633076,0.05162898,0.92896078,0.37735071,0.04581394,0.013867462049183425,0.014043107271818482,-0.00581503966300676,0.02057498607085034
741,0.90621558,0.35176691,0.04677899,0.91905038,0.36699705,0.04179781,0.01283480035106422,0.015230141299001557,-0.004981185270291063,0.020530501960161512
742,0.89430353,0.36098201,0.0429851,0.90532073,0.37523721,0.03702783,0.011017200176499337,0.014255197653958019,-0.005957263664620173,0.018975730559118692
743,0.90325215,0.37285891,0.04752453,0.91607215,0.38564569,0.04158681,0.012820004741780003,0.012786779632592954,-0.005937715523145012,0.01905546432353599
744,0.89535286,0.3637341,0.04309577,0.90644688,0.37775064,0.03714269,0.0110940210819713,0.014016535364440518,-0.005953081360849825,0.018840906163949043
745,0.9059267,0.37216765,0.0480773,0.91890551,0.38498466,0.04216665,0.012978812882997206,0.012817011842601946,-0.005910654505235167,0.019174493816148306
746,0.91432848,0.36091309,0.05058894,0.92814805,0.37516366,0.04483806,0.013819564293145462,0.014250574747834985,-0.005750878059059615,0.020667168077561728
747,0.90386146,0.35249023,0.04529801,0.91653712,0.36763794,0.040265,0.012675658597480544,0.015147707930200368,-0.005033018833844856,0.020382753862036765
748,0.90142111,0.37166348,0.04615784,0.91331138,0.38480774,0.04016174,0.011890273376646361,0.013144264595862114,-0.005996096568467347,0.018711051995967662
749,0.91368271,0.36578511,0.05088096,0.92745504,0.37942701,0.04506068,0.013772329008537598,0.013641907734003176,-0.005820282381653959,0.02023992045302188
750,0.90836705,0.3529944,0.04721748,0.92151425,0.36824005,0.04211348,0.013147201636981574,0.01524565035453173,-0.005103997172820702,0.02076847497425476
751,0.89599864,0.35886209,0.04280376,0.90733063,0.3734123,0.03689758,0.011331997247409008,0.014550218283572605,-0.00590618105918992,0.019365071350729117
752,0.89656695,0.36683535,0.04362203,0.90793864,0.3803153,0.03767146,0.01137169174383186,0.01347995699597757,-0.005950568100999647,0.018612734201475422
753,0.90890972,0.37052348,0.04905029,0.92204483,0.38344745,0.04316578,0.013135111903741167,0.01292396523253865,-0.005884510030262251,0.019343926704573914
754,0.91332802,0.35783322,0.04944388,0.92680227,0.37249267,0.04398099,0.013474253613695199,0.014659445998330535,-0.005462894443025091,0.020646987264968747
755,0.90102118,0.35381958,0.04401678,0.91298724,0.36857411,0.03839191,0.01196606568087963,0.014754532232908417,-0.0056248702070325115,0.01981217085876812
756,0.89863264,0.36970336,0.04478086,0.91011786,0.38292264,0.03885427,0.011485216264338809,0.013219276448454012,-0.005926585546658304,0.018487397834772278
757,0.91196461,0.36822829,0.0500256,0.92538784,0.38170308,0.04427239,0.013423226990451611,0.013474790671029007,-0.005753208129583171,0.019870893544265716
758,0.91126233,0.35496521,0.04828506,0.92454009,0.37016034,0.0431577,0.013277758621067053,0.015195133614344984,-0.005127355585753239,0.02082020016378018
759,0.89785948,0.35610408,0.04335087,0.90962034,0.37077899,0.03762296,0.011760859699692337,0.014674908906614494,-0.00572791237575349,0.01965908829212562
760,0.90035241,0.35901485,0.0432721,0.91226373,0.37348956,0.03756259,0.01191131584475439,0.014474711886110485,-0.005709509721656495,0.019595796248203214
761,0.90344323,0.35639414,0.04424857,0.91574202,0.3712405,0.03899808,0.012298793260077932,0.014846363816513925,-0.005250482799210481,0.019981051119779394
762,0.90635537,0.35441377,0.04553212,0.91915336,0.36949529,0.04050464,0.01279798276919356,0.015081517023803575,-0.005027472638259081,0.02040872362075336
763,0.89749821,0.36133368,0.04271353,0.9092532,0.37568833,0.03692617,0.011754987512604518,0.014354647465385499,-0.005787362077327977,0.019435256496662976
764,0.89963478,0.36453789,0.0435618,0.91151919,0.37863679,0.03778344,0.011884418166298705,0.014098894381512739,-0.005778360390266599,0.019323759125291953
765,0.90263172,0.36190424,0.04381213,0.91467127,0.3761819,0.03811033,0.012039551571741714,0.014277659124218304,-0.005701795252587107,0.019527232810063678
766,0.90603003,0.35931785,0.04489593,0.91886451,0.37374888,0.03938496,0.01283448263988585,0.01443102420573507,-0.005510975889513168,0.02008355694379953
767,0.9088713,0.35700128,0.04649004,0.92178508,0.37196836,0.04143315,0.012913779764517165,0.014967074783735476,-0.005056894128396125,0.02040468606997399
768,0.90743603,0.36804737,0.04706944,0.92035434,0.38159357,0.04134461,0.012918317893204325,0.013546195325623282,-0.005724824448488562,0.019574369975961767
769,0.91049091,0.36575218,0.04804475,0.92383395,0.37943607,0.0423168,0.013343038429085368,0.013683889503144517,-0.005727946223110003,0.019952315013279983
770,0.91285993,0.36305213,0.04911594,0.92630423,0.37725006,0.04352683,0.013444292751480215,0.014197926047237701,-0.005589106645008554,0.020336376882808132
771,0.90396684,0.37029755,0.04629619,0.91654537,0.38354507,0.04051595,0.012578537338501634,0.013247512690308608,-0.005780248049359469,0.019160570491717918
772,0.90527646,0.36516641,0.04518447,0.91806323,0.37894845,0.03948429,0.012786766596587137,0.01378203579058857,-0.005700178347429618,0.019645303350194578
773,0.91120855,0.36022913,0.04775505,0.9245695,0.37465185,0.04222322,0.013360957174097889,0.01442271617511418,-0.005531825200225351,0.020423785362214966
774,0.90180728,0.36741659,0.04441123,0.91381109,0.38129165,0.03864907,0.012003812818899194,0.013875055321022269,-0.005762158746526866,0.019230474663220695
775,0.90836728,0.3625457,0.04616094,0.92131271,0.37653328,0.04051398,0.012945432577002487,0.01398757502897956,-0.005646961444241081,0.01987774266232952
776,0.88842234,0.36033663,0.0440523,0.89915756,0.37484551,0.03794478,0.010735214306315341,0.014508882155878039,-0.006107526129198477,0.019053985489511528
777,0.8899906,0.35556759,0.0440823,0.9007002,0.37076578,0.03825361,0.010709602027461877,0.015198192580145362,-0.005828689768302725,0.01948471856878918
778,0.89261015,0.35157618,0.04484873,0.9034422,0.36684302,0.03917068,0.01083205358377191,0.015266840396475006,-0.005678052906099289,0.0195614438459335
779,0.89665938,0.34873292,0.04614837,0.90809113,0.36439652,0.04085339,0.011431749955926681,0.015663590606426133,-0.00529497951237315,0.020101487153367584
780,0.9012158,0.34693486,0.0476592,0.91356145,0.36259147,0.04243612,0.012345651589135523,0.015656607251718368,-0.0052230811447117505,0.02061128429863428
781,0.90579325,0.34678801,0.04958098,0.91887188,0.36222952,0.04454241,0.013078628051550752,0.015441513483016221,-0.005038575384052945,0.020853730895400137
782,0.91022698,0.3479432,0.05149813,0.92365649,0.363588,0.04636251,0.013429518412575222,0.015644800567617145,-0.00513561586733538,0.02124820698155582
783,0.91417356,0.35069164,0.05330214,0.92775566,0.36645125,0.04819167,0.013582099472339692,0.015759607858192064,-0.005110474184314552,0.021423249340589413
784,0.91708986,0.35431366,0.05478066,0.93102145,0.36950901,0.04936418,0.013931585576220755,0.015195356180567714,-0.005416488054546291,0.0213149306582715
785,0.9186684,0.35877491,0.05582636,0.9332611,0.37281369,0.04996331,0.014592700673287159,0.01403878095268103,-0.005863049012333433,0.021081025290496172
786,0.91863762,0.36371558,0.05633305,0.93328913,0.37732578,0.05031832,0.014651509677110021,0.013610199115882184,-0.006014735654755704,0.020882559727892516
787,0.91717618,0.36849531,0.05599366,0.93174225,0.38169676,0.04989458,0.014566071623731618,0.013201451460239532,-0.006099071386487834,0.02058269746612952
788,0.91444981,0.37247604,0.05553663,0.92864313,0.3850929,0.04946897,0.014193315509900153,0.012616861242304184,-0.006067656441732846,0.01993619440781093
789,0.91070808,0.37535361,0.05434433,0.92426122,0.38759917,0.0483723,0.013553141277403025,0.01224556414305887,-0.0059720258544719955,0.019217350818296907
790,0.90656596,0.37719668,0.05263143,0.91980912,0.38936426,0.04648326,0.013243160270123008,0.012167580074274905,-0.0061481650230649516,0.01900608407733943
791,0.9015742,0.37729853,0.05091171,0.91396241,0.38975209,0.0445748,0.012388208332588309,0.012453563415488783,-0.006336907980627754,0.0186739216607052
792,0.89714048,0.37614333,0.04899457,0.908748,0.38874881,0.04278944,0.011607518184552789,0.01260547931709505,-0.006205130377479946,0.018224605077201514
793,0.8931939,0.37339489,0.04719055,0.90436,0.38622535,0.04105252,0.01116609892508305,0.012830457347625274,-0.006138028661459079,0.018082527389799947
794,0.89031352,0.36944737,0.04571319,0.90127081,0.38269103,0.03946203,0.010957290516249761,0.013243665385295825,-0.006251157456633499,0.018290266751548604
795,0.88884179,0.3649968,0.04435809,0.89967244,0.37904866,0.03824984,0.010830653082888955,0.01405186140622814,-0.006108255390120378,0.018763492188094158
796,0.89364298,0.36126989,0.05177972,0.9050151,0.37565502,0.04570815,0.011372118440763268,0.014385126786005458,-0.006071571910201256,0.01931633857492006
797,0.88827672,0.36033272,0.04746833,0.89903584,0.37486544,0.04130889,0.010759114556610442,0.014532722838330394,-0.006159437442987228,0.01910228386220008
798,0.87588024,0.35862808,0.04555647,0.88568325,0.3735256,0.03918242,0.009803017900231845,0.014897518898659357,-0.006374044196345734,0.018938417798357587
799,0.86661374,0.3572864,0.04855074,0.87610777,0.37201493,0.04200716,0.009494022779241955,0.014728522753236337,-0.0065435850964183865,0.018705195987731175
800,0.85817298,0.35571601,0.05424867,0.86735902,0.37064492,0.048021,0.009186039057659454,0.01492890977349939,-0.006227668475182944,0.018602137383400812
801,0.85061876,0.35457411,0.06026745,0.85982144,0.36949698,0.05419157,0.009202674052299409,0.014922866803087867,-0.006075881579545234,0.018555255328456782
802,0.84489657,0.35364041,0.0679658,0.85416188,0.36855485,0.06197174,0.009265310013283715,0.0149144447950318,-0.005994055352922764,0.01855304106501704
803,0.84074777,0.35255281,0.07620199,0.85007976,0.36746085,0.07025485,0.009331995608808383,0.01490803504838311,-0.005947142131164188,0.018566209914112956
804,0.8379937,0.35195166,0.08528311,0.84739351,0.36684727,0.07936155,0.009399813685907144,0.014895612739984382,-0.005921559115753778,0.018582266777514497
805,0.83677709,0.35152213,0.09490092,0.84668882,0.36580249,0.08868368,0.00991173473104124,0.014280368362241938,-0.006217237183069138,0.018461458342460033
806,0.89420199,0.35902562,0.05189517,0.90589727,0.3735568,0.04595938,0.011695273851574732,0.014531179774920733,-0.005935793435872005,0.019574684156525596
807,0.88980904,0.35588919,0.04749716,0.90054225,0.37108327,0.04157185,0.01073320461723525,0.015194084615268338,-0.005925316298439171,0.01952360780921198
808,0.8782221,0.35064891,0.04539599,0.8882084,0.3662151,0.03932267,0.009986300310111435,0.015566188598412333,-0.0060733205565960844,0.019465807045900934
809,0.86951462,0.34706296,0.04850572,0.879317,0.36232238,0.04247457,0.009802384093305482,0.015259421463414873,-0.006031150435556148,0.019113122531055043
810,0.86136032,0.34387569,0.05390004,0.87068831,0.35930011,0.04816448,0.009327990406442697,0.015424417311229842,-0.005735555214121502,0.018916147811536315
811,0.85425732,0.34146605,0.06003079,0.86356575,0.35660646,0.05413699,0.009308428397118807,0.015140400786252917,-0.005893798638237537,0.01872472797080765
812,0.84867885,0.3392303,0.06773377,0.85801535,0.3543285,0.06187297,0.009336505054414735,0.015098203074803642,-0.00586080096525268,0.018694251808334797
813,0.84411574,0.33809769,0.07617203,0.85349404,0.35315376,0.07032383,0.009378294963789852,0.015056074540059848,-0.005848200732957394,0.01867723878941017
814,0.84152642,0.33784569,0.08566873,0.85096388,0.35286039,0.07982034,0.009437452987932264,0.015014701323745314,-0.005848387102223858,0.018673789289755018
815,0.84003727,0.33804355,0.09486748,0.84952689,0.3530249,0.08901714,0.00948962225088407,0.014981353346215996,-0.005850338379792073,0.0186740552025188
816,0.89616965,0.35627831,0.05213289,0.90798583,0.37093076,0.04627518,0.011816182669455421,0.01465245333281766,-0.005857710147503617,0.019713683819126877
817,0.89249948,0.35223398,0.04795303,0.90337513,0.3674506,0.04218657,0.010875653625359643,0.015216618431681112,-0.005766465200740505,0.01957236416955108
818,0.8827025,0.34389949,0.04670954,0.89324151,0.35975802,0.04119066,0.010539015302350626,0.015858527049241688,-0.005518873900634002,0.01982477472370897
819,0.87544057,0.33849776,0.05025557,0.885641,0.35435354,0.04476315,0.0102004221148503,0.015855784746755287,-0.005492411894139746,0.019637237832023435
820,0.8682816,0.3337752,0.0562871,0.87845767,0.34952173,0.05079782,0.010176074495987347,0.015746524478126793,-0.0054892764499831995,0.019535549166390755
821,0.86204412,0.33014285,0.06232776,0.87175223,0.3457962,0.05679719,0.009708114248002421,0.015653355899713915,-0.0055305662278787825,0.01923180168305428
822,0.85680907,0.3276159,0.07013924,0.86652146,0.34321527,0.06460494,0.009712392375457882,0.015599370114760572,-0.005534299279970223,0.01919112769360927
823,0.8526962,0.32620279,0.07837659,0.86243098,0.34175787,0.07283514,0.009734780771234857,0.015555074636276792,-0.005541452979417067,0.019168568144940713
824,0.84979939,0.32591646,0.08776595,0.86020666,0.34120311,0.08190866,0.0104072719731462,0.015286649622149451,-0.005857292777898938,0.019398475333887027
825,0.84813157,0.32675466,0.09727179,0.8585907,0.34200555,0.09140339,0.010459135862961358,0.015250886388749912,-0.005868393734191649,0.019401574772732796
826,0.89863058,0.35556567,0.05330447,0.91064132,0.37022206,0.04751246,0.012010744496693758,0.014656388313169589,-0.005792006324687067,0.019814515866316
827,0.89582691,0.34931139,0.0493474,0.90727238,0.3649168,0.04394648,0.011445471832753195,0.015605410668341745,-0.005400918758781935,0.020092227129935192
828,0.88949912,0.33872673,0.04887715,0.90043913,0.3547228,0.04356581,0.010940011283766881,0.015996077568217623,-0.005311335952551181,0.020093994975072638
829,0.88364682,0.33183472,0.05285832,0.89454299,0.34780129,0.04756635,0.010896167340124413,0.01596657162874507,-0.0052919690085214705,0.020041527094186027
830,0.87786154,0.3259474,0.05932384,0.88876942,0.34182862,0.05399797,0.010907875594645233,0.015881222704865108,-0.005325863907386106,0.01998899224447741
831,0.87265433,0.32144148,0.06568999,0.8833404,0.33742604,0.06031872,0.010686064894529758,0.01598456762552301,-0.0053712701097184895,0.019963690232433853
832,0.86841363,0.31836647,0.0738258,0.8791178,0.3342879,0.06841518,0.010704173579975154,0.0159214294974367,-0.005410618921451501,0.01993354073879637
833,0.86433669,0.31662785,0.08206431,0.87505339,0.33249758,0.0766196,0.01071670081975932,0.015869728691422124,-0.005444706330755609,0.019908309627583824
834,0.86106052,0.31695823,0.09134402,0.87179766,0.33277711,0.08586359,0.010737139287094286,0.015818879715919363,-0.005480428776951563,0.019888645381634908
835,0.85874178,0.31805329,0.10063402,0.87030153,0.33332849,0.09445952,0.011559742297839041,0.015275194291283845,-0.00617450016948399,0.02012669011466807
836,0.90061926,0.35446956,0.05395313,0.91278525,0.36918675,0.04822012,0.012165990146056984,0.01471719834236899,-0.005733004937887418,0.01993676475510572
837,0.90038333,0.34751333,0.05085823,0.91274137,0.36311793,0.04554374,0.012358036861557653,0.015604596379939934,-0.005314487751690512,0.020602628068169378
838,0.89700263,0.33561001,0.05135981,0.90896569,0.35182611,0.04641386,0.011963054193192124,0.016216101774528046,-0.004945952032958019,0.020749435267096425
839,0.89341058,0.32798173,0.05609583,0.90533969,0.34480334,0.0515771,0.011929104122195451,0.0168216095421842,-0.004518730742578993,0.02111134766593103
840,0.88927056,0.32128949,0.06310151,0.90132305,0.33811897,0.05847453,0.012052489839837463,0.01682947527586401,-0.004626972285909526,0.021210908088407674
841,0.88525838,0.31625915,0.07020873,0.89751133,0.33341502,0.06579528,0.012252950148709354,0.017155870283267302,-0.004413446215903413,0.021539201007087585
842,0.8813611,0.31289295,0.07845303,0.8935245,0.32988375,0.07382578,0.01216340463404429,0.0169908019728137,-0.004627255669480916,0.021402038664613317
843,0.87759165,0.31118865,0.08679888,0.88977009,0.32813474,0.08212766,0.012178441524777395,0.016946083044797958,-0.004671224763652968,0.021384679313147904
844,0.87400799,0.31148471,0.09597125,0.8863288,0.32737286,0.09032742,0.012320810257152185,0.015888151630034503,-0.005643826860470906,0.02088273232224862
845,0.87103833,0.31283664,0.10504542,0.88339452,0.32867124,0.09934864,0.012356182602903505,0.01583460875971978,-0.005696776320727911,0.020877340432586135
846,0.903187,0.35376761,0.0548153,0.91612935,0.36853538,0.04922791,0.01294235062249754,0.014767771737842331,-0.005587388946696167,0.020415935858498862
847,0.90461735,0.34765766,0.05267152,0.91770715,0.36302532,0.04749772,0.01308979715815708,0.015367658806640089,-0.005173796805285479,0.020839287421151955
848,0.90492756,0.335179,0.05477402,0.9178781,0.35140854,0.05028824,0.012950535915549758,0.016229539640164176,-0.0044857807012553975,0.021242329578729353
849,0.90338115,0.32778029,0.0605708,0.91661029,0.34474259,0.05624775,0.013229137758938537,0.0169622929552006,-0.004323048991128233,0.02194124473959297
850,0.9011929,0.32130469,0.0679111,0.91446584,0.33829869,0.06359179,0.0132729398475751,0.016993996901010062,-0.004319314421009955,0.021991437877874904
851,0.89875412,0.31612045,0.07555617,0.91245588,0.3336329,0.07134677,0.013701765369952776,0.017512446667800045,-0.004209400526597215,0.0226305814184942
852,0.89547182,0.31282291,0.08401515,0.90933698,0.33033032,0.0796708,0.013865163726753534,0.01750741473144148,-0.00434435439650622,0.022751390086559964
853,0.89200987,0.31115293,0.09246834,0.90644255,0.32822651,0.08765523,0.01443267877504335,0.017073577761601885,-0.004813109184602081,0.02286865309168763
854,0.88842621,0.31144898,0.10164071,0.90289506,0.32846616,0.09676143,0.014468851958521019,0.017017174929728145,-0.004879275800924275,0.022863491682769077
855,0.88453407,0.31269794,0.11039286,0.89874821,0.32861073,0.10443927,0.014214143229942884,0.01591278867665268,-0.005953596235327819,0.02215184008976334
856,0.90512485,0.35497373,0.05587259,0.91840911,0.36973054,0.05023887,0.013284259265916379,0.01475681870132069,-0.005633716189048236,0.02063913759163588
857,0.9088504,0.34878922,0.05417192,0.9222935,0.36438533,0.0488716,0.013443100206310598,0.015596108216764399,-0.005300320723095146,0.02126144243539478
858,0.91267185,0.33736279,0.05786956,0.92648103,0.35328529,0.05290344,0.01380917298759701,0.015922498805177994,-0.004966127454915802,0.02165367517768617
859,0.9132779,0.33020435,0.0644177,0.92747409,0.34672045,0.05964798,0.014196196727282378,0.01651610523246461,-0.004769723803696297,0.022294932131161443
860,0.91279186,0.32424951,0.07271027,0.92735938,0.34129743,0.06801253,0.014567516270942892,0.01704791315544287,-0.004697740690874375,0.022910972062712767
861,0.91189054,0.31923689,0.08089203,0.92704538,0.33611956,0.07580679,0.015154836559056608,0.016882666853538203,-0.005085234063405875,0.023249798207702784
862,0.90922323,0.316008,0.08956568,0.92443437,0.33286028,0.08438871,0.015211131258127734,0.016852278986409484,-0.005176974774282006,0.02328473510696056
863,0.90626946,0.31439598,0.09854294,0.92151728,0.33119419,0.09327964,0.015247822022711476,0.016798206574403174,-0.005263298856649474,0.02328901319092363
864,0.90207081,0.31462339,0.10750064,0.91833485,0.33058307,0.10049955,0.016264038529126012,0.01595968243261227,-0.007001082482230323,0.023837901932630738
865,0.89756369,0.3158037,0.11603812,0.91387031,0.33172405,0.10894359,0.01630661971640597,0.015920352588756768,-0.007094529828135137,0.023868301711854435
866,0.90713358,0.35651605,0.05661931,0.92051823,0.37123754,0.05097314,0.013384658414269798,0.014721490447228047,-0.005646176089093354,0.02068213398766093
867,0.91252542,0.35117783,0.05586976,0.92626127,0.36676745,0.05043126,0.013735849681901622,0.015589621568802088,-0.005438491469179481,0.02147759429271803
868,0.9189926,0.34202634,0.06125262,0.93359924,0.3575451,0.055971,0.01460664751592102,0.01551876435948945,-0.005281619664269359,0.02195635910568322
869,0.9216433,0.33608471,0.06854864,0.93707585,0.35188253,0.06304721,0.01543254888667726,0.015797823467171703,-0.005501428428528914,0.022759624473919396
870,0.92231538,0.33091819,0.07726824,0.93807788,0.34707458,0.07200059,0.015762502632467403,0.01615638791567635,-0.00526764999327343,0.023178297956752306
871,0.92253624,0.32701941,0.08587587,0.93878081,0.34267394,0.07986601,0.016244566702756508,0.0156545298589102,-0.006009859239829898,0.023346705560879148
872,0.92034118,0.32417399,0.09507244,0.93716651,0.34005211,0.08852616,0.016825337220301908,0.01587812294223329,-0.006546287418612116,0.024042891667031885
873,0.91780171,0.32260698,0.10384764,0.93474546,0.33844347,0.09712404,0.016943753330655637,0.01583648738611604,-0.006723599444498762,0.02414729589727969
874,0.9133315,0.32247455,0.11269916,0.93035432,0.33783173,0.1054499,0.017022824077090475,0.015357175457972098,-0.007249252588997014,0.024045187474952066
875,0.9083162,0.3235969,0.12071256,0.92536273,0.33890138,0.11338671,0.01704653002576168,0.015304479832524172,-0.007325853725771368,0.024051599150050958
876,0.90907143,0.35772217,0.0576766,0.9228228,0.37224778,0.05182096,0.013751371171473297,0.01452561434061106,-0.0058556422831972064,0.020841838393398975
877,0.91513423,0.35476552,0.05724094,0.929174,0.36976487,0.05145989,0.014039769878914815,0.014999355024521353,-0.005781053198269545,0.021342829369269206
878,0.9240814,0.34852705,0.06358057,0.93952278,0.3634572,0.05793845,0.015441374186644055,0.014930154962022877,-0.005642114766534352,0.022207634340485675
879,0.92798311,0.34437392,0.07171689,0.94369681,0.35921959,0.06592324,0.015713700776831038,0.014845670945870602,-0.005793644095219095,0.02238036304082027
880,0.92994212,0.34067039,0.08127794,0.94625069,0.35603649,0.0750791,0.016308570427493122,0.015366100349960594,-0.006198840373736225,0.02324891677761836
881,0.93056336,0.33780611,0.09040617,0.94760761,0.35294611,0.0833351,0.0170442471688227,0.01513999843211708,-0.007071065547248035,0.02386893131352777
882,0.92932573,0.33572537,0.09961303,0.94655363,0.35086524,0.09230417,0.017227905929942732,0.015139867339668303,-0.007308862101070045,0.024071472555831912
883,0.92664352,0.33447319,0.10869647,0.94398752,0.34960649,0.1012183,0.0173440040081333,0.015133296370711636,-0.00747816771014732,0.024202357868171192
884,0.92200855,0.33399161,0.11713241,0.93940143,0.34882969,0.10932805,0.017392875653977975,0.01483807772313532,-0.0078043542306769735,0.024157578914088845
885,0.91634332,0.3343836,0.12524286,0.93372361,0.34918548,0.1174115,0.017380288887945516,0.014801882855354564,-0.00783135207720295,0.02413504201879899
886,0.91007189,0.36080203,0.05882166,0.92389365,0.37502053,0.05287818,0.013821753930189317,0.014218499803295028,-0.005943480278264884,0.02070100423122338
887,0.91660596,0.35921609,0.05859604,0.93118713,0.37321432,0.05264008,0.014581171651517092,0.013998232641100727,-0.005955959738508216,0.021072127092728783
888,0.92676722,0.35607886,0.06546192,0.94242786,0.3704288,0.05926441,0.015660635306989922,0.014349940477613822,-0.006197512720497286,0.02212657799684182
889,0.93168332,0.35401611,0.07402064,0.94787555,0.36826793,0.06734842,0.016192228537124324,0.014251817945886298,-0.006672212938071248,0.022579216223157866
890,0.93438515,0.35204312,0.08389791,0.95087808,0.36611898,0.07687515,0.016492927188462646,0.014075860802978173,-0.007022759295442907,0.02279178915114997
891,0.93537085,0.35053885,0.09354557,0.95266528,0.3650176,0.08579832,0.01729442566352936,0.014478744848773293,-0.007747256175098169,0.023848504977667235
892,0.93440478,0.34881796,0.10285862,0.95188223,0.3633789,0.09490982,0.017477456040875534,0.01456094078946856,-0.007948795960544703,0.02409700860184761
893,0.93188732,0.34791493,0.11235764,0.94962684,0.36231787,0.1041768,0.017739516697459115,0.014402947433766829,-0.008180832435003466,0.024270586452924577
894,0.92698079,0.34707351,0.12068739,0.94470692,0.36149573,0.11250605,0.017726122174433968,0.014422228515637764,-0.00818134487216255,0.024272422347542802
895,0.92115081,0.34711635,0.12838226,0.93883138,0.36131383,0.12010286,0.017680570379054038,0.014197488252627224,-0.008279404270769791,0.024139589406015426
896,0.9101638,0.36278944,0.05892204,0.92399371,0.37682298,0.0529295,0.013829907308739776,0.014033543779775032,-0.0059925431837744205,0.020594107433841304
897,0.91664704,0.36350572,0.05910505,0.93129085,0.37710727,0.05301308,0.01464381921717669,0.013601549364970163,-0.006091970614635232,0.02089391519947022
898,0.9268853,0.36433262,0.0664811,0.94259636,0.37812888,0.06005626,0.015711058948159308,0.013796256518393212,-0.00642484067820287,0.021873560408267653
899,0.93144307,0.36453778,0.0753411,0.94779271,0.37810107,0.06812909,0.016349634120712712,0.01356329499928713,-0.007212010076599094,0.02243404993450419
900,0.93392932,0.36451787,0.08521142,0.95077225,0.37788862,0.07748517,0.016842928963748244,0.013370749875671484,-0.0077262496391516736,0.022850736132609163
901,0.93491404,0.36400084,0.09454621,0.95221994,0.37753279,0.08636782,0.017305900190939992,0.013531958009523072,-0.00817839016028638,0.023441291231588363
902,0.93400492,0.36360563,0.10427135,0.95145628,0.3771825,0.0959243,0.01745135410599843,0.013576871247917302,-0.008347050458292303,0.02363375645911478
903,0.93159428,0.36271329,0.11346097,0.94908149,0.37634796,0.10505656,0.017487219263376187,0.013634669404117743,-0.008404408599890424,0.023713732967183633
904,0.92668775,0.36187187,0.12179073,0.94411926,0.37553931,0.11342502,0.01743151337465519,0.013667447641648442,-0.008365713685957147,0.023677878896628285
905,0.92100149,0.36061265,0.12949024,0.93885297,0.37405294,0.11990716,0.017851487569056225,0.01344028810632265,-0.009583074353962022,0.024313623071905422
906,0.90960479,0.36503371,0.05880659,0.92340636,0.37886239,0.05276007,0.013801567183756837,0.013828675369881862,-0.006046520958078978,0.020451795395754847
907,0.91552902,0.36799427,0.05887415,0.9301091,0.3812105,0.0526869,0.014580085639182483,0.013216226969556478,-0.006187245222937766,0.02062836774942442
908,0.92475706,0.37233317,0.06602278,0.94010243,0.38486775,0.05917362,0.015345374135753124,0.012534576211024367,-0.006849155844655169,0.020964423291390418
909,0.9289565,0.37480623,0.07518407,0.94490793,0.38720259,0.06777909,0.01595143246466881,0.012396355185703195,-0.00740497466144698,0.02151630705538644
910,0.93084879,0.37636889,0.08525065,0.94729796,0.38889223,0.0775401,0.01644916514564897,0.012523345883628302,-0.007710555543318945,0.02206494715371939
911,0.93165385,0.37747942,0.09457965,0.94824891,0.39004543,0.08675933,0.016595053469618183,0.012566012925535268,-0.007820321888652842,0.022236409668522226
912,0.93036539,0.37770091,0.10419514,0.94742749,0.39064285,0.09591724,0.01706210507830585,0.012941943077222873,-0.008277897846888016,0.02295937527636021
913,0.92788288,0.3774596,0.11338244,0.94500364,0.39049372,0.10504264,0.017120760096731892,0.01303412047585032,-0.008339794866129707,0.0230772810633738
914,0.92335571,0.37600147,0.12182185,0.9410173,0.38854573,0.11263005,0.017661595931811224,0.012544258385407554,-0.009191804673328072,0.02353252350367581
915,0.9177413,0.37409123,0.12952367,0.93608022,0.38673531,0.11907907,0.018338913531019855,0.012644079054801903,-0.010444609486185441,0.02460240541006546
916,0.90767307,0.36745551,0.05857003,0.92140198,0.38078739,0.05231941,0.013728910340307873,0.013331880032162213,-0.00625062180922594,0.020131872176381137
917,0.91294539,0.37166017,0.05810888,0.92734805,0.38454622,0.05187921,0.014402653536576507,0.012886053292664873,-0.0062296704548192375,0.020305063219101454
918,0.91986236,0.37903757,0.0649113,0.93483424,0.39089453,0.05795666,0.014971885685255884,0.01185695247401663,-0.006954632479148391,0.020325146884179825
919,0.92261624,0.38332642,0.07363628,0.93826301,0.39492786,0.06616246,0.01564676726401048,0.011601438573888782,-0.0074738234111204,0.02086319101140657
920,0.9238207,0.38645868,0.083173,0.93965894,0.39805427,0.07560079,0.01583823473110932,0.011595587143231865,-0.0075722040106179205,0.021039144330804418
921,0.92376024,0.38879193,0.09259208,0.93985793,0.40035848,0.08464946,0.01609769063896566,0.011566546806760601,-0.007942623956131585,0.021354295217809034
922,0.92209242,0.38963013,0.10209792,0.93821786,0.40134452,0.09413663,0.016125439917261453,0.011714385362075443,-0.007961289727946295,0.0214624968507562
923,0.91926649,0.38968001,0.11117672,0.9353884,0.40150003,0.10322011,0.016121916697282555,0.011820017939851733,-0.00795661405565763,0.021515964522261684
924,0.91518955,0.38794138,0.11941523,0.9324399,0.39947014,0.11025363,0.01725035058462726,0.011528753252080966,-0.009161603004173362,0.02268086674812045
925,0.90964701,0.38538011,0.12711937,0.92675946,0.39717523,0.11764341,0.017112449731789516,0.011795115246852934,-0.009475959728601472,0.02284194589538384
926,0.90559051,0.36853868,0.05719523,0.91891643,0.38169038,0.05106309,0.013325916713724845,0.013151702554717483,-0.006132146347766636,0.01970153687353657
927,0.90951115,0.37457206,0.05702391,0.92321192,0.38678621,0.05060605,0.013700762723931134,0.012214150125165472,-0.006417867772159109,0.01944441794547883
928,0.91368072,0.38427899,0.06295836,0.92823791,0.39595451,0.05615608,0.014557183962950849,0.01167551678101987,-0.006802277659098064,0.01986203107405017
929,0.91448087,0.39032567,0.07072297,0.92936511,0.40181205,0.0636631,0.01488424049945353,0.011486376700777087,-0.007059864488524381,0.02008280736236981
930,0.91389734,0.39457768,0.08002776,0.92918718,0.40586194,0.07259505,0.015289847253563138,0.011284264864880628,-0.007432705114509517,0.020404880982189715
931,0.91315003,0.39749331,0.08922985,0.92852898,0.40879837,0.08172519,0.015378956204860583,0.011305068777409224,-0.007504662333529488,0.02050943272626693
932,0.91059467,0.39889025,0.09810196,0.92631064,0.41021271,0.09033339,0.015715971837492876,0.01132246324720426,-0.007768567552326048,0.020869609162517
933,0.90776874,0.39894012,0.10718076,0.92351537,0.41038322,0.09940509,0.015746628312447348,0.011443092206856485,-0.007775670433279531,0.020960956875867225
934,0.90358499,0.39719081,0.11572867,0.91922911,0.40882084,0.10786016,0.01564411946771359,0.011630029863261226,-0.00786851050987971,0.02102164423123298
935,0.89903679,0.39408148,0.12375714,0.91541451,0.40535472,0.11494421,0.016377713793223985,0.011273238190372868,-0.008812935652604843,0.021748177928428716
936,0.90329434,0.36960047,0.05643924,0.91633435,0.38260423,0.05031218,0.013040009275984804,0.01300376372234474,-0.006127053887527749,0.019408258608257664
937,0.90499066,0.37604461,0.05551424,0.91823036,0.38832575,0.04918369,0.01323969498072933,0.012281134305473786,-0.0063305443059486445,0.019136132687181423
938,0.90597653,0.38737207,0.06005895,0.91983767,0.39879483,0.05351697,0.013861145995780476,0.01142275603893962,-0.0065419853421469385,0.019115655784156034
939,0.90482392,0.39418935,0.06717606,0.91860222,0.40529529,0.06031809,0.013778300372552921,0.011105940511655527,-0.006857969705698303,0.01897933677157869
940,0.90304536,0.39896577,0.07573978,0.91716087,0.40994952,0.0686108,0.014115509012082977,0.010983740665251367,-0.007128986514873046,0.01925389836892607
941,0.90061686,0.40301184,0.08440055,0.91482,0.41402575,0.07720596,0.0142031355371967,0.011013911549760742,-0.0071945888418025825,0.019359685310369152
942,0.8976472,0.40436377,0.09347472,0.91216576,0.41532033,0.08606509,0.014518554854620764,0.010956561497100236,-0.007409635236090225,0.01964019779020266
943,0.89417035,0.40467051,0.10233769,0.90871751,0.41569555,0.09491457,0.01454715414454323,0.01102503755611869,-0.0074231177308804255,0.019704665022918816
944,0.89060159,0.40298985,0.11110028,0.90517016,0.41407938,0.10367056,0.014568564198261715,0.011089536618328384,-0.007429718414552786,0.01975908907130245
945,0.88639682,0.39958933,0.11923724,0.90164735,0.4109552,0.1115085,0.015250531546027542,0.011365873648500445,-0.007728745175467245,0.02053035065987345
946,0.90061979,0.37029173,0.05588646,0.91350258,0.38326371,0.04973568,0.012882787110926821,0.012971982144275132,-0.006150780442588306,0.019289132291261363
947,0.90061389,0.37621511,0.0540092,0.91302089,0.38875853,0.04755601,0.012406995562902525,0.01254342864837338,-0.006453181024111777,0.01878602370073756
948,0.89798072,0.38746688,0.0569553,0.91044814,0.39918328,0.05047982,0.012467425177595635,0.011716397641527718,-0.006475478858697958,0.01829323620092372
949,0.89463973,0.3943694,0.06331989,0.9070692,0.40548765,0.05644022,0.01242946727205304,0.011118253287621683,-0.006879671127269093,0.018039874934547853
950,0.89067279,0.39923108,0.07113109,0.90313506,0.41043135,0.06415289,0.012462274821248192,0.011200278468256896,-0.006978200002479913,0.018150752236792456
951,0.88715706,0.40282502,0.07905427,0.89965409,0.41411442,0.07201836,0.012497030790505946,0.011289403591772313,-0.007035905816765723,0.018251859705223823
952,0.88353648,0.40443382,0.0879126,0.89639696,0.41567311,0.08073017,0.012860474648234668,0.011239288885081397,-0.007182427690994668,0.018528375275683722
953,0.87971621,0.40503175,0.09666708,0.89259532,0.41633043,0.0894578,0.012879112538579861,0.011298686288349779,-0.007209271668944373,0.018587776887529942
954,0.87659768,0.40307058,0.10522876,0.88949148,0.41442372,0.09800134,0.012893802766317883,0.01135313690434562,-0.007227414026918726,0.018638116344256002
955,0.87320857,0.39976235,0.11399714,0.88610488,0.41116684,0.10675828,0.012896304198678028,0.011404490726354619,-0.007238861248209227,0.018675603949623004
956,0.89878875,0.3690963,0.05451977,0.91084405,0.38271648,0.04832429,0.012055299155521174,0.013620186986953805,-0.006195486448421429,0.019215196684428417
957,0.89659447,0.37510492,0.05188999,0.90823923,0.38780241,0.04550004,0.011644756225374342,0.012697488783238654,-0.006389949032145712,0.018375473261450597
958,0.89030731,0.38561929,0.05354921,0.90170413,0.39789578,0.04704511,0.011396824771882225,0.0122764833261343,-0.006504091143640999,0.01796949802700763
959,0.88464912,0.3919324,0.05874685,0.89617283,0.40367896,0.05201338,0.01152371077863803,0.011746564178983895,-0.0067334681558045,0.0177796871042749
960,0.87918063,0.39629694,0.06602252,0.89031202,0.40783846,0.05931249,0.0111313844593227,0.011541516876159206,-0.006710029378658851,0.017382141008701536
961,0.874399,0.4000791,0.07351519,0.88551288,0.4116609,0.06678404,0.011113879120537374,0.011581792819123025,-0.0067311555119170426,0.017405880860692384
962,0.86954845,0.4015506,0.08194418,0.8807084,0.41306696,0.07507834,0.011159949802602497,0.011516358537582911,-0.0068658350536507495,0.017444502989386247
963,0.86576411,0.40182302,0.09069981,0.87745212,0.41364591,0.08364141,0.011688010560129424,0.011822887710289188,-0.007058401700206463,0.01806132052828036
964,0.86253877,0.39985117,0.09957089,0.87425743,0.41171287,0.09249281,0.011718659011908621,0.011861698262976028,-0.00707807751179703,0.018114249528541956
965,0.86017896,0.39665659,0.10835188,0.87192585,0.40854722,0.10125914,0.011746898547657196,0.011890625424448804,-0.007092737505601847,0.01815718931434241
966,0.89678002,0.36755397,0.05377305,0.90870871,0.38129582,0.04757304,0.011928690907919304,0.013741844691006021,-0.006200007659907574,0.019224257001801647
967,0.89291945,0.37271632,0.05019215,0.90413426,0.38563332,0.04381379,0.011214804143839296,0.01291700168164778,-0.0063783599678555805,0.01825662182080544
968,0.88377294,0.38093437,0.05078495,0.89459133,0.39367937,0.04443753,0.010818388166555594,0.012745000445773525,-0.006347416305994427,0.01788189734470706
969,0.87652033,0.38575016,0.0550338,0.88664941,0.39806213,0.0486149,0.010129083409916882,0.012311969870435672,-0.006418908521790352,0.01718677745904339
970,0.86958624,0.38929206,0.06177511,0.87960679,0.40161986,0.0553392,0.010020550535925092,0.012327802475240755,-0.006435913910018833,0.01714080321247387
971,0.86337493,0.39192606,0.06873457,0.87362766,0.40403668,0.06206473,0.01025273216140926,0.012110624552466986,-0.006669843304779084,0.017212569637759446
972,0.85866712,0.39308274,0.07685531,0.86895014,0.40521492,0.07018395,0.010283011157229006,0.012132185570417033,-0.006671364088793487,0.01724637190773685
973,0.85426779,0.39328651,0.08539627,0.86458014,0.40544151,0.07872305,0.010312346704214227,0.012155002107385638,-0.006673220845089364,0.01728063792878615
974,0.85165744,0.3913833,0.09448203,0.86201282,0.40357069,0.08780236,0.010355376550946127,0.012187391348166758,-0.006679664390382748,0.01733159680333587
975,0.84953326,0.38887408,0.10336804,0.86045367,0.40120876,0.09640394,0.010920407066531494,0.012334681575642416,-0.0069641007314437085,0.01788570264398182
976,0.89457061,0.36598802,0.05260958,0.9063592,0.37987807,0.04641219,0.01178859182185503,0.013890055816258717,-0.006197392524960909,0.019243498170279
977,0.89000315,0.3690943,0.04871363,0.90099544,0.38236818,0.04238478,0.010992288919588731,0.013273874162038683,-0.006328850502332279,0.018359752167233165
978,0.87848345,0.37441002,0.04804026,0.88865799,0.38762584,0.04152464,0.010174531441684776,0.013215815868371962,-0.006515625050608036,0.017906206994354086
979,0.87018052,0.37746095,0.05186556,0.88009937,0.39074462,0.04522838,0.009918853042135547,0.013283667182207892,-0.006637174565332309,0.0178575347035878
980,0.8619595,0.37953986,0.05776541,0.87163234,0.39238526,0.05120988,0.009672839746907011,0.012845395254887622,-0.006555529247489661,0.01736499270769573
981,0.855241,0.38112867,0.06451367,0.86495236,0.39388439,0.05802317,0.009711358514866993,0.012755714808142688,-0.00649050306444019,0.017295819567180324
982,0.84968257,0.38153135,0.07231472,0.85944749,0.39423969,0.06586809,0.009764916708532839,0.012708338275438828,-0.006446635302453155,0.01727467993250244
983,0.84531917,0.38140961,0.08085684,0.85513915,0.39408497,0.07444055,0.009819983217987485,0.012675364177345588,-0.00641628787195773,0.017270369929035204
984,0.84267289,0.37983191,0.08994144,0.85265847,0.3925347,0.08331387,0.00998557778387825,0.012702792415894762,-0.006627566690685817,0.017464173014451172
985,0.84143526,0.37775118,0.0991483,0.85180543,0.39104214,0.09245435,0.01037017091206212,0.013290962143830042,-0.006693952569241108,0.018138332901712666
986,0.89359215,0.36357213,0.05218835,0.90530444,0.37768221,0.04601235,0.01171228533656824,0.01411008290127555,-0.006175999649234846,0.01934980720713798
987,0.88842461,0.36463305,0.04766793,0.89927363,0.37872214,0.04150881,0.010849019373284374,0.01408909521759828,-0.006159119305358176,0.018818569978350803
988,0.87579763,0.36685821,0.04615891,0.88565637,0.38095752,0.03951432,0.009858739498826565,0.014099310054321435,-0.0066445893336620435,0.01844277245770353
989,0.86658712,0.36782945,0.04925241,0.87585441,0.38193668,0.04199351,0.00926728603800348,0.014107232317942985,-0.0072588945284976555,0.018373571888950783
990,0.85793077,0.36821214,0.05494338,0.86753439,0.38193605,0.0482105,0.009603621792156177,0.013723906070887254,-0.0067328831713514845,0.018052890770410734
991,0.85043351,0.36839593,0.06137427,0.85980388,0.38228689,0.05491811,0.009370366649156553,0.013890956875961827,-0.006456160164595834,0.017956738516233136
992,0.84463945,0.36811325,0.0690703,0.85409914,0.3819576,0.06269458,0.009459686996089203,0.013844349940892469,-0.006375715674216375,0.01793882531573115
993,0.84034792,0.36734048,0.07761473,0.85034578,0.38100704,0.07110958,0.0099978681889222,0.013666557349816387,-0.006505147083816532,0.01813971049110127
994,0.83762977,0.36641382,0.08669701,0.84771915,0.38005402,0.08021653,0.01008938054547602,0.01364020490236226,-0.00648048222738903,0.018161702548752486
995,0.83662777,0.36501843,0.09600889,0.84691358,0.37843442,0.08932532,0.010285813862234212,0.01341598657978204,-0.006683570583418912,0.018178470190336807
996,0.90756112,0.36282967,0.05837158,0.9212758,0.37683607,0.05236714,0.013714683678107655,0.014006395764549514,-0.006004442397241143,0.020501829167309193
997,0.90261505,0.35601414,0.05573539,0.91553177,0.37063826,0.05009208,0.012916724697949614,0.014624127767306053,-0.005643307635753358,0.02031142070237495
998,0.8957825,0.36151242,0.05356662,0.90762838,0.37572851,0.04743714,0.011845877579768032,0.014216087200077842,-0.006129485636214362,0.019493397474007093
999,0.90076449,0.36800244,0.05620397,0.9135273,0.38141898,0.05003218,0.012762800583108082,0.01341653524896095,-0.00617179414453299,0.01951879964990899
1000,0.89625376,0.36288312,0.05377666,0.90813828,0.37699072,0.04763591,0.011884519401869173,0.014107599620615249,-0.006140753995335641,0.01944157987665146
1001,0.90237382,0.36752304,0.05674298,0.91527044,0.38107528,0.05078331,0.012896615104675274,0.013552244622414708,-0.005959674162709928,0.01963424894386284
1002,0.90708985,0.36145897,0.05816155,0.92078353,0.37557969,0.05218653,0.013693674898816455,0.014120713378487294,-0.005975016091727143,0.02055753136561548
1003,0.90100572,0.35649354,0.05519639,0.91351243,0.37099609,0.0493596,0.012506704047282814,0.014502544380229822,-0.005836782219372539,0.020020226429869354
1004,0.89960638,0.36721412,0.05577694,0.91172949,0.38096934,0.04960139,0.012123105289613481,0.013755218216915225,-0.006175552953369748,0.019347174582814014
1005,0.90680241,0.36406308,0.05815227,0.92047846,0.37795773,0.05211814,0.013676055947326323,0.01389465121401353,-0.00603413554187129,0.020408494074065378
1006,0.90377316,0.35680246,0.05616242,0.91675708,0.37140585,0.05051689,0.012983914485405706,0.014603386547438188,-0.005645532303207599,0.02033993532449863
1007,0.89654121,0.36027901,0.05378593,0.90842895,0.37456859,0.04768241,0.011887738546930917,0.014289580694613781,-0.0061035205324867494,0.019564340190217338
1008,0.8972332,0.36431178,0.05451078,0.90919271,0.37829899,0.0483581,0.011959511970255054,0.01398720615599381,-0.006152675283764828,0.019404310752108554
1009,0.90405501,0.3663926,0.0572843,0.9173121,0.37971652,0.05118143,0.01325708631514431,0.0133239229209299,-0.006102869756626989,0.019761636542463278
1010,0.90614634,0.3597048,0.05742859,0.91949268,0.37411765,0.05169716,0.01334633847050431,0.014412849935384312,-0.00573143167180571,0.02046226533983343
1011,0.89963203,0.3576583,0.0547624,0.91173423,0.37219213,0.04895707,0.012102205849693513,0.014533826756984012,-0.005805332634198043,0.019783765911071255
1012,0.89828352,0.36607665,0.05493433,0.91031334,0.37992325,0.0487672,0.012029822578542565,0.013846597042493919,-0.006167135540987726,0.01935144546821575
1013,0.90542871,0.36522784,0.05771829,0.91878324,0.37880623,0.05160729,0.013354526907290783,0.013578387701037933,-0.0061109956631421785,0.020001506680052735
1014,0.90506009,0.35826545,0.05700388,0.91835335,0.37277598,0.05129431,0.01329325560912649,0.014510538675752496,-0.005709568433262141,0.020490621001916592
1015,0.89795084,0.35878874,0.05422108,0.90993292,0.3732579,0.04836617,0.011982088564465247,0.014469161159157407,-0.005854905908036015,0.01967757592307328
1016,0.89913096,0.36024104,0.05537193,0.91152181,0.3744974,0.04944321,0.01239085478266603,0.014256361829739765,-0.0059287169679235995,0.019797141706603096
1017,0.90050465,0.35907628,0.05580592,0.91298599,0.37341025,0.04991321,0.012481331798103776,0.014333970746448921,-0.0058927032877708055,0.019899002810495673
1018,0.90229265,0.35795653,0.05603784,0.9151861,0.37244912,0.05035503,0.01289344569995264,0.014492587753058462,-0.005682809046667493,0.02021312347111681
1019,0.89782814,0.361742,0.05462739,0.90981417,0.37591098,0.04851825,0.011986033412027391,0.014168985141187512,-0.006109136675664995,0.019538338921397197
1020,0.89880758,0.36317066,0.0553615,0.91086726,0.37722801,0.04923921,0.012059679048459664,0.014057347807782153,-0.006122287019656454,0.019507108563082038
1021,0.90007447,0.36199521,0.05610489,0.91253193,0.37612639,0.0501555,0.012457463183299669,0.014131181767051318,-0.005949391527005802,0.019755352354192998
1022,0.90179159,0.36053926,0.05664737,0.91466266,0.37462002,0.05081233,0.012871068319271478,0.01408075575677071,-0.005835036442520511,0.019949429381481764
1023,0.90327209,0.35938519,0.05677195,0.91622283,0.37379211,0.05106806,0.012950732585583139,0.014406918653630509,-0.005703897106049294,0.020194435416520294
1024,0.90255446,0.36490824,0.05706165,0.91546719,0.37865923,0.05114796,0.012912732023326249,0.013750989820357443,-0.005913688649167,0.0197686641628891
1025,0.90392816,0.36374348,0.05749564,0.91691735,0.37758592,0.05160836,0.01298919611058059,0.013842445847888839,-0.005887278838368119,0.019874420111579458
1026,0.90560935,0.36261304,0.05803696,0.91895614,0.3765119,0.05214402,0.013346797089867137,0.013898853389271998,-0.005892936840661892,0.020150479465823976
1027,0.90118076,0.366073,0.05662767,0.91401415,0.37974042,0.05068777,0.012833385106183396,0.01366742237471866,-0.005939900439512272,0.019666637355783223
1028,0.90146821,0.36346889,0.05663694,0.91431865,0.37733148,0.05074704,0.012850441070696527,0.013862593175200336,-0.005889900649065955,0.019798895295152774
1029,0.90425153,0.36081385,0.05750607,0.91726168,0.3748933,0.05167841,0.013010149860879684,0.014079442058443576,-0.005827655066821041,0.020036373216165207
1030,0.89978702,0.36459932,0.05609562,0.91222601,0.37854206,0.05009933,0.012438985877575873,0.013942740532477384,-0.0059962860849841855,0.01962355294108319
1031,0.90284191,0.36230413,0.05707092,0.91577138,0.37625701,0.0512087,0.012929474238972637,0.013952880147715696,-0.005862226867262874,0.01990527247630724
1032,0.89092441,0.36063321,0.0497793,0.90185931,0.37500095,0.04366813,0.010934896584518522,0.014367742248595248,-0.006111172565749056,0.019061752562777316
1033,0.89200552,0.3574574,0.04969617,0.90318581,0.37220519,0.04362151,0.011180293598891868,0.014747789482554011,-0.006074654473155171,0.019478133548863897
1034,0.89420979,0.35440821,0.05035178,0.90583755,0.36922794,0.04446671,0.011627767523965212,0.014819730703692385,-0.005885067906449351,0.0197348275894385
1035,0.89706399,0.35208938,0.05091035,0.90891432,0.36692876,0.04513771,0.011850333353617324,0.014839382856067318,-0.0057726387671089415,0.019848451891176018
1036,0.90051926,0.35082869,0.05240626,0.91291157,0.36632423,0.04700169,0.012392310849418314,0.015495539629846535,-0.0054045724136748225,0.020564302068959456
1037,0.90386674,0.35054453,0.05389869,0.91695046,0.36580102,0.04861512,0.013083720786211839,0.01525648538858134,-0.005283564315148766,0.020781245099749462
1038,0.9071773,0.35157312,0.05507708,0.9204572,0.36692072,0.04977085,0.013279900993592943,0.015347595182444709,-0.00530623372528443,0.020977620566479335
1039,0.90996577,0.35353324,0.05645406,0.923586,0.36882696,0.05077517,0.013620226956858597,0.015293721572061604,-0.005678891979653014,0.021252254374457488
1040,0.91203146,0.35640126,0.05761289,0.92585986,0.37115744,0.05183191,0.013828407703113351,0.014756180288081953,-0.005780985847669225,0.021033057639555285
1041,0.9134103,0.35985165,0.05855473,0.92734942,0.37419193,0.05266758,0.01393912244158918,0.014340278955369889,-0.005887146716818209,0.020847091677852404
1042,0.91325167,0.36313042,0.05895988,0.92746339,0.37687685,0.05292191,0.014211719161903648,0.013746430735907316,-0.006037964196606684,0.020673517628923745
1043,0.91227738,0.36631691,0.05873361,0.92644529,0.37976503,0.05261876,0.014167915056726382,0.013448120213134736,-0.006114856364821836,0.02046883540126158
1044,0.91023786,0.36971525,0.05849358,0.92406514,0.38285272,0.05221191,0.013827283686882007,0.013137465438478909,-0.006281665639976622,0.02008098840986678
1045,0.90763321,0.37172995,0.05731736,0.92106167,0.38461173,0.05112236,0.013428461766976811,0.012881782507152485,-0.006195005309251898,0.01961229198157107
1046,0.9040352,0.37330547,0.0561297,0.9172351,0.38575512,0.04976879,0.013199899912743738,0.012449649255637794,-0.0063609124378754805,0.019227384932360765
1047,0.90061684,0.37325342,0.05494783,0.91303197,0.3859503,0.04845072,0.012415124783742354,0.012696880011329582,-0.006497108754310505,0.018909217529642322
1048,0.89772058,0.37226984,0.05356737,0.90967212,0.38529128,0.04715502,0.011951536031244131,0.013021436752991883,-0.006412354818298741,0.01880200316280299
1049,0.89442394,0.37025176,0.05166632,0.90586077,0.38342979,0.04545927,0.011436836265471925,0.013178030208142386,-0.006207045647447159,0.018519965431917515
1050,0.892523,0.3677329,0.05092307,0.9038476,0.38115662,0.04475573,0.011324599050207704,0.013423724679282443,-0.006167336547329873,0.018613945524825534
1051,0.89118009,0.36395699,0.04998239,0.90218493,0.37801332,0.04385755,0.011004843191619143,0.014056332355242071,-0.006124834219765033,0.018873278654562276
1052,0.8853086,0.36000017,0.04608555,0.89590753,0.3746852,0.03986621,0.010598927151399486,0.014685034259047368,-0.006219343585025912,0.019148569726709905
1053,0.88674803,0.35455646,0.04570113,0.89725087,0.37010768,0.03965522,0.010502835668574902,0.015551214499289362,-0.006045908984649843,0.01971554830418537
1054,0.89005443,0.34998267,0.04668455,0.90077389,0.36572333,0.04106469,0.0107194554979024,0.015740656216329304,-0.005619852010027791,0.019855924075871913
1055,0.8943762,0.34651203,0.04840324,0.9057217,0.36222972,0.04305678,0.011345500089493588,0.015717691109780815,-0.00534646095607314,0.020108476592173668
1056,0.89989104,0.34449142,0.05023725,0.91219719,0.36041926,0.04527596,0.012306148912766594,0.015927840524632895,-0.004961287196209108,0.020730455264769097
1057,0.9051194,0.3440877,0.05237486,0.91803467,0.35992524,0.04747216,0.01291526734741308,0.015837542076602998,-0.0049027047914109055,0.021015907878439332
1058,0.91013219,0.34563706,0.05450552,0.92359915,0.36127344,0.04930581,0.013466967308946498,0.01563637689644204,-0.005199717469515809,0.02128127234708038
1059,0.91465782,0.34877966,0.05652305,0.92849319,0.36422495,0.05112186,0.013835372911486031,0.015445288016779794,-0.005401188279504897,0.02142772270568723
1060,0.91811725,0.35312135,0.05821393,0.9326597,0.36820234,0.05276379,0.014542448486552364,0.01508098903898416,-0.005450137955991659,0.02164770292934866
1061,0.91993143,0.35826796,0.05936465,0.93468512,0.37227699,0.05340497,0.01475369574487396,0.014009033560102664,-0.005959674981147885,0.0212000538985474
1062,0.91972197,0.36384896,0.06017842,0.93452888,0.37743022,0.05404366,0.014806915377322209,0.013581254609775445,-0.006134758143730341,0.02100786703234751
1063,0.91853209,0.36898853,0.0599452,0.93326508,0.38216429,0.05370175,0.014732993076401303,0.013175755239874949,-0.006243452952040987,0.02072781502944124
1064,0.91508294,0.37387715,0.05927003,0.92955412,0.38629326,0.05281233,0.014471174674290356,0.012416110679043108,-0.006457694047858811,0.020131480652545705
1065,0.91096186,0.37737143,0.05796807,0.92494701,0.38936702,0.05148187,0.013985154347840511,0.011995589028839466,-0.00648620120987192,0.01953329220629948
1066,0.90586133,0.37943705,0.055932,0.91915485,0.39153689,0.0496279,0.013293527566621884,0.012099843821836345,-0.006304093919767177,0.019049033986704225
1067,0.90025459,0.37947024,0.05399761,0.91271013,0.39150791,0.04756818,0.01245554616701419,0.012037666306616296,-0.006429429415669492,0.0184765690278023
1068,0.8952418,0.37792088,0.05186695,0.90704721,0.39031278,0.04538281,0.011805403470238045,0.012391895568148653,-0.006484136934217078,0.018302203655535275
1069,0.89051549,0.37475464,0.04943268,0.90164131,0.3876077,0.04307599,0.011125822304948456,0.012853054120868906,-0.006356688281167828,0.01814917100308469
1070,0.88736355,0.37044728,0.04784914,0.89823812,0.38369843,0.04150426,0.010874572213493404,0.01325115179699272,-0.006344878881455779,0.018278589464008697
1071,0.88534869,0.36527704,0.04628168,0.89603992,0.37939346,0.04007008,0.010691232070161358,0.014116426532855868,-0.006211602354832096,0.018765925105097257
1072,0.73470159,0.34317017,-0.01168749,0.725988,0.36424198,-0.02168059,-0.008713588196001184,0.02107180704567959,-0.009993096282493608,0.02489597647675284
1073,0.73824589,0.34357815,-0.00698342,0.72982811,0.36473541,-0.01702292,-0.008417776910064963,0.0211572597514406,-0.010039497334265237,0.0248853393591944
1074,0.74714737,0.34425706,0.00027269,0.7396264,0.36506046,-0.00961996,-0.007520967354081542,0.02080339860842884,-0.009892647414388002,0.02423243315203277
1075,0.75264056,0.34456293,0.00841916,0.74541471,0.36501388,-0.00150918,-0.00722584443166527,0.020450944976760928,-0.009928335636928812,0.023854262233668884
1076,0.75626291,0.34466737,0.01799269,0.74930231,0.36512071,0.00850073,-0.006960591547116496,0.02045333762103903,-0.0094919555743747,0.02359843374361746
1077,0.75827691,0.344264,0.02734009,0.75125948,0.36475079,0.01798269,-0.007017429783910549,0.0204867902800365,-0.009357393951031742,0.023590542984533405
1078,0.75829028,0.34397176,0.03738724,0.75119546,0.36449986,0.02808462,-0.007094820089749144,0.020528104769490775,-0.00930262272640056,0.023627914574139677
1079,0.75649462,0.34314807,0.04679154,0.7493225,0.36372021,0.03750386,-0.007172117702285387,0.02057214065111833,-0.009287682169035428,0.02368360790457926
1080,0.75301875,0.34246758,0.05596738,0.74577367,0.36307606,0.04667473,-0.007245075901523639,0.020608478193007467,-0.009292653599194888,0.023739290409890788
1081,0.74800541,0.34161547,0.06460654,0.74028522,0.36194592,0.05481256,-0.0077201883311227605,0.020330449535856915,-0.009793982902880466,0.023850588825015277
1082,0.73431709,0.33917172,-0.01230499,0.72558493,0.36086555,-0.02200721,-0.008732157877700908,0.021693830000772917,-0.009702218373662351,0.025318093977899688
1083,0.73800511,0.33827764,-0.00759629,0.72963097,0.36015766,-0.01738045,-0.008374143637550652,0.02188001935665666,-0.009784165967648245,0.025388805257287834
1084,0.74665092,0.33563277,-0.00054327,0.73890309,0.35725064,-0.01018728,-0.007747824527580062,0.021617863124099718,-0.009644007193155375,0.024907181006772208
1085,0.75250243,0.33367074,0.00730191,0.74491486,0.35488704,-0.00223988,-0.0075875687213691236,0.021216300601279006,-0.009541790028771521,0.02446933524349394
1086,0.75613968,0.33179846,0.01646566,0.74896872,0.35288717,0.00740254,-0.007170960584039945,0.02108870950301741,-0.009063114599486442,0.024047793878938992
1087,0.7586049,0.33012735,0.02592503,0.75145719,0.35115895,0.01694159,-0.0071477172010205045,0.02103160217620543,-0.008983441269997255,0.023960809008366626
1088,0.75841857,0.32882425,0.03586833,0.75124147,0.34959176,0.02667034,-0.00717709490753802,0.020767509180000514,-0.00919798541986959,0.02382022385783449
1089,0.75685952,0.32769868,0.04569052,0.74963286,0.34845826,0.03648506,-0.007226656693291115,0.020759582026740848,-0.009205459173569524,0.02383118317423468
1090,0.75304023,0.32730938,0.05475787,0.74575407,0.34806807,0.04552524,-0.007286156433861438,0.020758685833774777,-0.009232633914010463,0.023859015950248204
1091,0.74795503,0.3271083,0.06339471,0.7406117,0.34787035,0.0541342,-0.007343332788820953,0.020762046521560083,-0.009260509040016173,0.023890251984669802
1092,0.73313893,0.33574497,-0.01283009,0.724069,0.35798938,-0.02230075,-0.009069929461726144,0.02224441532488524,-0.009470660028395935,0.025821909978933272
1093,0.73608413,0.33312035,-0.0084376,0.72750656,0.35546666,-0.01791707,-0.008577567460563243,0.022346314613122812,-0.009479463392562126,0.025744759982180936
1094,0.74378741,0.32773407,-0.00180466,0.73542191,0.35008228,-0.01112262,-0.008365493284644553,0.022348205273485394,-0.009317952549339243,0.025617337811587898
1095,0.74831704,0.32364733,0.00551079,0.74027859,0.34577168,-0.00365557,-0.00803844480577264,0.02212435306742156,-0.00916636251514921,0.025261151899834487
1096,0.75151896,0.32007884,0.01446565,0.74390011,0.34211349,0.0057654,-0.007618844217795247,0.022034651338368755,-0.008700256142320483,0.024885077933582876
1097,0.75316949,0.31732822,0.02360649,0.74560937,0.33891618,0.01459103,-0.007560124410927823,0.021587966447697098,-0.00901546297049079,0.024586060054996473
1098,0.75274753,0.31533977,0.03344477,0.74517741,0.33687561,0.02441593,-0.007570114958611702,0.02153584724195111,-0.009028839400820027,0.024548305396524826
1099,0.75102373,0.31386504,0.04285138,0.7434273,0.3353743,0.03380433,-0.007596427168908514,0.0215092523055711,-0.009047051925921715,0.024539820476677715
1100,0.74767668,0.31385922,0.05244165,0.74004562,0.33534674,0.04336493,-0.007631057789101492,0.021487518416523,-0.009076719833403198,0.024542480184674014
1101,0.74282711,0.31434349,0.06118351,0.73457521,0.3360163,0.05152048,-0.008251907776141742,0.021672806511306875,-0.009663022404359504,0.025123266626966487
1102,0.73069487,0.33250643,-0.0137857,0.72104807,0.35520009,-0.02357407,-0.009646803039548712,0.022693658185825815,-0.00978837282044577,0.026530645925250045
1103,0.73237514,0.3290828,-0.00951084,0.72317029,0.35185249,-0.01900868,-0.009204848958459896,0.022769695342595465,-0.009497843108767584,0.026332438057677793
1104,0.7382843,0.32118835,-0.00393055,0.72952546,0.34395251,-0.01322081,-0.00875883482374876,0.022764161288840182,-0.00929026111323946,0.026100444023162007
1105,0.74149205,0.3149769,0.00285517,0.73275273,0.33770024,-0.00639476,-0.008739321777728619,0.022723337174937835,-0.009249922254769035,0.026043940931046995
1106,0.74360772,0.30996906,0.01138532,0.73486884,0.33261384,0.00210039,-0.008738874256743535,0.022644774698771027,-0.00928492638187555,0.025987758701937418
1107,0.74413607,0.3061046,0.02010028,0.73519356,0.32946432,0.01103009,-0.008942507669505877,0.02335971971773427,-0.009070193314012558,0.02660664119094766
1108,0.74347847,0.3034308,0.02983354,0.73495254,0.32595784,0.02053084,-0.008525929787109934,0.02252704103615265,-0.009302702291373591,0.02582052142194579
1109,0.74175467,0.30195608,0.03924015,0.73321796,0.32443742,0.02989494,-0.008536716785303707,0.02248134150380382,-0.009345213675933644,0.025799598212607796
1110,0.73810013,0.30191593,0.04872308,0.72954096,0.3243639,0.03933338,-0.008559176677096604,0.022447974984297066,-0.009389705315128291,0.025794139880801023
1111,0.73379369,0.30311988,0.0576773,0.72453516,0.32554371,0.04727993,-0.00925853299380217,0.022423838458189634,-0.01039737190286998,0.026394209722643676
1112,0.7274921,0.3305013,-0.01496062,0.71725402,0.35371397,-0.02468667,-0.010238074813340131,0.02321267031199046,-0.009726052781678486,0.027170615407250322
1113,0.72805019,0.32596383,-0.01111163,0.71791779,0.34959331,-0.02061228,-0.0101323970771868,0.02362947795901173,-0.009500644458382689,0.02740948639193742
1114,0.73133563,0.31645841,-0.00649274,0.72154648,0.3401483,-0.01584015,-0.0097891514770302,0.023689888702453712,-0.009347406792059752,0.027283920669711883
1115,0.73311371,0.30909881,-0.00024023,0.72331865,0.333399,-0.00913956,-0.009795055779090497,0.02430019167110324,-0.008899330661589369,0.027670209959307395
1116,0.73349221,0.30290848,0.00764937,0.72368295,0.32723664,-0.00124495,-0.009809263732515486,0.024328159083059846,-0.008894321282444901,0.027698193630994482
1117,0.73306313,0.29827933,0.01635404,0.72295232,0.32312885,0.00742197,-0.010110815058565032,0.02484952051631383,-0.008932065888560253,0.02827559110039592
1118,0.73151899,0.29517704,0.02576644,0.72151823,0.31978907,0.01665506,-0.010000755551821556,0.024612022578854455,-0.009111385270982094,0.02808530057851617
1119,0.72952363,0.29334249,0.03506688,0.71951028,0.31792026,0.02590532,-0.010013350571425175,0.024577772729999465,-0.009161555330033972,0.02807611436967445
1120,0.72614065,0.29366217,0.04465599,0.71615349,0.31790046,0.03511784,-0.009987155568770159,0.024238283562576735,-0.009538145440068703,0.02789648517018941
1121,0.72244919,0.29493477,0.05382488,0.71237771,0.31847321,0.04358127,-0.010071478136763984,0.02353844189774928,-0.010243604643513229,0.027575792915628727
1122,0.72345974,0.32939337,-0.01604428,0.71276633,0.35279944,-0.02577237,-0.010693404731114757,0.023406064234879204,-0.009728088231097309,0.027510515232229523
1123,0.72278786,0.32471861,-0.01262465,0.7120562,0.34867267,-0.02231441,-0.01073165946877451,0.023954063034283407,-0.009689761451277394,0.027979584124622398
1124,0.72296342,0.31420823,-0.00876741,0.71214704,0.33860833,-0.01806207,-0.010816371572928495,0.024400100256426416,-0.009294655876398283,0.02826215516177033
1125,0.72217473,0.30656335,-0.00306421,0.71109757,0.33190082,-0.0122885,-0.011077161583813885,0.025337470799561862,-0.009224291418290499,0.029150960317665692
1126,0.72074421,0.29984157,0.00418253,0.70962682,0.3252459,-0.00504959,-0.01111739259686165,0.025404330468068472,-0.009232115431940842,0.029226843483897924
1127,0.71888448,0.29505149,0.01204111,0.70746539,0.32121262,0.00278364,-0.01141909324426411,0.026161127221258122,-0.009257476926209538,0.03000835128838892
1128,0.71665447,0.29154435,0.0215494,0.70499757,0.31783707,0.01204046,-0.011656901772728058,0.02629272092140299,-0.00950894416132112,0.030292087274615728
1129,0.71442249,0.29001167,0.03043194,0.70227871,0.31622896,0.02023697,-0.012143784916210577,0.02621728982126964,-0.010194973817396345,0.03063911370782499
1130,0.711347,0.29036568,0.04012839,0.69917713,0.31654416,0.02985126,-0.01216987157001161,0.026178476115529894,-0.010277129977451277,0.03064372344111227
1131,0.7085421,0.29206676,0.04961813,0.69658412,0.31698923,0.03794988,-0.011957980282550905,0.02492246575913149,-0.011668256113119838,0.030004512871805073
1132,0.71969796,0.32963251,-0.01733465,0.70865346,0.35337308,-0.0273119,-0.011044494991896914,0.023740567970638192,-0.009977248658458131,0.028020366307156527
1133,0.7173818,0.32477544,-0.0141423,0.70616219,0.34890202,-0.02431134,-0.011219608515005903,0.024126575208730103,-0.010169041356624458,0.028484744138665554
1134,0.71441056,0.31457285,-0.01136076,0.70282455,0.33922566,-0.02146999,-0.011586012790121109,0.024652807559499394,-0.010109233223367535,0.029055003171622584
1135,0.71146943,0.3066877,-0.00640891,0.69951341,0.33221489,-0.01645561,-0.011956017888064928,0.025527188038615898,-0.010046695326199163,0.029925236504931008
1136,0.70774371,0.30004048,0.0003947,0.69543547,0.32636685,-0.00972502,-0.012308245827995355,0.026326372257862295,-0.01011972475486057,0.0307730339865286
1137,0.70465401,0.29511311,0.00782394,0.691853,0.32162775,-0.00291056,-0.012801011278483765,0.026514641110574125,-0.010734501544188198,0.03133881947962614
1138,0.7015724,0.2918392,0.01669966,0.68872568,0.31835207,0.00584031,-0.012846711964507656,0.026512874218135713,-0.010859340401989223,0.03139897739691509
1139,0.69885524,0.2899253,0.02609481,0.68599093,0.3163999,0.01513908,-0.012864302601988701,0.02647459294971828,-0.010955730999010472,0.03140736211482087
1140,0.69608724,0.29031364,0.0358986,0.68225746,0.31689827,0.02312486,-0.013829778572757506,0.02658462860909179,-0.012773738975213902,0.032575660562170386
1141,0.69424075,0.29179218,0.04571151,0.68061273,0.3180048,0.03253298,-0.013628015836513033,0.02621262079939028,-0.01317853773397971,0.03234962382499687
1142,0.71602907,0.33087183,-0.01821176,0.70484708,0.35473923,-0.0282751,-0.011181987677640476,0.023867402151089595,-0.010063347518883556,0.02821277542445194
1143,0.71237514,0.326854,-0.01545223,0.70084865,0.35103818,-0.02591645,-0.01152649428747497,0.02418417795620858,-0.010464214360946989,0.028761681386327315
1144,0.70638593,0.31763387,-0.01333196,0.69405332,0.34242081,-0.02406401,-0.012332614180777662,0.024786944446802964,-0.010732043125548605,0.029692806152154933
1145,0.70138524,0.31050863,-0.00871822,0.68832858,0.3361242,-0.01997826,-0.013056656918550064,0.02561557362124771,-0.011260043253837268,0.03087753999127147
1146,0.69632175,0.30470065,-0.00234743,0.68293106,0.33091728,-0.01350049,-0.013390693786597836,0.026216634926907022,-0.011153066045722925,0.031480367043562385
1147,0.69162272,0.30025269,0.0045428,0.67783358,0.32686511,-0.007121,-0.013789143937368607,0.026612426740498282,-0.011663806149628936,0.03216218464967794
1148,0.68778338,0.29722495,0.01351209,0.67356519,0.32379511,0.000661,-0.014218192121350556,0.02657016023447944,-0.012851083534388574,0.0327609638150861
1149,0.68482961,0.29561294,0.02248935,0.67053025,0.32220039,0.00941884,-0.014299363072457187,0.02658745667270077,-0.01307050373097553,0.032896849459821194
1150,0.68271253,0.29574441,0.03250896,0.66839826,0.32188159,0.0188877,-0.014314269302548076,0.02613718181356598,-0.013621261722312756,0.03276567334466083
1151,0.68128034,0.29726796,0.04211982,0.66695378,0.32336195,0.02841263,-0.014326563005340145,0.026093988758794373,-0.01370718955918943,0.03277245340986267
1152,0.71283144,0.33348185,-0.01887882,0.70128489,0.35693829,-0.02961835,-0.011546552610400614,0.02345643801115836,-0.010739525673610398,0.028264195956195195
1153,0.70818318,0.33001208,-0.01644363,0.69623342,0.35406549,-0.02729285,-0.011949753989303584,0.024053409034971666,-0.0108492202763557,0.02896668236463094
1154,0.69968319,0.32281958,-0.01477343,0.68658375,0.3475738,-0.02619798,-0.01309943317361318,0.02475421178279477,-0.011424549025696645,0.03024709028812456
1155,0.69220764,0.31739647,-0.0106086,0.6788753,0.34223619,-0.02229168,-0.013332343625342136,0.024839716698334582,-0.011683079299839942,0.030516507895302695
1156,0.68577046,0.31275325,-0.0046718,0.67196437,0.33849822,-0.01696554,-0.013806087785743978,0.025744970915383983,-0.012293738047984686,0.03169459863405913
1157,0.68024184,0.30920249,0.00230968,0.66586464,0.33516631,-0.01113639,-0.01437720165405435,0.025963813655707105,-0.01344607307152095,0.03258251721390333
1158,0.67571565,0.30675714,0.01106197,0.66119625,0.33282733,-0.0027122,-0.014519405243853476,0.026070185328182838,-0.01377416841475174,0.03286632634169788
1159,0.67245439,0.3051108,0.01993189,0.65785251,0.3312466,0.00595007,-0.014601875607113063,0.026135798721506776,-0.013981822184748338,0.03304218663561235
1160,0.67075161,0.30528728,0.02974945,0.65614223,0.33113881,0.01542478,-0.01460938511201977,0.02585152384586351,-0.014324667714353465,0.032968644552531956
1161,0.66989946,0.30621776,0.0398867,0.65530712,0.33201921,0.02554279,-0.01459234290241827,0.025801444248657903,-0.01434390233842664,0.03293020696856733
1162,0.71082785,0.33655468,-0.0191177,0.69920268,0.35971453,-0.03003013,-0.011625172666511249,0.023159851281740404,-0.010912434266322692,0.028117691451030373
1163,0.70538495,0.33464383,-0.01690298,0.69304645,0.35794011,-0.02830333,-0.012338499762069449,0.023296278716839817,-0.011400351969457333,0.02872147634538972
1164,0.69475255,0.3298495,-0.01588608,0.68150656,0.35412957,-0.02791586,-0.013245998910966058,0.024280072054381666,-0.012029786115390366,0.030161136253419207
1165,0.68613895,0.3262765,-0.01205021,0.67246031,0.35079479,-0.02478795,-0.013678637830270197,0.02451829533363849,-0.012737741183166734,0.030830212282898086
1166,0.67849282,0.32314719,-0.00613181,0.66458371,0.34767742,-0.01932865,-0.013909107022337538,0.02453022804052119,-0.013196833113389607,0.031134414240538845
1167,0.67182712,0.32045931,0.00083358,0.65727268,0.34590976,-0.01340361,-0.014554441351314321,0.025450451035655155,-0.014237190339271384,0.032592250761857046
1168,0.66702838,0.31864135,0.00916681,0.65233202,0.34427716,-0.00535943,-0.014696362059640927,0.02563581221002218,-0.014526241056013346,0.03292703455631836
1169,0.66331688,0.31727551,0.01823764,0.64840509,0.34292657,0.0033868,-0.01491178783022376,0.02565105982938353,-0.014850837790313657,0.03317959719071995
1170,0.66195754,0.3171608,0.02816369,0.64706443,0.34281023,0.0133207,-0.01489310027754073,0.025649427379644932,-0.014842994362194101,0.033166429449319516
1171,0.66179223,0.31750891,0.03851793,0.64695646,0.3428982,0.02361456,-0.014835774858842422,0.025389297031462005,-0.014903371772946398,0.0329670609793582
1172,0.70967489,0.34038151,-0.01903688,0.69778145,0.36308892,-0.03020252,-0.011893439590774818,0.022707413126092126,-0.011165637892614816,0.027959828070419652
1173,0.70378077,0.33973839,-0.01693413,0.6913809,0.36265246,-0.02852322,-0.012399866561891711,0.02291406862312772,-0.011589086204250984,0.02851522664591125
1174,0.69268225,0.33818851,-0.01561942,0.67941226,0.3619361,-0.0279246,-0.013269994210635634,0.02374759354477681,-0.012305181431251994,0.029857301210495523
1175,0.68340282,0.33684909,-0.0115896,0.66945727,0.36079943,-0.02529346,-0.01394555715599746,0.02395033828521839,-0.013703855565554396,0.030917518104291067
1176,0.67554111,0.33567286,-0.00567816,0.66135696,0.35971273,-0.01973177,-0.014184155871360841,0.02403986448207436,-0.014053615248739352,0.0312507514095127
1177,0.66873169,0.33428704,0.0012826,0.65417238,0.35878557,-0.0134285,-0.014559306122601982,0.024498527476811464,-0.01471110048889105,0.03207129122592311
1178,0.66351767,0.3334113,0.00950502,0.64885657,0.35803901,-0.00542083,-0.014661095065299903,0.024627714351562344,-0.014925847720741077,0.03231490295326078
1179,0.65977024,0.33237097,0.01857469,0.64509668,0.35707184,0.00359172,-0.014673557108979796,0.0247008710074164,-0.014982968412308777,0.032402710522420164
1180,0.65855363,0.33194144,0.02819249,0.64393706,0.35663228,0.01328297,-0.014616567588253852,0.02469083801433643,-0.01490952876575652,0.03233536110713958
1181,0.65849612,0.331313,0.03855021,0.6436663,0.35599418,0.02228111,-0.014829812946500924,0.024681180061853398,-0.01626909949503193,0.03307215746898113
1182,0.7098587,0.34435632,-0.01883611,0.6980089,0.36667681,-0.03004805,-0.011849807272924333,0.02232049347135175,-0.011211935169229574,0.02764651608158094
1183,0.70402154,0.34503889,-0.01632126,0.69170251,0.36747935,-0.02798586,-0.012319029884707882,0.02244046034854567,-0.01166459644018797,0.028131753732524786
1184,0.69287121,0.34677847,-0.0149108,0.67972541,0.36920295,-0.0277823,-0.013145798414796381,0.022424474181672215,-0.012871496575707124,0.02900593874339162
1185,0.68364776,0.34775198,-0.01078176,0.67023993,0.37020859,-0.02413204,-0.013407833866009503,0.022456618336452093,-0.013350277169945385,0.029364938559478592
1186,0.67557047,0.34852883,-0.00487727,0.66174656,0.37141553,-0.01873521,-0.013823903457006908,0.02288669804407056,-0.013857938174125388,0.030115506048993972
1187,0.66847457,0.34875989,0.00238709,0.65452245,0.371806,-0.01165969,-0.013952125862869565,0.023046109532212793,-0.014046777808389078,0.03038251055232854
1188,0.66349619,0.3485695,0.01071453,0.64918934,0.3722816,-0.00395992,-0.014306842186018102,0.02371210858573474,-0.014674452459098642,0.03134149616549358
1189,0.65971282,0.34785468,0.01978304,0.6453635,0.37170642,0.00502436,-0.014349327917772377,0.023851738914675524,-0.014758686333104634,0.03150599122745669
1190,0.65811785,0.34705463,0.02960407,0.64336432,0.37072764,0.01378547,-0.014753523382984154,0.02367301884830421,-0.015818601414611947,0.03206721728368069
1191,0.658239,0.34578585,0.03965471,0.64304316,0.36994572,0.02233798,-0.015195840176502952,0.024159875356834372,-0.01731673214576213,0.03338386358910043
1192,0.71093005,0.34777239,-0.01800161,0.69915727,0.3695227,-0.02915652,-0.011772784251637903,0.021750311480929384,-0.011154908429656612,0.027131282325520225
1193,0.70597846,0.34987068,-0.01547879,0.69384278,0.37180579,-0.02707055,-0.012135679139504604,0.021935109846133245,-0.011591768010712858,0.027618704490854105
1194,0.6959354,0.35470081,-0.01323267,0.68334649,0.37599042,-0.02580811,-0.012588914304537561,0.021289604416118917,-0.012575438318381559,0.02774652534032396
1195,0.68741885,0.35773037,-0.00878857,0.67424503,0.37915071,-0.02212032,-0.01317381807079956,0.021420339529897484,-0.013331752185275726,0.028462537561999242
1196,0.68012031,0.35991225,-0.0025667,0.66680293,0.38146436,-0.01607568,-0.013317380061805882,0.02155210814352888,-0.013508978833955205,0.02871129544756207
1197,0.67390998,0.36155902,0.00470563,0.66040998,0.38324903,-0.00926736,-0.013500004008216703,0.02169001150956707,-0.01397299679046433,0.029119604166494874
1198,0.66906042,0.36204329,0.01344749,0.65554963,0.38391812,-0.0005452,-0.013510786924254786,0.021874823277150568,-0.013992698053210758,0.029271912399559934
1199,0.665312,0.3619902,0.02220429,0.65180626,0.38397821,0.00821646,-0.01350574107492667,0.021988015635278767,-0.0139878229706316,0.0293519516389959
1200,0.66378889,0.36053911,0.03202763,0.64938343,0.38293511,0.01640547,-0.0144054553565619,0.022395997990510393,-0.015622165821114113,0.03087312642029034
1201,0.66367441,0.35858498,0.04197325,0.64932962,0.38112566,0.0261492,-0.014344794547109898,0.022540683839639662,-0.015824049293764013,0.031052473244636405
1202,0.71337411,0.35101093,-0.01704601,0.70210228,0.37192418,-0.02798615,-0.011271836267732961,0.020913256667009054,-0.010940142000182493,0.02615540678809901
1203,0.70892971,0.3541544,-0.01431198,0.6973571,0.37499455,-0.02563582,-0.011572615111399525,0.020840148212416996,-0.011323836509340855,0.026390651210653763
1204,0.70113102,0.36121221,-0.01121412,0.68892529,0.38205585,-0.02346015,-0.012205731775899877,0.020843641508795762,-0.012246025883598433,0.02708140375745261
1205,0.69465814,0.36644581,-0.00633501,0.68218336,0.38730011,-0.01895305,-0.01247477747283311,0.020854306457415064,-0.012618038100414302,0.027381326781585932
1206,0.68833904,0.37005635,0.00062097,0.67551665,0.39095894,-0.01253659,-0.012822395127617634,0.020902589430161447,-0.013157558951548718,0.02782900320274029
1207,0.6829434,0.37278263,0.00821184,0.67006081,0.3937536,-0.00504124,-0.01288259027579424,0.02097096298596325,-0.013253076645409404,0.02795329070685105
1208,0.67874377,0.37399727,0.01685666,0.665581,0.39521509,0.00321558,-0.013162775180692539,0.021217821408260118,-0.01364107346394005,0.02845230185800239
1209,0.67516011,0.37429332,0.02602903,0.6619787,0.39565453,0.01237547,-0.013181410234987253,0.021361204487835597,-0.01365355588846974,0.02857394304875897
1210,0.6733295,0.37280791,0.03574504,0.66026923,0.39428377,0.0220448,-0.01306027300176578,0.02147586056568155,-0.0137002427664531,0.028626560564919402
1211,0.67236441,0.37009978,0.04537096,0.65872805,0.39166532,0.03043503,-0.013636360801602711,0.021565535803388304,-0.014935934668377124,0.029565263652075544
1212,0.71668369,0.35302675,-0.01618049,0.70582469,0.37387883,-0.02695391,-0.010859000773658681,0.020852087733397622,-0.01077341575425856,0.025861050784098814
1213,0.7137049,0.35699287,-0.0129121,0.70267801,0.37745158,-0.02406503,-0.01102689113908903,0.020458711405532785,-0.01115293515261798,0.025778657123417027
1214,0.70829331,0.36596353,-0.00927073,0.69670971,0.38608687,-0.02097151,-0.011583603647596539,0.020123346110301567,-0.011700781952438401,0.026000715960105968
1215,0.70341486,0.37269443,-0.00344283,0.69195191,0.39242911,-0.01542998,-0.011462947587306923,0.019734674748957896,-0.011987147417737447,0.025778833527742708
1216,0.69863224,0.37746382,0.00373696,0.68689054,0.3972883,-0.00864156,-0.011741697167124377,0.01982447405037611,-0.012378517405161835,0.02615539938307934
1217,0.69408722,0.38094411,0.01164752,0.68226053,0.40087465,-0.00084046,-0.011826694685120537,0.01993054757864702,-0.012487982243897505,0.026325788392442692
1218,0.69035984,0.38254221,0.02081526,0.67826682,0.40262067,0.0079963,-0.01209301949725914,0.02007845290127689,-0.012818954499689738,0.02671536984462315
1219,0.68739116,0.38290692,0.0302023,0.67527719,0.40307599,0.01736095,-0.012113973578371058,0.020169072112587387,-0.012841353443181694,0.02680373451578971
1220,0.68498149,0.38102734,0.0397048,0.67285044,0.40127973,0.02684905,-0.012131050558627168,0.020252388187879368,-0.012855750037203528,0.02688106999335374
1221,0.68374484,0.37795938,0.04922454,0.67102201,0.39892896,0.03580968,-0.012722835363002094,0.02096958590071944,-0.013414857919146896,0.027956260220433744
1222,0.72071606,0.35413467,-0.01509682,0.71011461,0.37485213,-0.02580418,-0.010601447326028766,0.02071745993789955,-0.010707355506824934,0.02561740216404797
1223,0.71882449,0.35855292,-0.01109084,0.70860611,0.37836572,-0.02203832,-0.010218377389598158,0.019812806154231047,-0.01094747853643072,0.02483565603093661
1224,0.7164519,0.36819233,-0.00637726,0.7064046,0.38746602,-0.0174873,-0.010047303898512303,0.01927369207845712,-0.011110046550151105,0.024410175261778966
1225,0.71383271,0.37517419,-0.0001074,0.70366245,0.39399201,-0.01157924,-0.010170262659488078,0.018817819930499097,-0.011471837927119423,0.024272364016011343
1226,0.71116662,0.38050936,0.0078226,0.70098556,0.3994404,-0.00375209,-0.010181055958155443,0.01893104445434242,-0.011574681892143546,0.024413348919386235
1227,0.70826588,0.38417195,0.01596045,0.69806475,0.40322861,0.00431741,-0.010201130564047577,0.01905665517208409,-0.011643040885328155,0.024551569648189258
1228,0.70515348,0.38583871,0.02534286,0.69462721,0.40509175,0.01341305,-0.01052626805080954,0.019253039429927295,-0.0119298127818613,0.02497603410027481
1229,0.70256318,0.38657393,0.03452668,0.69202581,0.40589925,0.02256392,-0.010537365449714025,0.01932531560503785,-0.011962759253300759,0.025052175610265452
1230,0.69984602,0.38466004,0.04392184,0.68929886,0.40405255,0.03193447,-0.010547158758202538,0.019392509205735185,-0.011987367783762437,0.025119891670714625
1231,0.69768688,0.3814891,0.05311957,0.6871415,0.40093349,0.0411208,-0.010545381154055074,0.01944439354036743,-0.011998768043344717,0.025164656532426048
1232,0.72458465,0.35390622,-0.01411586,0.71517703,0.37402891,-0.02430271,-0.009407619574430984,0.02012268862549226,-0.010186855891867588,0.024437633611653357
1233,0.72426648,0.35817057,-0.00957203,0.7148704,0.37796211,-0.02012819,-0.00939608111902269,0.019791542053724208,-0.010556166385790362,0.024319213104541004
1234,0.72521838,0.36784908,-0.00440271,0.71604258,0.38715415,-0.01507587,-0.009175793754175472,0.019305068462226842,-0.010673161192740003,0.023891363066946225
1235,0.72509506,0.37478002,0.002727,0.71580689,0.39364557,-0.00822924,-0.00928817617496991,0.018865546160120265,-0.01095624217673083,0.023711142764786405
1236,0.72400237,0.3799613,0.01119484,0.7150747,0.39835,0.00041913,-0.008927670925542405,0.018388703495928714,-0.010775718271548766,0.02310765736035884
1237,0.72260316,0.38412102,0.01986822,0.71370462,0.40254381,0.00908237,-0.008898538701688758,0.01842278491981934,-0.010785858795570754,0.02312828885121782
1238,0.72041324,0.38589075,0.02957265,0.71147773,0.4042859,0.018631,-0.008935506724047951,0.01839514709886503,-0.01094164842203038,0.023193628163694198
1239,0.71802362,0.38664961,0.03917321,0.70872908,0.40496127,0.02798263,-0.009294537217845079,0.018311656292126617,-0.011190580636296342,0.023386625948014356
1240,0.71530646,0.38473572,0.04856837,0.7058859,0.40384785,0.03719945,-0.00942056032211073,0.019112133871559692,-0.011368915540068185,0.024151042595800087
1241,0.71222485,0.38146181,0.05744408,0.70277989,0.40062177,0.04604932,-0.009444958343768824,0.01915995843121416,-0.01139476444653844,0.024210574177277983
1242,0.72814673,0.35265622,-0.01292935,0.71889623,0.3728047,-0.02307417,-0.009250499211716987,0.02014848617369294,-0.010144820297099205,0.024381357829659694
1243,0.7292372,0.35641752,-0.00826325,0.720276,0.37614058,-0.01859924,-0.008961207945796398,0.01972305677992582,-0.010335984227178255,0.024002807888587954
1244,0.73313619,0.36477738,-0.00212211,0.72452846,0.38414833,-0.01239813,-0.00860773940126316,0.019370950039536323,-0.010276027358701773,0.023556816875610717
1245,0.73507244,0.37094841,0.00534571,0.72710524,0.38942123,-0.0047397,-0.007967204319062646,0.018472824908254068,-0.010085412565259943,0.02250415853490651
1246,0.73562501,0.37532476,0.01435371,0.72775694,0.39375077,0.00429248,-0.00786806886125441,0.018426009777246958,-0.010061237040954744,0.022419920488505784
1247,0.73556356,0.37864524,0.02345992,0.72749949,0.39701297,0.01307937,-0.008064070646259566,0.01836772491290714,-0.010380550556744438,0.022586685983676802
1248,0.73382388,0.38013447,0.03296344,0.72572763,0.39855465,0.02256634,-0.008096250658563859,0.018420184090632955,-0.010397099861476071,0.022648446794175728
1249,0.73177768,0.38060214,0.0426725,0.72365169,0.39907107,0.03225992,-0.008125997688386233,0.018468931894896685,-0.010412578599417624,0.022705837946639194
1250,0.7287171,0.37897944,0.05195916,0.72055446,0.39750739,0.04152477,-0.008162636944496985,0.018527951564974374,-0.010434386724387061,0.022776963304966015
1251,0.72498457,0.37596239,0.06061904,0.71632748,0.3950126,0.04968045,-0.008657089762067437,0.01905020647940837,-0.010938594774891097,0.02361161632980386
1252,0.73134435,0.35004619,-0.01226228,0.72242901,0.37056206,-0.02232364,-0.008915348487128098,0.02051586324460262,-0.010061353590363168,0.02452783968042208
1253,0.7334651,0.35293393,-0.0072707,0.7247572,0.37289984,-0.01755839,-0.00870790696512157,0.01996590428971555,-0.010287692769318428,0.024089449979922357
1254,0.74018237,0.35930047,-0.00057214,0.73223924,0.37872135,-0.01076489,-0.007943124938284555,0.019420872891427243,-0.010192750355684278,0.023327145077430146
1255,0.74383574,0.36401555,0.00743816,0.73615675,0.38331499,-0.00276746,-0.007678983756578628,0.01929944074094148,-0.010205620745899414,0.023142815283712627
1256,0.74586881,0.36723784,0.01657075,0.73837602,0.3859488,0.00653603,-0.007492784648085587,0.01871096377144631,-0.010034716164498745,0.02251527293951854
1257,0.74683764,0.36968475,0.02600244,0.73929663,0.38834398,0.01601432,-0.007541005215749124,0.018659237714864902,-0.009988120066808093,0.022467675763922862
1258,0.74609229,0.37062592,0.03583029,0.73848394,0.38928374,0.02586031,-0.007608351732581502,0.018657821207767808,-0.009969982659803723,0.022481144600408873
1259,0.74408203,0.37076807,0.04554051,0.73641033,0.38943636,0.03557588,-0.0076716936734383505,0.01866828242224355,-0.00996462945742417,0.022508964717185175
1260,0.74082076,0.36912173,0.05441043,0.73302611,0.38791829,0.04417658,-0.0077946462069680865,0.018796560368069343,-0.010233849743446877,0.022777156796530265
1261,0.73660207,0.36671071,0.06327006,0.72847689,0.38634675,0.05282353,-0.008125175960000572,0.01963604867214454,-0.010446525766250717,0.02367958598499435
1262,0.73365543,0.34700769,-0.01191607,0.72486994,0.3677813,-0.02195025,-0.008785487608268954,0.020773607691181733,-0.010034177341486044,0.024686277239441435
1263,0.7366417,0.34867271,-0.00701457,0.72810017,0.36936252,-0.01710092,-0.008541531927413604,0.020689808503663705,-0.010086343063196043,0.024551176346028387
1264,0.74487639,0.35257243,0.0001226,0.73731507,0.37263213,-0.01007491,-0.0075613156803991275,0.020059696164474814,-0.010197514473065413,0.023739296671512276
1265,0.75001124,0.35514621,0.00857036,0.74304178,0.3747949,-0.0019304,-0.006969459613848521,0.019648687051178938,-0.010500763953141881,0.023343314112264275
1266,0.75321733,0.3571801,0.0177202,0.74587322,0.37670296,0.00755539,-0.007344101804569212,0.019522855863950726,-0.010164815016190884,0.02320347380703699
1267,0.75525236,0.35842793,0.02747855,0.74837359,0.37743286,0.01795446,-0.006878766469729166,0.01900492980295927,-0.009524083483082837,0.022343073896695837
1268,0.75457888,0.35871807,0.03730871,0.74730481,0.37829849,0.02754182,-0.007274070856104101,0.019580419265122512,-0.009766888406782193,0.023058556645378744
1269,0.75294797,0.35824353,0.04712858,0.74540854,0.37730525,0.03713083,-0.007539425166602066,0.019061724939395903,-0.009997756968867063,0.02280674097534565
1270,0.74920054,0.3572032,0.05619825,0.74132238,0.37700383,0.04607083,-0.007878152188946691,0.019800624375161755,-0.010127424376301897,0.023594379247103944
1271,0.74460249,0.35540888,0.06494823,0.73655789,0.37511084,0.05454469,-0.008044595739505576,0.019701962705712308,-0.010403533144658228,0.023687894734681515
1272,0.71153278,0.34058519,-0.01942839,0.69995522,0.36336231,-0.03040974,-0.011577563997367738,0.022777121900854548,-0.010981346999304508,0.02781056008279351
1273,0.72356458,0.33137852,-0.01697944,0.71289457,0.35467634,-0.02673305,-0.010670017662932437,0.023297823706637955,-0.009753607983835007,0.02741843786752268
1274,0.73317706,0.34299629,-0.01325972,0.72435295,0.36406189,-0.02324596,-0.008824110491219499,0.021065599841722866,-0.009986240116283369,0.0249268813595466
1275,0.72121614,0.35253917,-0.01601923,0.71060051,0.37336961,-0.02671584,-0.010615628589053079,0.0208304368312006,-0.010696604546929795,0.02571023177166551
1276,0.73176645,0.3454738,-0.01400774,0.72285737,0.36635615,-0.0240227,-0.008909075803904402,0.02088235618333426,-0.010014966596094348,0.024814189234553665
1277,0.7189708,0.35129873,-0.01718385,0.70820064,0.37226696,-0.02791699,-0.010770159134733075,0.020968237850390502,-0.0107331310302801,0.025901031409022782
1278,0.71322789,0.33846527,-0.01960973,0.70169535,0.36141798,-0.03050802,-0.011532543717718885,0.022952714133060163,-0.010898285870473024,0.027903392008672152
1279,0.72613036,0.33265103,-0.01674302,0.71561676,0.35575811,-0.02648443,-0.010513600603069401,0.023107078851378516,-0.009741409859572257,0.02719132134959346
1280,0.72369001,0.35182427,-0.01588319,0.71398767,0.37237967,-0.02626403,-0.009702335763868806,0.020555401549106338,-0.010380833475826108,0.02498842843743245
1281,0.71258212,0.34333729,-0.01931772,0.70107782,0.36565522,-0.03027026,-0.011504296499723963,0.02231793319594717,-0.010952547260733258,0.02739338006874868
1282,0.72141115,0.33212548,-0.01804368,0.71046316,0.35564162,-0.02803987,-0.01094798374993116,0.02351613481206515,-0.009996192439127496,0.027799115237144668
1283,0.73241222,0.34060178,-0.01429975,0.723293,0.36217189,-0.02435862,-0.009119224319488868,0.021570115107937986,-0.01005886374363995,0.025487464718405517
1284,0.72990561,0.3482318,-0.01455486,0.72070647,0.36877221,-0.0246827,-0.009199136904675722,0.020540409028302817,-0.01012784051402874,0.024680066375894386
1285,0.71641894,0.34903673,-0.01814294,0.70550031,0.37021658,-0.02891175,-0.010918632584105931,0.021179855032414995,-0.010768811012104917,0.02614899782621213
1286,0.71530236,0.33572864,-0.01968142,0.70407238,0.35886772,-0.0301602,-0.011229980851237336,0.023139078238927406,-0.010478782924302495,0.027772905919997183
1287,0.72882495,0.3345982,-0.01609218,0.71906498,0.35681012,-0.02612846,-0.009759974577840414,0.022211924486523052,-0.010036284794983178,0.026255546188207628
1288,0.7270514,0.35055063,-0.01511343,0.7177281,0.37091181,-0.02526561,-0.009323299113882546,0.020361179468704766,-0.01015218357641605,0.024587972000410675
1289,0.71393895,0.3461237,-0.0190997,0.70274957,0.36804639,-0.0298505,-0.011189384469259333,0.02192268538773496,-0.010750793669358662,0.026858630343553114
1290,0.71815656,0.33340981,-0.01912285,0.70708532,0.35696255,-0.02919392,-0.011071240660347698,0.023552738019525395,-0.010071074627697782,0.02790574102460623
1291,0.73119813,0.33750054,-0.01482601,0.72164683,0.35949081,-0.02488134,-0.00955130741108112,0.021990276783575884,-0.010055331995828297,0.025998258553710435
1292,0.72877117,0.33986212,-0.01662218,0.7190641,0.36175721,-0.02672133,-0.009707073987028605,0.021895087810488854,-0.010099143679699425,0.02599259238094342
1293,0.72632711,0.33662358,-0.01757779,0.71619411,0.35916934,-0.02738298,-0.010133005025221695,0.022545759650958126,-0.009805189001232058,0.026591931115092445
1294,0.72370438,0.33402538,-0.01822631,0.71307006,0.35714966,-0.02801153,-0.010634315711379053,0.02312427870666131,-0.009785211528158307,0.027268503827739345
1295,0.73083686,0.34273013,-0.01546336,0.72128592,0.3643979,-0.02557696,-0.009550942025519864,0.02166776841420601,-0.010113601204927016,0.02574873998778982
1296,0.72805354,0.34538516,-0.01633249,0.71836585,0.36688842,-0.02649119,-0.009687684707824027,0.021503258176550008,-0.010158701045338323,0.025679574648621622
1297,0.72613059,0.34220233,-0.01779956,0.71629081,0.36398984,-0.02794401,-0.009839776970575701,0.021787510754013032,-0.010144449876999192,0.025969726586813624
1298,0.72337904,0.33892946,-0.0188625,0.71275703,0.3614117,-0.0291362,-0.010622001795102951,0.022482231691222807,-0.010273696626711189,0.0269040239802653
1299,0.72068542,0.33599506,-0.01920046,0.70993998,0.35908277,-0.02906118,-0.010745445608912607,0.023087705091474536,-0.00986071747080487,0.02730824924384635
1300,0.71925015,0.34704115,-0.01862107,0.70854161,0.36869687,-0.0291434,-0.010708540925931386,0.021655716091606006,-0.010522335012455232,0.026350757528331745
1301,0.71677016,0.34412813,-0.01957783,0.70566289,0.36620426,-0.03027037,-0.011107265752610845,0.022076127242752576,-0.01069253595498773,0.026926883809420456
1302,0.71483427,0.34094755,-0.02000936,0.70363184,0.36360529,-0.03060279,-0.01120243496517246,0.022657739700844344,-0.010593428443500854,0.02740599284258298
1303,0.72193083,0.34997781,-0.01724756,0.7115418,0.37110837,-0.0276916,-0.010389024261570028,0.02113055711340722,-0.010444038330656952,0.025758691847271413
1304,0.72262547,0.34477802,-0.01857396,0.71204942,0.36657902,-0.029018,-0.01057605307407939,0.021800996236918058,-0.010444036318737299,0.026385871791073403
1305,0.71748779,0.33860508,-0.01986753,0.70636611,0.36143133,-0.03037032,-0.011121684563563702,0.022826243465713335,-0.010502794388936582,0.027477953858752104
1306,0.72530614,0.34771468,-0.01720046,0.71549162,0.36907851,-0.027393,-0.009814523155828815,0.02136382934301512,-0.01019254584451541,0.025624715798742478
1307,0.72018141,0.34153948,-0.01952957,0.70945483,0.36365221,-0.02998309,-0.01072657924895769,0.02211272842049007,-0.010453518152345662,0.026707832228466975
1308,0.73713566,0.34344928,-0.00875771,0.72861632,0.36456739,-0.01877502,-0.008519337091046074,0.021118104631038036,-0.010017308974866416,0.02487769938672551
1309,0.73685895,0.33847429,-0.00937174,0.7283514,0.36026903,-0.01910247,-0.00850755144999196,0.021794738961936427,-0.009730729108560111,0.02533922191144371
1310,0.7351736,0.33400235,-0.01010803,0.72652833,0.35595496,-0.01974094,-0.008645272843130545,0.021952617514996997,-0.009632902052347413,0.025484327737690913
1311,0.73184299,0.33033532,-0.01138449,0.72258243,0.35310165,-0.02088086,-0.009260560817691405,0.022766326395393662,-0.009496367315202382,0.02634852171156863
1312,0.7277896,0.32757619,-0.0128791,0.71764463,0.35095273,-0.02266859,-0.010144968109837971,0.023376541726577233,-0.009789481564334545,0.027298663526672547
1313,0.72314225,0.32639962,-0.01417745,0.71225832,0.35006613,-0.02408126,-0.010883936577894972,0.023666508544777264,-0.009903808371328395,0.027868425186717134
1314,0.71835118,0.3265251,-0.01548043,0.70715702,0.35062203,-0.02561535,-0.011194167461851427,0.02409693461022402,-0.010134926880154911,0.02843744689031475
1315,0.71368795,0.32831247,-0.01668186,0.70234932,0.35262615,-0.02685194,-0.011338634716210631,0.02431367882059693,-0.010170075759563751,0.028690591767582395
1316,0.70983941,0.33117936,-0.01756476,0.69818998,0.35515554,-0.02817491,-0.011649424228385469,0.02397617816615957,-0.01061015144564645,0.028690442973364403
1317,0.70711304,0.33516008,-0.01802179,0.69485057,0.3584171,-0.02933728,-0.012262475701552934,0.023257015794014728,-0.011315486133380221,0.02862337017908525
1318,0.70585228,0.33996345,-0.01794445,0.69353819,0.36282977,-0.02943411,-0.012314094485207903,0.022866321710954856,-0.011489663749569114,0.028399259931513633
1319,0.7062358,0.34494913,-0.01763982,0.69399798,0.36735109,-0.02918111,-0.012237820840527271,0.0224019584431229,-0.011541287137205912,0.028014519624574744
1320,0.70781434,0.34941039,-0.01659412,0.69590057,0.37098817,-0.0279628,-0.011913766613070649,0.021577786096231247,-0.011368673325058712,0.027143791571873833
1321,0.71083746,0.35304309,-0.015425,0.6995026,0.37383076,-0.02645081,-0.011334862406974613,0.02078767562301621,-0.01102580858201266,0.026118480401431717
1322,0.71469017,0.35577858,-0.01434713,0.7036757,0.37627195,-0.02542113,-0.011014460909706406,0.020493374276481364,-0.011074001259581212,0.025766843855323157
1323,0.7195382,0.35697879,-0.01263205,0.70938306,0.37716986,-0.02354676,-0.010155131860102702,0.020191071942540422,-0.010914715141851307,0.025098547685327814
1324,0.72432927,0.35685331,-0.01132907,0.71490541,0.37667716,-0.02180514,-0.00942386028829332,0.01982385250358675,-0.010476072370676978,0.02432164392332262
1325,0.7289925,0.35506594,-0.01012763,0.71998963,0.37481873,-0.02036153,-0.00900286353840142,0.019752792972996494,-0.010233896400881489,0.02399910451806718
1326,0.73287697,0.35187354,-0.00924357,0.72411043,0.37188702,-0.0195001,-0.008766546285866062,0.0200134866053101,-0.010256527322132798,0.024136866668911593
1327,0.73571015,0.3479035,-0.00909595,0.72707882,0.36863557,-0.01915622,-0.008631330115254132,0.020732066969995994,-0.010060272107417998,0.02460746909542272
1328,0.72821161,0.34280364,-0.00596781,0.71907283,0.3642292,-0.0162042,-0.009138782814272826,0.02142555942749857,-0.010236384553853749,0.025443182128855206
1329,0.73514508,0.34323943,-0.00598571,0.72661228,0.36439425,-0.0160625,-0.008532795884209339,0.02115482007740948,-0.010076787694211354,0.02493745512965099
1330,0.74611808,0.3441434,0.00026007,0.7385489,0.36500441,-0.0096415,-0.007569181539772352,0.020861006473396764,-0.009901572735319228,0.024300519395641512
1331,0.75161127,0.34444927,0.00840655,0.74435623,0.36492742,-0.00153809,-0.007255040277916618,0.020478147803706746,-0.009944640878218983,0.02389322140485447
1332,0.75485524,0.34418319,0.0181833,0.7478531,0.36466909,0.00866845,-0.007002140569038827,0.020485898207717023,-0.00951484528337683,0.023648134782517653
1333,0.75714081,0.34413965,0.02763688,0.75009835,0.36463895,0.01826224,-0.007042456193882433,0.02049930016573163,-0.009374636113067412,0.0236157002602071
1334,0.75695349,0.34382378,0.0372673,0.74983784,0.36436122,0.0279469,-0.007115654315454568,0.020537447217231927,-0.009320393077267532,0.02364929177908741
1335,0.75526464,0.34301077,0.04636219,0.74807757,0.36358918,0.03706067,-0.007187068773221399,0.020578408455347294,-0.009301518830300752,0.023699010626111856
1336,0.75189558,0.34234097,0.05522863,0.74463914,0.36295403,0.04592484,-0.007256446143354805,0.02061305753997917,-0.00930379045884196,0.02375109826260545
1337,0.74698906,0.34149955,0.06355839,0.73926283,0.36183423,0.05375952,-0.007726227526039609,0.02033468143105218,-0.009798868931109003,0.023858157787548556
1338,0.72815563,0.34049072,-0.00606704,0.71869343,0.36228426,-0.01629886,-0.009462201862638821,0.021793538136642737,-0.010231820624431363,0.025868546961380842
1339,0.73483244,0.33858995,-0.0066009,0.72631754,0.36039127,-0.01643453,-0.008514899478793947,0.021801320764886067,-0.00983362434948798,0.02538702952442961
1340,0.746,0.33588964,-0.0007591,0.73823875,0.35754826,-0.010436,-0.007761245453539332,0.021658619466617204,-0.009676898475203016,0.024959468990529445
1341,0.75143721,0.33388259,0.00728814,0.74383069,0.35511802,-0.00227792,-0.007606519359802775,0.021235431237519517,-0.009566068227332082,0.024501272169918983
1342,0.75496765,0.33199963,0.01676129,0.74777445,0.35309521,0.00767102,-0.007193198411299611,0.021095584543547128,-0.009090271876536039,0.02407070487974147
1343,0.75708945,0.33061971,0.02611217,0.74992708,0.35141399,0.01687384,-0.007162368516682497,0.020794285541360636,-0.009238324806484847,0.023854737038469277
1344,0.75704585,0.32900178,0.03574722,0.74984949,0.34977513,0.02652928,-0.007196365113311854,0.020773353344018974,-0.00921794064148875,0.023838840359161062
1345,0.75555769,0.32821241,0.04525885,0.74831749,0.348973,0.03603612,-0.0072402002695209616,0.020760587818083605,-0.009222732845529154,0.023842846047297604
1346,0.75173839,0.32782311,0.0543262,0.74443985,0.34858264,0.04507942,-0.007298543013730029,0.020759527841828437,-0.009246780665318638,0.02386901085113139
1347,0.74717431,0.32767773,0.06245158,0.73982474,0.34843932,0.05318189,-0.007349564361233343,0.02076158608625625,-0.009269686432446342,0.023895326732916215
1348,0.72704835,0.33740017,-0.0069027,0.71746386,0.35939846,-0.01710577,-0.00958449949880775,0.021998293157558694,-0.010203076368143263,0.02607470613185704
1349,0.73321797,0.33445421,-0.00764776,0.72454283,0.35638186,-0.01738398,-0.008675140586684019,0.02192765108521362,-0.009736227129635639,0.02551223363473797
1350,0.74310056,0.32831645,-0.00202166,0.73473688,0.35066366,-0.0113786,-0.00836368190623463,0.022347209670955062,-0.00935694318595244,0.025630086634489666
1351,0.74752338,0.32421902,0.0056032,0.73947854,0.34633779,-0.00359382,-0.008044842479781511,0.02211877019041969,-0.009197020364195764,0.025269441403413084
1352,0.75020419,0.32059483,0.01506952,0.74217704,0.34258985,0.00588415,-0.008027143601796995,0.021995018104069227,-0.009185376672832396,0.02515128228190398
1353,0.75196153,0.3178549,0.02390096,0.74438337,0.33944205,0.01486042,-0.007578163627206698,0.02158715053674532,-0.009040540713613775,0.024600101801645673
1354,0.75164638,0.31587713,0.03342984,0.74406223,0.3374138,0.02438347,-0.007584146394265662,0.021536663443240827,-0.009046369006517724,0.02455980335831627
1355,0.74999345,0.31473861,0.04252589,0.74238703,0.3362463,0.03346329,-0.007606422525192731,0.021507682588232185,-0.009062599082456223,0.024547276347432957
1356,0.74648165,0.31438364,0.05170058,0.73827123,0.33606116,0.04206302,-0.008210423948876068,0.021677523858641183,-0.009637553090486207,0.02510395450191415
1357,0.7417389,0.3148786,0.06013304,0.73347908,0.33655511,0.05046382,-0.008259814149672817,0.02167650892996663,-0.009669213184187411,0.025131439528592904
1358,0.72458939,0.33613835,-0.00744852,0.71480886,0.35827461,-0.01766518,-0.00978053358706365,0.022136257467649977,-0.010216657674597923,0.026268856578878536
1359,0.73039553,0.33084514,-0.00840014,0.72113606,0.35355768,-0.01800501,-0.009259476703726835,0.02271253479378578,-0.009604870421823128,0.02634104556402047
1360,0.73759745,0.32177073,-0.00414754,0.72882421,0.34453364,-0.01346143,-0.008773235559862624,0.02276291173585218,-0.00931389119149273,0.0261126096361509
1361,0.74096995,0.31590843,0.00305375,0.73223413,0.33861392,-0.00622428,-0.008735818072072677,0.022705489666044784,-0.009278036269583602,0.026037199069464573
1362,0.74256451,0.31084489,0.01209537,0.73381898,0.33347237,0.00277907,-0.00874553196750514,0.022627479118669854,-0.009316294137424273,0.025986159337530054
1363,0.74350717,0.30702545,0.02060827,0.73498529,0.32960345,0.01133705,-0.008521872609099465,0.022578003470972035,-0.009271223389162418,0.025852352632452957
1364,0.74234139,0.30429368,0.02981745,0.73380558,0.32681954,0.02050037,-0.00853580910660294,0.022525863571919318,-0.009317085481051974,0.0258279431745216
1365,0.7407244,0.30282965,0.03891466,0.73217968,0.32531117,0.02955913,-0.008544725800978684,0.022481524150930566,-0.009355532631731419,0.02580614767814399
1366,0.73744823,0.30316003,0.04819437,0.72888734,0.32560327,0.03879568,-0.008560893935008244,0.02244324317928561,-0.009398692287555592,0.025793865280084875
1367,0.73328453,0.30404915,0.05684035,0.724024,0.32647169,0.04643866,-0.009260529504622968,0.022422546033472424,-0.01040168676349419,0.026395512210507163
1368,0.72288815,0.33463035,-0.00808791,0.7129528,0.35693383,-0.01830849,-0.009935354969456077,0.022303483369018162,-0.010220580045958504,0.026469168956297258
1369,0.72634214,0.32808601,-0.00989475,0.71619751,0.35141473,-0.01977808,-0.010144631535931937,0.0233287140185587,-0.009883330887052351,0.027291439613594683
1370,0.73095628,0.31707511,-0.0066024,0.72115822,0.34076083,-0.01596654,-0.009798052432088478,0.02368572067868942,-0.009364146548833163,0.02728923663496058
1371,0.73228412,0.30999601,-0.00014898,0.72247824,0.33427817,-0.00908053,-0.009805871857657092,0.024282155192261762,-0.008931541327048875,0.02766858532969581
1372,0.732449,0.30378431,0.00835942,0.72254294,0.32815118,-0.00072571,-0.009906061610946992,0.02436687187680022,-0.009085125754846528,0.027828295163046746
1373,0.73212674,0.29916585,0.01675469,0.72201018,0.32400011,0.00779974,-0.010116555538620123,0.024834260307357015,-0.008954954404025139,0.028271476603773684
1374,0.7306894,0.29607425,0.02585769,0.72068483,0.32067435,0.01672983,-0.010004565455842636,0.024600101402098683,-0.009127863426096021,0.028081563519135447
1375,0.72876492,0.29457589,0.03484757,0.71875093,0.31913968,0.02567077,-0.010013981377667906,0.02456378903709367,-0.009176799229556824,0.02806907905490876
1376,0.72579624,0.29494059,0.04423461,0.71575279,0.31850596,0.03405031,-0.01004344959200375,0.023565367240781173,-0.010184304077403722,0.027566600487565106
1377,0.7222116,0.29622388,0.0530941,0.71214035,0.31975741,0.04284403,-0.010071248155227917,0.02353353112398626,-0.010250076720531794,0.027573922451196522
1378,0.720536,0.33337922,-0.00894313,0.70983863,0.3562613,-0.01933031,-0.010697375960355129,0.02288208458861701,-0.010387183388876425,0.027311485245441306
1379,0.72196636,0.32726928,-0.01108692,0.7110899,0.35086327,-0.02112669,-0.010876463113658679,0.023593996706253305,-0.010039773717440761,0.02785266929281436
1380,0.72289155,0.31485926,-0.00876973,0.71207804,0.33924557,-0.01808032,-0.010813513752919755,0.024386306568456504,-0.00931058656282219,0.02825439877044165
1381,0.72196013,0.3075292,-0.00275828,0.7108884,0.33283278,-0.01201487,-0.011071733128201904,0.025303573732911734,-0.009256586573239836,0.02912968439765368
1382,0.72038687,0.30112225,0.0047967,0.70927418,0.32648664,-0.00447334,-0.011112689948227103,0.02536439025658604,-0.009270039885947786,0.029202359672822458
1383,0.71856307,0.29600665,0.01265644,0.7070473,0.32217526,0.00332766,-0.011515765905437814,0.02616860507779534,-0.009328780308230585,0.03007382413571129
1384,0.71651074,0.29284641,0.02154477,0.70486027,0.31911247,0.01202059,-0.011650476564892669,0.02626606290138949,-0.009524181067707136,0.03027126838339176
1385,0.71427877,0.29131372,0.0304273,0.70214117,0.3175082,0.02022031,-0.012137601753577535,0.026194472588673814,-0.010206993025641218,0.03062114428222304
1386,0.71131009,0.29167843,0.03981435,0.69914591,0.31783808,0.02952846,-0.012164183197433133,0.026159654727243794,-0.010285891706214778,0.030628327680454592
1387,0.70864793,0.29306468,0.04899585,0.69684725,0.31790816,0.03776104,-0.01180067391340758,0.024843481646003716,-0.011234817932904097,0.029709857271474818
1388,0.71816895,0.3341048,-0.00938857,0.70715203,0.35720306,-0.01995631,-0.011016912403503328,0.023098260597067526,-0.010567738661367293,0.02768716493127212
1389,0.71758959,0.32743977,-0.01259196,0.70640644,0.35148899,-0.02289209,-0.011183148832834106,0.024049225967166864,-0.01030013364696851,0.028452079723327514
1390,0.7146462,0.3152582,-0.01125574,0.70307528,0.3398925,-0.02137461,-0.011570913386403793,0.024634290336246246,-0.010118874275078004,0.02903663054765427
1391,0.71156232,0.30768788,-0.00599565,0.69961792,0.33317701,-0.01607229,-0.011944396350380762,0.025489130108388918,-0.010076643062734017,0.029898212208610622
1392,0.70800135,0.30138981,0.00122354,0.69571543,0.32765568,-0.00892559,-0.012285927245152104,0.026265872465745098,-0.010149137728672975,0.03072206147535563
1393,0.70464009,0.2961026,0.0085466,0.69184763,0.32257909,-0.00221193,-0.012792458421700487,0.026476492349713006,-0.010758528744950927,0.03131130116062381
1394,0.70197278,0.2928737,0.01722025,0.68913981,0.31935312,0.00635036,-0.012832967035993563,0.026479426452899205,-0.010869890186066045,0.03136876760216331
1395,0.69901901,0.29126168,0.02619751,0.68616229,0.31770785,0.01522905,-0.012856713857440128,0.026446172688726403,-0.0109684664642847,0.03138474785102103
1396,0.69666532,0.29169503,0.03579923,0.6830772,0.31790433,0.02273877,-0.013588112424030976,0.02620930430907747,-0.013060461587968444,0.03228219460483954
1397,0.69461814,0.29314993,0.04519541,0.68100249,0.31934408,0.03202731,-0.01361564473147118,0.026194149087991236,-0.013168108716267795,0.03232519628805058
1398,0.71587277,0.33516659,-0.01014457,0.70476036,0.35829676,-0.02076453,-0.01111240644271312,0.023130171719095604,-0.010619962674767761,0.02777182075263274
1399,0.71326978,0.32893595,-0.0136849,0.7018288,0.35316776,-0.02423494,-0.011440983604538216,0.02423180428552235,-0.010550041495773089,0.02879895519517515
1400,0.70682225,0.31834286,-0.01281021,0.69452169,0.34309782,-0.02355451,-0.01230055959196925,0.024754961690345162,-0.010744306936621179,0.029657242388906782
1401,0.70147813,0.31150881,-0.00830496,0.68843697,0.33708105,-0.01958675,-0.013041160519295814,0.025572240438623897,-0.011281793584642054,0.030842992968051944
1402,0.69661533,0.30572446,-0.00151743,0.68323844,0.33188378,-0.01270046,-0.013376883458800887,0.026159321573265747,-0.011183030845290445,0.03143741870972528
1403,0.6919163,0.3012765,0.0053728,0.67817451,0.32722536,-0.00672419,-0.013741787978684777,0.025948864530361875,-0.012096992535654074,0.03175716510763938
1404,0.68849126,0.29829378,0.01414002,0.67429109,0.32482391,0.0012961,-0.014200171067350787,0.026530128456209272,-0.01284391963707607,0.03271786737989901
1405,0.6853368,0.29665813,0.02270054,0.67105,0.32321723,0.00963777,-0.014286805223709918,0.02655910695861325,-0.013062773690144523,0.03286540768679457
1406,0.68332654,0.29680028,0.03241076,0.66902602,0.32291223,0.01880351,-0.014300520298086275,0.026111941474221738,-0.013607253538837287,0.032733709188226115
1407,0.68200116,0.29833452,0.04171222,0.66768782,0.32440638,0.02802096,-0.014313335334918792,0.02607185905646981,-0.01369125006800938,0.03274238432819193
1408,0.71350571,0.33589218,-0.01059,0.70206757,0.3590643,-0.02155996,-0.01143814160247049,0.023172120261130826,-0.01096995227033553,0.0280734410703055
1409,0.70972873,0.33183716,-0.01446046,0.6980251,0.35567334,-0.0254681,-0.011703630699469445,0.023836175631126742,-0.011007635436354081,0.028745543622745458
1410,0.70022631,0.32353926,-0.01456108,0.68715929,0.34825547,-0.02599086,-0.013067017165619178,0.02471621371720711,-0.011429778686587618,0.030203940122865026
1411,0.69305826,0.31815047,-0.01028891,0.67975154,0.34295813,-0.02197408,-0.013306721384445247,0.024807662027524525,-0.011685175141211727,0.030480030304380068
1412,0.68640746,0.31348588,-0.0037333,0.67262141,0.33918353,-0.01604129,-0.013786044108279239,0.025697654248623365,-0.012307985859656522,0.03165297714210649
1413,0.68087884,0.30993512,0.00324818,0.66651938,0.33585713,-0.01019737,-0.014359461893390955,0.025922011370818666,-0.013445542674128785,0.03254116527075233
1414,0.67656627,0.30751114,0.01138167,0.66206948,0.33354355,-0.00236669,-0.014496792410093981,0.02603241273529734,-0.013748358779571257,0.03281555838522398
1415,0.67326907,0.30619031,0.02025043,0.65868821,0.33228511,0.00629223,-0.014580861252243194,0.026094798493663952,-0.013958200234382738,0.032990474035169845
1416,0.67170904,0.30605197,0.02975974,0.65711998,0.33187133,0.01546378,-0.014589067203792772,0.025819361492936115,-0.01429596351218005,0.03292195137778557
1417,0.6709637,0.30699314,0.03958759,0.6563893,0.33276697,0.02527016,-0.014574395988010016,0.02577382594288896,-0.014317430633117313,0.03288908545526592
1418,0.71143125,0.3386288,-0.01051832,0.69992583,0.36154104,-0.02160411,-0.011505421835585092,0.022912233319143126,-0.01108578755970892,0.02793277381687339
1419,0.70689556,0.3358072,-0.01460809,0.69465704,0.35901155,-0.02600927,-0.012238522175557015,0.02320434994039438,-0.011401183823170215,0.02860437508087879
1420,0.69553229,0.3302673,-0.01525582,0.68231779,0.35452948,-0.02731544,-0.013214501291691676,0.02426218336538788,-0.012059615398837509,0.03014483222065938
1421,0.68691868,0.3266943,-0.01141996,0.67326795,0.35119121,-0.0241505,-0.013650732125461336,0.024496909261572532,-0.012730540991409562,0.030797852601517194
1422,0.67916575,0.3235543,-0.00519216,0.66527584,0.34806098,-0.01838271,-0.013889908536050837,0.024506680117883307,-0.013190549414596268,0.03110462221919792
1423,0.67277161,0.32122626,0.00187941,0.65825078,0.34662875,-0.01232582,-0.014520829844092326,0.02540249382119266,-0.014205233826084422,0.03252583372875393
1424,0.66811562,0.31909347,0.00990441,0.65345606,0.34468896,-0.00456752,-0.014659550775730298,0.025595487796433294,-0.014471927673718674,0.03285526008232053
1425,0.66436818,0.31805315,0.01897407,0.64948834,0.34365651,0.0041723,-0.014879847942238672,0.025603367665611807,-0.014801770162130594,0.03310641494540265
1426,0.66315158,0.31762361,0.02859188,0.64828551,0.34323695,0.01379513,-0.014866065557869184,0.025613337465510033,-0.014796753283955709,0.03310569239631182
1427,0.66285647,0.31828428,0.03821883,0.6480392,0.34364046,0.02334311,-0.014817266245312363,0.025356178101814595,-0.01487571420764569,0.032920723262148524
1428,0.71090817,0.34054756,-0.01063261,0.6993943,0.36328051,-0.02177087,-0.011513868363432933,0.022732947867839286,-0.011138259320251717,0.02781037403807318
1429,0.70570666,0.33995954,-0.01452843,0.69341182,0.36280803,-0.02608984,-0.01229484014471761,0.02284848602899367,-0.011561411917627837,0.02840567995191007
1430,0.69319043,0.33824647,-0.01509534,0.67993869,0.3619851,-0.02740017,-0.013251735745633328,0.023738630795943832,-0.012304825882736403,0.0298419140194239
1431,0.68421849,0.33694138,-0.01095819,0.67047201,0.36083696,-0.02427993,-0.01374648408516155,0.023895587027551974,-0.013321744057099393,0.0306175402150103
1432,0.67624997,0.33575446,-0.00473734,0.66210579,0.35976396,-0.01875398,-0.014144186260316742,0.02400950616792531,-0.014016639410810923,0.031192636499130278
1433,0.66985485,0.33441365,0.00202135,0.65534839,0.35886841,-0.0126146,-0.014506462400247574,0.02445476597633107,-0.014635951152773932,0.03197943239760989
1434,0.66464083,0.3335379,0.01024377,0.65002456,0.35812549,-0.00461253,-0.014616270439301273,0.024587588198445996,-0.01485630031889448,0.032231886605291
1435,0.66100021,0.33250827,0.01900404,0.64636156,0.35717377,0.00407862,-0.014638647268505068,0.024665507366675835,-0.014925415392496297,0.032333346132836546
1436,0.6597836,0.33207873,0.02862184,0.64519349,0.35674121,0.01375628,-0.01459011055649937,0.024662470661173122,-0.014865564768871898,0.03228147767778955
1437,0.65963222,0.33143735,0.03825342,0.64482571,0.35609285,0.02204197,-0.014806510132735243,0.024655501128069107,-0.01621145297891311,0.03301420430473101
1438,0.71096415,0.34286048,-0.01053339,0.69947654,0.36536978,-0.02171459,-0.011487604744553508,0.02250929610444772,-0.01118120340122493,0.027634268280241427
1439,0.70581861,0.34458538,-0.01432998,0.69358214,0.36700655,-0.02596198,-0.01223647214570884,0.022421168541677017,-0.011632001027942034,0.028066768557513708
1440,0.69352213,0.34652161,-0.01469497,0.68062933,0.36874964,-0.02727734,-0.012892796958584073,0.022228030348021538,-0.012582377485976891,0.028611636964135052
1441,0.68419187,0.34748442,-0.01025653,0.67080281,0.36995327,-0.02361825,-0.013389059782678937,0.022468852487608576,-0.013361720564790996,0.029370935130254593
1442,0.67624438,0.34794871,-0.00362474,0.66243479,0.37086032,-0.01747818,-0.01380958368736571,0.022911607705922748,-0.013853440700831866,0.030125806023074648
1443,0.6696696,0.34823547,0.00312816,0.65574025,0.37128113,-0.01088888,-0.01392935121115516,0.023045667274557834,-0.01401704118980916,0.030357981635974127
1444,0.66469121,0.34804508,0.0114556,0.65040639,0.3717499,-0.00318556,-0.014284817857943726,0.023704822374406933,-0.01464116000698565,0.031310352782857105
1445,0.66097873,0.34766647,0.02021355,0.64665206,0.37149812,0.00549017,-0.014326664350968323,0.023831650986606417,-0.014723379208815274,0.03146392848166451
1446,0.65952649,0.34655158,0.02972634,0.6447974,0.37021826,0.01395987,-0.014729091475456778,0.023666682772431672,-0.015766472859084283,0.03202560968286988
1447,0.65944697,0.34525917,0.03936024,0.64427646,0.36941167,0.02211469,-0.015170505170543072,0.024152499784959543,-0.017245545052056034,0.03333011096792867
1448,0.71210736,0.34562552,-0.00969657,0.70069889,0.36758591,-0.02105116,-0.01140846443679642,0.021960387033798007,-0.011354590898359997,0.027227530074337848
1449,0.7075399,0.34873181,-0.01359252,0.69546444,0.37070649,-0.02519837,-0.012075458525578307,0.021974677050911256,-0.011605844404152129,0.027629671630842755
1450,0.69662225,0.35411843,-0.01301568,0.6840718,0.37542285,-0.02555845,-0.012550454161539095,0.02130441621954674,-0.0125427749755909,0.02772567860675171
1451,0.68830638,0.35717162,-0.00815484,0.67518274,0.37864952,-0.02146996,-0.013123634456633698,0.02147789263123578,-0.013315119018528793,0.028474937185318298
1452,0.68090103,0.35934282,-0.00162357,0.66761005,0.38093817,-0.01510983,-0.013290979944278056,0.021595352115538983,-0.013486259757790282,0.028720873648409605
1453,0.6746907,0.36098959,0.00564876,0.66120985,0.38271064,-0.00829893,-0.013480853633367674,0.021721052831085413,-0.013947698994132115,0.029121742015305336
1454,0.66994795,0.36148455,0.01408123,0.65645037,0.38336881,0.0001059,-0.013497582200740488,0.02188426435954978,-0.013975327415950796,0.02926457804594888
1455,0.66650703,0.36146578,0.02294535,0.65301691,0.38345195,0.00897697,-0.013490119333890499,0.021986174640253927,-0.013968385743547754,0.029334126801984394
1456,0.66489004,0.36000174,0.03204256,0.65050218,0.38239403,0.01645865,-0.014387862279090176,0.022392284528384196,-0.01558391433325113,0.030842882052562633
1457,0.66488238,0.3580583,0.04167878,0.65068855,0.38060344,0.02584806,-0.014193823636013804,0.022545133800851293,-0.01583071327792655,0.030989662314979675
1458,0.71432971,0.34718922,-0.00956864,0.70327881,0.36870809,-0.02065051,-0.011050893389088432,0.02151886841392346,-0.011081869850068425,0.026608114963044768
1459,0.71025552,0.35233019,-0.01253074,0.69884931,0.37316202,-0.0240467,-0.01140620943307967,0.02083183628713339,-0.011515964240713012,0.02639478071738017
1460,0.70151038,0.36059551,-0.01110446,0.68932322,0.3814511,-0.02333712,-0.012187155123475782,0.020855587986883892,-0.012232655660847407,0.027076191844481744
1461,0.69493069,0.36581841,-0.00591596,0.68246373,0.38669343,-0.0185293,-0.012466957121393162,0.020875018456626315,-0.012613347983790725,0.027391384827922496
1462,0.68881227,0.36945259,0.00145676,0.67600832,0.39038082,-0.01168003,-0.012803950817866214,0.020928223284528546,-0.013136792037455646,0.027829965710161733
1463,0.68314507,0.37181904,0.00894146,0.67026849,0.3928237,-0.00430007,-0.012876578208529334,0.02100465681396796,-0.013241530480743105,0.02797034150140809
1464,0.67935974,0.37307869,0.01738421,0.66620436,0.39431255,0.00375395,-0.01315538621064254,0.021233861477245475,-0.01363026502574893,0.028455670511484486
1465,0.67591882,0.37305992,0.02624834,0.66274083,0.39443277,0.01260021,-0.013177990028489715,0.021372849967372765,-0.013648129883640066,0.02857848117446953
1466,0.67419502,0.37158519,0.03565495,0.66113828,0.39306832,0.02195947,-0.013056746309822172,0.021483124614947387,-0.013695482577093129,0.02862812446598405
1467,0.67333674,0.36888775,0.04497147,0.65971442,0.39046136,0.03006834,-0.013622323407748688,0.021573602457646366,-0.014903134771909765,0.029548120821053393
1468,0.71633844,0.34873154,-0.00882192,0.70555289,0.3699131,-0.01978688,-0.01078554598608575,0.021181555522292735,-0.01096495768586783,0.02617664213788339
1469,0.71434484,0.3547638,-0.01103497,0.70336795,0.37535685,-0.02228294,-0.010976892911752925,0.02059305087716686,-0.011247968557894006,0.025905264312588022
1470,0.70856585,0.36533614,-0.00885167,0.69699009,0.38548964,-0.02055888,-0.011575760489397657,0.02015350872150319,-0.011707208823944234,0.026023467930755172
1471,0.70372333,0.37174153,-0.00302262,0.69226252,0.39151048,-0.01500564,-0.011460808582128322,0.01976895584410362,-0.011983019877539598,0.025802219166339433
1472,0.69886984,0.37617472,0.00446773,0.68712473,0.39603513,-0.00791236,-0.011745110999131824,0.01986041253130294,-0.01238008900575606,0.026184923564637422
1473,0.69459638,0.38001484,0.01248448,0.68277946,0.39996026,6.47e-06,-0.011816916933865176,0.019945418552911674,-0.012478007531858074,0.026327930397921702
1474,0.69101174,0.38129812,0.02134397,0.67892538,0.40138725,0.00853231,-0.01208635377934606,0.020089135429069427,-0.012811655141742427,0.026716882629489923
1475,0.68814987,0.38167351,0.03042161,0.6760415,0.40184855,0.01758623,-0.012108370239733168,0.020175041907612722,-0.012835380072004254,0.02680283431708649
1476,0.68581108,0.38013014,0.03961355,0.67368628,0.40038271,0.02676391,-0.01212480346749369,0.020252575167397386,-0.01284963587946261,0.026875468410265915
1477,0.68468124,0.37707286,0.04882389,0.67196583,0.39803924,0.03541719,-0.012715413069983162,0.02096637350419124,-0.0134066993405478,0.027946558547796114
1478,0.71858378,0.34997199,-0.0076573,0.70795065,0.37101546,-0.01858315,-0.010633133114113624,0.021043472241591817,-0.010925852021384274,0.02598587089551343
1479,0.71857789,0.35589537,-0.00953456,0.70842746,0.37618128,-0.02056835,-0.010150427360161283,0.020285913836927977,-0.011033789259231559,0.02522486830907766
1480,0.7165597,0.36721579,-0.00637378,0.70631726,0.38672665,-0.01746102,-0.010242435295913024,0.01951086789243052,-0.011087236366952935,0.024667960129761943
1481,0.7138337,0.37418696,0.00020548,0.70366452,0.39306165,-0.0112634,-0.010169172849846812,0.018874697749177747,-0.01146888268696591,0.024314636778291866
1482,0.71109672,0.37918593,0.00844603,0.70091569,0.39815814,-0.00313038,-0.010181028650576338,0.018972213891274202,-0.011576412939436643,0.024446095411424503
1483,0.70819598,0.38284852,0.01658389,0.69799505,0.40192874,0.00493872,-0.010200925429574029,0.01908022052700521,-0.011645161314099692,0.02457078503040318
1484,0.70519039,0.38452596,0.02565689,0.69466355,0.40379289,0.01372536,-0.01052684070130545,0.019266931211212503,-0.011931531118055139,0.02498780599151061
1485,0.70260009,0.38526119,0.03484072,0.69206245,0.40459769,0.0228764,-0.010537633676624856,0.01933649487713865,-0.011964320091300459,0.025061658222939747
1486,0.70009655,0.38336867,0.04361707,0.68955028,0.40276767,0.0316299,-0.010546271913194549,0.01939900290612496,-0.011987174284680671,0.025124440538053586
1487,0.69793742,0.38019773,0.0528148,0.68739293,0.39964837,0.04081606,-0.010544483843269647,0.019450639635007524,-0.011998747307870022,0.025169097295890817
1488,0.72105765,0.34925709,-0.00752126,0.71125132,0.37038118,-0.01815588,-0.009806321889393583,0.02112408472828435,-0.010634622389257508,0.025602462732484017
1489,0.72316827,0.35574625,-0.00864832,0.71374252,0.37567574,-0.01931708,-0.009425756602719024,0.01992949331887781,-0.010668763085356005,0.024491878189562177
1490,0.72487593,0.36715304,-0.00419833,0.7156857,0.38649544,-0.0148832,-0.009190236924477428,0.019342394126445808,-0.010684865542986657,0.023932300703076944
1491,0.72475262,0.37408398,0.00293139,0.71545352,0.39297742,-0.00803077,-0.009299103819297196,0.01889343794868751,-0.010962150470012307,0.0237403469285974
1492,0.72358904,0.37892906,0.01170979,0.71465132,0.3973586,0.00092405,-0.008937724267192942,0.01842954913165364,-0.010785739496714903,0.023148722918627733
1493,0.72188234,0.38305446,0.02027583,0.71296654,0.4015108,0.00947699,-0.00891580489891858,0.018456344544138168,-0.01079883458674961,0.023167715885678047
1494,0.72010673,0.3848692,0.02977819,0.71116544,0.4032848,0.01883019,-0.008941283460793214,0.01841560571030655,-0.010947996096941703,0.02321507488987232
1495,0.71755236,0.38527891,0.03896317,0.70815173,0.40434035,0.02762228,-0.00940062948193422,0.019061437153903557,-0.011340890645174038,0.02408995686286345
1496,0.71494201,0.3833757,0.04804893,0.70551704,0.40249487,0.03667722,-0.009424970414521566,0.019119170436472748,-0.011371708755445433,0.02415964622075776
1497,0.71196721,0.38011248,0.05661524,0.70251894,0.3992783,0.04521843,-0.00944826408776983,0.019165822812279253,-0.01139681418355014,0.0242174695597681
1498,0.72335382,0.3481953,-0.00676526,0.71367467,0.36935398,-0.01735286,-0.00967915433824086,0.02115867925274177,-0.01058760326225316,0.025563119513525058
1499,0.72748808,0.35425007,-0.00755538,0.71848096,0.37410782,-0.01804028,-0.009007118814906524,0.019857755442070406,-0.010484896774875815,0.02419486930989133
1500,0.73248626,0.36404702,-0.00202506,0.72384475,0.38347105,-0.01232439,-0.00864150677985793,0.01942403837850777,-0.010299328416405632,0.02362297763164191
1501,0.73445844,0.36989253,0.00544391,0.72646646,0.38842384,-0.0046552,-0.007991984068186556,0.01853130992106063,-0.010099114519716332,0.022567086006369832
1502,0.73490419,0.3742582,0.01476132,0.72701924,0.39273137,0.00468898,-0.007884948119266077,0.018473175485590826,-0.010072339067108577,0.02246959353543702
1503,0.73484275,0.37757868,0.02386752,0.72676342,0.39598123,0.01347469,-0.008079333322603285,0.018402550113125162,-0.010392832162076746,0.022626100811958465
1504,0.73320988,0.37907859,0.03306164,0.72510287,0.39752262,0.02265554,-0.008107005609857793,0.018444027166837768,-0.010406102690899366,0.022675816441814357
1505,0.73127049,0.37955695,0.0424613,0.72313682,0.39804304,0.03204198,-0.00813366621777019,0.018486086274069113,-0.01041931458111556,0.02272562492462352
1506,0.72804515,0.3775851,0.05133238,0.71987292,0.39613161,0.04089007,-0.008172229116279683,0.01854651087268986,-0.01044230819162243,0.02279912705891604
1507,0.724691,0.37493858,0.05978904,0.71603151,0.39399399,0.04884879,-0.008659485482274206,0.019055406573777914,-0.010940246917131087,0.023617455644448504
1508,0.7260643,0.34717853,-0.00621133,0.71652528,0.36838928,-0.0167394,-0.009539022904219638,0.021210754618362134,-0.010528071922214043,0.02552899073302564
1509,0.73133663,0.35138318,-0.00667248,0.72255043,0.37144571,-0.01701777,-0.008786200560946396,0.02006253445485154,-0.010345287544594454,0.024222460309176297
1510,0.7394965,0.35889562,-0.00047626,0.73151797,0.37834224,-0.01067836,-0.007978527811639298,0.019446613840054236,-0.010202108051917529,0.023364732067547685
1511,0.74287831,0.36325086,0.00742786,0.73516629,0.3825862,-0.00278975,-0.007712016775603797,0.0193353339251548,-0.010217613621875407,0.02318900534456729
1512,0.74511206,0.36649678,0.01697719,0.73760179,0.38523991,0.00693202,-0.0075102681815066566,0.018743122900253404,-0.010045168250829083,0.022552476347390757
1513,0.7457734,0.36890937,0.02630155,0.7382119,0.38759354,0.01630317,-0.00756149786700794,0.01868416903128297,-0.009998384265525595,0.022499824672726428
1514,0.74513486,0.36986123,0.03582,0.73751309,0.38853705,0.02584236,-0.007621774539545152,0.018675820709636647,-0.009977637764340986,0.02250402145543225
1515,0.74323141,0.37001408,0.04522081,0.73555073,0.38869601,0.03525038,-0.00768067853356055,0.01868193604453366,-0.009970435680574282,0.022525921618624455
1516,0.73997014,0.36836773,0.05409074,0.73216632,0.38717645,0.0438505,-0.0078038253356954145,0.018808711780001503,-0.010240235331836454,0.022793195220166054
1517,0.73565758,0.36594376,0.06222423,0.72752416,0.38558609,0.05177276,-0.00813341630035004,0.019642335335537744,-0.01045146353935266,0.02368980557672292
1518,0.72754579,0.34503723,-0.00577386,0.71808631,0.3664146,-0.01624885,-0.009459481386853262,0.02137736804599756,-0.010474987564866537,0.025616381812550527
1519,0.73406299,0.34740246,-0.00621545,0.72542393,0.36818077,-0.01633187,-0.008639056457187922,0.020778315875859172,-0.010116411582414154,0.024672119698401773
1520,0.74419052,0.35216758,0.00021849,0.73657447,0.37226538,-0.00997464,-0.0076160500866476535,0.020097797245273625,-0.01019313115737162,0.02378708884722622
1521,0.7491247,0.35471773,0.00824951,0.74217136,0.37439339,-0.00230324,-0.006953338184577689,0.0196756635260705,-0.01055275481716398,0.023384637720764986
1522,0.75215309,0.35640473,0.01801931,0.7447774,0.37595693,0.00783838,-0.007375690992642436,0.019552201656517366,-0.010180925286700802,0.023245228476602483
1523,0.75388063,0.35761823,0.02767032,0.74669122,0.37719338,0.0178513,-0.007189406566229294,0.019575147880619165,-0.009819018917799236,0.023049666241200743
1524,0.75362145,0.35795338,0.03729842,0.74633184,0.37754691,0.02752135,-0.007289605945268209,0.019593522401100606,-0.009777065597253536,0.023078896997315957
1525,0.75178986,0.3574552,0.04670155,0.74399896,0.37722772,0.03658402,-0.00779089510858129,0.019772512601698825,-0.010117531265647182,0.023537517712974812
1526,0.74845673,0.35645989,0.05556916,0.74057335,0.37626918,0.04543893,-0.007883381879716225,0.019809291725197818,-0.010130225558228645,0.023604601635613717
1527,0.74376481,0.35465262,0.06359299,0.735716,0.37436203,0.05318624,-0.008048811101295678,0.01970940891487275,-0.010406755014325959,0.023696934608640936
1528,0.71322538,0.34113698,-0.00946567,0.70182216,0.36376523,-0.02057,-0.011403213923501514,0.022628247451623333,-0.01110432770406563,0.027665447118677047
1529,0.71996405,0.33562575,-0.00802304,0.70929346,0.35834619,-0.01845553,-0.010670593486880285,0.022720436400101574,-0.010432494563991713,0.027183022981284277
1530,0.72543123,0.34249699,-0.00589831,0.71584168,0.36407089,-0.01638027,-0.009589556657712868,0.021573900534188308,-0.010481961629316212,0.0258314595164306
1531,0.71872849,0.3476827,-0.00733978,0.70823359,0.36908231,-0.01823411,-0.01049489081162622,0.02139960653048572,-0.01089432450603054,0.02620633891351978
1532,0.72467252,0.34373039,-0.00611762,0.71504289,0.36522279,-0.01662686,-0.009629632374605481,0.021492394423351574,-0.01050923578957096,0.025789472165978173
1533,0.71726288,0.34686006,-0.00787415,0.70661274,0.36849452,-0.01861502,-0.010650139011433975,0.021634466578567105,-0.010740866890327945,0.026397761773638083
1534,0.71398409,0.33990357,-0.00924636,0.70260148,0.36263187,-0.02031279,-0.011382603666966631,0.022728296110574444,-0.011066430139592213,0.02772372605483741
1535,0.72112217,0.33641407,-0.00759601,0.71084746,0.35874512,-0.01805872,-0.010274703297832016,0.02233104516913553,-0.010462713503962783,0.02671541652436766
1536,0.72003032,0.34716897,-0.00690811,0.71016229,0.3684726,-0.01754905,-0.009868029313234501,0.021303627334420518,-0.010640934724581363,0.025776967081942086
1537,0.71369664,0.34250768,-0.00925563,0.70232991,0.36499838,-0.02037443,-0.011366729403252262,0.022490694766151127,-0.011118804076631699,0.027543814051170526
1538,0.71866222,0.33613948,-0.00845471,0.70792688,0.35888446,-0.01891621,-0.010735340679919186,0.02274497797503,-0.010461501561245066,0.027240128074487103
1539,0.72495997,0.34112628,-0.00610835,0.71532969,0.36280204,-0.01658109,-0.009630281155617777,0.021675757788982584,-0.01047274047625298,0.025927959502163558
1540,0.72319202,0.34488447,-0.00624221,0.71348716,0.36630799,-0.01679388,-0.009704852499949762,0.021423522054320965,-0.010551675839856167,0.025777690398621097
1541,0.71586914,0.34538638,-0.0084062,0.70488719,0.36703022,-0.01943079,-0.0109819506299094,0.021643836846534804,-0.011024589440242167,0.026657090715287823
1542,0.71550052,0.33842399,-0.00912062,0.70442413,0.36121996,-0.01981081,-0.01107639067787048,0.022795968998319874,-0.010690197705020991,0.027506780254941018
1543,0.72251591,0.33788775,-0.00706396,0.71264455,0.35996397,-0.01733097,-0.009871357596770642,0.022076224317559442,-0.010267013078715515,0.0262719420386282
1544,0.72178239,0.34637474,-0.00667735,0.71200626,0.3677062,-0.01727226,-0.009776125089151936,0.021331465018884423,-0.010594909241055406,0.025745992376228908
1545,0.71467608,0.34393634,-0.00852152,0.70361258,0.36589634,-0.01959766,-0.011063498623521796,0.021959991059708868,-0.011076141903887287,0.02696892894814716
1546,0.71687422,0.33725923,-0.00868663,0.70584951,0.36011694,-0.01933368,-0.011024713161864805,0.022857715082063412,-0.010647051330477122,0.027520522180874384
1547,0.72390965,0.33936142,-0.00653191,0.7141579,0.3612907,-0.01679985,-0.00975175364657366,0.02192927922866846,-0.010267943117153145,0.026104034985600696
1548,0.72201484,0.34047048,-0.00645443,0.71187488,0.36246055,-0.01695796,-0.010139962011154708,0.021990069576530758,-0.010503532921156205,0.026395192619000463
1549,0.72092859,0.33903113,-0.00687914,0.71070008,0.36116027,-0.01738298,-0.010228515678926322,0.022129141866225964,-0.01050383793912014,0.026545283275582046
1550,0.71964166,0.33756814,-0.00772059,0.70899355,0.36014131,-0.01818333,-0.010648110803109727,0.022573164714912837,-0.010462737939406322,0.02706286965771702
1551,0.72317197,0.34224603,-0.00634027,0.71344321,0.36386869,-0.0168586,-0.009728761678076549,0.021622662227877145,-0.010518326435262687,0.0259388418517177
1552,0.72169146,0.3434001,-0.00646486,0.71188937,0.36496155,-0.01702619,-0.009802097926251812,0.0215614427709734,-0.010561336652975215,0.025932966857250807
1553,0.7204984,0.34195006,-0.00658017,0.7102924,0.36386045,-0.01713133,-0.010206004258711288,0.02191038836461495,-0.010551160910721802,0.026373369860164454
1554,0.71914059,0.34015088,-0.00711106,0.70851924,0.36229533,-0.01771614,-0.010621356494925604,0.022144454336943727,-0.010605074112586326,0.026751778793320132
1555,0.71816115,0.33872221,-0.00784518,0.70745778,0.36124833,-0.01835187,-0.01070337606375676,0.022526113795258505,-0.010506688181166459,0.02706249357349392
1556,0.71744352,0.34424526,-0.00755548,0.70677978,0.36608872,-0.01825634,-0.010663732787084603,0.02184346214540383,-0.010700861234792549,0.026558623206377228
1557,0.71635727,0.34280591,-0.00798019,0.70562052,0.36479216,-0.01868496,-0.010736744133139783,0.021986252211797272,-0.010704764650301991,0.02670702055864014
1558,0.71496353,0.34133223,-0.00851224,0.70388881,0.36361367,-0.01936382,-0.011074713924776136,0.022281440079472803,-0.010851575676808514,0.027145322897329283
1559,0.71852977,0.34568461,-0.00713076,0.70794213,0.36739112,-0.01782631,-0.010587640522729898,0.021706515032970816,-0.010695547538155235,0.026413361464533037
1560,0.71881721,0.3430805,-0.00712149,0.70821428,0.36499334,-0.01777356,-0.010602933235529691,0.02191283667204923,-0.010652065404381458,0.026571810280675758
1561,0.71668065,0.33987629,-0.00796976,0.70592527,0.36211317,-0.01862288,-0.010755376338614177,0.02223688801759498,-0.010653118879648824,0.026900673797438813
1562,0.72021096,0.34455417,-0.00658944,0.71002142,0.36626408,-0.01718045,-0.010189541797602238,0.021709906214079748,-0.010591010724684569,0.02621671791127953
1563,0.71773096,0.34164115,-0.00754621,0.70705231,0.36369742,-0.01820198,-0.01067865244806325,0.02205626672195342,-0.010655776782115652,0.026721865553264654
1564,0.7316429,0.34285343,-0.00582148,0.72292703,0.36396634,-0.0159229,-0.008715870370852138,0.02111290846875921,-0.010101414509652925,0.024975185193057713
1565,0.73149404,0.33954034,-0.00633397,0.72255553,0.36119413,-0.01649375,-0.008938504007919843,0.02165379651993594,-0.010159780041083696,0.02553438638600097
1566,0.73000839,0.33607926,-0.00696641,0.72061581,0.35811437,-0.01711959,-0.009392578151350223,0.022035112157513664,-0.010153188111475085,0.026016416374097857
1567,0.7279427,0.33321124,-0.00812523,0.71832063,0.3554211,-0.01825775,-0.00962206540106878,0.02220986103737287,-0.010132521055498101,0.026239856189048952
1568,0.72463312,0.33119542,-0.00899075,0.71446509,0.3544349,-0.01897588,-0.010168020566046172,0.02323947174225256,-0.009985133571476495,0.027261045129098042
1569,0.72121574,0.33015615,-0.00985974,0.71035745,0.35363068,-0.02000437,-0.010858287049904653,0.023474536814688366,-0.010144629540123169,0.0277825446067963
1570,0.71776145,0.33042961,-0.01104277,0.70672364,0.35412427,-0.0212863,-0.011037815137997724,0.02369465496477659,-0.010243524568305965,0.028074896838669088
1571,0.71440006,0.33170325,-0.01181254,0.7030942,0.3555532,-0.02255211,-0.011305858084796888,0.02384994550210601,-0.010739566577797606,0.028495273603984593
1572,0.71154585,0.33402208,-0.01237111,0.70003284,0.35747694,-0.02329719,-0.011513014932142825,0.023454855995862438,-0.01092607962150062,0.02832064615275857
1573,0.70923477,0.33706059,-0.01271732,0.69761391,0.36017453,-0.023794,-0.011620867705984781,0.023113943617459106,-0.011076676707149732,0.028142347497424443
1574,0.70846116,0.34027071,-0.01252685,0.69657687,0.36297475,-0.02386325,-0.011884296070737887,0.022704032583646068,-0.011336399637430904,0.028021840506928908
1575,0.70871684,0.3435945,-0.01232376,0.69687294,0.36597126,-0.02372004,-0.01184389922099694,0.02237675920636959,-0.011396274675334134,0.027764588558317232
1576,0.70975226,0.34733608,-0.01149043,0.69824591,0.36916938,-0.02291594,-0.011506345464573365,0.021833298544423535,-0.011425511274962448,0.027196161846376944
1577,0.7120675,0.34989996,-0.01094924,0.70091635,0.37121847,-0.02213519,-0.011151150558320415,0.021318512132216576,-0.011185951782077716,0.02653210575089664
1578,0.71523434,0.3522306,-0.00977548,0.704308,0.37296125,-0.02103542,-0.010926341304066162,0.020730650179839008,-0.011259941920589423,0.025998674643659212
1579,0.71858083,0.35293368,-0.00859593,0.70843668,0.37337379,-0.01967397,-0.010144156236986265,0.020440112962918526,-0.011078036515130988,0.025365823793597416
1580,0.72183444,0.35263658,-0.00782964,0.71213425,0.37308974,-0.01863866,-0.00970018648236281,0.02045316314834598,-0.010809022143854229,0.025085064486100157
1581,0.72591763,0.35144227,-0.0071546,0.71668328,0.37171527,-0.01755932,-0.009234355596312069,0.020272997859433185,-0.01040472515981867,0.02458711189097016
1582,0.7283216,0.34940394,-0.00639512,0.71919935,0.36984571,-0.01671454,-0.009122252793987498,0.020441763933070647,-0.010319418231074115,0.02464896755161614
1583,0.73066861,0.34603992,-0.00604775,0.72187384,0.36689238,-0.01619312,-0.0087947732634093,0.020852456790095196,-0.01014537492157555,0.02480124237285101
1584,0.73832682,0.34359335,-0.00522174,0.72996348,0.36478745,-0.01529147,-0.008363341178097405,0.02119409372802713,-0.010069732534150019,0.024910531867524986
1585,0.73853628,0.33801235,-0.00603551,0.73027692,0.36000427,-0.01589099,-0.00825936400626557,0.021991917010744034,-0.009855474942573042,0.02547531930985622
1586,0.7363078,0.33282073,-0.00698417,0.7277825,0.35516749,-0.01651154,-0.008525299987266201,0.022346760845281897,-0.009527372685699404,0.025745471260812378
1587,0.73263475,0.32845766,-0.00805624,0.72346722,0.35121662,-0.01756768,-0.009167535328894858,0.022758955206313842,-0.00951143681275776,0.02631503707640593
1588,0.72769481,0.32527005,-0.00987171,0.71755842,0.34890129,-0.01938959,-0.01013639584766864,0.023631245266704428,-0.009517883638431071,0.02741846791107206
1589,0.72246841,0.32369931,-0.01138357,0.71173703,0.34765353,-0.02108728,-0.01073138077556012,0.023954212626715068,-0.009703707742019375,0.027984438173000073
1590,0.71702642,0.32408166,-0.01290238,0.70580632,0.34819198,-0.02311426,-0.011220097402940301,0.024110322680120998,-0.010211874618971212,0.028486499060162047
1591,0.71171227,0.3261259,-0.01431965,0.70016373,0.35028441,-0.02487444,-0.011548542515484319,0.024158512782325236,-0.010554793316775087,0.02878204711353174
1592,0.70717688,0.32957516,-0.01541954,0.69494436,0.35384687,-0.02630564,-0.012232522269119372,0.024271708087308243,-0.010886100477255668,0.029278961698477487
1593,0.70407116,0.33417259,-0.01598623,0.69166901,0.35750318,-0.02745933,-0.012402151521493307,0.02333058460749183,-0.011473101358989641,0.028805582710354313
1594,0.70263173,0.3396163,-0.0156018,0.69018707,0.36255197,-0.02726949,-0.012444661614609623,0.022935672721631887,-0.011667685506135868,0.02858407897704665
1595,0.70267182,0.34489317,-0.01540567,0.69029648,0.3673741,-0.02715308,-0.012375345341024066,0.02248092757130134,-0.011747408411569217,0.02822309127583139
1596,0.70475756,0.35039961,-0.01414877,0.69263146,0.37194525,-0.0260069,-0.012126091468657587,0.02154563265599319,-0.0118581248180351,0.027420275437226197
1597,0.7080163,0.35471767,-0.01287463,0.69633947,0.37552148,-0.0245716,-0.011676831714908452,0.02080381688292909,-0.011696965372795472,0.026570024364480995
1598,0.71275556,0.35788165,-0.01147591,0.70171476,0.37833373,-0.02272138,-0.011040803979311911,0.02045208062878385,-0.011245474022890074,0.025819520533026188
1599,0.71821858,0.3591505,-0.00954615,0.70799486,0.37897225,-0.02058106,-0.010223721049401044,0.019821744214520935,-0.011034908859648185,0.024883633764838327
1600,0.72366057,0.35876816,-0.00802734,0.71408241,0.37849946,-0.01885389,-0.009578159924531204,0.019731308818002998,-0.010826552573902554,0.024459761565615773
1601,0.72938902,0.35676893,-0.00681213,0.72046046,0.37650517,-0.01724138,-0.008928560778694512,0.019736242006962414,-0.010429242990576482,0.02404178769336254
1602,0.73361692,0.35328534,-0.00581958,0.7249446,0.37324565,-0.01613389,-0.008672319965622611,0.019960307096126607,-0.010314311513855055,0.024083355558614787
1603,0.73713694,0.34873293,-0.00545496,0.72865812,0.36942945,-0.01555929,-0.008478823733266225,0.02069652993454918,-0.01010432761103531,0.02454249864424198
