# MakeHuman exported OBJ
# www.makehumancommunity.org

mtllib male1591.mtl
v -0.0071 1.4838 0.1295
v -0.0090 1.4884 0.1267
v -0.0137 1.4944 0.0778
v -0.0131 1.4898 0.0641
v -0.0101 1.4936 0.1106
v -0.0099 1.4839 0.1292
v -0.0132 1.4837 0.1195
v -0.0190 1.4933 0.0812
v -0.0197 1.4889 0.0652
v -0.0190 1.4875 0.1041
v -0.0223 1.4839 0.0739
v -0.0201 1.4855 0.0810
v -0.0176 1.4842 0.1027
v -0.0122 1.4790 0.1178
v -0.0103 1.4820 0.1261
v -0.0217 1.4809 0.0690
v -0.0125 1.4835 0.0847
v -0.0122 1.4843 0.0998
v -0.0084 1.4839 0.1164
v -0.0069 1.4812 0.1275
v -0.0000 1.4858 0.1141
v -0.0222 1.5576 0.1354
v -0.0233 1.5551 0.1317
v -0.0325 1.5566 0.1326
v -0.0321 1.5596 0.1355
v -0.0156 1.5500 0.1322
v -0.0189 1.5507 0.1312
v -0.0236 1.5462 0.1336
v -0.0269 1.5485 0.1336
v -0.0400 1.5464 0.1292
v -0.0470 1.5541 0.1247
v -0.0430 1.5533 0.1278
v -0.0394 1.5487 0.1304
v -0.0395 1.5588 0.1324
v -0.0387 1.5553 0.1331
v -0.0317 1.5453 0.1336
v -0.0330 1.5485 0.1337
v -0.0809 1.5348 0.0292
v -0.0811 1.5485 0.0317
v -0.0752 1.5169 0.0387
v -0.0677 1.5419 0.0671
v -0.0663 1.5277 0.0684
v -0.0596 1.4952 0.0714
v -0.0744 1.5549 0.0432
v -0.0707 1.5069 0.0525
v -0.0787 1.5433 0.0372
v -0.0756 1.5427 0.0436
v -0.0686 1.5316 0.0414
v -0.0792 1.5334 0.0375
v -0.0730 1.5159 0.0412
v -0.0740 1.5122 0.0513
v -0.0721 1.5388 0.0513
v -0.0703 1.5304 0.0548
v -0.0714 1.5123 0.0556
v 0.0000 1.4962 0.1534
v -0.0077 1.4926 0.1510
v -0.0063 1.4978 0.1516
v -0.0089 1.4811 0.1477
v -0.0081 1.4744 0.1445
v -0.0229 1.4863 0.1390
v -0.0265 1.4863 0.1375
v -0.0271 1.4891 0.1377
v -0.0226 1.4883 0.1403
v -0.0202 1.4833 0.1410
v -0.0232 1.4816 0.1388
v -0.0161 1.4966 0.1459
v -0.0160 1.4917 0.1466
v -0.0160 1.4764 0.1420
v -0.0160 1.4821 0.1440
v -0.0087 1.4883 0.1461
v -0.0158 1.4878 0.1433
v -0.0087 1.4868 0.1447
v -0.0149 1.4864 0.1418
v -0.0069 1.5577 0.1399
v -0.0138 1.5706 0.1435
v -0.0315 1.4849 0.1335
v -0.0247 1.4787 0.1371
v -0.0077 1.4716 0.1422
v -0.0170 1.4742 0.1407
v -0.0508 1.5548 0.1216
v -0.0419 1.5420 0.1267
v -0.0106 1.5497 0.1342
v -0.0190 1.5625 0.1388
v -0.0327 1.5647 0.1382
v -0.0334 1.5732 0.1388
v -0.0423 1.5636 0.1334
v -0.0467 1.5709 0.1298
v -0.0549 1.5617 0.1172
v -0.0295 1.5405 0.1315
v -0.0200 1.5426 0.1328
v -0.0075 1.5200 0.1566
v -0.0064 1.5280 0.1522
v -0.0069 1.5140 0.1557
v -0.0051 1.5115 0.1535
v -0.0108 1.5142 0.1526
v -0.0091 1.5135 0.1507
v -0.0144 1.5131 0.1459
v -0.0109 1.5125 0.1455
v -0.0160 1.5109 0.1417
v -0.0110 1.5086 0.1443
v -0.0068 1.5008 0.1495
v -0.0054 1.5064 0.1483
v -0.0000 1.5097 0.1539
v -0.0054 1.5107 0.1495
v -0.0134 1.5194 0.1502
v -0.0119 1.5255 0.1467
v -0.0162 1.5176 0.1446
v -0.0146 1.4493 0.1297
v -0.0190 1.4480 0.1157
v -0.0259 1.4525 0.1180
v -0.0203 1.4509 0.1259
v -0.0090 1.4482 0.1316
v -0.0092 1.4452 0.1161
v -0.0302 1.4596 0.1219
v -0.0235 1.4587 0.1296
v -0.0162 1.4595 0.1361
v -0.0079 1.4593 0.1405
v -0.0326 1.4946 0.1335
v -0.0282 1.5067 0.1360
v -0.0228 1.5011 0.1399
v -0.0433 1.4646 0.0974
v -0.0422 1.5048 0.1270
v -0.0449 1.4852 0.1154
v -0.0357 1.5232 0.1323
v -0.0497 1.5245 0.1248
v -0.0598 1.5376 0.1088
v -0.0619 1.5534 0.1004
v -0.0547 1.4798 0.0786
v -0.0540 1.4930 0.1009
v -0.0539 1.5104 0.1151
v -0.0620 1.5211 0.0940
v -0.0616 1.5088 0.0829
v -0.0164 1.5204 0.1407
v -0.0139 1.5016 0.1458
v -0.0628 1.5723 0.0857
v -0.0585 1.5836 0.1011
v -0.0652 1.5395 0.0819
v -0.0063 1.5411 0.1436
v -0.0112 1.5381 0.1400
v -0.0173 1.5339 0.1366
v -0.0663 1.5552 0.0722
v -0.0171 1.5967 0.1383
v -0.0357 1.5965 0.1299
v -0.0484 1.5915 0.1183
v -0.0151 1.4113 0.0727
v -0.0109 1.4330 0.0816
v -0.0325 1.4171 0.0627
v -0.0265 1.4396 0.0735
v -0.0444 1.4264 0.0491
v -0.0402 1.4497 0.0600
v -0.0500 1.4412 0.0334
v -0.0489 1.4619 0.0429
v -0.0471 1.3705 0.0614
v -0.0662 1.3728 0.0501
v -0.0825 1.3969 0.0199
v -0.0348 1.4551 0.0814
v -0.0228 1.4479 0.0907
v -0.0096 1.4433 0.0939
v -0.0487 1.4722 0.0631
v -0.0645 1.5073 0.0614
v -0.0512 1.4791 0.0311
v -0.0535 1.4869 0.0528
v -0.0218 1.6226 0.1227
v -0.0207 1.6480 0.0917
v -0.0199 1.6570 0.0538
v -0.0187 1.6500 0.0050
v -0.0395 1.6204 0.1128
v -0.0417 1.6386 0.0875
v -0.0407 1.6486 0.0511
v -0.0388 1.6423 0.0048
v -0.0532 1.6123 0.0989
v -0.0558 1.6275 0.0722
v -0.0560 1.6328 0.0397
v -0.0513 1.6323 0.0084
v -0.0419 1.6236 -0.0180
v -0.0551 1.6197 -0.0018
v -0.0232 1.6283 -0.0259
v -0.0696 1.5549 0.0432
v -0.0710 1.5435 0.0330
v -0.0705 1.5514 0.0576
v -0.0686 1.5311 0.0326
v -0.0639 1.5130 0.0419
v -0.0594 1.5028 0.0513
v -0.0692 1.5666 0.0584
v -0.0611 1.6044 0.0808
v -0.0708 1.5705 0.0396
v -0.0651 1.6113 0.0541
v -0.0669 1.5647 0.0102
v -0.0637 1.6165 0.0256
v -0.0631 1.5450 0.0041
v -0.0554 1.5170 0.0127
v -0.0526 1.5019 0.0201
v -0.0523 1.5513 -0.0179
v -0.0443 1.5148 -0.0025
v -0.0418 1.4959 0.0054
v -0.0560 1.5719 -0.0167
v -0.0384 1.5566 -0.0327
v -0.0321 1.5129 -0.0121
v -0.0321 1.4905 -0.0031
v -0.0410 1.5789 -0.0336
v -0.0246 1.5609 -0.0408
v -0.0204 1.5129 -0.0184
v -0.0192 1.4896 -0.0103
v -0.0253 1.5822 -0.0417
v -0.0001 1.5871 -0.0485
v -0.0447 1.4688 0.0126
v -0.0689 1.5373 0.0611
v -0.0370 1.4663 0.0013
v -0.0188 1.4606 -0.0117
v -0.0774 1.4068 -0.0058
v -0.0715 1.5473 0.0564
v -0.0565 1.4060 -0.0288
v -0.0316 1.3976 -0.0345
v -0.1221 1.3808 0.0286
v -0.1110 1.3524 0.0643
v -0.0994 1.2844 0.1148
v -0.0973 1.3341 0.0794
v 0.0015 1.1451 0.1395
v -0.0441 1.0994 0.1393
v -0.0384 1.1456 0.1410
v -0.0001 1.0498 0.1352
v -0.0497 1.0458 0.1319
v -0.0514 0.9765 0.1337
v -0.0870 1.0942 0.1243
v -0.0882 1.1326 0.1278
v -0.0876 1.0422 0.1155
v -0.1000 0.9840 0.1111
v -0.0861 0.9700 -0.0415
v -0.0923 1.0293 -0.0219
v -0.1232 1.0365 0.0146
v -0.1261 0.9807 -0.0093
v -0.0972 1.0829 -0.0201
v -0.1208 1.0859 0.0247
v -0.0995 1.1212 -0.0262
v -0.1268 1.1257 0.0171
v -0.0386 0.9432 -0.0678
v -0.0516 1.0206 -0.0377
v -0.0611 1.0758 -0.0356
v -0.0584 1.1148 -0.0426
v -0.0360 1.2654 0.1252
v -0.0405 0.8091 0.0989
v -0.1031 1.2589 0.1293
v -0.1259 1.2169 0.1255
v -0.1318 1.2552 0.1103
v -0.0935 1.1718 0.1272
v -0.0364 1.1839 0.1408
v -0.1437 1.2304 0.0800
v -0.1325 1.1849 0.0803
v -0.1234 1.3900 -0.0117
v -0.0743 1.3756 -0.0516
v -0.0340 1.3693 -0.0473
v -0.1345 1.1647 0.0049
v -0.1027 1.1722 -0.0433
v -0.1090 1.2212 -0.0561
v -0.1448 1.2018 -0.0040
v -0.0543 1.1671 -0.0532
v -0.0541 1.2170 -0.0626
v -0.1388 0.9801 0.0446
v -0.1254 1.0407 0.0641
v -0.1251 1.0882 0.0683
v -0.1302 1.1294 0.0589
v -0.1367 1.1685 0.0493
v -0.1468 1.2065 0.0477
v -0.1528 1.2345 0.0524
v -0.1561 1.2382 -0.0042
v -0.1488 1.2517 0.0796
v -0.1689 1.3686 0.0408
v -0.1530 1.3422 0.0675
v -0.1334 1.3031 -0.0593
v -0.0986 1.2878 -0.0735
v -0.0457 1.2840 -0.0682
v -0.1626 1.3049 -0.0486
v -0.1757 1.3635 -0.0137
v -0.4630 1.0238 0.2005
v -0.4421 1.0193 0.2038
v -0.4731 1.0166 0.1911
v -0.4772 1.0073 0.1804
v -0.1597 1.2673 0.0754
v -0.4380 1.0079 0.1948
v -0.1565 1.2452 0.0511
v -0.4436 0.9960 0.1837
v -0.1630 1.2511 -0.0084
v -0.2014 1.2934 -0.0334
v -0.4655 0.9927 0.1659
v -0.2235 1.3223 0.0458
v -0.2004 1.2985 0.0707
v -0.2228 1.3234 -0.0096
v -0.1809 1.2793 0.0733
v -0.1344 1.2733 0.1034
v -0.0579 0.6955 0.1007
v -0.1356 0.7117 0.1225
v -0.1291 0.7951 0.1128
v -0.0488 0.7608 0.1008
v -0.0830 0.5921 0.0991
v -0.1426 0.6081 0.1130
v -0.1071 0.5259 0.0919
v -0.1443 0.5297 0.1000
v -0.1341 0.4411 0.0697
v -0.1620 0.4445 0.0725
v -0.1455 0.3361 0.0561
v -0.1813 0.3481 0.0617
v -0.1611 0.1959 0.0475
v -0.1873 0.2024 0.0527
v -0.1756 0.0993 0.0599
v -0.2036 0.0971 0.0459
v -0.1816 0.7083 0.0735
v -0.1756 0.7990 0.0536
v -0.1826 0.6121 0.0679
v -0.1769 0.5327 0.0543
v -0.1951 0.4475 0.0386
v -0.2163 0.3627 0.0206
v -0.2127 0.2053 0.0264
v -0.2100 0.0945 0.0164
v -0.1795 0.6998 0.0033
v -0.1689 0.7815 -0.0101
v -0.1813 0.6062 0.0135
v -0.1780 0.5310 0.0100
v -0.1929 0.4590 -0.0064
v -0.2088 0.3717 -0.0238
v -0.2095 0.2043 -0.0071
v -0.2013 0.0955 -0.0052
v -0.1346 0.6811 -0.0329
v -0.1249 0.7617 -0.0455
v -0.1369 0.5956 -0.0248
v -0.1381 0.5398 -0.0172
v -0.1529 0.4559 -0.0300
v -0.1735 0.3668 -0.0481
v -0.1801 0.2024 -0.0308
v -0.1861 0.0945 -0.0170
v -0.0213 0.7353 0.0495
v -0.0335 0.6808 0.0522
v -0.0591 0.5852 0.0549
v -0.0780 0.5206 0.0495
v -0.1128 0.4357 0.0488
v -0.1166 0.3314 0.0320
v -0.1465 0.1895 0.0267
v -0.1619 0.0964 0.0405
v -0.0612 0.7473 -0.0335
v -0.0692 0.6724 -0.0208
v -0.0847 0.5942 -0.0133
v -0.0974 0.5263 -0.0092
v -0.1217 0.4518 -0.0216
v -0.1338 0.3535 -0.0398
v -0.1540 0.1945 -0.0169
v -0.1666 0.0898 -0.0042
v -0.4775 0.9860 0.1790
v -0.4841 0.9982 0.1912
v -0.4813 1.0064 0.2036
v -0.4710 1.0140 0.2174
v -0.4509 1.0183 0.2253
v -0.4149 0.9813 0.2912
v -0.4141 0.9757 0.2985
v -0.4213 0.9784 0.3006
v -0.4232 0.9821 0.2937
v -0.4128 0.9725 0.3047
v -0.4170 0.9736 0.3062
v -0.4159 0.9863 0.2850
v -0.4251 0.9866 0.2879
v -0.4183 0.9914 0.2759
v -0.4268 0.9930 0.2789
v -0.4209 0.9943 0.2675
v -0.4308 0.9975 0.2689
v -0.4219 1.0006 0.2522
v -0.4350 1.0033 0.2591
v -0.4400 0.9912 0.2685
v -0.4447 0.9969 0.2627
v -0.4379 0.9864 0.2751
v -0.4328 0.9809 0.2859
v -0.4314 0.9777 0.2904
v -0.4286 0.9732 0.2982
v -0.4228 0.9711 0.3038
v -0.4231 0.9947 0.2372
v -0.4220 0.9885 0.2502
v -0.4202 0.9837 0.2662
v -0.4165 0.9781 0.2768
v -0.4130 0.9736 0.2848
v -0.4120 0.9692 0.2916
v -0.4107 0.9682 0.3005
v -0.4320 0.9808 0.2609
v -0.4268 0.9766 0.2727
v -0.4234 0.9711 0.2813
v -0.4193 0.9669 0.2917
v -0.4169 0.9668 0.2987
v -0.4376 0.9819 0.2655
v -0.4326 0.9777 0.2798
v -0.4309 0.9751 0.2859
v -0.4273 0.9704 0.2961
v -0.4205 0.9682 0.3016
v -0.4832 0.9342 0.3337
v -0.4836 0.9280 0.3386
v -0.4865 0.9251 0.3361
v -0.4875 0.9297 0.3304
v -0.4856 0.9454 0.3234
v -0.4900 0.9407 0.3198
v -0.4856 0.9536 0.3146
v -0.4901 0.9488 0.3112
v -0.4866 0.9611 0.3062
v -0.4922 0.9547 0.3016
v -0.4838 0.9670 0.2974
v -0.4900 0.9605 0.2917
v -0.4823 0.9723 0.2890
v -0.4889 0.9658 0.2837
v -0.4808 0.9237 0.3408
v -0.4777 0.9335 0.3360
v -0.4769 0.9430 0.3259
v -0.4768 0.9516 0.3162
v -0.4754 0.9609 0.3044
v -0.4745 0.9658 0.2974
v -0.4732 0.9700 0.2908
v -0.4777 0.9234 0.3375
v -0.4748 0.9273 0.3315
v -0.4739 0.9350 0.3227
v -0.4737 0.9416 0.3128
v -0.4743 0.9513 0.2991
v -0.4722 0.9564 0.2911
v -0.4701 0.9620 0.2830
v -0.4829 0.9206 0.3351
v -0.4803 0.9233 0.3279
v -0.4824 0.9319 0.3174
v -0.4827 0.9392 0.3058
v -0.4806 0.9479 0.2947
v -0.4788 0.9521 0.2884
v -0.4756 0.9566 0.2758
v -0.4836 0.9561 0.2794
v -0.4846 0.9531 0.2867
v -0.4865 0.9478 0.2942
v -0.4878 0.9408 0.3059
v -0.4871 0.9338 0.3162
v -0.4871 0.9253 0.3278
v -0.4860 0.9209 0.3379
v -0.5035 0.9447 0.2817
v -0.5079 0.9423 0.2767
v -0.5049 0.9534 0.2669
v -0.4985 0.9564 0.2726
v -0.5068 0.9347 0.2910
v -0.5101 0.9319 0.2874
v -0.5080 0.9202 0.3026
v -0.5113 0.9166 0.2995
v -0.5089 0.9106 0.3114
v -0.5125 0.9072 0.3071
v -0.5089 0.9020 0.3172
v -0.5119 0.8996 0.3128
v -0.5093 0.8969 0.3217
v -0.5121 0.8942 0.3183
v -0.5038 0.9007 0.3199
v -0.5086 0.8948 0.3229
v -0.5034 0.9100 0.3132
v -0.5021 0.9204 0.3048
v -0.4991 0.9347 0.2935
v -0.4956 0.9446 0.2841
v -0.4922 0.9522 0.2773
v -0.5116 0.8913 0.3195
v -0.5111 0.8931 0.3103
v -0.5105 0.8998 0.3038
v -0.5089 0.9090 0.2949
v -0.5071 0.9225 0.2816
v -0.5043 0.9340 0.2706
v -0.5003 0.9432 0.2620
v -0.5016 0.8948 0.3171
v -0.5057 0.8924 0.3206
v -0.4986 0.9016 0.3113
v -0.4964 0.9140 0.3018
v -0.4925 0.9261 0.2897
v -0.4888 0.9365 0.2791
v -0.4853 0.9423 0.2732
v -0.5042 0.8924 0.3111
v -0.5079 0.8899 0.3176
v -0.5034 0.8976 0.3047
v -0.5021 0.9068 0.2960
v -0.4970 0.9210 0.2832
v -0.4934 0.9309 0.2734
v -0.4886 0.9388 0.2635
v -0.5225 0.8917 0.2850
v -0.5240 0.8860 0.2882
v -0.5261 0.8843 0.2846
v -0.5252 0.8881 0.2810
v -0.5215 0.9008 0.2802
v -0.5245 0.8966 0.2754
v -0.5219 0.9088 0.2757
v -0.5227 0.9053 0.2683
v -0.5174 0.9252 0.2655
v -0.5199 0.9217 0.2570
v -0.5151 0.9329 0.2602
v -0.5169 0.9287 0.2515
v -0.5108 0.9436 0.2520
v -0.5126 0.9413 0.2423
v -0.5178 0.8965 0.2462
v -0.5173 0.8889 0.2501
v -0.5190 0.8856 0.2443
v -0.5187 0.8945 0.2399
v -0.5180 0.9074 0.2416
v -0.5180 0.9038 0.2349
v -0.5168 0.9174 0.2371
v -0.5166 0.9128 0.2313
v -0.5154 0.9274 0.2330
v -0.5161 0.9218 0.2267
v -0.5134 0.9332 0.2304
v -0.5132 0.9295 0.2232
v -0.5115 0.9415 0.2271
v -0.5096 0.9375 0.2178
v -0.5201 0.8824 0.2905
v -0.5160 0.8925 0.2865
v -0.5148 0.9026 0.2823
v -0.5127 0.9114 0.2762
v -0.5107 0.9247 0.2692
v -0.5073 0.9333 0.2636
v -0.5049 0.9416 0.2581
v -0.5228 0.8861 0.2757
v -0.5235 0.8787 0.2851
v -0.5209 0.8935 0.2704
v -0.5189 0.9026 0.2640
v -0.5142 0.9178 0.2518
v -0.5094 0.9246 0.2470
v -0.5044 0.9319 0.2393
v -0.5153 0.8868 0.2758
v -0.5188 0.8803 0.2817
v -0.5150 0.8930 0.2703
v -0.5127 0.9024 0.2633
v -0.5078 0.9171 0.2538
v -0.5037 0.9238 0.2487
v -0.4998 0.9301 0.2434
v -0.5129 0.8879 0.2790
v -0.5169 0.8820 0.2852
v -0.5108 0.8953 0.2738
v -0.5082 0.9047 0.2681
v -0.5044 0.9189 0.2599
v -0.5008 0.9261 0.2558
v -0.4960 0.9322 0.2508
v -0.5146 0.8940 0.2370
v -0.5154 0.8852 0.2435
v -0.5133 0.9011 0.2332
v -0.5117 0.9114 0.2284
v -0.5106 0.9180 0.2246
v -0.5079 0.9249 0.2210
v -0.5038 0.9305 0.2172
v -0.5137 0.8890 0.2497
v -0.5133 0.8967 0.2490
v -0.5131 0.9077 0.2446
v -0.5103 0.9168 0.2413
v -0.5072 0.9272 0.2362
v -0.5056 0.9327 0.2343
v -0.5042 0.9349 0.2329
v -0.5081 0.8960 0.2404
v -0.5113 0.8874 0.2452
v -0.5073 0.9038 0.2368
v -0.5051 0.9119 0.2328
v -0.5036 0.9190 0.2286
v -0.5012 0.9246 0.2262
v -0.4990 0.9283 0.2239
v -0.5088 0.8977 0.2459
v -0.5101 0.8892 0.2476
v -0.5077 0.9063 0.2421
v -0.5052 0.9144 0.2384
v -0.5033 0.9227 0.2340
v -0.5006 0.9281 0.2308
v -0.4989 0.9309 0.2298
v -0.4288 1.0108 0.2375
v -0.4312 1.0009 0.2195
v -0.4408 1.0121 0.2426
v -0.4503 1.0016 0.2557
v -0.0533 0.9135 0.1247
v 0.0003 0.9002 0.1276
v -0.0475 0.8624 0.1177
v -0.0131 0.7634 0.0390
v -0.1111 0.9281 0.1061
v -0.1328 0.9270 -0.0231
v -0.1476 0.9307 0.0436
v -0.1637 0.8111 -0.0165
v -0.1256 0.7960 -0.0576
v -0.0493 0.7831 -0.0545
v -0.0967 0.9024 -0.0743
v -0.1505 0.8630 -0.0276
v -0.1166 0.8388 -0.0731
v -0.0483 0.8181 -0.0855
v -0.0008 0.8763 -0.0702
v -0.0343 0.8776 -0.0928
v -0.0378 0.6719 0.0158
v -0.0277 0.7437 -0.0093
v -0.0584 0.5886 0.0210
v -0.0748 0.5195 0.0165
v -0.1002 0.4433 0.0065
v -0.1107 0.3405 -0.0054
v -0.1446 0.1917 0.0056
v -0.1593 0.0919 0.0257
v -0.0168 0.7770 -0.0141
v -0.2051 0.0501 0.0934
v -0.1765 0.0591 0.0991
v -0.2153 0.0266 0.1418
v -0.1826 0.0328 0.1472
v -0.1553 0.0443 0.0881
v -0.1524 0.0322 0.1508
v -0.1858 0.0459 -0.0270
v -0.1976 0.0477 -0.0177
v -0.1668 0.0443 -0.0080
v -0.1831 0.0066 -0.0172
v -0.2025 0.0119 -0.0148
v -0.1653 0.0156 -0.0055
v -0.2103 0.0460 0.0057
v -0.2132 0.0246 0.0046
v -0.2164 0.0467 0.0367
v -0.2188 0.0190 0.0262
v -0.2233 0.0320 0.0844
v -0.2268 0.0164 0.0760
v -0.2317 0.0183 0.1237
v -0.2318 0.0091 0.1200
v -0.1585 0.0416 0.0275
v -0.1612 0.0127 0.0194
v -0.1607 0.0172 0.0873
v -0.1475 0.0061 0.1443
v -0.2146 0.0064 0.1736
v -0.2172 0.0140 0.1752
v -0.1969 0.0164 0.1955
v -0.1939 0.0070 0.1928
v -0.1698 0.0095 0.1971
v -0.1674 0.0038 0.1866
v -0.2274 0.0101 0.1670
v -0.2288 0.0183 0.1569
v -0.1817 0.0007 0.0092
v -0.1798 0.0096 0.0831
v -0.1735 0.0014 0.1356
v -0.2081 0.0025 0.1257
v -0.2095 0.0052 0.0746
v -0.1918 0.0227 0.1765
v -0.2157 0.0211 0.1631
v -0.1704 0.0171 0.1777
v -0.2292 0.0198 0.1477
v -0.2286 0.0126 0.1458
v -0.1624 0.0021 0.1813
v -0.1845 0.0073 0.1782
v -0.2110 0.0060 0.1620
v -0.5086 0.9484 0.2315
v -0.5016 0.9369 0.2350
v -0.5033 0.9534 0.2517
v -0.5022 0.9452 0.2553
v -0.4919 0.9648 0.2693
v -0.4835 0.9530 0.2733
v -0.4771 0.9517 0.2677
v -0.4904 0.9398 0.2507
v -0.4935 0.9348 0.2311
v -0.4695 0.9747 0.2818
v -0.4822 0.9759 0.2848
v -0.4597 0.9894 0.2653
v -0.4712 0.9936 0.2619
v -0.5076 0.9447 0.2166
v -0.4885 0.9855 0.2484
v -0.4952 0.9787 0.2338
v -0.4997 0.9706 0.2179
v -0.4979 0.9600 0.2057
v -0.4693 0.9778 0.1750
v -0.5009 0.9346 0.2144
v -0.4892 0.9506 0.1965
v -0.4689 0.9667 0.2793
v -0.4479 0.9836 0.2607
v -0.4429 0.9796 0.2449
v -0.4385 0.9852 0.2202
v -0.4420 0.9913 0.2012
v -0.4570 0.9875 0.1712
v -0.4511 0.9793 0.1897
v -0.4784 0.9822 0.2741
v -0.4659 0.9816 0.2735
v -0.4916 0.9719 0.2631
v -0.5007 0.9632 0.2461
v -0.5040 0.9595 0.2261
v -0.5021 0.9507 0.2124
v -0.4962 0.9403 0.2074
v -0.4648 0.9706 0.2727
v -0.4720 0.9565 0.2627
v -0.4839 0.9462 0.2445
v -0.4662 0.9660 0.2509
v -0.4763 0.9586 0.2352
v -0.4850 0.9401 0.2233
v -0.4770 0.9514 0.2129
v -0.4964 0.9312 0.2200
v -0.4878 0.9372 0.2095
v -0.4780 0.9473 0.1957
v -0.4667 0.9641 0.1857
v -0.4567 0.9744 0.2335
v -0.4520 0.9792 0.2108
v -0.4644 0.9649 0.2046
v -0.4683 0.9686 0.2220
v -0.0270 1.5490 0.1307
v -0.0191 1.5509 0.1299
v -0.0234 1.5553 0.1309
v -0.0324 1.5567 0.1311
v -0.0411 1.5537 0.1273
v -0.0377 1.5498 0.1273
v -0.0378 1.5553 0.1296
v -0.0324 1.5489 0.1300
v -0.2374 1.1975 0.0380
v -0.2948 1.1275 0.0375
v -0.2580 1.2303 0.0621
v -0.2830 1.2435 0.0350
v -0.2669 1.2153 -0.0257
v -0.2391 1.1900 -0.0135
v -0.2363 1.1864 0.0153
v -0.2771 1.2397 -0.0106
v -0.2434 1.2117 0.0568
v -0.3081 1.1585 0.0618
v -0.3413 1.1780 0.0340
v -0.3251 1.1356 -0.0130
v -0.3047 1.1243 -0.0029
v -0.2937 1.1236 0.0167
v -0.3355 1.1663 -0.0019
v -0.2987 1.1386 0.0495
v -0.3735 1.1304 0.0935
v -0.3940 1.1235 0.0700
v -0.3570 1.1163 0.1006
v -0.3470 1.0703 0.0796
v -0.3479 1.0965 0.1017
v -0.3613 1.0707 0.0580
v -0.3917 1.0927 0.0465
v -0.3423 1.0811 0.0950
v -0.1593 0.8788 0.0415
v -0.1702 0.8319 0.0445
v -0.1251 0.8795 0.1034
v -0.1225 0.8403 0.1076
v -0.2058 0.0040 0.0106
v 0.0000 1.4803 0.1495
v -0.0001 1.5202 0.1593
v 0.0000 1.5074 0.1500
v 0.0000 1.5405 0.1460
v -0.0205 1.3591 0.0757
v 0.0000 1.6507 0.0931
v -0.0946 1.3042 0.1023
v -0.0001 1.0181 -0.0396
v -0.0024 1.2843 -0.0560
v -0.0212 1.4864 0.1374
v -0.0224 1.4874 0.1358
v -0.0204 1.4860 0.1377
v 0.0000 1.4865 0.1444
v -0.0154 1.4866 0.1380
v -0.0091 1.4859 0.1418
v -0.0166 1.4882 0.1394
v -0.0090 1.4874 0.1434
v 0.0000 1.4883 0.1436
v -0.0188 1.4849 0.1410
v -0.0218 1.4866 0.1392
v -0.0213 1.4873 0.1402
v -0.0627 1.5050 0.0654
v -0.0776 1.5249 0.0325
v -0.0234 1.5382 -0.0348
v -0.0356 1.5359 -0.0271
v -0.0484 1.5313 -0.0130
v -0.0581 1.5278 0.0061
v -0.0771 1.5240 0.0397
v -0.0700 1.5231 0.0459
v -0.0698 1.5203 0.0547
v -0.0673 1.5206 0.0621
v -0.0668 1.5219 0.0363
v -0.0426 1.6045 -0.0275
v -0.0250 1.6080 -0.0368
v -0.0690 1.5922 0.0443
v -0.0571 1.5993 -0.0103
v -0.0674 1.5955 0.0184
v -0.0666 1.5855 0.0671
v -0.1410 1.2911 0.0944
v -0.1492 1.3225 0.0799
v -0.0386 1.3364 0.0879
v 0.0000 1.3316 0.0933
v -0.0340 1.2929 0.1132
v -0.0258 1.3729 0.0674
v -0.0209 1.4327 -0.0196
v -0.0411 1.4327 -0.0117
v -0.0569 1.4288 0.0059
v -0.0581 1.4222 0.0230
v -0.0533 1.4062 0.0415
v -0.0384 1.3976 0.0572
v -0.0001 1.3871 0.0694
v -0.0229 1.3916 0.0660
v -0.1246 1.1442 0.0860
v -0.1203 1.1198 0.0954
v 0.0002 1.4858 0.1302
v 0.0000 1.4954 0.1090
v 0.0000 1.4882 0.1477
v 0.0000 1.5572 0.1416
v -0.0001 1.5291 0.1538
v -0.0002 1.5123 -0.0242
v -0.0000 1.4902 -0.0149
v -0.0001 1.4585 -0.0152
v -0.0001 0.8188 -0.0577
v 0.0059 0.7996 -0.0379
v -0.0044 0.7895 -0.0070
v -0.0000 1.4875 0.1476
v 0.0000 1.4442 0.1154
v 0.0000 1.6595 0.0533
v 0.0000 1.6319 -0.0277
v -0.0015 1.1013 0.1389
v 0.0000 0.9719 0.1377
v -0.0003 0.8155 0.1025
v 0.0000 1.0687 -0.0366
v 0.0000 1.1659 -0.0446
v 0.0000 0.7846 0.0370
v 0.0000 1.2916 0.1123
v -0.0398 1.2125 0.1440
v 0.0000 1.2185 0.1313
v -0.0815 1.2082 0.1510
v -0.0356 1.2358 0.1364
v -0.0950 1.2254 0.1452
v -0.0000 1.4880 0.1275
v 0.0071 1.4838 0.1295
v 0.0090 1.4884 0.1267
v 0.0000 1.4942 0.0783
v 0.0137 1.4944 0.0778
v 0.0131 1.4898 0.0641
v 0.0101 1.4936 0.1106
v 0.0099 1.4839 0.1292
v 0.0132 1.4837 0.1195
v 0.0190 1.4933 0.0812
v 0.0197 1.4889 0.0652
v 0.0190 1.4875 0.1041
v 0.0223 1.4839 0.0739
v 0.0201 1.4855 0.0810
v 0.0176 1.4842 0.1027
v 0.0122 1.4790 0.1178
v 0.0103 1.4820 0.1261
v 0.0217 1.4809 0.0690
v 0.0125 1.4835 0.0847
v 0.0122 1.4843 0.0998
v 0.0084 1.4839 0.1164
v 0.0069 1.4812 0.1275
v -0.0000 1.4717 0.0749
v -0.0001 1.4806 0.0847
v 0.0222 1.5576 0.1354
v 0.0233 1.5551 0.1317
v 0.0325 1.5566 0.1326
v 0.0321 1.5596 0.1355
v 0.0156 1.5500 0.1322
v 0.0189 1.5507 0.1312
v 0.0236 1.5462 0.1336
v 0.0269 1.5485 0.1336
v 0.0400 1.5464 0.1292
v 0.0470 1.5541 0.1247
v 0.0430 1.5533 0.1278
v 0.0394 1.5487 0.1304
v 0.0395 1.5588 0.1324
v 0.0387 1.5553 0.1331
v 0.0317 1.5453 0.1336
v 0.0330 1.5485 0.1337
v 0.0809 1.5348 0.0292
v 0.0811 1.5485 0.0317
v 0.0752 1.5169 0.0387
v 0.0677 1.5419 0.0671
v 0.0663 1.5277 0.0684
v 0.0596 1.4952 0.0714
v 0.0744 1.5549 0.0432
v 0.0707 1.5069 0.0525
v 0.0787 1.5433 0.0372
v 0.0756 1.5427 0.0436
v 0.0686 1.5316 0.0414
v 0.0792 1.5334 0.0375
v 0.0730 1.5159 0.0412
v 0.0740 1.5122 0.0513
v 0.0721 1.5388 0.0513
v 0.0703 1.5304 0.0548
v 0.0714 1.5123 0.0556
v 0.0077 1.4926 0.1510
v 0.0063 1.4978 0.1516
v 0.0089 1.4811 0.1477
v 0.0081 1.4744 0.1445
v 0.0229 1.4863 0.1390
v 0.0265 1.4863 0.1375
v 0.0271 1.4891 0.1377
v 0.0226 1.4883 0.1403
v 0.0202 1.4833 0.1410
v 0.0232 1.4816 0.1388
v 0.0161 1.4966 0.1459
v 0.0160 1.4917 0.1466
v 0.0160 1.4764 0.1420
v 0.0160 1.4821 0.1440
v 0.0087 1.4883 0.1461
v 0.0158 1.4878 0.1433
v 0.0087 1.4868 0.1447
v 0.0149 1.4864 0.1418
v 0.0000 1.5690 0.1437
v 0.0069 1.5577 0.1399
v 0.0138 1.5706 0.1435
v 0.0315 1.4849 0.1335
v 0.0247 1.4787 0.1371
v 0.0077 1.4716 0.1422
v 0.0170 1.4742 0.1407
v 0.0508 1.5548 0.1216
v 0.0419 1.5420 0.1267
v 0.0106 1.5497 0.1342
v 0.0190 1.5625 0.1388
v 0.0327 1.5647 0.1382
v 0.0334 1.5732 0.1388
v 0.0423 1.5636 0.1334
v 0.0467 1.5709 0.1298
v 0.0549 1.5617 0.1172
v 0.0295 1.5405 0.1315
v 0.0200 1.5426 0.1328
v 0.0075 1.5200 0.1566
v 0.0064 1.5280 0.1522
v 0.0069 1.5140 0.1557
v 0.0051 1.5115 0.1535
v 0.0108 1.5142 0.1526
v 0.0091 1.5135 0.1507
v 0.0144 1.5131 0.1459
v 0.0109 1.5125 0.1455
v 0.0160 1.5109 0.1417
v 0.0110 1.5086 0.1443
v 0.0068 1.5008 0.1495
v 0.0054 1.5064 0.1483
v 0.0054 1.5107 0.1495
v 0.0134 1.5194 0.1502
v 0.0119 1.5255 0.1467
v 0.0162 1.5176 0.1446
v 0.0146 1.4493 0.1297
v 0.0190 1.4480 0.1157
v 0.0259 1.4525 0.1180
v 0.0203 1.4509 0.1259
v 0.0090 1.4482 0.1316
v 0.0092 1.4452 0.1161
v 0.0302 1.4596 0.1219
v 0.0235 1.4587 0.1296
v 0.0162 1.4595 0.1361
v 0.0079 1.4593 0.1405
v 0.0326 1.4946 0.1335
v 0.0282 1.5067 0.1360
v 0.0228 1.5011 0.1399
v 0.0433 1.4646 0.0974
v 0.0422 1.5048 0.1270
v 0.0449 1.4852 0.1154
v 0.0357 1.5232 0.1323
v 0.0497 1.5245 0.1248
v 0.0598 1.5376 0.1088
v 0.0619 1.5534 0.1004
v 0.0547 1.4798 0.0786
v 0.0540 1.4930 0.1009
v 0.0539 1.5104 0.1151
v 0.0620 1.5211 0.0940
v 0.0616 1.5088 0.0829
v 0.0164 1.5204 0.1407
v 0.0139 1.5016 0.1458
v 0.0628 1.5723 0.0857
v 0.0585 1.5836 0.1011
v 0.0652 1.5395 0.0819
v 0.0063 1.5411 0.1436
v 0.0112 1.5381 0.1400
v 0.0173 1.5339 0.1366
v 0.0663 1.5552 0.0722
v 0.0171 1.5967 0.1383
v 0.0357 1.5965 0.1299
v 0.0484 1.5915 0.1183
v 0.0151 1.4113 0.0727
v 0.0109 1.4330 0.0816
v 0.0325 1.4171 0.0627
v 0.0265 1.4396 0.0735
v 0.0444 1.4264 0.0491
v 0.0402 1.4497 0.0600
v 0.0500 1.4412 0.0334
v 0.0489 1.4619 0.0429
v 0.0471 1.3705 0.0614
v 0.0662 1.3728 0.0501
v 0.0825 1.3969 0.0199
v 0.0348 1.4551 0.0814
v 0.0228 1.4479 0.0907
v 0.0096 1.4433 0.0939
v -0.0002 1.4424 0.0945
v 0.0487 1.4722 0.0631
v 0.0645 1.5073 0.0614
v 0.0512 1.4791 0.0311
v 0.0535 1.4869 0.0528
v -0.0001 1.6266 0.1240
v 0.0218 1.6226 0.1227
v 0.0207 1.6480 0.0917
v 0.0199 1.6570 0.0538
v 0.0187 1.6500 0.0050
v 0.0395 1.6204 0.1128
v 0.0417 1.6386 0.0875
v 0.0407 1.6486 0.0511
v 0.0388 1.6423 0.0048
v 0.0532 1.6123 0.0989
v 0.0558 1.6275 0.0722
v 0.0560 1.6328 0.0397
v 0.0513 1.6323 0.0084
v 0.0419 1.6236 -0.0180
v 0.0551 1.6197 -0.0018
v 0.0232 1.6283 -0.0259
v 0.0696 1.5549 0.0432
v 0.0710 1.5435 0.0330
v 0.0705 1.5514 0.0576
v 0.0686 1.5311 0.0326
v 0.0639 1.5130 0.0419
v 0.0594 1.5028 0.0513
v 0.0692 1.5666 0.0584
v 0.0611 1.6044 0.0808
v 0.0708 1.5705 0.0396
v 0.0651 1.6113 0.0541
v 0.0669 1.5647 0.0102
v 0.0637 1.6165 0.0256
v 0.0631 1.5450 0.0041
v 0.0554 1.5170 0.0127
v 0.0526 1.5019 0.0201
v 0.0523 1.5513 -0.0179
v 0.0443 1.5148 -0.0025
v 0.0418 1.4959 0.0054
v 0.0560 1.5719 -0.0167
v 0.0384 1.5566 -0.0327
v 0.0321 1.5129 -0.0121
v 0.0321 1.4905 -0.0031
v 0.0410 1.5789 -0.0336
v 0.0246 1.5609 -0.0408
v 0.0204 1.5129 -0.0184
v 0.0192 1.4896 -0.0103
v 0.0253 1.5822 -0.0417
v 0.0447 1.4688 0.0126
v 0.0689 1.5373 0.0611
v 0.0370 1.4663 0.0013
v 0.0188 1.4606 -0.0117
v 0.0774 1.4068 -0.0058
v 0.0715 1.5473 0.0564
v 0.0565 1.4060 -0.0288
v 0.0316 1.3976 -0.0345
v 0.1221 1.3808 0.0286
v 0.1110 1.3524 0.0643
v 0.0994 1.2844 0.1148
v 0.0973 1.3341 0.0794
v 0.0441 1.0994 0.1393
v 0.0384 1.1456 0.1410
v 0.0497 1.0458 0.1319
v 0.0515 0.9765 0.1340
v 0.0870 1.0942 0.1243
v 0.0882 1.1326 0.1278
v 0.0876 1.0422 0.1155
v 0.1000 0.9840 0.1110
v 0.0861 0.9700 -0.0415
v 0.0923 1.0293 -0.0219
v 0.1232 1.0365 0.0146
v 0.1262 0.9808 -0.0094
v 0.0972 1.0829 -0.0201
v 0.1208 1.0859 0.0247
v 0.0995 1.1212 -0.0262
v 0.1268 1.1257 0.0171
v 0.0386 0.9432 -0.0678
v 0.0516 1.0206 -0.0377
v 0.0611 1.0758 -0.0356
v 0.0584 1.1148 -0.0426
v 0.0360 1.2654 0.1252
v 0.0405 0.8091 0.0989
v 0.1031 1.2589 0.1293
v 0.1259 1.2169 0.1255
v 0.1318 1.2552 0.1103
v 0.0935 1.1718 0.1272
v 0.0364 1.1839 0.1408
v 0.1437 1.2304 0.0800
v 0.1325 1.1849 0.0803
v 0.1234 1.3900 -0.0117
v 0.0743 1.3756 -0.0516
v 0.0340 1.3693 -0.0473
v -0.0029 1.3682 -0.0419
v -0.0039 0.9395 -0.0665
v 0.1345 1.1647 0.0049
v 0.1027 1.1722 -0.0433
v 0.1090 1.2212 -0.0561
v 0.1448 1.2018 -0.0040
v 0.0543 1.1671 -0.0532
v 0.0541 1.2170 -0.0626
v -0.0008 1.2215 -0.0541
v 0.1391 0.9798 0.0446
v 0.1254 1.0407 0.0641
v 0.1251 1.0882 0.0683
v 0.1302 1.1294 0.0589
v 0.1367 1.1685 0.0493
v 0.1468 1.2065 0.0477
v 0.1528 1.2345 0.0524
v 0.1561 1.2382 -0.0042
v 0.1488 1.2517 0.0796
v 0.1689 1.3686 0.0408
v 0.1530 1.3422 0.0675
v 0.1334 1.3031 -0.0593
v 0.0986 1.2878 -0.0735
v 0.0457 1.2840 -0.0682
v 0.1626 1.3049 -0.0486
v 0.1757 1.3635 -0.0137
v 0.4630 1.0238 0.2005
v 0.4421 1.0193 0.2038
v 0.4731 1.0166 0.1911
v 0.4772 1.0073 0.1804
v 0.1597 1.2673 0.0754
v 0.4380 1.0079 0.1948
v 0.1565 1.2452 0.0511
v 0.4436 0.9960 0.1837
v 0.1630 1.2511 -0.0084
v 0.2014 1.2934 -0.0334
v 0.4655 0.9927 0.1659
v 0.2235 1.3223 0.0458
v 0.2004 1.2985 0.0707
v 0.2228 1.3234 -0.0096
v 0.1809 1.2793 0.0733
v 0.1344 1.2733 0.1034
v 0.0579 0.6955 0.1007
v 0.1356 0.7117 0.1225
v 0.1291 0.7951 0.1128
v 0.0488 0.7608 0.1008
v 0.0830 0.5921 0.0991
v 0.1426 0.6081 0.1130
v 0.1071 0.5259 0.0919
v 0.1443 0.5297 0.1000
v 0.1341 0.4411 0.0697
v 0.1620 0.4445 0.0725
v 0.1455 0.3361 0.0561
v 0.1813 0.3481 0.0617
v 0.1611 0.1959 0.0474
v 0.1873 0.2024 0.0525
v 0.1756 0.0993 0.0599
v 0.2036 0.0971 0.0459
v 0.1816 0.7083 0.0735
v 0.1756 0.7990 0.0536
v 0.1826 0.6121 0.0679
v 0.1769 0.5327 0.0543
v 0.1951 0.4475 0.0386
v 0.2163 0.3627 0.0206
v 0.2123 0.2053 0.0263
v 0.2100 0.0945 0.0164
v 0.1795 0.6998 0.0033
v 0.1689 0.7815 -0.0101
v 0.1813 0.6062 0.0135
v 0.1780 0.5310 0.0100
v 0.1929 0.4590 -0.0064
v 0.2088 0.3717 -0.0238
v 0.2100 0.2042 -0.0075
v 0.2013 0.0955 -0.0052
v 0.1346 0.6811 -0.0329
v 0.1249 0.7617 -0.0455
v 0.1369 0.5956 -0.0248
v 0.1381 0.5398 -0.0172
v 0.1529 0.4559 -0.0300
v 0.1735 0.3668 -0.0481
v 0.1801 0.2023 -0.0309
v 0.1861 0.0945 -0.0170
v 0.0213 0.7353 0.0495
v 0.0335 0.6808 0.0522
v 0.0591 0.5852 0.0549
v 0.0780 0.5206 0.0495
v 0.1128 0.4357 0.0488
v 0.1166 0.3314 0.0320
v 0.1465 0.1895 0.0268
v 0.1619 0.0964 0.0405
v 0.0612 0.7473 -0.0335
v 0.0692 0.6724 -0.0208
v 0.0847 0.5942 -0.0133
v 0.0974 0.5263 -0.0092
v 0.1217 0.4518 -0.0216
v 0.1338 0.3535 -0.0398
v 0.1541 0.1945 -0.0168
v 0.1666 0.0898 -0.0042
v 0.4775 0.9860 0.1790
v 0.4841 0.9982 0.1912
v 0.4813 1.0064 0.2036
v 0.4710 1.0140 0.2174
v 0.4509 1.0183 0.2253
v 0.4149 0.9813 0.2912
v 0.4141 0.9757 0.2985
v 0.4213 0.9784 0.3006
v 0.4232 0.9821 0.2937
v 0.4128 0.9725 0.3047
v 0.4170 0.9736 0.3062
v 0.4159 0.9863 0.2850
v 0.4251 0.9866 0.2879
v 0.4183 0.9914 0.2759
v 0.4268 0.9930 0.2789
v 0.4209 0.9943 0.2675
v 0.4308 0.9975 0.2689
v 0.4219 1.0006 0.2522
v 0.4350 1.0033 0.2591
v 0.4400 0.9912 0.2685
v 0.4447 0.9969 0.2627
v 0.4379 0.9864 0.2751
v 0.4328 0.9809 0.2859
v 0.4314 0.9777 0.2904
v 0.4286 0.9732 0.2982
v 0.4228 0.9711 0.3038
v 0.4231 0.9947 0.2372
v 0.4220 0.9885 0.2502
v 0.4202 0.9837 0.2662
v 0.4165 0.9781 0.2768
v 0.4130 0.9736 0.2848
v 0.4120 0.9692 0.2916
v 0.4107 0.9682 0.3005
v 0.4320 0.9808 0.2609
v 0.4268 0.9766 0.2727
v 0.4234 0.9711 0.2813
v 0.4193 0.9669 0.2917
v 0.4169 0.9668 0.2987
v 0.4376 0.9819 0.2655
v 0.4326 0.9777 0.2798
v 0.4309 0.9751 0.2859
v 0.4273 0.9704 0.2961
v 0.4205 0.9682 0.3016
v 0.4832 0.9342 0.3337
v 0.4836 0.9280 0.3386
v 0.4865 0.9251 0.3361
v 0.4875 0.9297 0.3304
v 0.4856 0.9454 0.3234
v 0.4900 0.9407 0.3198
v 0.4856 0.9536 0.3146
v 0.4901 0.9488 0.3112
v 0.4866 0.9611 0.3062
v 0.4922 0.9547 0.3016
v 0.4838 0.9670 0.2974
v 0.4900 0.9605 0.2917
v 0.4823 0.9723 0.2890
v 0.4889 0.9658 0.2837
v 0.4808 0.9237 0.3408
v 0.4777 0.9335 0.3360
v 0.4769 0.9430 0.3259
v 0.4768 0.9516 0.3162
v 0.4754 0.9609 0.3044
v 0.4745 0.9658 0.2974
v 0.4732 0.9700 0.2908
v 0.4777 0.9234 0.3375
v 0.4748 0.9273 0.3315
v 0.4739 0.9350 0.3227
v 0.4737 0.9416 0.3128
v 0.4743 0.9513 0.2991
v 0.4722 0.9564 0.2911
v 0.4701 0.9620 0.2830
v 0.4829 0.9206 0.3351
v 0.4803 0.9233 0.3279
v 0.4824 0.9319 0.3174
v 0.4827 0.9392 0.3058
v 0.4806 0.9479 0.2947
v 0.4788 0.9521 0.2884
v 0.4756 0.9566 0.2758
v 0.4836 0.9561 0.2794
v 0.4846 0.9531 0.2867
v 0.4865 0.9478 0.2942
v 0.4878 0.9408 0.3059
v 0.4871 0.9338 0.3162
v 0.4871 0.9253 0.3278
v 0.4860 0.9209 0.3379
v 0.5035 0.9447 0.2817
v 0.5079 0.9423 0.2767
v 0.5049 0.9534 0.2669
v 0.4985 0.9564 0.2726
v 0.5068 0.9347 0.2910
v 0.5101 0.9319 0.2874
v 0.5080 0.9202 0.3026
v 0.5113 0.9166 0.2995
v 0.5089 0.9106 0.3114
v 0.5125 0.9072 0.3071
v 0.5089 0.9020 0.3172
v 0.5119 0.8996 0.3128
v 0.5093 0.8969 0.3217
v 0.5121 0.8942 0.3183
v 0.5038 0.9007 0.3199
v 0.5086 0.8948 0.3229
v 0.5034 0.9100 0.3132
v 0.5021 0.9204 0.3048
v 0.4991 0.9347 0.2935
v 0.4956 0.9446 0.2841
v 0.4922 0.9522 0.2773
v 0.5116 0.8913 0.3195
v 0.5111 0.8931 0.3103
v 0.5105 0.8998 0.3038
v 0.5089 0.9090 0.2949
v 0.5071 0.9225 0.2816
v 0.5043 0.9340 0.2706
v 0.5003 0.9432 0.2620
v 0.5016 0.8948 0.3171
v 0.5057 0.8924 0.3206
v 0.4986 0.9016 0.3113
v 0.4964 0.9140 0.3018
v 0.4925 0.9261 0.2897
v 0.4888 0.9365 0.2791
v 0.4853 0.9423 0.2732
v 0.5042 0.8924 0.3111
v 0.5079 0.8899 0.3176
v 0.5034 0.8976 0.3047
v 0.5021 0.9068 0.2960
v 0.4970 0.9210 0.2832
v 0.4934 0.9309 0.2734
v 0.4886 0.9388 0.2635
v 0.5225 0.8917 0.2850
v 0.5240 0.8860 0.2882
v 0.5261 0.8843 0.2846
v 0.5252 0.8881 0.2810
v 0.5215 0.9008 0.2802
v 0.5245 0.8966 0.2754
v 0.5219 0.9088 0.2757
v 0.5227 0.9053 0.2683
v 0.5174 0.9252 0.2655
v 0.5199 0.9217 0.2570
v 0.5151 0.9329 0.2602
v 0.5169 0.9287 0.2515
v 0.5108 0.9436 0.2520
v 0.5126 0.9413 0.2423
v 0.5178 0.8965 0.2462
v 0.5173 0.8889 0.2501
v 0.5190 0.8856 0.2443
v 0.5187 0.8945 0.2399
v 0.5180 0.9074 0.2416
v 0.5180 0.9038 0.2349
v 0.5168 0.9174 0.2371
v 0.5166 0.9128 0.2313
v 0.5154 0.9274 0.2330
v 0.5161 0.9218 0.2267
v 0.5134 0.9332 0.2304
v 0.5132 0.9295 0.2232
v 0.5115 0.9415 0.2271
v 0.5096 0.9375 0.2178
v 0.5201 0.8824 0.2905
v 0.5160 0.8925 0.2865
v 0.5148 0.9026 0.2823
v 0.5127 0.9114 0.2762
v 0.5107 0.9247 0.2692
v 0.5073 0.9333 0.2636
v 0.5049 0.9416 0.2581
v 0.5228 0.8861 0.2757
v 0.5235 0.8787 0.2851
v 0.5209 0.8935 0.2704
v 0.5189 0.9026 0.2640
v 0.5142 0.9178 0.2518
v 0.5094 0.9246 0.2470
v 0.5044 0.9319 0.2393
v 0.5153 0.8868 0.2758
v 0.5188 0.8803 0.2817
v 0.5150 0.8930 0.2703
v 0.5127 0.9024 0.2633
v 0.5078 0.9171 0.2538
v 0.5037 0.9238 0.2487
v 0.4998 0.9301 0.2434
v 0.5129 0.8879 0.2790
v 0.5169 0.8820 0.2852
v 0.5108 0.8953 0.2738
v 0.5082 0.9047 0.2681
v 0.5044 0.9189 0.2599
v 0.5008 0.9261 0.2558
v 0.4960 0.9322 0.2508
v 0.5146 0.8940 0.2370
v 0.5154 0.8852 0.2435
v 0.5133 0.9011 0.2332
v 0.5117 0.9114 0.2284
v 0.5106 0.9180 0.2246
v 0.5079 0.9249 0.2210
v 0.5038 0.9305 0.2172
v 0.5137 0.8890 0.2497
v 0.5133 0.8967 0.2490
v 0.5131 0.9077 0.2446
v 0.5103 0.9168 0.2413
v 0.5072 0.9272 0.2362
v 0.5056 0.9327 0.2343
v 0.5042 0.9349 0.2329
v 0.5081 0.8960 0.2404
v 0.5113 0.8874 0.2452
v 0.5073 0.9038 0.2368
v 0.5051 0.9119 0.2328
v 0.5036 0.9190 0.2286
v 0.5012 0.9246 0.2262
v 0.4990 0.9283 0.2239
v 0.5088 0.8977 0.2459
v 0.5101 0.8892 0.2476
v 0.5077 0.9063 0.2421
v 0.5052 0.9144 0.2384
v 0.5033 0.9227 0.2340
v 0.5006 0.9281 0.2308
v 0.4989 0.9309 0.2298
v 0.4288 1.0108 0.2375
v 0.4312 1.0009 0.2195
v 0.4408 1.0121 0.2426
v 0.4503 1.0016 0.2557
v 0.0533 0.9135 0.1247
v 0.0475 0.8624 0.1177
v 0.0131 0.7634 0.0390
v 0.1111 0.9281 0.1061
v 0.1328 0.9270 -0.0231
v 0.1476 0.9307 0.0436
v 0.1637 0.8111 -0.0165
v 0.1256 0.7960 -0.0576
v 0.0493 0.7831 -0.0545
v 0.0967 0.9024 -0.0743
v 0.1505 0.8630 -0.0276
v 0.1166 0.8388 -0.0731
v 0.0483 0.8181 -0.0855
v 0.0343 0.8776 -0.0928
v 0.0378 0.6719 0.0158
v 0.0277 0.7437 -0.0093
v 0.0584 0.5886 0.0210
v 0.0748 0.5195 0.0165
v 0.1002 0.4433 0.0065
v 0.1107 0.3405 -0.0054
v 0.1446 0.1917 0.0056
v 0.1593 0.0919 0.0257
v 0.0168 0.7770 -0.0141
v 0.2051 0.0501 0.0934
v 0.1765 0.0591 0.0991
v 0.2153 0.0266 0.1418
v 0.1826 0.0328 0.1472
v 0.1553 0.0443 0.0881
v 0.1524 0.0322 0.1508
v 0.1858 0.0459 -0.0270
v 0.1976 0.0477 -0.0177
v 0.1668 0.0443 -0.0080
v 0.1831 0.0066 -0.0172
v 0.2025 0.0119 -0.0148
v 0.1653 0.0156 -0.0055
v 0.2103 0.0460 0.0057
v 0.2132 0.0246 0.0046
v 0.2164 0.0467 0.0367
v 0.2188 0.0190 0.0262
v 0.2233 0.0320 0.0844
v 0.2268 0.0164 0.0760
v 0.2317 0.0183 0.1237
v 0.2318 0.0091 0.1200
v 0.1585 0.0416 0.0275
v 0.1612 0.0127 0.0194
v 0.1607 0.0172 0.0873
v 0.1475 0.0061 0.1443
v 0.2146 0.0064 0.1736
v 0.2172 0.0140 0.1752
v 0.1969 0.0164 0.1955
v 0.1939 0.0070 0.1928
v 0.1698 0.0095 0.1971
v 0.1674 0.0038 0.1866
v 0.2274 0.0101 0.1670
v 0.2288 0.0183 0.1569
v 0.1817 0.0007 0.0092
v 0.1798 0.0096 0.0831
v 0.1735 0.0014 0.1356
v 0.2081 0.0025 0.1257
v 0.2095 0.0052 0.0746
v 0.1918 0.0227 0.1765
v 0.2157 0.0211 0.1631
v 0.1704 0.0171 0.1777
v 0.2292 0.0198 0.1477
v 0.2286 0.0126 0.1458
v 0.1624 0.0021 0.1813
v 0.1845 0.0073 0.1782
v 0.2110 0.0060 0.1620
v 0.5086 0.9484 0.2315
v 0.5016 0.9369 0.2350
v 0.5033 0.9534 0.2517
v 0.5022 0.9452 0.2553
v 0.4919 0.9648 0.2693
v 0.4835 0.9530 0.2733
v 0.4771 0.9517 0.2677
v 0.4904 0.9398 0.2507
v 0.4935 0.9348 0.2311
v 0.4695 0.9747 0.2818
v 0.4822 0.9759 0.2848
v 0.4597 0.9894 0.2653
v 0.4712 0.9936 0.2619
v 0.5076 0.9447 0.2166
v 0.4885 0.9855 0.2484
v 0.4952 0.9787 0.2338
v 0.4997 0.9706 0.2179
v 0.4979 0.9600 0.2057
v 0.4693 0.9778 0.1750
v 0.5009 0.9346 0.2144
v 0.4892 0.9506 0.1965
v 0.4689 0.9667 0.2793
v 0.4479 0.9836 0.2607
v 0.4429 0.9796 0.2449
v 0.4385 0.9852 0.2202
v 0.4420 0.9913 0.2012
v 0.4570 0.9875 0.1712
v 0.4511 0.9793 0.1897
v 0.4784 0.9822 0.2741
v 0.4659 0.9816 0.2735
v 0.4916 0.9719 0.2631
v 0.5007 0.9632 0.2461
v 0.5040 0.9595 0.2261
v 0.5021 0.9507 0.2124
v 0.4962 0.9403 0.2074
v 0.4648 0.9706 0.2727
v 0.4720 0.9565 0.2627
v 0.4839 0.9462 0.2445
v 0.4662 0.9660 0.2509
v 0.4763 0.9586 0.2352
v 0.4850 0.9401 0.2233
v 0.4770 0.9514 0.2129
v 0.4964 0.9312 0.2200
v 0.4878 0.9372 0.2095
v 0.4780 0.9473 0.1957
v 0.4667 0.9641 0.1857
v 0.4567 0.9744 0.2335
v 0.4520 0.9792 0.2108
v 0.4644 0.9649 0.2046
v 0.4683 0.9686 0.2220
v 0.0270 1.5490 0.1307
v 0.0191 1.5509 0.1299
v 0.0234 1.5553 0.1309
v 0.0324 1.5567 0.1311
v 0.0411 1.5537 0.1273
v 0.0377 1.5498 0.1273
v 0.0378 1.5553 0.1296
v 0.0324 1.5489 0.1300
v 0.2374 1.1975 0.0380
v 0.2948 1.1275 0.0375
v 0.2580 1.2303 0.0621
v 0.2830 1.2435 0.0350
v 0.2669 1.2153 -0.0257
v 0.2391 1.1900 -0.0135
v 0.2363 1.1864 0.0153
v 0.2771 1.2397 -0.0106
v 0.2434 1.2117 0.0568
v 0.3081 1.1585 0.0618
v 0.3413 1.1780 0.0340
v 0.3251 1.1356 -0.0130
v 0.3047 1.1243 -0.0029
v 0.2937 1.1236 0.0167
v 0.3355 1.1663 -0.0019
v 0.2987 1.1386 0.0495
v 0.3735 1.1304 0.0935
v 0.3940 1.1235 0.0700
v 0.3570 1.1163 0.1006
v 0.3470 1.0703 0.0796
v 0.3479 1.0965 0.1017
v 0.3613 1.0707 0.0580
v 0.3917 1.0927 0.0465
v 0.3423 1.0811 0.0950
v 0.1593 0.8788 0.0415
v 0.1702 0.8319 0.0445
v 0.1251 0.8795 0.1034
v 0.1225 0.8403 0.1076
v 0.2058 0.0040 0.0106
v 0.0000 1.4473 0.1328
v 0.0205 1.3591 0.0757
v 0.0000 1.3715 0.0694
v -0.0002 1.5638 -0.0465
v 0.0946 1.3042 0.1023
v -0.0000 1.1146 -0.0409
v 0.0212 1.4864 0.1374
v 0.0224 1.4874 0.1358
v 0.0204 1.4860 0.1377
v 0.0154 1.4866 0.1380
v 0.0091 1.4859 0.1418
v 0.0166 1.4882 0.1394
v 0.0090 1.4874 0.1434
v 0.0188 1.4849 0.1410
v 0.0218 1.4866 0.1392
v 0.0213 1.4873 0.1402
v 0.0627 1.5050 0.0654
v 0.0776 1.5249 0.0325
v 0.0234 1.5382 -0.0348
v 0.0356 1.5359 -0.0271
v 0.0484 1.5313 -0.0130
v 0.0581 1.5278 0.0061
v 0.0771 1.5240 0.0397
v 0.0700 1.5231 0.0459
v 0.0698 1.5203 0.0547
v 0.0673 1.5206 0.0621
v 0.0668 1.5219 0.0363
v 0.0001 1.5424 -0.0423
v 0.0000 1.6111 -0.0414
v 0.0426 1.6045 -0.0275
v 0.0250 1.6080 -0.0368
v 0.0690 1.5922 0.0443
v 0.0571 1.5993 -0.0103
v 0.0674 1.5955 0.0184
v 0.0666 1.5855 0.0671
v 0.1410 1.2911 0.0944
v 0.1492 1.3225 0.0799
v 0.0386 1.3364 0.0879
v 0.0340 1.2929 0.1132
v 0.0258 1.3729 0.0674
v 0.0000 1.3531 0.0791
v -0.0008 1.4287 -0.0216
v 0.0209 1.4327 -0.0196
v 0.0411 1.4327 -0.0117
v 0.0569 1.4288 0.0059
v 0.0581 1.4222 0.0230
v 0.0533 1.4062 0.0415
v 0.0384 1.3976 0.0572
v 0.0229 1.3916 0.0660
v 0.1246 1.1442 0.0860
v 0.1203 1.1198 0.0954
v 0.0015 1.4899 0.0647
v 0.0001 1.4848 0.0985
v 0.0000 1.4814 0.1279
v 0.0000 1.4736 0.1451
v 0.0000 1.4720 0.1431
v -0.0000 1.5142 0.1589
v -0.0001 1.5008 0.1500
v 0.0000 1.4583 0.1416
v 0.0000 1.5976 0.1394
v 0.0000 1.4313 0.0826
v 0.0000 0.8540 0.1198
v 0.0000 1.4930 0.1529
v -0.0000 1.5112 0.1563
v 0.0000 1.4072 0.0753
v 0.0000 1.6565 0.0011
v -0.0004 1.3983 -0.0325
v 0.0000 1.2662 0.1209
v 0.0000 1.1882 0.1378
v 0.0398 1.2125 0.1440
v 0.0815 1.2082 0.1510
v 0.0356 1.2358 0.1364
v 0.0000 1.2419 0.1272
v 0.0950 1.2254 0.1452
v 0.0256 1.5532 0.1336
v 0.0241 1.5532 0.1326
v 0.0208 1.5533 0.1314
v 0.0184 1.5534 0.1296
v 0.0164 1.5535 0.1272
v 0.0149 1.5537 0.1247
v 0.0139 1.5538 0.1218
v 0.0135 1.5540 0.1189
v 0.0136 1.5541 0.1159
v 0.0142 1.5542 0.1129
v 0.0259 1.5544 0.1337
v 0.0244 1.5548 0.1327
v 0.0213 1.5559 0.1315
v 0.0189 1.5567 0.1298
v 0.0170 1.5574 0.1275
v 0.0154 1.5580 0.1250
v 0.0145 1.5584 0.1221
v 0.0140 1.5587 0.1191
v 0.0142 1.5587 0.1161
v 0.0148 1.5586 0.1131
v 0.0264 1.5554 0.1337
v 0.0252 1.5563 0.1327
v 0.0225 1.5582 0.1315
v 0.0206 1.5596 0.1298
v 0.0189 1.5608 0.1275
v 0.0176 1.5617 0.1250
v 0.0168 1.5623 0.1221
v 0.0164 1.5627 0.1192
v 0.0164 1.5626 0.1161
v 0.0169 1.5623 0.1131
v 0.0273 1.5563 0.1337
v 0.0265 1.5574 0.1326
v 0.0245 1.5600 0.1315
v 0.0231 1.5620 0.1298
v 0.0218 1.5636 0.1275
v 0.0209 1.5648 0.1250
v 0.0202 1.5656 0.1221
v 0.0198 1.5660 0.1192
v 0.0199 1.5659 0.1161
v 0.0202 1.5654 0.1131
v 0.0284 1.5568 0.1337
v 0.0280 1.5582 0.1326
v 0.0269 1.5612 0.1315
v 0.0260 1.5635 0.1298
v 0.0253 1.5654 0.1275
v 0.0247 1.5668 0.1249
v 0.0243 1.5677 0.1220
v 0.0240 1.5682 0.1191
v 0.0240 1.5680 0.1160
v 0.0241 1.5675 0.1130
v 0.0297 1.5570 0.1336
v 0.0297 1.5584 0.1325
v 0.0296 1.5616 0.1313
v 0.0295 1.5639 0.1295
v 0.0294 1.5659 0.1272
v 0.0293 1.5673 0.1247
v 0.0291 1.5683 0.1217
v 0.0289 1.5687 0.1189
v 0.0288 1.5685 0.1158
v 0.0286 1.5679 0.1128
v 0.0309 1.5568 0.1336
v 0.0314 1.5582 0.1324
v 0.0323 1.5612 0.1312
v 0.0329 1.5635 0.1294
v 0.0335 1.5654 0.1270
v 0.0338 1.5668 0.1245
v 0.0339 1.5677 0.1216
v 0.0338 1.5682 0.1186
v 0.0336 1.5680 0.1155
v 0.0331 1.5675 0.1125
v 0.0320 1.5563 0.1335
v 0.0329 1.5574 0.1323
v 0.0347 1.5600 0.1310
v 0.0359 1.5620 0.1291
v 0.0369 1.5636 0.1267
v 0.0377 1.5648 0.1242
v 0.0380 1.5656 0.1212
v 0.0380 1.5660 0.1183
v 0.0376 1.5659 0.1152
v 0.0370 1.5654 0.1123
v 0.0329 1.5554 0.1334
v 0.0341 1.5563 0.1322
v 0.0366 1.5582 0.1308
v 0.0385 1.5596 0.1288
v 0.0399 1.5608 0.1264
v 0.0409 1.5617 0.1238
v 0.0414 1.5623 0.1208
v 0.0415 1.5627 0.1179
v 0.0410 1.5626 0.1149
v 0.0402 1.5623 0.1119
v 0.0334 1.5544 0.1333
v 0.0348 1.5548 0.1321
v 0.0379 1.5559 0.1307
v 0.0401 1.5567 0.1287
v 0.0418 1.5574 0.1262
v 0.0431 1.5580 0.1235
v 0.0437 1.5584 0.1206
v 0.0439 1.5587 0.1176
v 0.0433 1.5587 0.1146
v 0.0423 1.5586 0.1116
v 0.0336 1.5532 0.1332
v 0.0351 1.5532 0.1320
v 0.0382 1.5533 0.1305
v 0.0405 1.5534 0.1284
v 0.0422 1.5535 0.1259
v 0.0435 1.5537 0.1232
v 0.0442 1.5538 0.1203
v 0.0444 1.5540 0.1173
v 0.0438 1.5541 0.1144
v 0.0428 1.5543 0.1114
v 0.0334 1.5520 0.1332
v 0.0348 1.5516 0.1319
v 0.0378 1.5507 0.1304
v 0.0400 1.5501 0.1283
v 0.0417 1.5496 0.1258
v 0.0430 1.5493 0.1230
v 0.0436 1.5492 0.1201
v 0.0438 1.5493 0.1171
v 0.0433 1.5495 0.1141
v 0.0423 1.5499 0.1112
v 0.0329 1.5510 0.1331
v 0.0340 1.5502 0.1319
v 0.0365 1.5484 0.1303
v 0.0384 1.5472 0.1282
v 0.0398 1.5463 0.1257
v 0.0408 1.5456 0.1230
v 0.0413 1.5453 0.1200
v 0.0415 1.5452 0.1171
v 0.0410 1.5456 0.1141
v 0.0401 1.5462 0.1112
v 0.0320 1.5501 0.1331
v 0.0329 1.5490 0.1319
v 0.0346 1.5466 0.1303
v 0.0358 1.5448 0.1283
v 0.0368 1.5435 0.1257
v 0.0375 1.5425 0.1230
v 0.0378 1.5420 0.1201
v 0.0379 1.5418 0.1171
v 0.0375 1.5422 0.1141
v 0.0369 1.5430 0.1112
v 0.0309 1.5496 0.1332
v 0.0313 1.5483 0.1320
v 0.0322 1.5454 0.1305
v 0.0328 1.5432 0.1284
v 0.0333 1.5416 0.1259
v 0.0337 1.5404 0.1232
v 0.0338 1.5398 0.1202
v 0.0337 1.5396 0.1172
v 0.0335 1.5401 0.1142
v 0.0330 1.5410 0.1113
v 0.0296 1.5494 0.1333
v 0.0296 1.5480 0.1320
v 0.0295 1.5450 0.1305
v 0.0294 1.5428 0.1285
v 0.0292 1.5411 0.1260
v 0.0291 1.5399 0.1234
v 0.0290 1.5393 0.1204
v 0.0288 1.5390 0.1175
v 0.0287 1.5395 0.1145
v 0.0285 1.5404 0.1116
v 0.0284 1.5496 0.1334
v 0.0279 1.5483 0.1321
v 0.0268 1.5454 0.1308
v 0.0259 1.5433 0.1288
v 0.0252 1.5417 0.1263
v 0.0246 1.5404 0.1237
v 0.0242 1.5398 0.1207
v 0.0239 1.5395 0.1177
v 0.0238 1.5400 0.1147
v 0.0239 1.5409 0.1118
v 0.0273 1.5501 0.1334
v 0.0264 1.5490 0.1322
v 0.0244 1.5466 0.1309
v 0.0229 1.5448 0.1290
v 0.0217 1.5435 0.1265
v 0.0207 1.5425 0.1239
v 0.0202 1.5420 0.1210
v 0.0198 1.5418 0.1180
v 0.0198 1.5422 0.1150
v 0.0201 1.5430 0.1121
v 0.0264 1.5510 0.1335
v 0.0252 1.5502 0.1323
v 0.0224 1.5485 0.1311
v 0.0204 1.5472 0.1292
v 0.0188 1.5463 0.1268
v 0.0175 1.5456 0.1242
v 0.0167 1.5453 0.1213
v 0.0163 1.5452 0.1183
v 0.0164 1.5456 0.1154
v 0.0168 1.5462 0.1124
v 0.0258 1.5520 0.1336
v 0.0244 1.5516 0.1325
v 0.0212 1.5507 0.1313
v 0.0188 1.5501 0.1294
v 0.0169 1.5496 0.1271
v 0.0153 1.5493 0.1245
v 0.0145 1.5492 0.1216
v 0.0140 1.5493 0.1186
v 0.0142 1.5495 0.1156
v 0.0147 1.5499 0.1126
v 0.0331 1.5532 0.1335
v 0.0297 1.5564 0.1339
v 0.0262 1.5532 0.1339
v 0.0296 1.5499 0.1336
v 0.0266 1.5524 0.1340
v 0.0304 1.5502 0.1337
v 0.0327 1.5539 0.1337
v 0.0289 1.5561 0.1341
v 0.0289 1.5502 0.1338
v 0.0327 1.5524 0.1336
v 0.0304 1.5561 0.1340
v 0.0266 1.5539 0.1341
v 0.0271 1.5515 0.1340
v 0.0313 1.5508 0.1337
v 0.0322 1.5548 0.1339
v 0.0280 1.5556 0.1342
v 0.0279 1.5507 0.1339
v 0.0322 1.5516 0.1337
v 0.0314 1.5556 0.1340
v 0.0271 1.5548 0.1341
v 0.0279 1.5540 0.1344
v 0.0288 1.5549 0.1344
v 0.0297 1.5556 0.1343
v 0.0271 1.5532 0.1343
v 0.0279 1.5523 0.1343
v 0.0287 1.5532 0.1345
v 0.0297 1.5541 0.1345
v 0.0306 1.5549 0.1343
v 0.0306 1.5515 0.1341
v 0.0315 1.5523 0.1341
v 0.0322 1.5532 0.1340
v 0.0296 1.5507 0.1340
v 0.0297 1.5523 0.1344
v 0.0315 1.5540 0.1342
v 0.0287 1.5515 0.1343
v 0.0306 1.5532 0.1344
v 0.0246 1.5532 0.1330
v 0.0249 1.5547 0.1331
v 0.0256 1.5560 0.1331
v 0.0268 1.5570 0.1331
v 0.0282 1.5577 0.1331
v 0.0297 1.5579 0.1330
v 0.0312 1.5577 0.1329
v 0.0326 1.5570 0.1328
v 0.0337 1.5560 0.1327
v 0.0344 1.5547 0.1326
v 0.0346 1.5532 0.1325
v 0.0343 1.5517 0.1325
v 0.0336 1.5504 0.1324
v 0.0325 1.5494 0.1324
v 0.0312 1.5487 0.1325
v 0.0296 1.5485 0.1325
v 0.0281 1.5487 0.1326
v 0.0267 1.5494 0.1327
v 0.0256 1.5505 0.1328
v 0.0249 1.5518 0.1330
v 0.0269 1.5531 0.1313
v 0.0249 1.5532 0.1320
v 0.0211 1.5533 0.1313
v 0.0187 1.5534 0.1295
v 0.0168 1.5536 0.1270
v 0.0152 1.5537 0.1245
v 0.0143 1.5538 0.1217
v 0.0139 1.5540 0.1189
v 0.0140 1.5541 0.1160
v 0.0146 1.5542 0.1131
v 0.0270 1.5538 0.1313
v 0.0252 1.5546 0.1321
v 0.0215 1.5558 0.1315
v 0.0192 1.5566 0.1297
v 0.0173 1.5573 0.1273
v 0.0158 1.5578 0.1248
v 0.0149 1.5583 0.1220
v 0.0144 1.5585 0.1191
v 0.0146 1.5585 0.1161
v 0.0151 1.5584 0.1133
v 0.0275 1.5547 0.1314
v 0.0259 1.5558 0.1322
v 0.0227 1.5580 0.1315
v 0.0208 1.5594 0.1297
v 0.0192 1.5606 0.1272
v 0.0179 1.5615 0.1248
v 0.0171 1.5621 0.1220
v 0.0167 1.5624 0.1192
v 0.0168 1.5624 0.1162
v 0.0173 1.5621 0.1133
v 0.0283 1.5550 0.1313
v 0.0269 1.5568 0.1321
v 0.0247 1.5598 0.1315
v 0.0232 1.5617 0.1297
v 0.0220 1.5633 0.1272
v 0.0210 1.5645 0.1248
v 0.0205 1.5653 0.1220
v 0.0201 1.5657 0.1192
v 0.0201 1.5655 0.1162
v 0.0204 1.5651 0.1133
v 0.0289 1.5554 0.1313
v 0.0283 1.5575 0.1321
v 0.0270 1.5610 0.1315
v 0.0262 1.5632 0.1297
v 0.0255 1.5651 0.1272
v 0.0249 1.5665 0.1247
v 0.0245 1.5674 0.1219
v 0.0242 1.5678 0.1191
v 0.0241 1.5676 0.1161
v 0.0242 1.5671 0.1132
v 0.0297 1.5557 0.1313
v 0.0297 1.5576 0.1320
v 0.0296 1.5614 0.1313
v 0.0295 1.5636 0.1294
v 0.0294 1.5655 0.1270
v 0.0293 1.5670 0.1245
v 0.0291 1.5679 0.1217
v 0.0289 1.5683 0.1189
v 0.0288 1.5681 0.1159
v 0.0286 1.5676 0.1130
v 0.0304 1.5554 0.1312
v 0.0311 1.5574 0.1320
v 0.0322 1.5610 0.1312
v 0.0328 1.5632 0.1293
v 0.0333 1.5650 0.1268
v 0.0337 1.5665 0.1243
v 0.0337 1.5674 0.1215
v 0.0337 1.5678 0.1186
v 0.0334 1.5676 0.1156
v 0.0330 1.5671 0.1127
v 0.0311 1.5550 0.1312
v 0.0324 1.5568 0.1319
v 0.0345 1.5598 0.1309
v 0.0358 1.5617 0.1290
v 0.0367 1.5633 0.1265
v 0.0375 1.5645 0.1240
v 0.0377 1.5653 0.1211
v 0.0378 1.5657 0.1183
v 0.0374 1.5656 0.1153
v 0.0368 1.5651 0.1125
v 0.0318 1.5547 0.1311
v 0.0334 1.5558 0.1318
v 0.0364 1.5580 0.1308
v 0.0382 1.5594 0.1288
v 0.0396 1.5606 0.1262
v 0.0406 1.5615 0.1236
v 0.0411 1.5621 0.1208
v 0.0412 1.5624 0.1179
v 0.0407 1.5624 0.1150
v 0.0399 1.5621 0.1121
v 0.0323 1.5538 0.1309
v 0.0341 1.5545 0.1316
v 0.0376 1.5558 0.1306
v 0.0398 1.5566 0.1286
v 0.0415 1.5573 0.1260
v 0.0427 1.5578 0.1233
v 0.0433 1.5583 0.1205
v 0.0435 1.5585 0.1175
v 0.0429 1.5586 0.1146
v 0.0420 1.5584 0.1118
v 0.0324 1.5532 0.1309
v 0.0343 1.5532 0.1315
v 0.0380 1.5533 0.1304
v 0.0402 1.5534 0.1283
v 0.0419 1.5535 0.1257
v 0.0431 1.5537 0.1231
v 0.0438 1.5538 0.1202
v 0.0440 1.5540 0.1173
v 0.0434 1.5541 0.1144
v 0.0425 1.5543 0.1116
v 0.0323 1.5525 0.1309
v 0.0341 1.5518 0.1315
v 0.0376 1.5508 0.1304
v 0.0398 1.5502 0.1282
v 0.0414 1.5498 0.1255
v 0.0426 1.5495 0.1229
v 0.0432 1.5494 0.1200
v 0.0434 1.5494 0.1171
v 0.0429 1.5497 0.1142
v 0.0420 1.5501 0.1114
v 0.0318 1.5517 0.1308
v 0.0334 1.5506 0.1315
v 0.0363 1.5486 0.1303
v 0.0381 1.5474 0.1281
v 0.0395 1.5465 0.1255
v 0.0405 1.5458 0.1228
v 0.0410 1.5455 0.1199
v 0.0411 1.5454 0.1170
v 0.0407 1.5458 0.1142
v 0.0398 1.5464 0.1114
v 0.0311 1.5513 0.1310
v 0.0324 1.5496 0.1315
v 0.0345 1.5468 0.1303
v 0.0357 1.5450 0.1282
v 0.0366 1.5437 0.1255
v 0.0374 1.5428 0.1228
v 0.0376 1.5423 0.1200
v 0.0377 1.5422 0.1171
v 0.0373 1.5426 0.1142
v 0.0367 1.5434 0.1114
v 0.0304 1.5509 0.1310
v 0.0310 1.5490 0.1315
v 0.0321 1.5456 0.1304
v 0.0327 1.5435 0.1283
v 0.0332 1.5420 0.1257
v 0.0335 1.5407 0.1230
v 0.0336 1.5402 0.1201
v 0.0335 1.5400 0.1172
v 0.0333 1.5404 0.1143
v 0.0328 1.5413 0.1115
v 0.0296 1.5506 0.1309
v 0.0296 1.5488 0.1315
v 0.0295 1.5453 0.1305
v 0.0294 1.5431 0.1284
v 0.0292 1.5415 0.1258
v 0.0291 1.5403 0.1232
v 0.0290 1.5397 0.1203
v 0.0288 1.5394 0.1174
v 0.0287 1.5399 0.1146
v 0.0285 1.5408 0.1117
v 0.0289 1.5509 0.1311
v 0.0282 1.5490 0.1317
v 0.0269 1.5456 0.1307
v 0.0260 1.5435 0.1287
v 0.0253 1.5420 0.1261
v 0.0248 1.5407 0.1235
v 0.0243 1.5401 0.1206
v 0.0241 1.5399 0.1177
v 0.0240 1.5404 0.1148
v 0.0241 1.5413 0.1120
v 0.0282 1.5513 0.1311
v 0.0269 1.5496 0.1318
v 0.0246 1.5468 0.1308
v 0.0231 1.5451 0.1289
v 0.0219 1.5438 0.1263
v 0.0209 1.5428 0.1237
v 0.0204 1.5423 0.1209
v 0.0200 1.5421 0.1180
v 0.0201 1.5426 0.1151
v 0.0203 1.5433 0.1123
v 0.0274 1.5517 0.1312
v 0.0258 1.5506 0.1319
v 0.0226 1.5486 0.1310
v 0.0207 1.5474 0.1291
v 0.0190 1.5465 0.1266
v 0.0178 1.5458 0.1240
v 0.0170 1.5455 0.1212
v 0.0166 1.5454 0.1183
v 0.0167 1.5458 0.1154
v 0.0172 1.5464 0.1126
v 0.0270 1.5524 0.1312
v 0.0251 1.5519 0.1320
v 0.0214 1.5508 0.1312
v 0.0191 1.5502 0.1294
v 0.0172 1.5498 0.1269
v 0.0157 1.5495 0.1243
v 0.0148 1.5494 0.1215
v 0.0144 1.5495 0.1186
v 0.0145 1.5497 0.1157
v 0.0151 1.5501 0.1129
v 0.0316 1.5531 0.1308
v 0.0297 1.5550 0.1310
v 0.0277 1.5531 0.1310
v 0.0296 1.5513 0.1308
v 0.0279 1.5527 0.1310
v 0.0301 1.5515 0.1308
v 0.0314 1.5535 0.1308
v 0.0292 1.5548 0.1310
v 0.0292 1.5515 0.1308
v 0.0314 1.5527 0.1308
v 0.0301 1.5548 0.1310
v 0.0279 1.5535 0.1310
v 0.0283 1.5523 0.1309
v 0.0306 1.5519 0.1308
v 0.0310 1.5540 0.1309
v 0.0288 1.5544 0.1310
v 0.0287 1.5518 0.1309
v 0.0310 1.5523 0.1308
v 0.0306 1.5544 0.1309
v 0.0283 1.5540 0.1310
v 0.0288 1.5536 0.1308
v 0.0292 1.5540 0.1308
v 0.0297 1.5544 0.1309
v 0.0284 1.5531 0.1309
v 0.0288 1.5527 0.1308
v 0.0292 1.5531 0.1307
v 0.0297 1.5536 0.1307
v 0.0301 1.5540 0.1308
v 0.0301 1.5523 0.1307
v 0.0305 1.5527 0.1307
v 0.0310 1.5531 0.1307
v 0.0297 1.5519 0.1307
v 0.0297 1.5527 0.1307
v 0.0305 1.5536 0.1307
v 0.0292 1.5523 0.1307
v 0.0301 1.5531 0.1307
v 0.0259 1.5532 0.1316
v 0.0261 1.5542 0.1317
v 0.0267 1.5552 0.1317
v 0.0275 1.5560 0.1318
v 0.0286 1.5565 0.1317
v 0.0297 1.5567 0.1316
v 0.0308 1.5565 0.1316
v 0.0318 1.5560 0.1315
v 0.0326 1.5552 0.1314
v 0.0332 1.5542 0.1313
v 0.0333 1.5532 0.1312
v 0.0331 1.5522 0.1312
v 0.0326 1.5511 0.1311
v 0.0318 1.5504 0.1312
v 0.0307 1.5498 0.1312
v 0.0296 1.5497 0.1312
v 0.0286 1.5499 0.1313
v 0.0274 1.5504 0.1315
v 0.0267 1.5511 0.1315
v 0.0261 1.5522 0.1316
v 0.0239 1.5532 0.1321
v 0.0241 1.5549 0.1323
v 0.0250 1.5564 0.1323
v 0.0263 1.5576 0.1322
v 0.0280 1.5584 0.1322
v 0.0297 1.5587 0.1321
v 0.0314 1.5584 0.1320
v 0.0330 1.5576 0.1319
v 0.0343 1.5564 0.1318
v 0.0351 1.5549 0.1317
v 0.0353 1.5532 0.1315
v 0.0351 1.5516 0.1315
v 0.0342 1.5500 0.1314
v 0.0330 1.5488 0.1314
v 0.0314 1.5480 0.1315
v 0.0296 1.5478 0.1315
v 0.0279 1.5481 0.1316
v 0.0262 1.5489 0.1318
v 0.0250 1.5501 0.1319
v 0.0241 1.5516 0.1321
v -0.0256 1.5532 0.1336
v -0.0241 1.5532 0.1326
v -0.0208 1.5533 0.1314
v -0.0184 1.5534 0.1296
v -0.0164 1.5535 0.1272
v -0.0149 1.5537 0.1247
v -0.0139 1.5538 0.1218
v -0.0135 1.5540 0.1189
v -0.0136 1.5541 0.1159
v -0.0142 1.5542 0.1129
v -0.0259 1.5544 0.1337
v -0.0244 1.5548 0.1327
v -0.0213 1.5559 0.1315
v -0.0189 1.5567 0.1298
v -0.0170 1.5574 0.1275
v -0.0154 1.5580 0.1250
v -0.0145 1.5584 0.1221
v -0.0140 1.5587 0.1191
v -0.0142 1.5587 0.1161
v -0.0148 1.5586 0.1131
v -0.0264 1.5554 0.1337
v -0.0252 1.5563 0.1327
v -0.0225 1.5582 0.1315
v -0.0206 1.5596 0.1298
v -0.0189 1.5608 0.1275
v -0.0176 1.5617 0.1250
v -0.0168 1.5623 0.1221
v -0.0164 1.5627 0.1192
v -0.0164 1.5626 0.1161
v -0.0169 1.5623 0.1131
v -0.0273 1.5563 0.1337
v -0.0265 1.5574 0.1326
v -0.0245 1.5600 0.1315
v -0.0231 1.5620 0.1298
v -0.0218 1.5636 0.1275
v -0.0209 1.5648 0.1250
v -0.0202 1.5656 0.1221
v -0.0198 1.5660 0.1192
v -0.0199 1.5659 0.1161
v -0.0202 1.5654 0.1131
v -0.0284 1.5568 0.1337
v -0.0280 1.5582 0.1326
v -0.0269 1.5612 0.1315
v -0.0260 1.5635 0.1298
v -0.0253 1.5654 0.1275
v -0.0247 1.5668 0.1249
v -0.0243 1.5677 0.1220
v -0.0240 1.5682 0.1191
v -0.0240 1.5680 0.1160
v -0.0241 1.5675 0.1130
v -0.0297 1.5570 0.1336
v -0.0297 1.5584 0.1325
v -0.0296 1.5616 0.1313
v -0.0295 1.5639 0.1295
v -0.0294 1.5659 0.1272
v -0.0293 1.5673 0.1247
v -0.0291 1.5683 0.1217
v -0.0289 1.5687 0.1189
v -0.0288 1.5685 0.1158
v -0.0286 1.5679 0.1128
v -0.0309 1.5568 0.1336
v -0.0314 1.5582 0.1324
v -0.0323 1.5612 0.1312
v -0.0329 1.5635 0.1294
v -0.0335 1.5654 0.1270
v -0.0338 1.5668 0.1245
v -0.0339 1.5677 0.1216
v -0.0338 1.5682 0.1186
v -0.0336 1.5680 0.1155
v -0.0331 1.5675 0.1125
v -0.0320 1.5563 0.1335
v -0.0329 1.5574 0.1323
v -0.0347 1.5600 0.1310
v -0.0359 1.5620 0.1291
v -0.0369 1.5636 0.1267
v -0.0377 1.5648 0.1242
v -0.0380 1.5656 0.1212
v -0.0380 1.5660 0.1183
v -0.0376 1.5659 0.1152
v -0.0370 1.5654 0.1123
v -0.0329 1.5554 0.1334
v -0.0341 1.5563 0.1322
v -0.0366 1.5582 0.1308
v -0.0385 1.5596 0.1288
v -0.0399 1.5608 0.1264
v -0.0409 1.5617 0.1238
v -0.0414 1.5623 0.1208
v -0.0415 1.5627 0.1179
v -0.0410 1.5626 0.1149
v -0.0402 1.5623 0.1119
v -0.0334 1.5544 0.1333
v -0.0348 1.5548 0.1321
v -0.0379 1.5559 0.1307
v -0.0401 1.5567 0.1287
v -0.0418 1.5574 0.1262
v -0.0431 1.5580 0.1235
v -0.0437 1.5584 0.1206
v -0.0439 1.5587 0.1176
v -0.0433 1.5587 0.1146
v -0.0423 1.5586 0.1116
v -0.0336 1.5532 0.1332
v -0.0351 1.5532 0.1320
v -0.0382 1.5533 0.1305
v -0.0405 1.5534 0.1284
v -0.0422 1.5535 0.1259
v -0.0435 1.5537 0.1232
v -0.0442 1.5538 0.1203
v -0.0444 1.5540 0.1173
v -0.0438 1.5541 0.1144
v -0.0428 1.5543 0.1114
v -0.0334 1.5520 0.1332
v -0.0348 1.5516 0.1319
v -0.0378 1.5507 0.1304
v -0.0400 1.5501 0.1283
v -0.0417 1.5496 0.1258
v -0.0430 1.5493 0.1230
v -0.0436 1.5492 0.1201
v -0.0438 1.5493 0.1171
v -0.0433 1.5495 0.1141
v -0.0423 1.5499 0.1112
v -0.0329 1.5510 0.1331
v -0.0340 1.5502 0.1319
v -0.0365 1.5484 0.1303
v -0.0384 1.5472 0.1282
v -0.0398 1.5463 0.1257
v -0.0408 1.5456 0.1230
v -0.0413 1.5453 0.1200
v -0.0415 1.5452 0.1171
v -0.0410 1.5456 0.1141
v -0.0401 1.5462 0.1112
v -0.0320 1.5501 0.1331
v -0.0329 1.5490 0.1319
v -0.0346 1.5466 0.1303
v -0.0358 1.5448 0.1283
v -0.0368 1.5435 0.1257
v -0.0375 1.5425 0.1230
v -0.0378 1.5420 0.1201
v -0.0379 1.5418 0.1171
v -0.0375 1.5422 0.1141
v -0.0369 1.5430 0.1112
v -0.0309 1.5496 0.1332
v -0.0313 1.5483 0.1320
v -0.0322 1.5454 0.1305
v -0.0328 1.5432 0.1284
v -0.0333 1.5416 0.1259
v -0.0337 1.5404 0.1232
v -0.0338 1.5398 0.1202
v -0.0337 1.5396 0.1172
v -0.0335 1.5401 0.1142
v -0.0330 1.5410 0.1113
v -0.0296 1.5494 0.1333
v -0.0296 1.5480 0.1320
v -0.0295 1.5450 0.1305
v -0.0294 1.5428 0.1285
v -0.0292 1.5411 0.1260
v -0.0291 1.5399 0.1234
v -0.0290 1.5393 0.1204
v -0.0288 1.5390 0.1175
v -0.0287 1.5395 0.1145
v -0.0285 1.5404 0.1116
v -0.0284 1.5496 0.1334
v -0.0279 1.5483 0.1321
v -0.0268 1.5454 0.1308
v -0.0259 1.5433 0.1288
v -0.0252 1.5417 0.1263
v -0.0246 1.5404 0.1237
v -0.0242 1.5398 0.1207
v -0.0239 1.5395 0.1177
v -0.0238 1.5400 0.1147
v -0.0239 1.5409 0.1118
v -0.0273 1.5501 0.1334
v -0.0264 1.5490 0.1322
v -0.0244 1.5466 0.1309
v -0.0229 1.5448 0.1290
v -0.0217 1.5435 0.1265
v -0.0207 1.5425 0.1239
v -0.0202 1.5420 0.1210
v -0.0198 1.5418 0.1180
v -0.0198 1.5422 0.1150
v -0.0201 1.5430 0.1121
v -0.0264 1.5510 0.1335
v -0.0252 1.5502 0.1323
v -0.0224 1.5485 0.1311
v -0.0204 1.5472 0.1292
v -0.0188 1.5463 0.1268
v -0.0175 1.5456 0.1242
v -0.0167 1.5453 0.1213
v -0.0163 1.5452 0.1183
v -0.0164 1.5456 0.1154
v -0.0168 1.5462 0.1124
v -0.0258 1.5520 0.1336
v -0.0244 1.5516 0.1325
v -0.0212 1.5507 0.1313
v -0.0188 1.5501 0.1294
v -0.0169 1.5496 0.1271
v -0.0153 1.5493 0.1245
v -0.0145 1.5492 0.1216
v -0.0140 1.5493 0.1186
v -0.0142 1.5495 0.1156
v -0.0147 1.5499 0.1126
v -0.0331 1.5532 0.1335
v -0.0297 1.5564 0.1339
v -0.0262 1.5532 0.1339
v -0.0296 1.5499 0.1336
v -0.0266 1.5524 0.1340
v -0.0304 1.5502 0.1337
v -0.0327 1.5539 0.1337
v -0.0289 1.5561 0.1341
v -0.0289 1.5502 0.1338
v -0.0327 1.5524 0.1336
v -0.0304 1.5561 0.1340
v -0.0266 1.5539 0.1341
v -0.0271 1.5515 0.1340
v -0.0313 1.5508 0.1337
v -0.0322 1.5548 0.1339
v -0.0280 1.5556 0.1342
v -0.0279 1.5507 0.1339
v -0.0322 1.5516 0.1337
v -0.0314 1.5556 0.1340
v -0.0271 1.5548 0.1341
v -0.0279 1.5540 0.1344
v -0.0288 1.5549 0.1344
v -0.0297 1.5556 0.1343
v -0.0271 1.5532 0.1343
v -0.0279 1.5523 0.1343
v -0.0287 1.5532 0.1345
v -0.0297 1.5541 0.1345
v -0.0306 1.5549 0.1343
v -0.0306 1.5515 0.1341
v -0.0315 1.5523 0.1341
v -0.0322 1.5532 0.1340
v -0.0296 1.5507 0.1340
v -0.0297 1.5523 0.1344
v -0.0315 1.5540 0.1342
v -0.0287 1.5515 0.1343
v -0.0306 1.5532 0.1344
v -0.0246 1.5532 0.1330
v -0.0249 1.5547 0.1331
v -0.0256 1.5560 0.1331
v -0.0268 1.5570 0.1331
v -0.0282 1.5577 0.1331
v -0.0297 1.5579 0.1330
v -0.0312 1.5577 0.1329
v -0.0326 1.5570 0.1328
v -0.0337 1.5560 0.1327
v -0.0344 1.5547 0.1326
v -0.0346 1.5532 0.1325
v -0.0343 1.5517 0.1325
v -0.0336 1.5504 0.1324
v -0.0325 1.5494 0.1324
v -0.0312 1.5487 0.1325
v -0.0296 1.5485 0.1325
v -0.0281 1.5487 0.1326
v -0.0267 1.5494 0.1327
v -0.0256 1.5505 0.1328
v -0.0249 1.5518 0.1330
v -0.0269 1.5531 0.1313
v -0.0249 1.5532 0.1320
v -0.0211 1.5533 0.1313
v -0.0187 1.5534 0.1295
v -0.0168 1.5536 0.1270
v -0.0152 1.5537 0.1245
v -0.0143 1.5538 0.1217
v -0.0139 1.5540 0.1189
v -0.0140 1.5541 0.1160
v -0.0146 1.5542 0.1131
v -0.0270 1.5538 0.1313
v -0.0252 1.5546 0.1321
v -0.0215 1.5558 0.1315
v -0.0192 1.5566 0.1297
v -0.0173 1.5573 0.1273
v -0.0158 1.5578 0.1248
v -0.0149 1.5583 0.1220
v -0.0144 1.5585 0.1191
v -0.0146 1.5585 0.1161
v -0.0151 1.5584 0.1133
v -0.0275 1.5547 0.1314
v -0.0259 1.5558 0.1322
v -0.0227 1.5580 0.1315
v -0.0208 1.5594 0.1297
v -0.0192 1.5606 0.1272
v -0.0179 1.5615 0.1248
v -0.0171 1.5621 0.1220
v -0.0167 1.5624 0.1192
v -0.0168 1.5624 0.1162
v -0.0173 1.5621 0.1133
v -0.0283 1.5550 0.1313
v -0.0269 1.5568 0.1321
v -0.0247 1.5598 0.1315
v -0.0232 1.5617 0.1297
v -0.0220 1.5633 0.1272
v -0.0210 1.5645 0.1248
v -0.0205 1.5653 0.1220
v -0.0201 1.5657 0.1192
v -0.0201 1.5655 0.1162
v -0.0204 1.5651 0.1133
v -0.0289 1.5554 0.1313
v -0.0283 1.5575 0.1321
v -0.0270 1.5610 0.1315
v -0.0262 1.5632 0.1297
v -0.0255 1.5651 0.1272
v -0.0249 1.5665 0.1247
v -0.0245 1.5674 0.1219
v -0.0242 1.5678 0.1191
v -0.0241 1.5676 0.1161
v -0.0242 1.5671 0.1132
v -0.0297 1.5557 0.1313
v -0.0297 1.5576 0.1320
v -0.0296 1.5614 0.1313
v -0.0295 1.5636 0.1294
v -0.0294 1.5655 0.1270
v -0.0293 1.5670 0.1245
v -0.0291 1.5679 0.1217
v -0.0289 1.5683 0.1189
v -0.0288 1.5681 0.1159
v -0.0286 1.5676 0.1130
v -0.0304 1.5554 0.1312
v -0.0311 1.5574 0.1320
v -0.0322 1.5610 0.1312
v -0.0328 1.5632 0.1293
v -0.0333 1.5650 0.1268
v -0.0337 1.5665 0.1243
v -0.0337 1.5674 0.1215
v -0.0337 1.5678 0.1186
v -0.0334 1.5676 0.1156
v -0.0330 1.5671 0.1127
v -0.0311 1.5550 0.1312
v -0.0324 1.5568 0.1319
v -0.0345 1.5598 0.1309
v -0.0358 1.5617 0.1290
v -0.0367 1.5633 0.1265
v -0.0375 1.5645 0.1240
v -0.0377 1.5653 0.1211
v -0.0378 1.5657 0.1183
v -0.0374 1.5656 0.1153
v -0.0368 1.5651 0.1125
v -0.0318 1.5547 0.1311
v -0.0334 1.5558 0.1318
v -0.0364 1.5580 0.1308
v -0.0382 1.5594 0.1288
v -0.0396 1.5606 0.1262
v -0.0406 1.5615 0.1236
v -0.0411 1.5621 0.1208
v -0.0412 1.5624 0.1179
v -0.0407 1.5624 0.1150
v -0.0399 1.5621 0.1121
v -0.0323 1.5538 0.1309
v -0.0341 1.5545 0.1316
v -0.0376 1.5558 0.1306
v -0.0398 1.5566 0.1286
v -0.0415 1.5573 0.1260
v -0.0427 1.5578 0.1233
v -0.0433 1.5583 0.1205
v -0.0435 1.5585 0.1175
v -0.0429 1.5586 0.1146
v -0.0420 1.5584 0.1118
v -0.0324 1.5532 0.1309
v -0.0343 1.5532 0.1315
v -0.0380 1.5533 0.1304
v -0.0402 1.5534 0.1283
v -0.0419 1.5535 0.1257
v -0.0431 1.5537 0.1231
v -0.0438 1.5538 0.1202
v -0.0440 1.5540 0.1173
v -0.0434 1.5541 0.1144
v -0.0425 1.5543 0.1116
v -0.0323 1.5525 0.1309
v -0.0341 1.5518 0.1315
v -0.0376 1.5508 0.1304
v -0.0398 1.5502 0.1282
v -0.0414 1.5498 0.1255
v -0.0426 1.5495 0.1229
v -0.0432 1.5494 0.1200
v -0.0434 1.5494 0.1171
v -0.0429 1.5497 0.1142
v -0.0420 1.5501 0.1114
v -0.0318 1.5517 0.1308
v -0.0334 1.5506 0.1315
v -0.0363 1.5486 0.1303
v -0.0381 1.5474 0.1281
v -0.0395 1.5465 0.1255
v -0.0405 1.5458 0.1228
v -0.0410 1.5455 0.1199
v -0.0411 1.5454 0.1170
v -0.0407 1.5458 0.1142
v -0.0398 1.5464 0.1114
v -0.0311 1.5513 0.1310
v -0.0324 1.5496 0.1315
v -0.0345 1.5468 0.1303
v -0.0357 1.5450 0.1282
v -0.0366 1.5437 0.1255
v -0.0374 1.5428 0.1228
v -0.0376 1.5423 0.1200
v -0.0377 1.5422 0.1171
v -0.0373 1.5426 0.1142
v -0.0367 1.5434 0.1114
v -0.0304 1.5509 0.1310
v -0.0310 1.5490 0.1315
v -0.0321 1.5456 0.1304
v -0.0327 1.5435 0.1283
v -0.0332 1.5420 0.1257
v -0.0335 1.5407 0.1230
v -0.0336 1.5402 0.1201
v -0.0335 1.5400 0.1172
v -0.0333 1.5404 0.1143
v -0.0328 1.5413 0.1115
v -0.0296 1.5506 0.1309
v -0.0296 1.5488 0.1315
v -0.0295 1.5453 0.1305
v -0.0294 1.5431 0.1284
v -0.0292 1.5415 0.1258
v -0.0291 1.5403 0.1232
v -0.0290 1.5397 0.1203
v -0.0288 1.5394 0.1174
v -0.0287 1.5399 0.1146
v -0.0285 1.5408 0.1117
v -0.0289 1.5509 0.1311
v -0.0282 1.5490 0.1317
v -0.0269 1.5456 0.1307
v -0.0260 1.5435 0.1287
v -0.0253 1.5420 0.1261
v -0.0248 1.5407 0.1235
v -0.0243 1.5401 0.1206
v -0.0241 1.5399 0.1177
v -0.0240 1.5404 0.1148
v -0.0241 1.5413 0.1120
v -0.0282 1.5513 0.1311
v -0.0269 1.5496 0.1318
v -0.0246 1.5468 0.1308
v -0.0231 1.5451 0.1289
v -0.0219 1.5438 0.1263
v -0.0209 1.5428 0.1237
v -0.0204 1.5423 0.1209
v -0.0200 1.5421 0.1180
v -0.0201 1.5426 0.1151
v -0.0203 1.5433 0.1123
v -0.0274 1.5517 0.1312
v -0.0258 1.5506 0.1319
v -0.0226 1.5486 0.1310
v -0.0207 1.5474 0.1291
v -0.0190 1.5465 0.1266
v -0.0178 1.5458 0.1240
v -0.0170 1.5455 0.1212
v -0.0166 1.5454 0.1183
v -0.0167 1.5458 0.1154
v -0.0172 1.5464 0.1126
v -0.0270 1.5524 0.1312
v -0.0251 1.5519 0.1320
v -0.0214 1.5508 0.1312
v -0.0191 1.5502 0.1294
v -0.0172 1.5498 0.1269
v -0.0157 1.5495 0.1243
v -0.0148 1.5494 0.1215
v -0.0144 1.5495 0.1186
v -0.0145 1.5497 0.1157
v -0.0151 1.5501 0.1129
v -0.0316 1.5531 0.1308
v -0.0297 1.5550 0.1310
v -0.0277 1.5531 0.1310
v -0.0296 1.5513 0.1308
v -0.0279 1.5527 0.1310
v -0.0301 1.5515 0.1308
v -0.0314 1.5535 0.1308
v -0.0293 1.5548 0.1310
v -0.0292 1.5515 0.1308
v -0.0314 1.5527 0.1308
v -0.0301 1.5548 0.1310
v -0.0279 1.5535 0.1310
v -0.0283 1.5523 0.1309
v -0.0306 1.5519 0.1308
v -0.0310 1.5540 0.1309
v -0.0288 1.5544 0.1310
v -0.0287 1.5518 0.1309
v -0.0310 1.5523 0.1307
v -0.0306 1.5544 0.1309
v -0.0283 1.5540 0.1310
v -0.0288 1.5536 0.1308
v -0.0292 1.5540 0.1308
v -0.0297 1.5544 0.1309
v -0.0284 1.5531 0.1309
v -0.0288 1.5527 0.1308
v -0.0292 1.5531 0.1307
v -0.0297 1.5536 0.1307
v -0.0301 1.5540 0.1308
v -0.0301 1.5523 0.1307
v -0.0305 1.5527 0.1307
v -0.0310 1.5531 0.1307
v -0.0297 1.5519 0.1307
v -0.0297 1.5527 0.1307
v -0.0305 1.5536 0.1307
v -0.0292 1.5523 0.1307
v -0.0301 1.5531 0.1307
v -0.0259 1.5532 0.1316
v -0.0261 1.5542 0.1317
v -0.0267 1.5552 0.1317
v -0.0275 1.5560 0.1318
v -0.0286 1.5565 0.1317
v -0.0297 1.5567 0.1316
v -0.0308 1.5565 0.1316
v -0.0318 1.5560 0.1315
v -0.0326 1.5552 0.1314
v -0.0332 1.5542 0.1313
v -0.0333 1.5532 0.1312
v -0.0331 1.5522 0.1312
v -0.0326 1.5511 0.1311
v -0.0318 1.5504 0.1312
v -0.0307 1.5498 0.1312
v -0.0296 1.5497 0.1312
v -0.0286 1.5499 0.1313
v -0.0274 1.5504 0.1315
v -0.0267 1.5511 0.1315
v -0.0261 1.5522 0.1316
v -0.0239 1.5532 0.1321
v -0.0241 1.5549 0.1323
v -0.0250 1.5564 0.1323
v -0.0263 1.5576 0.1322
v -0.0280 1.5584 0.1322
v -0.0297 1.5587 0.1321
v -0.0314 1.5584 0.1320
v -0.0330 1.5576 0.1319
v -0.0343 1.5564 0.1318
v -0.0351 1.5549 0.1317
v -0.0353 1.5532 0.1315
v -0.0351 1.5516 0.1315
v -0.0342 1.5500 0.1314
v -0.0330 1.5488 0.1314
v -0.0314 1.5480 0.1315
v -0.0296 1.5478 0.1315
v -0.0279 1.5481 0.1316
v -0.0262 1.5489 0.1318
v -0.0250 1.5501 0.1319
v -0.0241 1.5516 0.1321
vt 0.810900 0.042100
vt 0.816400 0.041600
vt 0.806500 0.043900
vt 0.801800 0.048100
vt 0.797000 0.089300
vt 0.810800 0.121200
vt 0.803600 0.112800
vt 0.795900 0.087500
vt 0.808000 0.070200
vt 0.795200 0.067900
vt 0.806500 0.103700
vt 0.798900 0.087000
vt 0.804600 0.069000
vt 0.806700 0.053100
vt 0.813100 0.046000
vt 0.815100 0.100400
vt 0.805000 0.086400
vt 0.810000 0.070000
vt 0.812700 0.052700
vt 0.818500 0.049100
vt 0.831500 0.457400
vt 0.829100 0.448700
vt 0.834100 0.448300
vt 0.836000 0.454400
vt 0.839200 0.461400
vt 0.838900 0.457800
vt 0.844700 0.454900
vt 0.843000 0.451900
vt 0.845700 0.439900
vt 0.842200 0.443000
vt 0.838500 0.438000
vt 0.837100 0.431600
vt 0.831200 0.441200
vt 0.834800 0.443700
vt 0.846300 0.448200
vt 0.843000 0.447600
vt 0.837200 0.337300
vt 0.842000 0.335900
vt 0.845100 0.341600
vt 0.837600 0.341100
vt 0.267200 0.914300
vt 0.229600 0.900800
vt 0.253100 0.875500
vt 0.282500 0.893900
vt 0.847900 0.336000
vt 0.852200 0.339800
vt 0.855300 0.344300
vt 0.856200 0.353100
vt 0.842200 0.355500
vt 0.848500 0.347800
vt 0.839600 0.347000
vt 0.832600 0.350900
vt 0.833200 0.340800
vt 0.834300 0.333700
vt 0.840300 0.331700
vt 0.846400 0.331700
vt 0.910100 0.461900
vt 0.904900 0.463900
vt 0.897700 0.460300
vt 0.908000 0.458100
vt 0.915700 0.461900
vt 0.914500 0.464700
vt 0.896300 0.469900
vt 0.901800 0.470400
vt 0.899600 0.477500
vt 0.894200 0.477300
vt 0.919600 0.468900
vt 0.916600 0.470200
vt 0.921500 0.477200
vt 0.917900 0.476900
vt 0.902700 0.477100
vt 0.903700 0.470900
vt 0.906700 0.465800
vt 0.912700 0.466100
vt 0.909800 0.464400
vt 0.913700 0.471000
vt 0.914300 0.477400
vt 0.908400 0.449000
vt 0.918700 0.459000
vt 0.924300 0.467600
vt 0.927400 0.476500
vt 0.835500 0.425300
vt 0.850500 0.434800
vt 0.840100 0.466700
vt 0.826400 0.461900
vt 0.832000 0.474600
vt 0.818900 0.468900
vt 0.823400 0.448000
vt 0.816600 0.448300
vt 0.826400 0.438800
vt 0.819700 0.433600
vt 0.828600 0.419500
vt 0.852400 0.449000
vt 0.849300 0.458600
vt 0.873400 0.476600
vt 0.876100 0.476200
vt 0.876500 0.479400
vt 0.873500 0.479300
vt 0.875000 0.471800
vt 0.878100 0.473300
vt 0.878200 0.468800
vt 0.881200 0.472700
vt 0.879200 0.478300
vt 0.883000 0.477800
vt 0.869900 0.474000
vt 0.868600 0.478600
vt 0.862600 0.477900
vt 0.865600 0.472400
vt 0.871900 0.470600
vt 0.952500 0.466200
vt 0.951500 0.457600
vt 0.950500 0.444700
vt 0.960700 0.455800
vt 0.953900 0.473400
vt 0.966400 0.470800
vt 0.940900 0.453700
vt 0.940200 0.440000
vt 0.939100 0.465700
vt 0.940000 0.475600
vt 0.894800 0.448700
vt 0.886400 0.463300
vt 0.882200 0.455100
vt 0.877100 0.372700
vt 0.853500 0.360500
vt 0.876000 0.350700
vt 0.894200 0.357300
vt 0.886900 0.432300
vt 0.908200 0.419200
vt 0.870200 0.443100
vt 0.899800 0.398900
vt 0.917100 0.373700
vt 0.908200 0.419200
vt 0.934400 0.408600
vt 0.940200 0.440000
vt 0.880100 0.411700
vt 0.867300 0.423300
vt 0.866900 0.388900
vt 0.851700 0.405200
vt 0.870500 0.467600
vt 0.887800 0.470600
vt 0.888900 0.477200
vt 0.884900 0.325500
vt 0.921900 0.330900
vt 0.845600 0.376900
vt 0.834900 0.399800
vt 0.853100 0.467900
vt 0.848300 0.475400
vt 0.858500 0.461600
vt 0.825300 0.369200
vt 0.839400 0.361800
vt 0.811400 0.387800
vt 0.798300 0.468000
vt 0.797400 0.446800
vt 0.800400 0.428500
vt 0.803800 0.406800
vt 0.356800 0.915500
vt 0.374000 0.912000
vt 0.375500 0.934800
vt 0.365200 0.935400
vt 0.341900 0.921200
vt 0.353700 0.937900
vt 0.323000 0.925700
vt 0.334000 0.936100
vt 0.961000 0.396200
vt 0.975500 0.423000
vt 0.989500 0.457900
vt 0.370200 0.947800
vt 0.377300 0.949500
vt 0.361100 0.946500
vt 0.935600 0.353000
vt 0.349000 0.950200
vt 0.910100 0.303000
vt 0.895400 0.247800
vt 0.942300 0.237000
vt 0.959600 0.280100
vt 0.334800 0.958100
vt 0.325700 0.942100
vt 0.744800 0.417800
vt 0.766000 0.434100
vt 0.766700 0.459400
vt 0.730800 0.445000
vt 0.716300 0.387600
vt 0.690100 0.406300
vt 0.699100 0.329200
vt 0.668500 0.332400
vt 0.752900 0.393100
vt 0.772600 0.411600
vt 0.734100 0.364400
vt 0.721000 0.329200
vt 0.714700 0.293400
vt 0.732500 0.312600
vt 0.689500 0.275500
vt 0.820500 0.336700
vt 0.828600 0.321900
vt 0.829700 0.354000
vt 0.839700 0.318200
vt 0.852100 0.317700
vt 0.864500 0.320500
vt 0.853700 0.332000
vt 0.846400 0.331700
vt 0.868200 0.337900
vt 0.871400 0.346300
vt 0.797100 0.333700
vt 0.808800 0.357100
vt 0.762800 0.367900
vt 0.777300 0.392400
vt 0.780900 0.347200
vt 0.794400 0.371800
vt 0.800000 0.297200
vt 0.747400 0.341100
vt 0.714500 0.249700
vt 0.734300 0.271300
vt 0.769700 0.321800
vt 0.848800 0.272700
vt 0.871500 0.275400
vt 0.916700 0.318700
vt 0.822700 0.280400
vt 0.837400 0.247400
vt 0.869700 0.243700
vt 0.783300 0.271100
vt 0.806500 0.256800
vt 0.753300 0.293500
vt 0.820700 0.223400
vt 0.866600 0.217500
vt 0.888300 0.223500
vt 0.763300 0.247900
vt 0.790800 0.233500
vt 0.734300 0.271300
vt 0.811900 0.202900
vt 0.861000 0.193100
vt 0.879300 0.194400
vt 0.748000 0.226100
vt 0.777800 0.212700
vt 0.313900 0.947400
vt 0.933000 0.211000
vt 0.923900 0.183500
vt 0.290000 0.943300
vt 0.284000 0.953000
vt 0.264200 0.942500
vt 0.262900 0.930000
vt 0.296600 0.933100
vt 0.267200 0.914300
vt 0.307700 0.915500
vt 0.296600 0.933100
vt 0.324300 0.899500
vt 0.307700 0.915500
vt 0.282500 0.893900
vt 0.303000 0.873400
vt 0.345400 0.889000
vt 0.331500 0.851800
vt 0.273800 0.852400
vt 0.293200 0.828600
vt 0.241100 0.836900
vt 0.253900 0.813500
vt 0.311000 0.581400
vt 0.348500 0.582000
vt 0.349200 0.616900
vt 0.313900 0.616200
vt 0.202600 0.544300
vt 0.234100 0.547500
vt 0.243500 0.579700
vt 0.211500 0.576200
vt 0.243400 0.612800
vt 0.213400 0.606800
vt 0.232900 0.644700
vt 0.206100 0.636300
vt 0.172800 0.539600
vt 0.182100 0.573400
vt 0.184300 0.600600
vt 0.179200 0.626600
vt 0.217700 0.778200
vt 0.267500 0.787600
vt 0.253900 0.813500
vt 0.208700 0.804900
vt 0.316800 0.770800
vt 0.308300 0.799800
vt 0.267500 0.787600
vt 0.283000 0.760800
vt 0.246500 0.685000
vt 0.261400 0.653900
vt 0.287000 0.667700
vt 0.275300 0.695700
vt 0.334000 0.401200
vt 0.353600 0.378300
vt 0.366200 0.385800
vt 0.351500 0.429300
vt 0.298900 0.419900
vt 0.306300 0.451300
vt 0.347800 0.471500
vt 0.305100 0.483100
vt 0.303400 0.707300
vt 0.317700 0.679800
vt 0.231100 0.924500
vt 0.238100 0.941000
vt 0.246500 0.685000
vt 0.230800 0.714600
vt 0.194300 0.703900
vt 0.215900 0.676600
vt 0.215900 0.676600
vt 0.190200 0.666100
vt 0.190200 0.666100
vt 0.176900 0.688500
vt 0.156700 0.670200
vt 0.165300 0.653000
vt 0.268000 0.547700
vt 0.307400 0.546600
vt 0.311000 0.581400
vt 0.274800 0.581700
vt 0.277500 0.621000
vt 0.318400 0.646900
vt 0.349600 0.648300
vt 0.261400 0.653900
vt 0.349500 0.677200
vt 0.317700 0.679800
vt 0.262800 0.723800
vt 0.293600 0.734300
vt 0.190100 0.731800
vt 0.217500 0.739400
vt 0.226300 0.860300
vt 0.247200 0.750500
vt 0.158500 0.806600
vt 0.105800 0.810700
vt 0.106300 0.798900
vt 0.161400 0.789500
vt 0.156300 0.713000
vt 0.142400 0.695600
vt 0.053700 0.814600
vt 0.054200 0.806900
vt 0.212100 0.945600
vt 0.205900 0.928300
vt 0.217700 0.778200
vt 0.161400 0.789500
vt 0.155600 0.775700
vt 0.194700 0.760900
vt 0.156400 0.822800
vt 0.158500 0.806600
vt 0.208700 0.804900
vt 0.201900 0.826900
vt 0.154600 0.841600
vt 0.194700 0.848900
vt 0.180400 0.749600
vt 0.056500 0.799300
vt 0.105700 0.787500
vt 0.166600 0.741500
vt 0.166500 0.730000
vt 0.199800 0.909800
vt 0.193000 0.897400
vt 0.209000 0.883000
vt 0.149900 0.764800
vt 0.145500 0.757000
vt 0.283000 0.760800
vt 0.313700 0.367800
vt 0.284100 0.381200
vt 0.285400 0.323500
vt 0.264300 0.338500
vt 0.268400 0.298500
vt 0.248800 0.307300
vt 0.251400 0.271800
vt 0.235700 0.277500
vt 0.237500 0.235500
vt 0.225200 0.241500
vt 0.220700 0.190400
vt 0.212000 0.196300
vt 0.199400 0.139900
vt 0.183100 0.141000
vt 0.252200 0.393700
vt 0.261700 0.433900
vt 0.238400 0.350400
vt 0.226000 0.315400
vt 0.216500 0.282400
vt 0.208900 0.246000
vt 0.197500 0.200800
vt 0.174100 0.142600
vt 0.221000 0.401200
vt 0.227000 0.440500
vt 0.211000 0.356200
vt 0.201700 0.320400
vt 0.195500 0.286300
vt 0.190900 0.249200
vt 0.182800 0.204300
vt 0.161900 0.148900
vt 0.191300 0.406000
vt 0.191600 0.443100
vt 0.185400 0.360900
vt 0.179000 0.322200
vt 0.175200 0.289100
vt 0.171900 0.252000
vt 0.163300 0.207700
vt 0.153100 0.152400
vt 0.334800 0.358900
vt 0.299500 0.315700
vt 0.282500 0.290800
vt 0.263100 0.265900
vt 0.246900 0.228300
vt 0.227800 0.182800
vt 0.208900 0.141500
vt 0.154900 0.443100
vt 0.162900 0.408700
vt 0.162500 0.362600
vt 0.159500 0.323900
vt 0.157200 0.289900
vt 0.155000 0.253300
vt 0.147600 0.206100
vt 0.144000 0.157600
vt 0.473500 0.121600
vt 0.480300 0.113400
vt 0.486500 0.122400
vt 0.477300 0.132100
vt 0.486300 0.107500
vt 0.493500 0.118500
vt 0.495200 0.101400
vt 0.501400 0.114900
vt 0.507500 0.098600
vt 0.511600 0.115100
vt 0.535400 0.062900
vt 0.531400 0.060400
vt 0.534000 0.057000
vt 0.537700 0.058500
vt 0.539100 0.055200
vt 0.537100 0.054100
vt 0.533200 0.066300
vt 0.529000 0.063500
vt 0.530600 0.070900
vt 0.526300 0.068600
vt 0.528600 0.075200
vt 0.522400 0.073500
vt 0.525300 0.083700
vt 0.518400 0.079200
vt 0.514700 0.065700
vt 0.512000 0.066400
vt 0.518300 0.063700
vt 0.523300 0.059200
vt 0.525400 0.057200
vt 0.529300 0.054600
vt 0.532900 0.053300
vt 0.532900 0.090500
vt 0.532200 0.084300
vt 0.533600 0.076000
vt 0.537000 0.070100
vt 0.539700 0.066100
vt 0.541500 0.062400
vt 0.541700 0.057900
vt 0.431100 0.170200
vt 0.435500 0.177900
vt 0.431500 0.183800
vt 0.427700 0.177400
vt 0.428300 0.187800
vt 0.424800 0.182700
vt 0.425700 0.191500
vt 0.422000 0.187900
vt 0.422300 0.195300
vt 0.420000 0.190900
vt 0.426700 0.169200
vt 0.422400 0.177200
vt 0.420300 0.180300
vt 0.417700 0.185900
vt 0.417700 0.190300
vt 0.413900 0.189400
vt 0.415600 0.185400
vt 0.418100 0.180900
vt 0.419700 0.178100
vt 0.422900 0.171800
vt 0.501300 0.020300
vt 0.498000 0.018900
vt 0.499600 0.015500
vt 0.502000 0.016400
vt 0.498600 0.027800
vt 0.495000 0.026300
vt 0.496800 0.033800
vt 0.493100 0.032300
vt 0.494700 0.038900
vt 0.490300 0.037100
vt 0.493800 0.044500
vt 0.487500 0.042400
vt 0.492400 0.050100
vt 0.485200 0.048100
vt 0.503200 0.014100
vt 0.505400 0.020400
vt 0.504800 0.027900
vt 0.502800 0.034200
vt 0.499800 0.041600
vt 0.499200 0.046100
vt 0.499100 0.050300
vt 0.368800 0.160200
vt 0.371800 0.160000
vt 0.372000 0.163500
vt 0.366300 0.161300
vt 0.377200 0.159300
vt 0.379400 0.162600
vt 0.383200 0.157400
vt 0.386200 0.162100
vt 0.391900 0.155000
vt 0.394100 0.161600
vt 0.397600 0.153800
vt 0.398400 0.160300
vt 0.403400 0.153200
vt 0.402400 0.159100
vt 0.367700 0.158100
vt 0.370900 0.156800
vt 0.377000 0.153500
vt 0.383900 0.151000
vt 0.391500 0.150000
vt 0.395700 0.149100
vt 0.404100 0.146400
vt 0.478600 0.041800
vt 0.481500 0.039600
vt 0.483600 0.035100
vt 0.486600 0.028900
vt 0.489500 0.023400
vt 0.494300 0.016400
vt 0.500000 0.013200
vt 0.369700 0.154500
vt 0.365700 0.158100
vt 0.378200 0.152100
vt 0.384100 0.149900
vt 0.390700 0.147500
vt 0.395400 0.145500
vt 0.399000 0.144200
vt 0.460700 0.042000
vt 0.467300 0.050200
vt 0.461100 0.053700
vt 0.457000 0.044300
vt 0.454200 0.036800
vt 0.457000 0.035600
vt 0.452700 0.026700
vt 0.449600 0.027400
vt 0.446900 0.021800
vt 0.450000 0.020400
vt 0.447500 0.015500
vt 0.444900 0.017200
vt 0.446200 0.012100
vt 0.443600 0.013200
vt 0.449400 0.012500
vt 0.445700 0.011100
vt 0.453600 0.018000
vt 0.457400 0.023300
vt 0.462000 0.032500
vt 0.466400 0.037200
vt 0.471300 0.040400
vt 0.443000 0.012000
vt 0.441100 0.017200
vt 0.441000 0.022000
vt 0.442600 0.028100
vt 0.446600 0.038200
vt 0.448500 0.047700
vt 0.448300 0.052300
vt 0.365800 0.125400
vt 0.363600 0.128300
vt 0.361400 0.125300
vt 0.363700 0.124700
vt 0.369400 0.126900
vt 0.370100 0.131300
vt 0.377000 0.129600
vt 0.376700 0.132800
vt 0.386000 0.131300
vt 0.386300 0.136300
vt 0.394700 0.133500
vt 0.392900 0.137500
vt 0.399900 0.135100
vt 0.398800 0.139000
vt 0.367000 0.122900
vt 0.364000 0.123100
vt 0.370600 0.122600
vt 0.377100 0.123400
vt 0.387100 0.126200
vt 0.395300 0.127900
vt 0.403500 0.129000
vt 0.361900 0.122400
vt 0.366200 0.119200
vt 0.371200 0.120000
vt 0.377500 0.121100
vt 0.388400 0.121800
vt 0.398100 0.123400
vt 0.402900 0.123900
vt 0.416300 0.045600
vt 0.414000 0.047500
vt 0.412200 0.045300
vt 0.413600 0.043600
vt 0.421000 0.048500
vt 0.418100 0.051000
vt 0.424400 0.051700
vt 0.422300 0.055200
vt 0.433000 0.057700
vt 0.430500 0.061900
vt 0.437100 0.060600
vt 0.433800 0.065600
vt 0.444500 0.065700
vt 0.440800 0.073100
vt 0.410600 0.081100
vt 0.410200 0.084400
vt 0.405600 0.082900
vt 0.406300 0.079800
vt 0.416300 0.082600
vt 0.414800 0.086300
vt 0.422000 0.084300
vt 0.419700 0.088200
vt 0.428000 0.085500
vt 0.425200 0.090000
vt 0.432300 0.086100
vt 0.430700 0.091900
vt 0.439300 0.087100
vt 0.437500 0.095300
vt 0.412200 0.041500
vt 0.419400 0.041900
vt 0.424600 0.044900
vt 0.429100 0.048200
vt 0.435900 0.052700
vt 0.438900 0.054600
vt 0.444300 0.055500
vt 0.412100 0.051200
vt 0.409600 0.044000
vt 0.415300 0.054900
vt 0.418800 0.057900
vt 0.427700 0.065700
vt 0.431300 0.069300
vt 0.432900 0.075200
vt 0.383600 0.096700
vt 0.379600 0.094800
vt 0.376200 0.092300
vt 0.383900 0.093000
vt 0.387700 0.097800
vt 0.388300 0.095600
vt 0.393600 0.101000
vt 0.392700 0.097800
vt 0.402200 0.106400
vt 0.404100 0.102800
vt 0.407000 0.109600
vt 0.408800 0.105100
vt 0.412200 0.112100
vt 0.414500 0.108700
vt 0.382500 0.098400
vt 0.378600 0.096500
vt 0.386400 0.100800
vt 0.391600 0.104400
vt 0.399300 0.110000
vt 0.403700 0.113700
vt 0.408600 0.116900
vt 0.378700 0.102000
vt 0.374200 0.096000
vt 0.383700 0.105800
vt 0.388400 0.109500
vt 0.395200 0.114600
vt 0.397900 0.117100
vt 0.402800 0.120300
vt 0.409800 0.086800
vt 0.408300 0.078400
vt 0.413000 0.088600
vt 0.418600 0.091600
vt 0.422800 0.093500
vt 0.427600 0.096500
vt 0.432100 0.100400
vt 0.408000 0.078700
vt 0.410700 0.077500
vt 0.417200 0.078000
vt 0.422500 0.078500
vt 0.428600 0.078800
vt 0.431500 0.078600
vt 0.432300 0.078100
vt 0.408300 0.090000
vt 0.405300 0.087200
vt 0.411500 0.092500
vt 0.415600 0.095700
vt 0.419900 0.098700
vt 0.422900 0.102200
vt 0.425700 0.105000
vt 0.406100 0.091600
vt 0.404800 0.088200
vt 0.409400 0.095000
vt 0.413200 0.098300
vt 0.417100 0.102500
vt 0.420100 0.105600
vt 0.421300 0.108000
vt 0.403500 0.091400
vt 0.401600 0.088900
vt 0.407800 0.096300
vt 0.411600 0.100100
vt 0.415300 0.105000
vt 0.416300 0.107700
vt 0.416700 0.108500
vt 0.519900 0.091700
vt 0.525000 0.101100
vt 0.516800 0.119500
vt 0.511600 0.115100
vt 0.513500 0.088600
vt 0.509100 0.078400
vt 0.305200 0.513800
vt 0.347100 0.508200
vt 0.347300 0.544900
vt 0.307400 0.546600
vt 0.228300 0.519000
vt 0.263200 0.517400
vt 0.227400 0.469000
vt 0.189200 0.469600
vt 0.147500 0.466200
vt 0.196100 0.517900
vt 0.226500 0.493300
vt 0.192000 0.493200
vt 0.160700 0.490400
vt 0.166500 0.515500
vt 0.138200 0.406400
vt 0.126800 0.439600
vt 0.340100 0.348300
vt 0.363500 0.373400
vt 0.142000 0.359500
vt 0.309400 0.311700
vt 0.140600 0.325500
vt 0.290200 0.285300
vt 0.138100 0.294300
vt 0.275200 0.259000
vt 0.132700 0.255100
vt 0.257900 0.225400
vt 0.134400 0.204900
vt 0.233900 0.181800
vt 0.130300 0.160300
vt 0.212600 0.142300
vt 0.377100 0.383600
vt 0.116000 0.452600
vt 0.068800 0.096700
vt 0.086200 0.096000
vt 0.089500 0.120800
vt 0.071300 0.128800
vt 0.046300 0.057100
vt 0.079000 0.049800
vt 0.104000 0.096300
vt 0.099400 0.129900
vt 0.103000 0.049700
vt 0.032700 0.163300
vt 0.032900 0.157100
vt 0.060400 0.155200
vt 0.060700 0.166900
vt 0.131900 0.134400
vt 0.147100 0.137300
vt 0.122600 0.153800
vt 0.114200 0.145700
vt 0.149200 0.129500
vt 0.153900 0.130400
vt 0.153300 0.137200
vt 0.147100 0.137300
vt 0.141900 0.128700
vt 0.036600 0.143200
vt 0.064700 0.140700
vt 0.060500 0.155200
vt 0.161600 0.128400
vt 0.166100 0.130900
vt 0.041900 0.130400
vt 0.071000 0.129900
vt 0.065200 0.139600
vt 0.164700 0.119300
vt 0.173000 0.119800
vt 0.042300 0.104200
vt 0.071400 0.129500
vt 0.167800 0.098600
vt 0.174500 0.096100
vt 0.033900 0.076700
vt 0.173700 0.069000
vt 0.177200 0.070200
vt 0.118900 0.121800
vt 0.103500 0.134500
vt 0.137400 0.118700
vt 0.124800 0.089900
vt 0.120600 0.050700
vt 0.179300 0.036800
vt 0.147400 0.014700
vt 0.151600 0.012800
vt 0.183200 0.036300
vt 0.122600 0.021700
vt 0.121600 0.016200
vt 0.185200 0.055800
vt 0.189600 0.054100
vt 0.191300 0.057600
vt 0.187100 0.060200
vt 0.145700 0.117500
vt 0.139400 0.093000
vt 0.136800 0.057600
vt 0.158700 0.065400
vt 0.154600 0.095900
vt 0.075400 0.022400
vt 0.039500 0.044900
vt 0.074200 0.012200
vt 0.033100 0.038100
vt 0.107600 0.026600
vt 0.029700 0.063900
vt 0.025800 0.061000
vt 0.030000 0.064900
vt 0.182000 0.058200
vt 0.184800 0.062700
vt 0.121600 0.026700
vt 0.143500 0.020600
vt 0.173400 0.040300
vt 0.445600 0.083000
vt 0.432300 0.077800
vt 0.454900 0.065200
vt 0.447300 0.054500
vt 0.475700 0.054800
vt 0.474900 0.041000
vt 0.401200 0.141500
vt 0.407100 0.140700
vt 0.404800 0.122900
vt 0.410800 0.123500
vt 0.416500 0.108900
vt 0.422500 0.113500
vt 0.499700 0.055700
vt 0.491600 0.053400
vt 0.506200 0.065600
vt 0.496200 0.072000
vt 0.443100 0.095600
vt 0.481400 0.076800
vt 0.471700 0.084700
vt 0.463200 0.094600
vt 0.456000 0.103700
vt 0.496200 0.072000
vt 0.435800 0.103100
vt 0.470200 0.130100
vt 0.450800 0.113500
vt 0.407000 0.154300
vt 0.407800 0.158400
vt 0.424600 0.162500
vt 0.424500 0.167800
vt 0.424800 0.164900
vt 0.419600 0.160800
vt 0.434500 0.158300
vt 0.449400 0.154600
vt 0.442200 0.164200
vt 0.439300 0.169900
vt 0.530800 0.112600
vt 0.523700 0.126800
vt 0.533600 0.102300
vt 0.538600 0.119800
vt 0.539700 0.135400
vt 0.492300 0.061300
vt 0.502800 0.060900
vt 0.477400 0.062600
vt 0.462400 0.072600
vt 0.455000 0.088100
vt 0.448800 0.099300
vt 0.442000 0.107300
vt 0.412200 0.154600
vt 0.413800 0.158800
vt 0.412400 0.142800
vt 0.418500 0.127700
vt 0.422700 0.145200
vt 0.428300 0.133700
vt 0.430500 0.118200
vt 0.439800 0.124600
vt 0.429700 0.106900
vt 0.438600 0.113200
vt 0.449000 0.119700
vt 0.455900 0.125100
vt 0.435900 0.147200
vt 0.453800 0.146100
vt 0.536300 0.111300
vt 0.454900 0.132800
vt 0.438600 0.137400
vt 0.554000 0.122700
vt 0.547100 0.118400
vt 0.838600 0.456500
vt 0.839500 0.451500
vt 0.838200 0.452300
vt 0.837900 0.447900
vt 0.839400 0.444900
vt 0.838400 0.442100
vt 0.838200 0.444900
vt 0.839500 0.447900
vt 0.176100 0.886900
vt 0.184200 0.871400
vt 0.141700 0.880600
vt 0.149300 0.863200
vt 0.107700 0.838100
vt 0.106200 0.823000
vt 0.162000 0.721300
vt 0.105200 0.776200
vt 0.100400 0.765300
vt 0.108600 0.871800
vt 0.108300 0.856100
vt 0.074500 0.867900
vt 0.062600 0.848000
vt 0.054000 0.822700
vt 0.055900 0.833700
vt 0.062300 0.791100
vt 0.473500 0.132900
vt 0.015800 0.817300
vt 0.016000 0.812800
vt 0.014600 0.822000
vt 0.069700 0.781400
vt 0.012900 0.829200
vt 0.012600 0.835200
vt 0.014900 0.853900
vt 0.015200 0.808900
vt 0.014600 0.807100
vt 0.261800 0.489800
vt 0.264000 0.463800
vt 0.014700 0.807100
vt 0.012900 0.802700
vt 0.543500 0.133300
vt 0.154800 0.118600
vt 0.910000 0.467300
vt 0.909300 0.465700
vt 0.908200 0.473100
vt 0.908200 0.476800
vt 0.913700 0.471000
vt 0.910900 0.471000
vt 0.911300 0.477800
vt 0.908700 0.467500
vt 0.878000 0.483100
vt 0.882900 0.483000
vt 0.811400 0.387800
vt 0.803800 0.406800
vt 0.349300 0.813700
vt 0.367000 0.832600
vt 0.363100 0.855300
vt 0.331500 0.851800
vt 0.322300 0.744100
vt 0.839400 0.361800
vt 0.854000 0.334800
vt 0.859200 0.339100
vt 0.861200 0.343200
vt 0.349500 0.778300
vt 0.350000 0.749600
vt 0.368400 0.884500
vt 0.304900 0.953900
vt 0.295900 0.964300
vt 0.294000 0.644300
vt 0.381500 0.779200
vt 0.381500 0.808700
vt 0.856300 0.157100
vt 0.869100 0.156300
vt 0.918000 0.151000
vt 0.144000 0.489300
vt 0.154100 0.519500
vt 0.131300 0.470000
vt 0.114200 0.456600
vt 0.914000 0.482700
vt 0.911400 0.482600
vt 0.908500 0.482400
vt 0.904200 0.482200
vt 0.918400 0.482800
vt 0.868500 0.483100
vt 0.861000 0.483100
vt 0.848500 0.483100
vt 0.721000 0.483000
vt 0.661400 0.424300
vt 0.381500 0.619000
vt 0.381500 0.650300
vt 0.381500 0.583900
vt 0.381500 0.544400
vt 0.381500 0.394800
vt 0.381500 0.433500
vt 0.163500 0.575900
vt 0.162900 0.596300
vt 0.381500 0.505400
vt 0.381000 0.383700
vt 0.830500 0.483100
vt 0.350900 0.724000
vt 0.326800 0.719400
vt 0.331600 0.700300
vt 0.351900 0.701100
vt 0.846800 0.043900
vt 0.836800 0.041600
vt 0.842300 0.042100
vt 0.851500 0.048100
vt 0.856300 0.089300
vt 0.857300 0.087500
vt 0.849600 0.112800
vt 0.842400 0.121200
vt 0.845200 0.070200
vt 0.858000 0.067900
vt 0.846700 0.103700
vt 0.854400 0.087000
vt 0.848600 0.069000
vt 0.846600 0.053100
vt 0.840100 0.046000
vt 0.838100 0.100400
vt 0.848200 0.086400
vt 0.843200 0.070000
vt 0.840500 0.052700
vt 0.834800 0.049100
vt 0.826600 0.098400
vt 0.826600 0.080000
vt 0.831500 0.508700
vt 0.835700 0.512400
vt 0.834200 0.518600
vt 0.829000 0.517400
vt 0.839200 0.504700
vt 0.838900 0.508300
vt 0.844700 0.511200
vt 0.843500 0.512600
vt 0.845500 0.526300
vt 0.836800 0.534700
vt 0.838100 0.528300
vt 0.842900 0.523500
vt 0.830900 0.525000
vt 0.834700 0.523000
vt 0.846300 0.518000
vt 0.844300 0.517800
vt 0.837200 0.628800
vt 0.837600 0.625000
vt 0.845100 0.624600
vt 0.842000 0.630200
vt 0.495900 0.914300
vt 0.480600 0.893900
vt 0.510000 0.875500
vt 0.533500 0.900800
vt 0.847900 0.630100
vt 0.852100 0.626300
vt 0.855300 0.621900
vt 0.848500 0.618300
vt 0.842200 0.610600
vt 0.856200 0.613000
vt 0.839500 0.619100
vt 0.832500 0.615200
vt 0.833100 0.625300
vt 0.834200 0.632400
vt 0.840300 0.634400
vt 0.846300 0.634400
vt 0.910000 0.503500
vt 0.907700 0.507500
vt 0.897700 0.505600
vt 0.904600 0.502100
vt 0.914200 0.500800
vt 0.915500 0.503800
vt 0.895700 0.496900
vt 0.894000 0.488800
vt 0.899400 0.488300
vt 0.901100 0.494400
vt 0.919200 0.496700
vt 0.915900 0.495000
vt 0.921600 0.488500
vt 0.918200 0.488100
vt 0.902700 0.488000
vt 0.904100 0.494700
vt 0.907100 0.499500
vt 0.909900 0.501100
vt 0.912600 0.499300
vt 0.913300 0.494300
vt 0.914500 0.487700
vt 0.908400 0.517100
vt 0.918600 0.507000
vt 0.924300 0.498500
vt 0.927400 0.489500
vt 0.835400 0.540800
vt 0.850500 0.531300
vt 0.840100 0.499400
vt 0.826400 0.504200
vt 0.832000 0.491500
vt 0.818900 0.497200
vt 0.823300 0.518100
vt 0.816600 0.517800
vt 0.826200 0.527400
vt 0.819700 0.532500
vt 0.828600 0.546600
vt 0.852400 0.517100
vt 0.849300 0.507500
vt 0.873400 0.489500
vt 0.873500 0.486800
vt 0.876500 0.486700
vt 0.876100 0.489900
vt 0.875000 0.494300
vt 0.878100 0.492800
vt 0.878200 0.497300
vt 0.881300 0.493400
vt 0.879200 0.487800
vt 0.883000 0.488100
vt 0.869900 0.492100
vt 0.865600 0.493700
vt 0.862600 0.488200
vt 0.868600 0.487500
vt 0.871800 0.495500
vt 0.952500 0.499900
vt 0.960700 0.510300
vt 0.950500 0.521400
vt 0.951500 0.508500
vt 0.953900 0.492700
vt 0.966400 0.495300
vt 0.940200 0.526100
vt 0.940900 0.512400
vt 0.939100 0.500400
vt 0.940000 0.490500
vt 0.894800 0.517500
vt 0.882200 0.511000
vt 0.886400 0.502800
vt 0.877100 0.593400
vt 0.894200 0.608800
vt 0.876000 0.615400
vt 0.853400 0.605600
vt 0.886900 0.533800
vt 0.908200 0.546900
vt 0.870200 0.523000
vt 0.899700 0.567300
vt 0.917100 0.592400
vt 0.908200 0.546900
vt 0.934400 0.557500
vt 0.940200 0.526100
vt 0.880100 0.554400
vt 0.867300 0.542800
vt 0.866900 0.577200
vt 0.851700 0.560900
vt 0.870500 0.498500
vt 0.887800 0.495300
vt 0.889000 0.488500
vt 0.921900 0.635200
vt 0.884900 0.640600
vt 0.845600 0.589200
vt 0.834900 0.566300
vt 0.853100 0.498300
vt 0.848300 0.490700
vt 0.858500 0.504500
vt 0.839400 0.604300
vt 0.825300 0.596900
vt 0.811400 0.578300
vt 0.798300 0.498100
vt 0.797400 0.519300
vt 0.800400 0.537600
vt 0.803800 0.559300
vt 0.406300 0.915500
vt 0.397900 0.935400
vt 0.387600 0.934800
vt 0.389100 0.912000
vt 0.421200 0.921200
vt 0.409400 0.937900
vt 0.439000 0.929800
vt 0.424600 0.937200
vt 0.961000 0.569900
vt 0.975500 0.543100
vt 0.989500 0.508200
vt 0.393000 0.947800
vt 0.385800 0.949500
vt 0.402000 0.946500
vt 0.935500 0.613100
vt 0.414100 0.950200
vt 0.909600 0.661600
vt 0.957900 0.687900
vt 0.942400 0.720900
vt 0.895400 0.718300
vt 0.426500 0.956900
vt 0.435600 0.942300
vt 0.744800 0.548300
vt 0.730800 0.521100
vt 0.766700 0.506700
vt 0.766000 0.532000
vt 0.716300 0.578500
vt 0.690100 0.559800
vt 0.699100 0.636900
vt 0.668400 0.633700
vt 0.752900 0.573000
vt 0.772600 0.554500
vt 0.734100 0.601700
vt 0.721000 0.636900
vt 0.714700 0.672700
vt 0.732500 0.653500
vt 0.689400 0.690600
vt 0.820500 0.629400
vt 0.828500 0.644200
vt 0.829700 0.612100
vt 0.839600 0.647900
vt 0.852000 0.648400
vt 0.846300 0.634400
vt 0.853700 0.634100
vt 0.864500 0.645600
vt 0.868200 0.628200
vt 0.871400 0.619800
vt 0.797000 0.632400
vt 0.808800 0.609000
vt 0.777300 0.573700
vt 0.762800 0.598200
vt 0.780900 0.618900
vt 0.794300 0.594300
vt 0.800000 0.668900
vt 0.747300 0.625000
vt 0.734200 0.694800
vt 0.714400 0.716400
vt 0.769700 0.644300
vt 0.848800 0.693400
vt 0.871500 0.690700
vt 0.915400 0.649000
vt 0.822600 0.685700
vt 0.837400 0.718700
vt 0.869700 0.722400
vt 0.783300 0.695000
vt 0.806400 0.709300
vt 0.753300 0.672600
vt 0.820700 0.742700
vt 0.866600 0.748600
vt 0.888200 0.742600
vt 0.763300 0.718200
vt 0.790700 0.732600
vt 0.734200 0.694800
vt 0.811900 0.763200
vt 0.861000 0.773000
vt 0.879200 0.771700
vt 0.748000 0.740000
vt 0.777700 0.753400
vt 0.448500 0.948400
vt 0.933900 0.746900
vt 0.924400 0.777500
vt 0.473100 0.943300
vt 0.500200 0.930000
vt 0.498900 0.942500
vt 0.479100 0.953000
vt 0.466500 0.933100
vt 0.495900 0.914300
vt 0.455400 0.915500
vt 0.466500 0.933100
vt 0.438800 0.899500
vt 0.460100 0.873400
vt 0.480600 0.893900
vt 0.455400 0.915500
vt 0.417700 0.889000
vt 0.431600 0.851800
vt 0.489300 0.852400
vt 0.469900 0.828600
vt 0.509200 0.813500
vt 0.522000 0.836900
vt 0.452100 0.581400
vt 0.449200 0.616200
vt 0.413900 0.616900
vt 0.414600 0.582000
vt 0.560500 0.544300
vt 0.551200 0.576200
vt 0.519600 0.579700
vt 0.529000 0.547500
vt 0.548500 0.606900
vt 0.519700 0.612800
vt 0.555500 0.636500
vt 0.530200 0.644700
vt 0.590300 0.539700
vt 0.579400 0.573600
vt 0.575600 0.600900
vt 0.580000 0.627000
vt 0.545400 0.778200
vt 0.554400 0.804900
vt 0.509200 0.813500
vt 0.495600 0.787600
vt 0.446300 0.770800
vt 0.480100 0.760800
vt 0.495600 0.787600
vt 0.454800 0.799800
vt 0.516600 0.685000
vt 0.487800 0.695700
vt 0.476100 0.667700
vt 0.501700 0.653900
vt 0.429100 0.401200
vt 0.411600 0.429300
vt 0.395500 0.385600
vt 0.408000 0.378100
vt 0.464200 0.419900
vt 0.456800 0.451300
vt 0.458000 0.483100
vt 0.415300 0.471500
vt 0.459700 0.707300
vt 0.445400 0.679800
vt 0.532000 0.924500
vt 0.525000 0.941000
vt 0.516600 0.685000
vt 0.547200 0.676600
vt 0.568600 0.703900
vt 0.532300 0.714600
vt 0.571800 0.666300
vt 0.547200 0.676600
vt 0.571800 0.666300
vt 0.594400 0.653500
vt 0.604000 0.670700
vt 0.585500 0.688600
vt 0.495100 0.547700
vt 0.488300 0.581700
vt 0.452100 0.581400
vt 0.455700 0.546600
vt 0.485600 0.621000
vt 0.444700 0.646900
vt 0.413500 0.648300
vt 0.501700 0.653900
vt 0.445400 0.679800
vt 0.413600 0.677200
vt 0.500300 0.723800
vt 0.469500 0.734300
vt 0.571800 0.731300
vt 0.545600 0.739400
vt 0.536800 0.860300
vt 0.515900 0.750500
vt 0.604600 0.806600
vt 0.601700 0.789500
vt 0.656800 0.798900
vt 0.657300 0.810700
vt 0.619400 0.696000
vt 0.604700 0.712600
vt 0.708900 0.806900
vt 0.709400 0.814600
vt 0.557200 0.928300
vt 0.551100 0.945600
vt 0.545400 0.778200
vt 0.568400 0.760800
vt 0.607500 0.775700
vt 0.601700 0.789500
vt 0.606700 0.822800
vt 0.561200 0.826900
vt 0.554400 0.804900
vt 0.604600 0.806600
vt 0.608500 0.841600
vt 0.568400 0.848900
vt 0.581500 0.749100
vt 0.657400 0.787500
vt 0.706600 0.799300
vt 0.594400 0.740700
vt 0.594100 0.729000
vt 0.563300 0.909800
vt 0.554100 0.883000
vt 0.570100 0.897400
vt 0.613000 0.764700
vt 0.617200 0.756900
vt 0.480100 0.760800
vt 0.449500 0.367800
vt 0.479000 0.381200
vt 0.477700 0.323500
vt 0.498800 0.338500
vt 0.494700 0.298500
vt 0.514300 0.307300
vt 0.511700 0.271800
vt 0.527400 0.277500
vt 0.525600 0.235500
vt 0.537900 0.241500
vt 0.541700 0.190600
vt 0.551100 0.196300
vt 0.564200 0.139700
vt 0.580300 0.141500
vt 0.510900 0.393700
vt 0.501400 0.433900
vt 0.524700 0.350400
vt 0.537100 0.315400
vt 0.546700 0.282400
vt 0.554300 0.246000
vt 0.565600 0.200800
vt 0.588900 0.143000
vt 0.542100 0.401200
vt 0.536200 0.440500
vt 0.552100 0.356200
vt 0.561400 0.320400
vt 0.567600 0.286300
vt 0.572200 0.249200
vt 0.580300 0.204300
vt 0.600600 0.149300
vt 0.571800 0.406000
vt 0.571500 0.443100
vt 0.577700 0.360900
vt 0.584100 0.322200
vt 0.588000 0.289100
vt 0.591200 0.252000
vt 0.599800 0.207700
vt 0.609600 0.153200
vt 0.426800 0.358300
vt 0.461300 0.315500
vt 0.478400 0.290600
vt 0.498700 0.265800
vt 0.514000 0.228200
vt 0.533000 0.183100
vt 0.553800 0.141400
vt 0.608200 0.443100
vt 0.600200 0.408700
vt 0.600600 0.362600
vt 0.603600 0.323900
vt 0.606000 0.289900
vt 0.608100 0.253300
vt 0.615500 0.206100
vt 0.619100 0.158500
vt 0.650900 0.122100
vt 0.647100 0.132500
vt 0.637900 0.122900
vt 0.644100 0.113900
vt 0.630900 0.118900
vt 0.638100 0.107900
vt 0.623000 0.115400
vt 0.629200 0.101800
vt 0.616900 0.099100
vt 0.612800 0.115600
vt 0.589000 0.063400
vt 0.586700 0.059000
vt 0.590400 0.057500
vt 0.593000 0.060900
vt 0.585300 0.055700
vt 0.587300 0.054600
vt 0.591300 0.066800
vt 0.595400 0.064000
vt 0.593800 0.071400
vt 0.598100 0.069000
vt 0.595800 0.075700
vt 0.602000 0.074000
vt 0.599100 0.084200
vt 0.606000 0.079700
vt 0.609700 0.066200
vt 0.612400 0.066900
vt 0.606100 0.064200
vt 0.601100 0.059700
vt 0.599000 0.057700
vt 0.595100 0.055100
vt 0.591500 0.053800
vt 0.591500 0.091000
vt 0.592200 0.084700
vt 0.590800 0.076500
vt 0.587400 0.070500
vt 0.584700 0.066500
vt 0.583000 0.062900
vt 0.582700 0.058400
vt 0.693400 0.170700
vt 0.696700 0.177900
vt 0.692900 0.184200
vt 0.688900 0.178400
vt 0.699700 0.183200
vt 0.696100 0.188300
vt 0.702500 0.188400
vt 0.698700 0.192000
vt 0.704400 0.191400
vt 0.702100 0.195800
vt 0.700100 0.169000
vt 0.702000 0.177600
vt 0.704100 0.180700
vt 0.706700 0.186400
vt 0.706700 0.190800
vt 0.708800 0.185900
vt 0.710500 0.189800
vt 0.706300 0.181400
vt 0.704700 0.178600
vt 0.701500 0.172300
vt 0.623100 0.020800
vt 0.622400 0.016900
vt 0.624800 0.016000
vt 0.626500 0.019400
vt 0.625800 0.028300
vt 0.629400 0.026800
vt 0.627600 0.034300
vt 0.631300 0.032800
vt 0.629700 0.039400
vt 0.634100 0.037600
vt 0.630600 0.045000
vt 0.636900 0.042900
vt 0.632000 0.050600
vt 0.639200 0.048600
vt 0.621200 0.014600
vt 0.619000 0.020900
vt 0.619600 0.028300
vt 0.621600 0.034700
vt 0.624600 0.042100
vt 0.625200 0.046600
vt 0.625300 0.050700
vt 0.755600 0.160700
vt 0.758100 0.161700
vt 0.752400 0.164000
vt 0.752600 0.160500
vt 0.745000 0.163100
vt 0.747300 0.159800
vt 0.738200 0.162600
vt 0.741200 0.157900
vt 0.730300 0.162100
vt 0.732500 0.155500
vt 0.726000 0.160800
vt 0.726900 0.154300
vt 0.722000 0.159600
vt 0.721000 0.153600
vt 0.756700 0.158600
vt 0.753500 0.157200
vt 0.747400 0.153900
vt 0.740600 0.151500
vt 0.732900 0.150500
vt 0.728700 0.149600
vt 0.720300 0.146900
vt 0.645800 0.042300
vt 0.642900 0.040100
vt 0.640800 0.035600
vt 0.637800 0.029400
vt 0.634900 0.023900
vt 0.630100 0.016900
vt 0.624400 0.013700
vt 0.754700 0.155000
vt 0.758700 0.158600
vt 0.746200 0.152600
vt 0.740300 0.150300
vt 0.733700 0.148000
vt 0.729000 0.146000
vt 0.725400 0.144700
vt 0.663700 0.042500
vt 0.667400 0.044800
vt 0.663300 0.054200
vt 0.657100 0.050700
vt 0.667400 0.036100
vt 0.670200 0.037200
vt 0.671700 0.027200
vt 0.674800 0.027900
vt 0.674400 0.020900
vt 0.677500 0.022300
vt 0.676900 0.016000
vt 0.679500 0.017700
vt 0.678200 0.012500
vt 0.680800 0.013700
vt 0.675000 0.013000
vt 0.678700 0.011600
vt 0.670800 0.018400
vt 0.667000 0.023800
vt 0.662400 0.032900
vt 0.658000 0.037700
vt 0.653100 0.040900
vt 0.681400 0.012500
vt 0.683300 0.017700
vt 0.683400 0.022500
vt 0.681800 0.028600
vt 0.677800 0.038700
vt 0.675900 0.048200
vt 0.676100 0.052800
vt 0.758600 0.125900
vt 0.760700 0.125200
vt 0.763000 0.125800
vt 0.760800 0.128800
vt 0.755000 0.127400
vt 0.754300 0.131800
vt 0.747400 0.130100
vt 0.747700 0.133200
vt 0.738400 0.131800
vt 0.738100 0.136800
vt 0.729700 0.134000
vt 0.731500 0.138000
vt 0.724500 0.135600
vt 0.725600 0.139500
vt 0.757400 0.123400
vt 0.760400 0.123600
vt 0.753800 0.123000
vt 0.747300 0.123900
vt 0.737300 0.126700
vt 0.729100 0.128400
vt 0.720900 0.129500
vt 0.758200 0.119600
vt 0.762500 0.122900
vt 0.753300 0.120500
vt 0.746900 0.121500
vt 0.736000 0.122300
vt 0.726300 0.123900
vt 0.721500 0.124400
vt 0.708100 0.046100
vt 0.710800 0.044100
vt 0.712200 0.045800
vt 0.710400 0.048000
vt 0.703400 0.049000
vt 0.706300 0.051500
vt 0.700000 0.052200
vt 0.702100 0.055700
vt 0.691400 0.058100
vt 0.693900 0.062400
vt 0.687300 0.061000
vt 0.690600 0.066100
vt 0.679900 0.066200
vt 0.683600 0.073600
vt 0.713800 0.081600
vt 0.718100 0.080300
vt 0.718800 0.083400
vt 0.714200 0.084900
vt 0.708100 0.083000
vt 0.709600 0.086800
vt 0.702400 0.084800
vt 0.704700 0.088700
vt 0.696400 0.086000
vt 0.699200 0.090500
vt 0.692100 0.086600
vt 0.693700 0.092400
vt 0.685100 0.087600
vt 0.686900 0.095800
vt 0.712200 0.042000
vt 0.705000 0.042400
vt 0.699800 0.045400
vt 0.695300 0.048700
vt 0.688500 0.053200
vt 0.685500 0.055100
vt 0.680100 0.056000
vt 0.712300 0.051600
vt 0.714800 0.044400
vt 0.709200 0.055300
vt 0.705600 0.058400
vt 0.696700 0.066200
vt 0.693100 0.069800
vt 0.691500 0.075700
vt 0.740800 0.097200
vt 0.740500 0.093500
vt 0.748200 0.092800
vt 0.744800 0.095300
vt 0.736700 0.098300
vt 0.736100 0.096100
vt 0.730800 0.101500
vt 0.731700 0.098200
vt 0.722200 0.106900
vt 0.720300 0.103300
vt 0.717400 0.110100
vt 0.715600 0.105600
vt 0.712200 0.112600
vt 0.709900 0.109200
vt 0.741900 0.098900
vt 0.745800 0.097000
vt 0.738000 0.101300
vt 0.732800 0.104900
vt 0.725100 0.110500
vt 0.720700 0.114200
vt 0.715800 0.117400
vt 0.750300 0.096500
vt 0.745700 0.102500
vt 0.740700 0.106300
vt 0.736100 0.109900
vt 0.729200 0.115100
vt 0.726500 0.117600
vt 0.721600 0.120700
vt 0.714600 0.087300
vt 0.718900 0.086100
vt 0.711400 0.089100
vt 0.705800 0.092000
vt 0.701600 0.094000
vt 0.696900 0.097000
vt 0.692300 0.100900
vt 0.721200 0.088100
vt 0.713700 0.078000
vt 0.707300 0.078500
vt 0.701900 0.079000
vt 0.695800 0.079300
vt 0.692900 0.079100
vt 0.692100 0.078600
vt 0.716100 0.090500
vt 0.719100 0.087700
vt 0.712900 0.093000
vt 0.708800 0.096200
vt 0.704500 0.099200
vt 0.701500 0.102700
vt 0.698700 0.105400
vt 0.718300 0.092100
vt 0.719600 0.088700
vt 0.715000 0.095500
vt 0.711200 0.098800
vt 0.707300 0.103000
vt 0.704300 0.106100
vt 0.703100 0.108400
vt 0.716600 0.096800
vt 0.712800 0.100500
vt 0.709100 0.105500
vt 0.708100 0.108200
vt 0.707700 0.109000
vt 0.604500 0.092100
vt 0.612800 0.115600
vt 0.607600 0.120000
vt 0.599500 0.101600
vt 0.610900 0.089100
vt 0.615300 0.078900
vt 0.457900 0.513800
vt 0.416100 0.508200
vt 0.455700 0.546600
vt 0.415800 0.544900
vt 0.534800 0.519000
vt 0.499900 0.517400
vt 0.535700 0.469000
vt 0.573900 0.469600
vt 0.615600 0.466200
vt 0.567000 0.517900
vt 0.536600 0.493300
vt 0.571100 0.493200
vt 0.602400 0.490400
vt 0.596600 0.515500
vt 0.624900 0.406400
vt 0.636300 0.439600
vt 0.397000 0.373000
vt 0.420000 0.347200
vt 0.621200 0.359500
vt 0.449600 0.311400
vt 0.622500 0.325500
vt 0.469500 0.285000
vt 0.625000 0.294300
vt 0.484200 0.258600
vt 0.630400 0.255100
vt 0.500700 0.225000
vt 0.628700 0.204900
vt 0.526600 0.182200
vt 0.632900 0.160700
vt 0.549600 0.142400
vt 0.384800 0.383500
vt 0.647100 0.452600
vt 0.320800 0.096700
vt 0.318200 0.128800
vt 0.300100 0.120800
vt 0.303400 0.096000
vt 0.343300 0.057100
vt 0.310600 0.049800
vt 0.285600 0.096300
vt 0.290200 0.129900
vt 0.286600 0.049700
vt 0.356800 0.163300
vt 0.328900 0.166900
vt 0.329100 0.155200
vt 0.356600 0.157100
vt 0.257700 0.134400
vt 0.275400 0.145700
vt 0.267000 0.153800
vt 0.242500 0.137300
vt 0.240300 0.129500
vt 0.242500 0.137300
vt 0.236300 0.137200
vt 0.235700 0.130400
vt 0.247700 0.128700
vt 0.353000 0.143200
vt 0.324900 0.140700
vt 0.228000 0.128400
vt 0.223400 0.130900
vt 0.347700 0.130400
vt 0.324400 0.139600
vt 0.318600 0.129900
vt 0.224900 0.119300
vt 0.216600 0.119800
vt 0.318200 0.129500
vt 0.347200 0.104200
vt 0.215100 0.096100
vt 0.221700 0.098600
vt 0.355700 0.076700
vt 0.212400 0.070200
vt 0.215900 0.069000
vt 0.270600 0.121800
vt 0.286100 0.134500
vt 0.252200 0.118700
vt 0.264800 0.089900
vt 0.269000 0.050700
vt 0.210300 0.036800
vt 0.206400 0.036300
vt 0.238000 0.012800
vt 0.242200 0.014700
vt 0.267900 0.016200
vt 0.267000 0.021700
vt 0.204300 0.055800
vt 0.202500 0.060200
vt 0.198200 0.057600
vt 0.200000 0.054100
vt 0.243900 0.117500
vt 0.250200 0.093000
vt 0.252800 0.057600
vt 0.230800 0.065400
vt 0.235000 0.095900
vt 0.314200 0.022400
vt 0.350100 0.044900
vt 0.315400 0.012200
vt 0.356500 0.038100
vt 0.282000 0.026600
vt 0.359900 0.063900
vt 0.363800 0.061000
vt 0.359600 0.064900
vt 0.207600 0.058200
vt 0.204700 0.062700
vt 0.268000 0.026700
vt 0.246100 0.020600
vt 0.216200 0.040300
vt 0.678800 0.083500
vt 0.692100 0.078300
vt 0.669500 0.065700
vt 0.677100 0.055000
vt 0.648700 0.055300
vt 0.649500 0.041500
vt 0.723200 0.142000
vt 0.717400 0.141200
vt 0.719600 0.123400
vt 0.713600 0.124000
vt 0.707900 0.109400
vt 0.701900 0.114000
vt 0.624700 0.056200
vt 0.632800 0.053800
vt 0.618200 0.066100
vt 0.628200 0.072500
vt 0.681300 0.096100
vt 0.643000 0.077300
vt 0.652700 0.085100
vt 0.661200 0.095100
vt 0.668400 0.104100
vt 0.628200 0.072500
vt 0.688600 0.103600
vt 0.654200 0.130500
vt 0.673600 0.114000
vt 0.716600 0.158900
vt 0.717400 0.154700
vt 0.699800 0.162900
vt 0.704800 0.161300
vt 0.699600 0.165400
vt 0.699900 0.168300
vt 0.690000 0.158800
vt 0.685100 0.170400
vt 0.682200 0.164700
vt 0.675000 0.155100
vt 0.593700 0.113100
vt 0.600700 0.127300
vt 0.590800 0.102700
vt 0.585800 0.120200
vt 0.584700 0.135900
vt 0.632100 0.061800
vt 0.621600 0.061400
vt 0.647000 0.063100
vt 0.662000 0.073000
vt 0.669400 0.088600
vt 0.675600 0.099800
vt 0.682400 0.107800
vt 0.712300 0.155100
vt 0.710600 0.159300
vt 0.712000 0.143300
vt 0.705900 0.128200
vt 0.701700 0.145700
vt 0.696100 0.134200
vt 0.694000 0.118700
vt 0.684600 0.125100
vt 0.694700 0.107400
vt 0.685800 0.113700
vt 0.675400 0.120200
vt 0.668500 0.125600
vt 0.688600 0.147700
vt 0.670600 0.146600
vt 0.588100 0.111700
vt 0.669500 0.133300
vt 0.685800 0.137900
vt 0.570400 0.123200
vt 0.577300 0.118900
vt 0.839300 0.513400
vt 0.838600 0.509600
vt 0.838000 0.512900
vt 0.837400 0.518600
vt 0.838700 0.523800
vt 0.839100 0.521600
vt 0.837900 0.521800
vt 0.839100 0.518000
vt 0.578900 0.871400
vt 0.587100 0.886900
vt 0.613800 0.863200
vt 0.621500 0.880600
vt 0.656900 0.823000
vt 0.655400 0.838100
vt 0.598700 0.720600
vt 0.662700 0.765300
vt 0.657900 0.776200
vt 0.654800 0.856100
vt 0.654600 0.871800
vt 0.700500 0.848000
vt 0.688600 0.867900
vt 0.709100 0.822700
vt 0.707200 0.833700
vt 0.700800 0.791100
vt 0.650900 0.133400
vt 0.747300 0.817300
vt 0.747200 0.812800
vt 0.748500 0.822000
vt 0.693400 0.781400
vt 0.750200 0.829200
vt 0.750500 0.835200
vt 0.748300 0.853900
vt 0.747900 0.808900
vt 0.748500 0.807100
vt 0.501300 0.489800
vt 0.499100 0.463800
vt 0.750200 0.802700
vt 0.580900 0.133800
vt 0.234800 0.118600
vt 0.909500 0.499800
vt 0.910600 0.498200
vt 0.907900 0.487400
vt 0.907800 0.493100
vt 0.913300 0.494300
vt 0.910900 0.494100
vt 0.911400 0.487400
vt 0.908200 0.498800
vt 0.811400 0.578300
vt 0.803800 0.559300
vt 0.413800 0.813700
vt 0.431600 0.851800
vt 0.400000 0.855300
vt 0.396100 0.832600
vt 0.440800 0.744100
vt 0.839400 0.604300
vt 0.854000 0.631300
vt 0.859200 0.627000
vt 0.861200 0.622900
vt 0.759000 0.789600
vt 0.796000 0.801000
vt 0.413600 0.778300
vt 0.413100 0.749600
vt 0.394700 0.884500
vt 0.381600 0.853700
vt 0.381600 0.830300
vt 0.457200 0.955300
vt 0.464300 0.963100
vt 0.469100 0.644300
vt 0.826600 0.123600
vt 0.826600 0.076800
vt 0.826600 0.070500
vt 0.922600 0.482900
vt 0.927700 0.483000
vt 0.941400 0.483100
vt 0.797700 0.483000
vt 0.820500 0.483100
vt 0.381600 0.950000
vt 0.381600 0.935300
vt 0.498500 0.955300
vt 0.485400 0.961400
vt 0.872900 0.483100
vt 0.875700 0.483100
vt 0.954400 0.483100
vt 0.381600 0.907700
vt 0.381600 0.724200
vt 0.412200 0.724000
vt 0.413100 0.749600
vt 0.381600 0.751000
vt 0.516800 0.953700
vt 0.762800 0.483000
vt 0.412200 0.724000
vt 0.411200 0.701100
vt 0.431500 0.700300
vt 0.436400 0.719400
vt 0.685400 0.224600
vt 0.719200 0.196900
vt 0.159400 0.544100
vt 0.762800 0.483000
vt 0.759000 0.176400
vt 0.123300 0.674600
vt 0.139200 0.656100
vt 0.246300 0.953700
vt 0.213300 0.961000
vt 0.796100 0.165100
vt 0.381500 0.853700
vt 0.381500 0.830300
vt 0.381500 0.880400
vt 0.826600 0.037100
vt 0.826600 0.037200
vt 0.826600 0.071200
vt 0.826600 0.056800
vt 0.826600 0.048200
vt 0.820500 0.483100
vt 0.895200 0.482400
vt 0.889200 0.482900
vt 0.797700 0.483100
vt 0.381500 0.935300
vt 0.381500 0.950000
vt 0.658800 0.262700
vt 0.277700 0.961400
vt 0.264600 0.955300
vt 0.381500 0.467700
vt 0.900400 0.482400
vt 0.954400 0.483100
vt 0.969200 0.483100
vt 0.381500 0.907700
vt 0.992100 0.483100
vt 0.641100 0.327700
vt 0.381500 0.677700
vt 0.381500 0.724200
vt 0.381500 0.751000
vt 0.157500 0.617200
vt 0.145600 0.641400
vt 0.290200 0.971000
vt 0.381500 0.700900
vt 0.685400 0.741500
vt 0.719200 0.769200
vt 0.609100 0.519500
vt 0.603500 0.544100
vt 0.597300 0.576100
vt 0.620300 0.656800
vt 0.637700 0.675200
vt 0.549800 0.961000
vt 0.381600 0.880400
vt 0.381600 0.808700
vt 0.381600 0.779200
vt 0.658800 0.703400
vt 0.856200 0.809100
vt 0.869000 0.809800
vt 0.915900 0.814200
vt 0.381600 0.505400
vt 0.381600 0.467700
vt 0.619100 0.489300
vt 0.631800 0.470000
vt 0.648900 0.456600
vt 0.661400 0.541800
vt 0.641100 0.638300
vt 0.381600 0.650300
vt 0.381600 0.619000
vt 0.381600 0.583900
vt 0.381600 0.544400
vt 0.381600 0.433500
vt 0.381600 0.394800
vt 0.381600 0.677700
vt 0.596300 0.596700
vt 0.600800 0.617700
vt 0.613100 0.642000
vt 0.471900 0.972900
vt 0.381600 0.700900
vt 0.902100 0.100600
vt 0.905300 0.097600
vt 0.916400 0.105300
vt 0.914200 0.109200
vt 0.923100 0.079600
vt 0.925500 0.077200
vt 0.929400 0.079700
vt 0.927700 0.082800
vt 0.898800 0.103700
vt 0.912000 0.113100
vt 0.918500 0.084500
vt 0.921400 0.081400
vt 0.926600 0.085000
vt 0.924800 0.088800
vt 0.895500 0.106700
vt 0.909800 0.117000
vt 0.915100 0.088000
vt 0.922700 0.093100
vt 0.911800 0.091300
vt 0.920600 0.097300
vt 0.908600 0.094400
vt 0.918500 0.101300
vt 0.931500 0.095600
vt 0.930700 0.100200
vt 0.930000 0.104800
vt 0.929200 0.109200
vt 0.928300 0.113700
vt 0.933600 0.081000
vt 0.933100 0.084400
vt 0.927500 0.118100
vt 0.932700 0.086900
vt 0.932200 0.090900
vt 0.926500 0.122500
vt 0.937900 0.080700
vt 0.938600 0.084200
vt 0.943100 0.113500
vt 0.943600 0.118000
vt 0.939100 0.086600
vt 0.939800 0.090700
vt 0.944100 0.122500
vt 0.940600 0.095500
vt 0.941300 0.100100
vt 0.941900 0.104600
vt 0.942500 0.109100
vt 0.951300 0.096700
vt 0.953300 0.100800
vt 0.955300 0.104800
vt 0.957200 0.108900
vt 0.942100 0.079300
vt 0.943800 0.082300
vt 0.959100 0.112900
vt 0.945000 0.084500
vt 0.947000 0.088200
vt 0.960900 0.117000
vt 0.949200 0.092500
vt 0.972200 0.103300
vt 0.975200 0.106700
vt 0.953100 0.083600
vt 0.956600 0.087000
vt 0.959800 0.090300
vt 0.963000 0.093600
vt 0.966100 0.096800
vt 0.969200 0.100100
vt 0.945800 0.076500
vt 0.948300 0.078900
vt 0.950100 0.080600
vt 0.973900 0.085800
vt 0.977800 0.087900
vt 0.948300 0.072700
vt 0.951400 0.074300
vt 0.981700 0.090100
vt 0.953700 0.075400
vt 0.957400 0.077300
vt 0.985500 0.092400
vt 0.961700 0.079400
vt 0.965900 0.081500
vt 0.969900 0.083600
vt 0.968900 0.071400
vt 0.973400 0.072100
vt 0.977800 0.073000
vt 0.982200 0.073800
vt 0.949600 0.068500
vt 0.953000 0.069000
vt 0.986600 0.074700
vt 0.955500 0.069300
vt 0.959600 0.069900
vt 0.991000 0.075600
vt 0.964200 0.070600
vt 0.986600 0.058500
vt 0.991100 0.058000
vt 0.959400 0.062200
vt 0.964100 0.061400
vt 0.968700 0.060800
vt 0.973200 0.060200
vt 0.977700 0.059600
vt 0.982200 0.059000
vt 0.949400 0.064100
vt 0.952800 0.063400
vt 0.955300 0.063000
vt 0.973400 0.046800
vt 0.977500 0.044900
vt 0.947900 0.060000
vt 0.950900 0.058200
vt 0.981500 0.043000
vt 0.953100 0.057000
vt 0.956800 0.055000
vt 0.985600 0.041200
vt 0.961100 0.052800
vt 0.965300 0.050700
vt 0.969400 0.048700
vt 0.958900 0.042200
vt 0.962100 0.039000
vt 0.965400 0.035900
vt 0.968600 0.032900
vt 0.945200 0.056200
vt 0.947500 0.053800
vt 0.971900 0.029800
vt 0.949200 0.052000
vt 0.952200 0.048900
vt 0.975200 0.026900
vt 0.955600 0.045400
vt 0.958700 0.020300
vt 0.960900 0.016500
vt 0.945900 0.044600
vt 0.947900 0.040200
vt 0.950100 0.036100
vt 0.952200 0.032100
vt 0.954300 0.028100
vt 0.956500 0.024200
vt 0.941300 0.053700
vt 0.942900 0.050600
vt 0.944000 0.048400
vt 0.941500 0.024200
vt 0.942300 0.019700
vt 0.937100 0.052400
vt 0.937600 0.049000
vt 0.943200 0.015400
vt 0.937900 0.046500
vt 0.938500 0.042500
vt 0.944100 0.011000
vt 0.939100 0.037800
vt 0.939900 0.033100
vt 0.940700 0.028600
vt 0.930000 0.037900
vt 0.929300 0.033300
vt 0.928600 0.028800
vt 0.928000 0.024300
vt 0.927400 0.019900
vt 0.932700 0.052700
vt 0.932000 0.049200
vt 0.926900 0.015400
vt 0.931600 0.046700
vt 0.930800 0.042600
vt 0.926400 0.011000
vt 0.913300 0.024600
vt 0.911400 0.020600
vt 0.925600 0.048900
vt 0.923600 0.045200
vt 0.909600 0.016500
vt 0.921400 0.040900
vt 0.919300 0.036800
vt 0.917200 0.032700
vt 0.915200 0.028600
vt 0.928600 0.054100
vt 0.926800 0.051100
vt 0.907500 0.039900
vt 0.904400 0.036700
vt 0.901300 0.033500
vt 0.924900 0.056900
vt 0.922400 0.054500
vt 0.898300 0.030200
vt 0.920600 0.052800
vt 0.917500 0.049800
vt 0.895200 0.026900
vt 0.914000 0.046400
vt 0.910700 0.043200
vt 0.908900 0.054100
vt 0.904800 0.052000
vt 0.900600 0.049900
vt 0.896600 0.047800
vt 0.892700 0.045700
vt 0.922300 0.060700
vt 0.919200 0.059100
vt 0.888800 0.043500
vt 0.917000 0.058000
vt 0.913300 0.056100
vt 0.884900 0.041300
vt 0.888300 0.059900
vt 0.883900 0.059100
vt 0.915200 0.064100
vt 0.911100 0.063500
vt 0.879500 0.058200
vt 0.906400 0.062800
vt 0.901800 0.062000
vt 0.897200 0.061400
vt 0.892800 0.060700
vt 0.921100 0.065000
vt 0.917600 0.064400
vt 0.897500 0.073400
vt 0.893000 0.074100
vt 0.888500 0.074700
vt 0.921300 0.069300
vt 0.917800 0.070000
vt 0.884100 0.075300
vt 0.915400 0.070500
vt 0.911300 0.071200
vt 0.879600 0.075800
vt 0.906500 0.072000
vt 0.901900 0.072700
vt 0.909500 0.080600
vt 0.905400 0.082700
vt 0.901300 0.084800
vt 0.897300 0.086800
vt 0.893300 0.088700
vt 0.922800 0.073400
vt 0.919700 0.075200
vt 0.889200 0.090600
vt 0.917500 0.076400
vt 0.913800 0.078400
vt 0.885100 0.092500
vt 0.941500 0.064600
vt 0.945600 0.064500
vt 0.945800 0.068300
vt 0.941600 0.068400
vt 0.940800 0.060800
vt 0.944700 0.060900
vt 0.937500 0.077000
vt 0.937400 0.072800
vt 0.941200 0.072200
vt 0.941100 0.076100
vt 0.930200 0.076500
vt 0.929800 0.072600
vt 0.933600 0.073000
vt 0.933800 0.077200
vt 0.940500 0.056900
vt 0.943400 0.058100
vt 0.929600 0.057300
vt 0.929400 0.061200
vt 0.925600 0.061500
vt 0.926800 0.058600
vt 0.925900 0.072500
vt 0.927300 0.075300
vt 0.929200 0.068800
vt 0.925000 0.068900
vt 0.929100 0.065000
vt 0.924800 0.065100
vt 0.933200 0.060600
vt 0.933200 0.064700
vt 0.933400 0.068800
vt 0.937400 0.068700
vt 0.937300 0.064600
vt 0.937100 0.060400
vt 0.945100 0.071900
vt 0.943900 0.074800
vt 0.933100 0.056400
vt 0.936900 0.056200
vt 0.047200 0.269200
vt 0.054700 0.269900
vt 0.056700 0.342500
vt 0.050300 0.344000
vt 0.227800 0.290800
vt 0.246600 0.292300
vt 0.247300 0.305200
vt 0.228400 0.310200
vt 0.041700 0.268200
vt 0.045000 0.344600
vt 0.186900 0.286800
vt 0.206900 0.288800
vt 0.207600 0.315200
vt 0.187700 0.319000
vt 0.036900 0.267300
vt 0.036200 0.345600
vt 0.095200 0.275100
vt 0.131600 0.280500
vt 0.133600 0.330200
vt 0.097500 0.335300
vt 0.064400 0.271300
vt 0.066900 0.340500
vt 0.060800 0.270300
vt 0.061700 0.340400
vt 0.118600 0.392700
vt 0.090300 0.406800
vt 0.085200 0.408100
vt 0.079600 0.411500
vt 0.074900 0.414200
vt 0.252700 0.320000
vt 0.235800 0.330300
vt 0.068800 0.416700
vt 0.217200 0.340800
vt 0.199900 0.350600
vt 0.064200 0.419000
vt 0.150700 0.376500
vt 0.264000 0.329300
vt 0.247800 0.345800
vt 0.120100 0.475900
vt 0.115300 0.480200
vt 0.233900 0.361400
vt 0.220400 0.376000
vt 0.108900 0.484600
vt 0.182400 0.416100
vt 0.156600 0.440800
vt 0.133900 0.463400
vt 0.129300 0.466900
vt 0.125700 0.471400
vt 0.193300 0.503700
vt 0.190100 0.508600
vt 0.186800 0.513800
vt 0.182800 0.521600
vt 0.275300 0.337300
vt 0.266300 0.357900
vt 0.179100 0.527100
vt 0.257000 0.376900
vt 0.248700 0.395000
vt 0.174300 0.536100
vt 0.223700 0.443600
vt 0.207400 0.474800
vt 0.256500 0.553000
vt 0.255200 0.559400
vt 0.272700 0.458400
vt 0.266800 0.493300
vt 0.262900 0.525000
vt 0.261500 0.530500
vt 0.259600 0.538400
vt 0.258300 0.545300
vt 0.287700 0.344500
vt 0.285400 0.363300
vt 0.283000 0.384200
vt 0.280400 0.404200
vt 0.337100 0.536400
vt 0.338000 0.545400
vt 0.301400 0.340900
vt 0.305400 0.363100
vt 0.338300 0.552600
vt 0.309800 0.383800
vt 0.313500 0.403800
vt 0.338200 0.560800
vt 0.323700 0.457200
vt 0.329200 0.492400
vt 0.335400 0.522500
vt 0.336100 0.528700
vt 0.403500 0.501400
vt 0.406500 0.506200
vt 0.409500 0.513000
vt 0.413100 0.520200
vt 0.314600 0.336000
vt 0.326200 0.356300
vt 0.415500 0.527900
vt 0.336100 0.375400
vt 0.345500 0.393100
vt 0.418900 0.536500
vt 0.371200 0.441900
vt 0.388600 0.473200
vt 0.482500 0.479200
vt 0.488700 0.487500
vt 0.412400 0.412000
vt 0.439500 0.436800
vt 0.462900 0.458700
vt 0.467000 0.462700
vt 0.472100 0.467500
vt 0.477400 0.472900
vt 0.328000 0.330200
vt 0.342200 0.344400
vt 0.357400 0.359600
vt 0.371900 0.373600
vt 0.515400 0.406000
vt 0.522700 0.408800
vt 0.337200 0.317100
vt 0.354300 0.326800
vt 0.529100 0.413000
vt 0.373300 0.337200
vt 0.391800 0.346200
vt 0.540200 0.418400
vt 0.442000 0.371500
vt 0.476400 0.386600
vt 0.504400 0.400700
vt 0.510700 0.403000
vt 0.525800 0.332500
vt 0.531200 0.332300
vt 0.538500 0.333500
vt 0.545100 0.334000
vt 0.341300 0.305000
vt 0.360000 0.308200
vt 0.554300 0.335400
vt 0.381000 0.311700
vt 0.401000 0.314900
vt 0.561200 0.335800
vt 0.457100 0.323400
vt 0.493300 0.328100
vt 0.551500 0.254600
vt 0.561200 0.253500
vt 0.455500 0.272600
vt 0.493300 0.266200
vt 0.525100 0.259800
vt 0.531400 0.258500
vt 0.537600 0.256900
vt 0.545300 0.256000
vt 0.340400 0.291900
vt 0.359400 0.288600
vt 0.380300 0.285100
vt 0.400400 0.282000
vt 0.511500 0.185400
vt 0.518600 0.181300
vt 0.334700 0.277300
vt 0.352100 0.268500
vt 0.525300 0.177600
vt 0.370900 0.259300
vt 0.388700 0.250800
vt 0.537100 0.170900
vt 0.437600 0.225900
vt 0.470900 0.207700
vt 0.499800 0.192400
vt 0.505300 0.188800
vt 0.431200 0.158100
vt 0.453700 0.134300
vt 0.458300 0.129300
vt 0.463100 0.124200
vt 0.469200 0.117000
vt 0.323600 0.267800
vt 0.339700 0.252800
vt 0.474900 0.109800
vt 0.354400 0.238500
vt 0.368300 0.224700
vt 0.481300 0.101700
vt 0.405800 0.186100
vt 0.403200 0.070800
vt 0.406000 0.063900
vt 0.331000 0.223100
vt 0.339800 0.205700
vt 0.409300 0.056100
vt 0.363900 0.157200
vt 0.378500 0.123200
vt 0.392900 0.094000
vt 0.396100 0.086900
vt 0.399800 0.079400
vt 0.312200 0.259800
vt 0.321400 0.240900
vt 0.322600 0.067500
vt 0.323400 0.059200
vt 0.324200 0.050200
vt 0.299700 0.253300
vt 0.302200 0.235600
vt 0.324800 0.041100
vt 0.305100 0.215700
vt 0.307700 0.196900
vt 0.326100 0.027900
vt 0.314000 0.144000
vt 0.317700 0.107200
vt 0.321800 0.074500
vt 0.254800 0.108100
vt 0.247900 0.075900
vt 0.246600 0.068700
vt 0.245000 0.061600
vt 0.243100 0.052900
vt 0.285900 0.256400
vt 0.282400 0.236000
vt 0.240700 0.046300
vt 0.278000 0.216300
vt 0.274400 0.197400
vt 0.237600 0.035500
vt 0.262600 0.144800
vt 0.169800 0.082900
vt 0.164800 0.075600
vt 0.251500 0.225300
vt 0.242000 0.208700
vt 0.158700 0.068100
vt 0.215100 0.161500
vt 0.196400 0.129400
vt 0.180300 0.102200
vt 0.177000 0.096200
vt 0.173900 0.089600
vt 0.273000 0.261100
vt 0.261300 0.242700
vt 0.119700 0.143100
vt 0.114500 0.138000
vt 0.108300 0.132100
vt 0.259900 0.267600
vt 0.245800 0.254900
vt 0.102900 0.128800
vt 0.230100 0.241300
vt 0.215500 0.228400
vt 0.095700 0.123900
vt 0.174100 0.192200
vt 0.147200 0.167200
vt 0.123700 0.146400
vt 0.112400 0.216600
vt 0.084100 0.204000
vt 0.078400 0.201900
vt 0.073400 0.199000
vt 0.066500 0.196400
vt 0.250600 0.280100
vt 0.233300 0.272100
vt 0.062100 0.194700
vt 0.214200 0.263600
vt 0.195800 0.255800
vt 0.055200 0.192900
vt 0.145500 0.232500
vt 0.308100 0.307600
vt 0.315500 0.316800
vt 0.306600 0.323400
vt 0.299700 0.313800
vt 0.316300 0.301100
vt 0.323000 0.309200
vt 0.275000 0.319200
vt 0.284300 0.311900
vt 0.291000 0.319600
vt 0.282800 0.326400
vt 0.263100 0.301100
vt 0.271700 0.295300
vt 0.277700 0.303500
vt 0.268100 0.310600
vt 0.324800 0.295200
vt 0.328000 0.302900
vt 0.304900 0.270100
vt 0.296700 0.276500
vt 0.290400 0.268400
vt 0.298100 0.265400
vt 0.264900 0.287400
vt 0.259900 0.293900
vt 0.279700 0.288700
vt 0.272200 0.279700
vt 0.288200 0.282500
vt 0.281100 0.273100
vt 0.303600 0.284500
vt 0.294800 0.290700
vt 0.286300 0.297100
vt 0.292900 0.305300
vt 0.301500 0.299100
vt 0.310100 0.292700
vt 0.297200 0.328200
vt 0.289500 0.331500
vt 0.312600 0.277300
vt 0.319500 0.285900
vt 0.957300 0.671900
vt 0.953600 0.748300
vt 0.948400 0.747000
vt 0.951100 0.672500
vt 0.771300 0.692600
vt 0.770500 0.711900
vt 0.751700 0.706800
vt 0.752500 0.694000
vt 0.964100 0.670800
vt 0.960100 0.749200
vt 0.812200 0.688900
vt 0.811100 0.721100
vt 0.791300 0.717100
vt 0.792200 0.690800
vt 0.976600 0.669100
vt 0.976600 0.751700
vt 0.905100 0.677800
vt 0.902300 0.738400
vt 0.865200 0.732800
vt 0.867600 0.683100
vt 0.936000 0.674400
vt 0.932900 0.743800
vt 0.943400 0.673000
vt 0.941900 0.744600
vt 0.908900 0.810300
vt 0.880600 0.795900
vt 0.917300 0.813500
vt 0.924200 0.817700
vt 0.927900 0.819900
vt 0.762900 0.732000
vt 0.746200 0.721600
vt 0.935100 0.822900
vt 0.798700 0.752600
vt 0.781400 0.742700
vt 0.946500 0.829000
vt 0.847600 0.778900
vt 0.750800 0.747400
vt 0.734700 0.730800
vt 0.886800 0.887700
vt 0.881100 0.882500
vt 0.777900 0.777900
vt 0.764600 0.763100
vt 0.898800 0.897900
vt 0.842000 0.844000
vt 0.815600 0.818300
vt 0.864500 0.866800
vt 0.871700 0.873200
vt 0.876300 0.878800
vt 0.809200 0.915200
vt 0.804500 0.906800
vt 0.813300 0.921900
vt 0.816700 0.928700
vt 0.732200 0.759300
vt 0.723400 0.738600
vt 0.820900 0.935300
vt 0.749500 0.796600
vt 0.741300 0.778400
vt 0.829300 0.951700
vt 0.790600 0.877700
vt 0.774000 0.845400
vt 0.743600 0.975600
vt 0.741300 0.961200
vt 0.730600 0.895800
vt 0.724900 0.859800
vt 0.734200 0.927600
vt 0.736200 0.937000
vt 0.738200 0.946500
vt 0.739300 0.952200
vt 0.713100 0.764500
vt 0.710900 0.745800
vt 0.717700 0.805600
vt 0.715300 0.785500
vt 0.657900 0.951600
vt 0.658600 0.943700
vt 0.693000 0.764200
vt 0.697200 0.742100
vt 0.657300 0.960100
vt 0.684600 0.804800
vt 0.688500 0.784900
vt 0.656000 0.976300
vt 0.667900 0.894400
vt 0.673900 0.858100
vt 0.661400 0.924500
vt 0.659900 0.934400
vt 0.588200 0.910800
vt 0.593100 0.902600
vt 0.584400 0.919100
vt 0.581300 0.925200
vt 0.672300 0.757200
vt 0.684100 0.737100
vt 0.578200 0.934000
vt 0.652700 0.793900
vt 0.662200 0.776200
vt 0.570900 0.949900
vt 0.608400 0.874600
vt 0.626500 0.842400
vt 0.497600 0.897400
vt 0.509900 0.883500
vt 0.557500 0.837400
vt 0.585600 0.812100
vt 0.533800 0.859200
vt 0.526800 0.865800
vt 0.520500 0.871700
vt 0.516000 0.876300
vt 0.656400 0.745200
vt 0.670700 0.731100
vt 0.626400 0.774100
vt 0.641000 0.760200
vt 0.470300 0.810400
vt 0.476600 0.808100
vt 0.644400 0.727500
vt 0.661700 0.717900
vt 0.462600 0.815000
vt 0.606800 0.746500
vt 0.625400 0.737700
vt 0.443900 0.824000
vt 0.520800 0.786700
vt 0.556400 0.771400
vt 0.492600 0.800600
vt 0.482800 0.804500
vt 0.462500 0.732100
vt 0.471700 0.731800
vt 0.453500 0.733400
vt 0.448100 0.733700
vt 0.638900 0.708800
vt 0.657600 0.705700
vt 0.437600 0.735200
vt 0.597800 0.715100
vt 0.617900 0.712100
vt 0.422600 0.736500
vt 0.504300 0.727700
vt 0.541700 0.723200
vt 0.423400 0.649700
vt 0.441200 0.652300
vt 0.504900 0.665400
vt 0.543800 0.672300
vt 0.473100 0.658700
vt 0.463000 0.656700
vt 0.455100 0.654700
vt 0.448600 0.654000
vt 0.639700 0.689200
vt 0.658700 0.692700
vt 0.598800 0.682200
vt 0.618900 0.685500
vt 0.476600 0.577900
vt 0.482700 0.581500
vt 0.647200 0.669200
vt 0.664500 0.678200
vt 0.468800 0.573500
vt 0.610800 0.651100
vt 0.628500 0.659800
vt 0.449700 0.562700
vt 0.527900 0.606800
vt 0.562100 0.625800
vt 0.499200 0.591200
vt 0.490300 0.585700
vt 0.546000 0.533200
vt 0.568300 0.557200
vt 0.538800 0.525400
vt 0.533000 0.519100
vt 0.527800 0.512700
vt 0.659700 0.653600
vt 0.675700 0.668800
vt 0.521200 0.504400
vt 0.631400 0.625200
vt 0.645100 0.639200
vt 0.509200 0.490200
vt 0.594200 0.586300
vt 0.592300 0.458100
vt 0.595600 0.466100
vt 0.660000 0.606500
vt 0.668700 0.624000
vt 0.585700 0.442900
vt 0.621600 0.522600
vt 0.636400 0.557800
vt 0.607400 0.493300
vt 0.602700 0.482700
vt 0.598400 0.473600
vt 0.678100 0.641800
vt 0.687200 0.660800
vt 0.677100 0.453700
vt 0.678000 0.463600
vt 0.676400 0.445800
vt 0.697400 0.636700
vt 0.699700 0.654500
vt 0.675800 0.435400
vt 0.692200 0.598000
vt 0.694700 0.616800
vt 0.673800 0.414000
vt 0.682900 0.507100
vt 0.686400 0.545000
vt 0.679000 0.474400
vt 0.753300 0.476500
vt 0.746100 0.508600
vt 0.755500 0.465500
vt 0.757500 0.456900
vt 0.759300 0.449300
vt 0.717200 0.637300
vt 0.713500 0.657700
vt 0.762000 0.441500
vt 0.725500 0.598700
vt 0.721800 0.617700
vt 0.767000 0.422800
vt 0.737800 0.546300
vt 0.839600 0.472300
vt 0.833800 0.480600
vt 0.757800 0.610400
vt 0.748100 0.626800
vt 0.849800 0.457900
vt 0.804700 0.530500
vt 0.785100 0.563400
vt 0.821000 0.503400
vt 0.826300 0.494200
vt 0.830300 0.486300
vt 0.738200 0.644200
vt 0.726400 0.662500
vt 0.890800 0.536500
vt 0.884400 0.542600
vt 0.896200 0.531400
vt 0.753600 0.656500
vt 0.739400 0.669100
vt 0.902600 0.527300
vt 0.784100 0.630300
vt 0.769500 0.643100
vt 0.915800 0.517300
vt 0.853800 0.568900
vt 0.825800 0.594400
vt 0.877500 0.548400
vt 0.916800 0.606500
vt 0.888300 0.618900
vt 0.926000 0.602900
vt 0.932400 0.599500
vt 0.938300 0.597400
vt 0.765900 0.673800
vt 0.748600 0.681700
vt 0.943800 0.595300
vt 0.803600 0.657800
vt 0.785200 0.665500
vt 0.957900 0.590400
vt 0.854100 0.635000
vt 0.690800 0.708700
vt 0.699200 0.714900
vt 0.692200 0.724400
vt 0.683300 0.717800
vt 0.682700 0.702100
vt 0.675900 0.710100
vt 0.723800 0.720500
vt 0.716000 0.727700
vt 0.707800 0.720800
vt 0.714600 0.713200
vt 0.735900 0.702600
vt 0.730800 0.712000
vt 0.721300 0.704800
vt 0.727400 0.696700
vt 0.671000 0.703700
vt 0.674200 0.696100
vt 0.694400 0.671200
vt 0.701200 0.666600
vt 0.708900 0.669600
vt 0.702500 0.677700
vt 0.734200 0.688800
vt 0.739100 0.695400
vt 0.719500 0.690000
vt 0.726900 0.681100
vt 0.711000 0.683700
vt 0.718100 0.674400
vt 0.704200 0.691900
vt 0.695600 0.685600
vt 0.712700 0.698400
vt 0.706000 0.706500
vt 0.697600 0.700200
vt 0.689000 0.693800
vt 0.709300 0.732800
vt 0.701500 0.729400
vt 0.686600 0.678400
vt 0.679600 0.686900
usemtl DefaultSkin
g male1591.obj
f 6/1 1/2 2/3 7/4
f 3/5 4/6 9/7 8/8
f 5/9 3/5 8/8 10/10
f 2/3 5/9 10/10 7/4
f 11/11 12/12 8/8 9/7
f 12/12 13/13 10/10 8/8
f 13/13 14/14 7/4 10/10
f 14/14 15/15 6/1 7/4
f 16/16 17/17 12/12 11/11
f 17/17 18/18 13/13 12/12
f 18/18 19/19 14/14 13/13
f 19/19 20/20 15/15 14/14
f 20/20 1/2 6/1 15/15
f 22/21 25/22 24/23 23/24
f 26/25 22/21 23/24 27/26
f 28/27 26/25 27/26 29/28
f 30/29 33/30 32/31 31/32
f 34/33 35/34 24/23 25/22
f 31/32 32/31 35/34 34/33
f 36/35 37/36 33/30 30/29
f 28/27 29/28 37/36 36/35
f 46/37 49/38 48/39 47/40
f 210/41 249/42 214/43 155/44
f 745/45 746/46 48/39 49/38
f 747/47 748/48 207/49 53/50
f 52/51 53/50 207/49 211/52
f 52/51 47/40 48/39 53/50
f 47/40 52/51 211/52 44/53
f 46/37 47/40 44/53 39/54
f 747/47 53/50 48/39 746/46
f 49/38 46/37 39/54 38/55
f 740/56 745/45 49/38 38/55
f 60/57 63/58 62/59 61/60
f 60/57 61/60 65/61 64/62
f 66/63 67/64 56/65 57/66
f 62/59 63/58 67/64 66/63
f 68/67 69/68 64/62 65/61
f 59/69 58/70 69/68 68/67
f 70/71 56/65 67/64 71/72
f 63/58 738/73 71/72 67/64
f 60/57 64/62 736/74 737/75
f 73/76 69/68 58/70 72/77
f 76/78 77/79 65/61 61/60
f 77/79 79/80 68/67 65/61
f 79/80 78/81 59/69 68/67
f 80/82 81/83 30/29 31/32
f 82/84 83/85 22/21 26/25
f 74/86 75/87 83/85 82/84
f 83/85 84/88 25/22 22/21
f 75/87 85/89 84/88 83/85
f 84/88 86/90 34/33 25/22
f 85/89 87/91 86/90 84/88
f 86/90 80/82 31/32 34/33
f 87/91 88/92 80/82 86/90
f 89/93 90/94 28/27 36/35
f 90/94 82/84 26/25 28/27
f 81/83 89/93 36/35 30/29
f 95/95 96/96 94/97 93/98
f 97/99 98/100 96/96 95/95
f 99/101 100/102 98/100 97/99
f 98/100 104/103 94/97 96/96
f 102/104 104/103 98/100 100/102
f 105/105 91/106 92/107 106/108
f 95/95 93/98 91/106 105/105
f 97/99 95/95 105/105 107/109
f 108/110 111/111 110/112 109/113
f 112/114 108/110 109/113 113/115
f 110/112 111/111 115/116 114/117
f 116/118 115/116 111/111 108/110
f 117/119 116/118 108/110 112/114
f 76/78 61/60 62/59 118/120
f 118/120 62/59 120/121 119/122
f 132/123 42/124 739/125 43/126
f 122/127 123/128 76/78 118/120
f 124/129 122/127 118/120 119/122
f 129/130 132/123 43/126 128/131
f 123/132 129/130 128/131 121/133
f 76/78 123/128 121/133 114/134
f 129/130 123/132 122/127 130/135
f 114/117 115/116 77/79 76/78
f 130/135 122/127 124/129 125/136
f 131/137 132/123 129/130 130/135
f 126/138 131/137 130/135 125/136
f 133/139 107/109 105/105 106/108
f 120/121 62/59 66/63 134/140
f 134/140 66/63 57/66 101/141
f 739/125 183/142 162/143 43/126
f 137/144 42/124 132/123 131/137
f 127/145 137/144 131/137 126/138
f 133/139 99/101 97/99 107/109
f 139/146 106/108 92/107 138/147
f 140/148 133/139 106/108 139/146
f 101/141 102/104 100/102 134/140
f 119/122 120/121 99/101 133/139
f 120/121 134/140 100/102 99/101
f 133/139 140/148 124/129 119/122
f 137/144 141/149 41/150 42/124
f 137/144 127/145 135/151 141/149
f 142/152 143/153 85/89 75/87
f 143/153 144/154 87/91 85/89
f 144/154 136/155 88/92 87/91
f 147/156 145/157 146/158 148/159
f 149/160 147/156 148/159 150/161
f 151/162 149/160 150/161 152/163
f 156/164 157/165 109/113 110/112
f 157/165 158/166 113/115 109/113
f 157/167 148/159 146/158 158/168
f 156/169 150/161 148/159 157/167
f 121/133 156/164 110/112 114/134
f 159/170 156/164 121/133 128/131
f 159/171 152/163 150/161 156/169
f 192/172 195/173 206/174 161/175
f 43/126 162/143 159/170 128/131
f 162/176 161/177 152/163 159/171
f 168/178 167/179 163/180 164/181
f 169/182 168/178 164/181 165/183
f 170/184 169/182 165/183 166/185
f 172/186 171/187 167/179 168/178
f 173/188 172/186 168/178 169/182
f 174/189 173/188 169/182 170/184
f 175/190 176/191 174/189 170/184
f 177/192 175/190 170/184 166/185
f 178/193 179/194 39/54 44/53
f 211/52 180/195 178/193 44/53
f 179/194 181/196 38/55 39/54
f 749/197 182/198 40/199 740/200
f 45/201 183/142 739/125 160/202
f 182/198 183/142 45/201 40/199
f 186/203 178/193 180/195 184/204
f 172/186 187/205 185/206 171/187
f 752/207 186/203 184/204 755/208
f 188/209 179/194 178/193 186/203
f 173/188 189/210 187/205 172/186
f 175/190 177/192 751/211 750/212
f 754/213 188/209 186/203 752/207
f 744/214 191/215 182/198 749/197
f 192/172 161/216 162/143 183/142
f 191/215 192/172 183/142 182/198
f 188/209 190/217 181/196 179/194
f 743/218 194/219 191/215 744/214
f 194/219 195/173 192/172 191/215
f 196/220 193/221 190/217 188/209
f 753/222 196/220 188/209 754/213
f 742/223 198/224 194/219 743/218
f 198/224 199/225 195/173 194/219
f 200/226 197/227 193/221 196/220
f 750/228 200/226 196/220 753/222
f 741/229 202/230 198/224 742/223
f 202/230 203/231 199/225 198/224
f 204/232 201/233 197/227 200/226
f 751/211 204/232 200/226 750/212
f 750/228 753/222 176/191 175/190
f 189/210 173/188 174/189 176/191
f 176/191 753/222 754/213 189/210
f 187/205 189/210 754/213 752/207
f 152/163 161/177 206/234 151/162
f 208/235 206/174 195/173 199/225
f 209/236 208/235 199/225 203/231
f 763/237 762/238 213/239 212/240
f 764/241 763/237 212/240 210/242
f 765/243 151/162 206/234 764/244
f 766/245 765/246 155/247 154/248
f 767/249 766/245 154/248 153/250
f 214/43 215/251 154/248 155/44
f 154/248 215/251 217/252 153/250
f 215/251 268/253 757/254 217/252
f 226/255 222/256 219/257 224/258
f 228/259 231/260 230/261 229/262
f 229/262 230/261 233/263 232/264
f 232/264 233/263 235/265 234/266
f 236/267 228/259 229/262 237/268
f 237/268 229/262 232/264 238/269
f 238/269 232/264 234/266 239/270
f 278/271 756/272 757/273 288/274
f 216/275 724/276 756/277 289/278
f 262/279 261/280 770/281 248/282
f 293/283 330/284 564/285 241/286
f 292/287 293/283 241/286 716/288
f 241/286 563/289 715/290 716/288
f 243/291 248/282 770/281 245/292
f 250/293 249/42 210/41 212/240
f 251/294 250/293 212/240 213/239
f 262/295 263/296 255/297 252/298
f 235/265 252/299 253/300 234/266
f 253/301 254/302 257/303 256/304
f 234/266 253/300 256/304 239/270
f 258/305 227/306 226/307 259/308
f 231/260 258/305 259/308 230/261
f 259/308 226/307 224/258 260/309
f 230/261 259/308 260/309 233/263
f 225/310 224/258 219/257 220/311
f 233/263 260/309 261/312 235/265
f 220/311 246/313 245/314 225/310
f 235/265 261/312 262/279 252/299
f 248/282 247/315 263/296 262/279
f 243/291 244/316 247/315 248/282
f 265/317 255/297 263/296 264/318
f 267/319 268/253 215/251 214/43
f 264/318 263/296 247/315 266/320
f 697/321 704/322 690/323 689/324
f 254/302 270/325 271/326 257/303
f 690/323 704/322 709/327 712/328
f 250/293 251/294 271/329 270/330
f 278/331 689/332 695/333 280/334
f 691/335 697/336 288/337 286/338
f 280/334 264/318 266/320 278/331
f 692/339 691/335 286/338 285/340
f 282/341 265/317 264/318 280/334
f 712/328 708/342 702/343 690/323
f 690/323 702/343 695/333 689/324
f 283/344 272/345 265/317 282/341
f 285/340 286/338 268/253 267/319
f 249/42 250/293 270/330 269/346
f 269/346 272/347 273/348 249/42
f 249/42 273/348 267/319 214/43
f 695/333 694/349 282/341 280/334
f 694/349 693/350 283/344 282/341
f 266/320 247/315 244/316 289/351
f 266/320 289/351 756/277 278/331
f 290/352 293/283 292/287 291/353
f 294/354 290/352 291/353 295/355
f 296/356 294/354 295/355 297/357
f 298/358 296/356 297/357 299/359
f 300/360 298/358 299/359 301/361
f 302/362 300/360 301/361 303/363
f 304/364 302/362 303/363 305/365
f 306/366 291/353 292/287 307/367
f 308/368 295/355 291/353 306/366
f 309/369 297/357 295/355 308/368
f 310/370 299/359 297/357 309/369
f 311/371 301/361 299/359 310/370
f 312/372 303/363 301/361 311/371
f 313/373 305/365 303/363 312/372
f 314/374 306/366 307/367 315/375
f 316/376 308/368 306/366 314/374
f 317/377 309/369 308/368 316/376
f 318/378 310/370 309/369 317/377
f 319/379 311/371 310/370 318/378
f 320/380 312/372 311/371 319/379
f 321/381 313/373 312/372 320/380
f 322/382 314/374 315/375 323/383
f 324/384 316/376 314/374 322/382
f 325/385 317/377 316/376 324/384
f 326/386 318/378 317/377 325/385
f 327/387 319/379 318/378 326/386
f 328/388 320/380 319/379 327/387
f 329/389 321/381 320/380 328/388
f 330/284 293/283 290/352 331/390
f 331/390 290/352 294/354 332/391
f 332/391 294/354 296/356 333/392
f 333/392 296/356 298/358 334/393
f 334/393 298/358 300/360 335/394
f 335/394 300/360 302/362 336/395
f 336/395 302/362 304/364 337/396
f 338/397 339/398 322/382 323/383
f 339/398 340/399 324/384 322/382
f 340/399 341/400 325/385 324/384
f 341/400 342/401 326/386 325/385
f 342/401 343/402 327/387 326/386
f 343/402 344/403 328/388 327/387
f 344/403 345/404 329/389 328/388
f 346/405 347/406 277/407 284/408
f 347/406 348/409 276/410 277/407
f 348/409 349/411 274/412 276/410
f 350/413 275/414 274/412 349/411
f 351/415 354/416 353/417 352/418
f 355/419 352/418 353/417 356/420
f 357/421 358/422 354/416 351/415
f 359/423 360/424 358/422 357/421
f 361/425 362/426 360/424 359/423
f 363/427 364/428 362/426 361/425
f 365/429 362/426 364/428 366/430
f 367/431 360/424 362/426 365/429
f 368/432 358/422 360/424 367/431
f 369/433 354/416 358/422 368/432
f 370/434 353/417 354/416 369/433
f 371/435 356/420 353/417 370/434
f 372/436 363/427 361/425 373/437
f 373/437 361/425 359/423 374/438
f 374/438 359/423 357/421 375/439
f 375/439 357/421 351/415 376/440
f 376/440 351/415 352/418 377/441
f 377/441 352/418 355/419 378/442
f 379/443 374/444 375/445 380/446
f 380/446 375/445 376/447 381/448
f 381/448 376/447 377/449 382/450
f 382/450 377/449 378/451 383/452
f 384/453 379/443 380/446 385/454
f 385/454 380/446 381/448 386/455
f 386/455 381/448 382/450 387/456
f 387/456 382/450 383/452 388/457
f 388/457 371/458 370/459 387/456
f 387/456 370/459 369/460 386/455
f 386/455 369/460 368/461 385/454
f 385/454 368/461 367/462 384/453
f 389/463 392/464 391/465 390/466
f 393/467 394/468 392/464 389/463
f 395/469 396/470 394/468 393/467
f 397/471 398/472 396/470 395/469
f 399/473 400/474 398/472 397/471
f 401/475 402/476 400/474 399/473
f 403/477 404/478 389/463 390/466
f 404/478 405/479 393/467 389/463
f 405/479 406/480 395/469 393/467
f 406/480 407/481 397/471 395/469
f 407/481 408/482 399/473 397/471
f 408/482 409/483 401/475 399/473
f 410/484 411/485 404/486 403/487
f 411/485 412/488 405/489 404/486
f 412/488 413/490 406/491 405/489
f 413/490 414/492 407/493 406/491
f 414/492 415/494 408/495 407/493
f 415/494 416/496 409/497 408/495
f 417/498 418/499 411/485 410/484
f 418/499 419/500 412/488 411/485
f 419/500 420/501 413/490 412/488
f 420/501 421/502 414/492 413/490
f 421/502 422/503 415/494 414/492
f 422/503 423/504 416/496 415/494
f 424/505 425/506 400/474 402/476
f 425/506 426/507 398/472 400/474
f 426/507 427/508 396/470 398/472
f 427/508 428/509 394/468 396/470
f 428/509 429/510 392/464 394/468
f 429/510 430/511 391/465 392/464
f 429/512 418/499 417/498 430/513
f 428/514 419/500 418/499 429/512
f 427/515 420/501 419/500 428/514
f 426/516 421/502 420/501 427/515
f 425/517 422/503 421/502 426/516
f 424/518 423/504 422/503 425/517
f 431/519 434/520 433/521 432/522
f 431/519 432/522 436/523 435/524
f 437/525 435/524 436/523 438/526
f 437/525 438/526 440/527 439/528
f 441/529 439/528 440/527 442/530
f 443/531 441/529 442/530 444/532
f 445/533 441/529 443/531 446/534
f 447/535 439/528 441/529 445/533
f 448/536 437/525 439/528 447/535
f 449/537 435/524 437/525 448/536
f 450/538 431/519 435/524 449/537
f 451/539 434/520 431/519 450/538
f 452/540 444/532 442/530 453/541
f 453/541 442/530 440/527 454/542
f 454/542 440/527 438/526 455/543
f 455/543 438/526 436/523 456/544
f 456/544 436/523 432/522 457/545
f 457/545 432/522 433/521 458/546
f 459/547 445/548 446/549 460/550
f 461/551 447/552 445/548 459/547
f 462/553 448/554 447/552 461/551
f 463/555 449/556 448/554 462/553
f 464/557 450/558 449/556 463/555
f 465/559 451/560 450/558 464/557
f 466/561 459/547 460/550 467/562
f 468/563 461/551 459/547 466/561
f 469/564 462/553 461/551 468/563
f 470/565 463/555 462/553 469/564
f 471/566 464/557 463/555 470/565
f 472/567 465/559 464/557 471/566
f 467/562 452/568 453/569 466/561
f 468/563 466/561 453/569 454/570
f 469/564 468/563 454/570 455/571
f 470/565 469/564 455/571 456/572
f 471/566 470/565 456/572 457/573
f 472/567 471/566 457/573 458/574
f 473/575 476/576 475/577 474/578
f 477/579 478/580 476/576 473/575
f 479/581 480/582 478/580 477/579
f 481/583 482/584 480/582 479/581
f 483/585 484/586 482/584 481/583
f 485/587 486/588 484/586 483/585
f 487/589 490/590 489/591 488/592
f 491/593 492/594 490/590 487/589
f 493/595 494/596 492/594 491/593
f 495/597 496/598 494/596 493/595
f 497/599 498/600 496/598 495/597
f 499/601 500/602 498/600 497/599
f 501/603 502/604 473/575 474/578
f 502/604 503/605 477/579 473/575
f 503/605 504/606 479/581 477/579
f 504/606 505/607 481/583 479/581
f 505/607 506/608 483/585 481/583
f 506/608 507/609 485/587 483/585
f 508/610 509/611 475/577 476/576
f 510/612 508/610 476/576 478/580
f 511/613 510/612 478/580 480/582
f 512/614 511/613 480/582 482/584
f 513/615 512/614 482/584 484/586
f 514/616 513/615 484/586 486/588
f 515/617 516/618 509/619 508/620
f 517/621 515/617 508/620 510/622
f 518/623 517/621 510/622 511/624
f 519/625 518/623 511/624 512/626
f 520/627 519/625 512/626 513/628
f 521/629 520/627 513/628 514/630
f 522/631 523/632 516/618 515/617
f 524/633 522/631 515/617 517/621
f 525/634 524/633 517/621 518/623
f 526/635 525/634 518/623 519/625
f 527/636 526/635 519/625 520/627
f 528/637 527/636 520/627 521/629
f 522/631 502/638 501/639 523/632
f 524/633 503/640 502/638 522/631
f 525/634 504/641 503/640 524/633
f 526/635 505/642 504/641 525/634
f 527/636 506/643 505/642 526/635
f 528/637 507/644 506/643 527/636
f 529/645 530/646 489/591 490/590
f 531/647 529/645 490/590 492/594
f 532/648 531/647 492/594 494/596
f 533/649 532/648 494/596 496/598
f 534/650 533/649 496/598 498/600
f 535/651 534/650 498/600 500/602
f 536/652 537/653 487/589 488/592
f 537/653 538/654 491/593 487/589
f 538/654 539/655 493/595 491/593
f 539/655 540/656 495/597 493/595
f 540/656 541/657 497/599 495/597
f 541/657 542/658 499/601 497/599
f 543/659 544/660 530/646 529/645
f 545/661 543/659 529/645 531/647
f 546/662 545/661 531/647 532/648
f 547/663 546/662 532/648 533/649
f 548/664 547/663 533/649 534/650
f 549/665 548/664 534/650 535/651
f 550/666 551/667 544/660 543/659
f 552/668 550/666 543/659 545/661
f 553/669 552/668 545/661 546/662
f 554/670 553/669 546/662 547/663
f 555/671 554/670 547/663 548/664
f 556/672 555/671 548/664 549/665
f 550/666 537/673 536/674 551/667
f 552/668 538/675 537/673 550/666
f 553/669 539/676 538/675 552/668
f 554/670 540/677 539/676 553/669
f 555/671 541/678 540/677 554/670
f 556/672 542/679 541/678 555/671
f 557/680 558/681 279/682 275/683
f 558/681 557/680 363/427 372/436
f 559/684 557/680 275/683 350/413
f 557/680 559/684 364/428 363/427
f 560/685 366/430 364/428 559/684
f 378/442 355/419 356/420 371/435
f 388/457 383/452 378/451 371/458
f 403/477 390/466 391/465 430/511
f 417/498 410/484 403/487 430/513
f 446/534 443/531 444/532 452/540
f 467/562 460/550 446/549 452/568
f 501/603 474/578 475/577 509/611
f 523/632 501/639 509/619 516/618
f 536/652 488/592 489/591 530/646
f 551/667 536/674 530/646 544/660
f 565/686 715/290 563/289 561/687
f 565/686 561/687 223/688 227/689
f 227/306 223/688 222/256 226/307
f 566/690 567/691 258/305 231/260
f 567/691 565/686 227/689 258/305
f 568/692 569/693 323/383 315/375
f 569/693 570/694 338/397 323/383
f 228/259 571/695 566/690 231/260
f 572/696 573/697 569/693 568/692
f 573/697 574/698 570/694 569/693
f 576/699 571/695 228/259 236/267
f 566/690 571/695 573/697 572/696
f 571/695 576/699 574/698 573/697
f 577/700 339/398 338/397 578/701
f 331/390 577/702 578/703 330/284
f 579/704 340/399 339/398 577/700
f 332/391 579/705 577/702 331/390
f 580/706 341/400 340/399 579/704
f 333/392 580/707 579/705 332/391
f 581/708 342/401 341/400 580/706
f 334/393 581/709 580/707 333/392
f 582/710 343/402 342/401 581/708
f 335/394 582/711 581/709 334/393
f 583/712 344/403 343/402 582/710
f 336/395 583/713 582/711 335/394
f 584/714 345/404 344/403 583/712
f 337/396 584/715 583/713 336/395
f 585/716 564/285 330/284 578/703
f 570/694 585/717 578/701 338/397
f 586/718 587/719 304/720 305/721
f 588/722 589/723 587/719 586/718
f 590/724 337/725 304/720 587/719
f 591/726 590/724 587/719 589/723
f 592/727 593/728 321/729 329/730
f 594/731 592/732 329/733 345/734
f 595/735 596/736 593/737 592/738
f 597/739 595/735 592/738 594/731
f 598/740 313/741 321/742 593/728
f 599/743 598/744 593/737 596/736
f 600/745 305/746 313/747 598/740
f 601/748 600/749 598/744 599/743
f 600/745 602/750 586/718 305/751
f 601/748 603/752 602/753 600/749
f 602/750 604/754 588/722 586/718
f 603/752 605/755 604/756 602/753
f 606/757 594/731 345/734 584/758
f 590/724 606/757 584/758 337/725
f 607/759 597/739 594/731 606/757
f 608/760 607/759 606/757 590/724
f 609/761 608/760 590/724 591/726
f 610/762 613/763 612/764 611/765
f 613/763 615/766 614/767 612/764
f 616/768 610/769 611/770 617/771
f 618/772 595/735 597/739 607/759
f 619/773 618/772 607/759 608/760
f 620/774 619/773 608/760 609/761
f 621/775 622/776 619/773 620/774
f 621/775 605/755 603/752 622/776
f 623/777 589/723 588/722 624/778
f 612/779 623/777 624/778 611/780
f 625/781 591/726 589/723 623/777
f 614/767 625/781 623/777 612/779
f 626/782 617/783 611/780 624/778
f 604/754 626/784 624/778 588/722
f 627/785 616/768 617/771 626/786
f 605/755 627/785 626/786 604/756
f 628/787 609/761 591/726 625/781
f 615/766 628/787 625/781 614/767
f 629/788 620/774 609/761 628/787
f 613/763 629/788 628/787 615/766
f 630/789 621/775 620/774 629/788
f 610/762 630/789 629/788 613/763
f 627/785 605/755 621/775 630/789
f 616/768 627/785 630/789 610/762
f 631/790 632/791 514/616 486/588
f 632/791 631/790 499/601 542/658
f 633/792 634/793 458/546 433/521
f 634/793 633/792 485/587 507/609
f 635/794 636/795 424/505 402/476
f 636/795 635/794 434/520 451/539
f 636/796 637/797 423/504 424/518
f 637/797 636/796 451/560 465/559
f 634/798 638/799 472/567 458/574
f 638/799 634/798 507/644 528/637
f 632/800 639/801 521/629 514/630
f 632/800 542/679 556/672 639/801
f 640/802 641/803 401/475 409/483
f 642/804 366/430 560/685 643/805
f 641/803 635/794 402/476 401/475
f 635/794 633/792 433/521 434/520
f 633/792 631/790 486/588 485/587
f 631/790 644/806 500/602 499/601
f 645/807 349/411 348/409 646/808
f 646/808 348/409 347/406 647/809
f 647/809 347/406 346/405 648/810
f 643/811 350/413 349/411 645/807
f 560/685 559/684 350/413 643/805
f 650/812 535/651 500/602 644/806
f 649/813 651/814 648/810 346/405
f 638/799 528/637 521/629 639/801
f 638/799 637/797 465/559 472/567
f 416/496 652/815 640/816 409/497
f 653/817 365/818 366/819 642/820
f 652/815 416/496 423/504 637/797
f 654/821 655/822 372/823 373/824
f 379/443 654/821 373/824 374/444
f 656/825 281/826 279/682 558/681
f 655/827 656/825 558/681 372/436
f 653/817 384/453 367/462 365/818
f 658/828 657/829 281/826 656/825
f 659/830 641/803 640/802 660/831
f 643/805 659/830 660/831 642/804
f 661/832 645/807 646/808 662/833
f 635/794 661/832 662/833 633/792
f 662/833 646/808 647/809 663/834
f 633/792 662/833 663/834 631/790
f 663/834 647/809 648/810 664/835
f 631/790 663/834 664/835 644/806
f 659/830 643/805 645/807 661/832
f 641/803 659/830 661/832 635/794
f 665/836 650/812 644/806 664/835
f 651/814 665/836 664/835 648/810
f 666/837 653/817 642/820 660/838
f 652/815 666/837 660/838 640/816
f 667/839 637/797 638/799 668/840
f 669/841 667/839 668/840 670/842
f 666/837 652/815 637/797 667/839
f 653/817 666/837 667/839 669/841
f 668/840 638/799 639/801 671/843
f 670/842 668/840 671/843 672/844
f 654/821 379/443 384/453 653/817
f 673/845 549/665 535/651 650/812
f 674/846 673/845 650/812 665/836
f 675/847 674/846 665/836 651/814
f 676/848 675/847 651/814 649/813
f 673/845 639/801 556/672 549/665
f 674/846 671/843 639/801 673/845
f 674/846 675/847 672/844 671/843
f 677/849 678/850 655/822 654/821
f 678/851 658/828 656/825 655/827
f 677/849 654/821 653/817 669/841
f 679/852 680/853 670/842 672/844
f 680/853 677/849 669/841 670/842
f 676/848 679/852 672/844 675/847
f 680/853 679/852 678/850 677/849
f 676/854 658/828 678/851 679/855
f 27/26 682/856 681/857 29/28
f 23/24 683/858 682/856 27/26
f 24/23 684/859 683/858 23/24
f 33/30 686/860 685/861 32/31
f 35/34 687/862 684/859 24/23
f 32/31 685/861 687/862 35/34
f 37/36 688/863 686/860 33/30
f 29/28 681/857 688/863 37/36
f 272/347 283/864 287/865 273/348
f 283/864 693/866 696/867 287/865
f 692/339 699/868 698/869 691/335
f 252/299 255/297 254/302 253/300
f 265/317 272/345 269/870 255/297
f 269/870 270/325 254/302 255/297
f 694/349 701/871 700/872 693/350
f 693/866 700/873 703/874 696/867
f 691/335 698/869 704/322 697/336
f 695/333 702/343 701/871 694/349
f 703/874 700/873 711/875 706/876
f 707/877 709/327 704/322 698/869
f 705/878 707/877 698/869 699/868
f 708/342 710/879 701/871 702/343
f 657/880 649/813 346/405 284/408
f 273/348 287/865 285/340 267/319
f 285/340 287/865 696/867 692/339
f 699/868 692/339 696/867 703/874
f 706/876 705/878 699/868 703/874
f 279/881 281/882 712/328 709/327
f 275/883 279/881 709/327 707/877
f 710/879 711/884 700/872 701/871
f 274/885 275/883 707/877 705/878
f 705/878 706/876 276/886 274/885
f 288/274 697/336 689/324 278/271
f 706/876 711/875 277/887 276/886
f 281/882 657/888 708/342 712/328
f 710/879 708/342 657/888 284/889
f 572/696 713/890 567/691 566/690
f 714/891 568/692 315/375 307/367
f 714/891 713/890 572/696 568/692
f 714/891 716/288 715/290 713/890
f 565/686 567/691 713/890 715/290
f 716/288 714/891 307/367 292/287
f 711/884 710/879 284/892 277/893
f 657/829 658/828 676/854 649/894
f 622/776 717/895 618/772 619/773
f 601/748 717/895 622/776 603/752
f 595/735 618/772 717/895 596/736
f 717/895 601/748 599/743 596/736
f 736/74 729/896 728/897 737/75
f 71/72 733/898 734/899 70/71
f 73/900 731/901 729/896 736/74
f 72/77 732/902 731/901 73/76
f 738/73 727/903 733/898 71/72
f 737/75 728/897 727/903 738/73
f 69/68 73/76 736/74 64/62
f 737/75 738/73 63/58 60/57
f 103/904 104/103 102/104 720/905
f 78/81 79/80 116/118 117/119
f 115/116 116/118 79/80 77/79
f 185/206 187/205 752/207 755/208
f 135/906 136/907 185/206 755/208
f 758/908 722/909 761/910 153/911
f 289/278 244/316 242/912 216/275
f 756/272 724/276 217/252 757/273
f 207/49 41/913 180/195 211/52
f 41/150 141/149 184/204 180/195
f 740/200 40/199 50/914 745/45
f 40/199 45/201 51/915 50/914
f 50/914 51/915 746/46 745/45
f 54/916 51/915 45/201 160/202
f 54/916 747/47 746/46 51/915
f 747/47 54/916 160/202 748/48
f 181/196 749/197 740/200 38/55
f 190/217 744/214 749/197 181/196
f 193/221 743/218 744/214 190/217
f 197/227 742/223 743/218 193/221
f 201/233 741/229 742/223 197/227
f 207/49 748/48 42/124 41/913
f 160/202 739/125 42/124 748/48
f 88/92 136/155 135/906 127/145
f 80/82 88/92 127/145 126/138
f 126/138 125/136 81/83 80/82
f 125/136 124/129 89/93 81/83
f 124/129 140/148 90/94 89/93
f 82/84 90/94 140/148 139/146
f 755/208 184/204 141/149 135/906
f 74/86 82/84 139/146 138/147
f 171/187 185/206 136/907 144/154
f 167/179 171/187 144/154 143/153
f 163/180 167/179 143/153 142/152
f 286/338 288/337 757/273 268/253
f 153/250 217/252 724/276 758/908
f 760/917 758/908 724/276 216/275
f 760/917 216/275 242/912 240/918
f 769/919 767/249 153/250 761/910
f 208/920 209/921 762/238 763/237
f 206/234 208/920 763/237 764/244
f 155/247 765/246 764/244 210/41
f 149/160 151/162 765/243 766/245
f 147/156 149/160 766/245 767/249
f 145/157 147/156 767/249 769/919
f 225/310 771/922 260/309 224/258
f 771/922 770/281 261/280 260/309
f 245/292 770/281 771/922 225/310
f 793/923 759/924 758/908 760/917
f 777/925 778/926 203/231 202/230
f 779/927 209/236 203/231 778/926
f 780/928 574/698 576/699 575/929
f 780/928 781/930 570/694 574/698
f 781/930 782/931 585/717 570/694
f 783/932 730/933 732/902 72/77
f 70/71 734/899 735/934 774/935
f 72/77 58/70 718/936 783/932
f 91/106 719/937 776/938 92/107
f 776/938 721/939 138/147 92/107
f 165/183 164/181 723/940 785/941
f 219/257 787/942 218/943 220/311
f 222/256 221/944 787/942 219/257
f 223/688 788/945 221/944 222/256
f 564/285 792/946 789/947 241/286
f 725/948 237/268 238/269 790/949
f 561/687 562/950 788/945 223/688
f 782/951 792/946 564/285 585/716
f 775/952 74/86 138/147 721/939
f 797/953 798/954 796/955 794/956
f 240/918 242/912 798/954 797/953
f 798/954 242/912 244/316 243/291
f 243/291 245/292 796/955 798/954
f 796/955 245/292 246/313 794/956
f 801/957 800/958 806/959 807/960
f 803/961 808/962 809/963 804/964
f 805/965 810/966 808/962 803/961
f 801/957 807/960 810/966 805/965
f 811/967 809/963 808/962 812/968
f 812/968 808/962 810/966 813/969
f 813/969 810/966 807/960 814/970
f 814/970 807/960 806/959 815/971
f 816/972 811/967 812/968 817/973
f 817/973 812/968 813/969 818/974
f 818/974 813/969 814/970 819/975
f 819/975 814/970 815/971 820/976
f 821/977 816/972 817/973 822/978
f 820/976 815/971 806/959 800/958
f 823/979 824/980 825/981 826/982
f 827/983 828/984 824/980 823/979
f 829/985 830/986 828/984 827/983
f 831/987 832/988 833/989 834/990
f 835/991 826/982 825/981 836/992
f 832/988 835/991 836/992 833/989
f 837/993 831/987 834/990 838/994
f 829/985 837/993 838/994 830/986
f 847/995 848/996 849/997 850/998
f 1011/999 955/1000 1015/1001 1048/1002
f 1540/1003 850/998 849/997 1541/1004
f 1542/1005 854/1006 1008/1007 1543/1008
f 853/1009 1012/1010 1008/1007 854/1006
f 853/1009 854/1006 849/997 848/996
f 848/996 845/1011 1012/1010 853/1009
f 847/995 840/1012 845/1011 848/996
f 1542/1005 1541/1004 849/997 854/1006
f 850/998 839/1013 840/1012 847/995
f 1535/1014 839/1013 850/998 1540/1003
f 860/1015 861/1016 862/1017 863/1018
f 860/1015 864/1019 865/1020 861/1016
f 866/1021 857/1022 856/1023 867/1024
f 862/1017 866/1021 867/1024 863/1018
f 868/1025 865/1020 864/1019 869/1026
f 859/1027 868/1025 869/1026 858/1028
f 870/1029 871/1030 867/1024 856/1023
f 863/1018 867/1024 871/1030 1533/1031
f 860/1015 1532/1032 1531/1033 864/1019
f 873/1034 872/1035 858/1028 869/1026
f 877/1036 861/1016 865/1020 878/1037
f 878/1037 865/1020 868/1025 880/1038
f 880/1038 868/1025 859/1027 879/1039
f 881/1040 832/988 831/987 882/1041
f 883/1042 827/983 823/979 884/1043
f 875/1044 883/1042 884/1043 876/1045
f 884/1043 823/979 826/982 885/1046
f 876/1045 884/1043 885/1046 886/1047
f 885/1046 826/982 835/991 887/1048
f 886/1047 885/1046 887/1048 888/1049
f 887/1048 835/991 832/988 881/1040
f 888/1049 887/1048 881/1040 889/1050
f 890/1051 837/993 829/985 891/1052
f 891/1052 829/985 827/983 883/1042
f 882/1041 831/987 837/993 890/1051
f 896/1053 894/1054 895/1055 897/1056
f 898/1057 896/1053 897/1056 899/1058
f 900/1059 898/1057 899/1058 901/1060
f 899/1058 897/1056 895/1055 904/1061
f 903/1062 901/1060 899/1058 904/1061
f 905/1063 906/1064 893/1065 892/1066
f 896/1053 905/1063 892/1066 894/1054
f 898/1057 907/1067 905/1063 896/1053
f 908/1068 909/1069 910/1070 911/1071
f 912/1072 913/1073 909/1069 908/1068
f 910/1070 914/1074 915/1075 911/1071
f 916/1076 908/1068 911/1071 915/1075
f 917/1077 912/1072 908/1068 916/1076
f 877/1036 918/1078 862/1017 861/1016
f 918/1078 919/1079 920/1080 862/1017
f 932/1081 844/1082 1534/1083 843/1084
f 922/1085 918/1078 877/1036 923/1086
f 924/1087 919/1079 918/1078 922/1085
f 929/1088 928/1089 844/1082 932/1081
f 923/1090 921/1091 928/1089 929/1088
f 877/1036 914/1092 921/1091 923/1086
f 929/1088 930/1093 922/1085 923/1090
f 914/1092 877/1036 878/1037 915/1075
f 930/1093 925/1094 924/1087 922/1085
f 931/1095 930/1093 929/1088 932/1081
f 926/1096 925/1094 930/1093 931/1095
f 933/1097 906/1064 905/1063 907/1067
f 920/1080 934/1098 866/1021 862/1017
f 934/1098 902/1099 857/1022 866/1021
f 1534/1083 844/1082 963/1100 985/1101
f 937/1102 931/1095 932/1081 843/1084
f 927/1103 926/1096 931/1095 937/1102
f 933/1097 907/1067 898/1057 900/1059
f 939/1104 938/1105 893/1065 906/1064
f 940/1106 939/1104 906/1064 933/1097
f 902/1099 934/1098 901/1060 903/1062
f 919/1079 933/1097 900/1059 920/1080
f 920/1080 900/1059 901/1060 934/1098
f 933/1097 919/1079 924/1087 940/1106
f 937/1102 843/1084 842/1107 941/1108
f 937/1102 941/1108 935/1109 927/1103
f 942/1110 876/1045 886/1047 943/1111
f 943/1111 886/1047 888/1049 944/1112
f 944/1112 888/1049 889/1050 936/1113
f 947/1114 948/1115 946/1116 945/1117
f 949/1118 950/1119 948/1115 947/1114
f 951/1120 952/1121 950/1119 949/1118
f 956/1122 910/1070 909/1069 957/1123
f 957/1123 909/1069 913/1073 958/1124
f 957/1125 958/1126 946/1116 948/1115
f 956/1127 957/1125 948/1115 950/1119
f 921/1091 914/1092 910/1070 956/1122
f 960/1128 928/1089 921/1091 956/1122
f 960/1129 956/1127 950/1119 952/1121
f 994/1130 962/1131 1007/1132 997/1133
f 844/1082 928/1089 960/1128 963/1100
f 963/1134 960/1129 952/1121 962/1135
f 970/1136 966/1137 965/1138 969/1139
f 971/1140 967/1141 966/1137 970/1136
f 972/1142 968/1143 967/1141 971/1140
f 974/1144 970/1136 969/1139 973/1145
f 975/1146 971/1140 970/1136 974/1144
f 976/1147 972/1142 971/1140 975/1146
f 977/1148 972/1142 976/1147 978/1149
f 979/1150 968/1143 972/1142 977/1148
f 980/1151 845/1011 840/1012 981/1152
f 1012/1010 845/1011 980/1151 982/1153
f 981/1152 840/1012 839/1013 983/1154
f 1544/1155 1535/1156 841/1157 984/1158
f 846/1159 961/1160 1534/1083 985/1101
f 984/1158 841/1157 846/1159 985/1101
f 988/1161 986/1162 982/1153 980/1151
f 974/1144 973/1145 987/1163 989/1164
f 1549/1165 1552/1166 986/1162 988/1161
f 990/1167 988/1161 980/1151 981/1152
f 975/1146 974/1144 989/1164 991/1168
f 977/1148 1547/1169 1548/1170 979/1150
f 1551/1171 1549/1165 988/1161 990/1167
f 1539/1172 1544/1155 984/1158 993/1173
f 994/1130 985/1101 963/1100 962/1174
f 993/1173 984/1158 985/1101 994/1130
f 990/1167 981/1152 983/1154 992/1175
f 1538/1176 1539/1172 993/1173 996/1177
f 996/1177 993/1173 994/1130 997/1133
f 998/1178 990/1167 992/1175 995/1179
f 1550/1180 1551/1171 990/1167 998/1178
f 1537/1181 1538/1176 996/1177 1000/1182
f 1000/1182 996/1177 997/1133 1001/1183
f 1002/1184 998/1178 995/1179 999/1185
f 1547/1186 1550/1180 998/1178 1002/1184
f 1536/1187 1537/1181 1000/1182 1004/1188
f 1004/1188 1000/1182 1001/1183 1005/1189
f 1006/1190 1002/1184 999/1185 1003/1191
f 1548/1170 1547/1169 1002/1184 1006/1190
f 1547/1186 977/1148 978/1149 1550/1180
f 991/1168 978/1149 976/1147 975/1146
f 978/1149 991/1168 1551/1171 1550/1180
f 989/1164 1549/1165 1551/1171 991/1168
f 952/1121 951/1120 1007/1192 962/1135
f 1009/1193 1001/1183 997/1133 1007/1132
f 1010/1194 1005/1189 1001/1183 1009/1193
f 1561/1195 1013/1196 1014/1197 1560/1198
f 1562/1199 1011/1200 1013/1196 1561/1195
f 1563/1201 1562/1202 1007/1192 951/1120
f 1564/1203 954/1204 955/1205 1563/1206
f 1565/1207 953/1208 954/1204 1564/1203
f 1015/1001 955/1000 954/1204 1016/1209
f 954/1204 953/1208 1018/1210 1016/1209
f 1016/1209 1018/1210 1554/1211 1070/1212
f 1025/1213 1023/1214 1019/1215 1021/1216
f 1027/1217 1028/1218 1029/1219 1030/1220
f 1028/1218 1031/1221 1032/1222 1029/1219
f 1031/1221 1033/1223 1034/1224 1032/1222
f 1035/1225 1036/1226 1028/1218 1027/1217
f 1036/1226 1037/1227 1031/1221 1028/1218
f 1037/1227 1038/1228 1033/1223 1031/1221
f 1080/1229 1090/1230 1554/1231 1553/1232
f 1017/1233 1091/1234 1553/1235 1522/1236
f 1064/1237 1047/1238 1567/1239 1063/1240
f 1095/1241 1040/1242 1365/1243 1132/1244
f 1094/1245 1516/1246 1040/1242 1095/1241
f 1040/1242 1516/1246 1515/1247 1364/1248
f 1042/1249 1044/1250 1567/1239 1047/1238
f 1049/1251 1013/1196 1011/1200 1048/1002
f 1050/1252 1014/1197 1013/1196 1049/1251
f 1064/1253 1053/1254 1056/1255 1065/1256
f 1034/1224 1033/1223 1054/1257 1053/1258
f 1054/1259 1057/1260 1058/1261 1055/1262
f 1033/1223 1038/1228 1057/1260 1054/1257
f 1060/1263 1061/1264 1025/1265 1026/1266
f 1030/1220 1029/1219 1061/1264 1060/1263
f 1061/1264 1062/1267 1023/1214 1025/1265
f 1029/1219 1032/1222 1062/1267 1061/1264
f 1024/1268 1020/1269 1019/1215 1023/1214
f 1032/1222 1034/1224 1063/1270 1062/1267
f 1020/1269 1024/1268 1044/1271 1045/1272
f 1034/1224 1053/1258 1064/1253 1063/1270
f 1047/1238 1064/1237 1065/1256 1046/1273
f 1042/1249 1047/1238 1046/1273 1043/1274
f 1067/1275 1066/1276 1065/1256 1056/1255
f 1069/1277 1015/1001 1016/1209 1070/1212
f 1066/1276 1068/1278 1046/1273 1065/1256
f 1497/1279 1489/1280 1490/1281 1504/1282
f 1055/1262 1058/1261 1073/1283 1072/1284
f 1490/1281 1512/1285 1509/1286 1504/1282
f 1049/1251 1072/1287 1073/1288 1050/1252
f 1080/1289 1082/1290 1495/1291 1489/1292
f 1491/1293 1088/1294 1090/1295 1497/1296
f 1082/1290 1080/1289 1068/1278 1066/1276
f 1492/1297 1087/1298 1088/1294 1491/1293
f 1084/1299 1082/1290 1066/1276 1067/1275
f 1512/1285 1490/1281 1502/1300 1508/1301
f 1490/1281 1489/1280 1495/1291 1502/1300
f 1085/1302 1084/1299 1067/1275 1074/1303
f 1087/1298 1069/1277 1070/1212 1088/1294
f 1048/1002 1071/1304 1072/1287 1049/1251
f 1071/1304 1048/1002 1075/1305 1074/1306
f 1048/1002 1015/1001 1069/1277 1075/1305
f 1495/1291 1082/1290 1084/1299 1494/1307
f 1494/1307 1084/1299 1085/1302 1493/1308
f 1068/1278 1091/1309 1043/1274 1046/1273
f 1068/1278 1080/1289 1553/1232 1091/1309
f 1092/1310 1093/1311 1094/1245 1095/1241
f 1096/1312 1097/1313 1093/1311 1092/1310
f 1098/1314 1099/1315 1097/1313 1096/1312
f 1100/1316 1101/1317 1099/1315 1098/1314
f 1102/1318 1103/1319 1101/1317 1100/1316
f 1104/1320 1105/1321 1103/1319 1102/1318
f 1106/1322 1107/1323 1105/1321 1104/1320
f 1108/1324 1109/1325 1094/1245 1093/1311
f 1110/1326 1108/1324 1093/1311 1097/1313
f 1111/1327 1110/1326 1097/1313 1099/1315
f 1112/1328 1111/1327 1099/1315 1101/1317
f 1113/1329 1112/1328 1101/1317 1103/1319
f 1114/1330 1113/1329 1103/1319 1105/1321
f 1115/1331 1114/1330 1105/1321 1107/1323
f 1116/1332 1117/1333 1109/1325 1108/1324
f 1118/1334 1116/1332 1108/1324 1110/1326
f 1119/1335 1118/1334 1110/1326 1111/1327
f 1120/1336 1119/1335 1111/1327 1112/1328
f 1121/1337 1120/1336 1112/1328 1113/1329
f 1122/1338 1121/1337 1113/1329 1114/1330
f 1123/1339 1122/1338 1114/1330 1115/1331
f 1124/1340 1125/1341 1117/1333 1116/1332
f 1126/1342 1124/1340 1116/1332 1118/1334
f 1127/1343 1126/1342 1118/1334 1119/1335
f 1128/1344 1127/1343 1119/1335 1120/1336
f 1129/1345 1128/1344 1120/1336 1121/1337
f 1130/1346 1129/1345 1121/1337 1122/1338
f 1131/1347 1130/1346 1122/1338 1123/1339
f 1132/1244 1133/1348 1092/1310 1095/1241
f 1133/1348 1134/1349 1096/1312 1092/1310
f 1134/1349 1135/1350 1098/1314 1096/1312
f 1135/1350 1136/1351 1100/1316 1098/1314
f 1136/1351 1137/1352 1102/1318 1100/1316
f 1137/1352 1138/1353 1104/1320 1102/1318
f 1138/1353 1139/1354 1106/1322 1104/1320
f 1140/1355 1125/1341 1124/1340 1141/1356
f 1141/1356 1124/1340 1126/1342 1142/1357
f 1142/1357 1126/1342 1127/1343 1143/1358
f 1143/1358 1127/1343 1128/1344 1144/1359
f 1144/1359 1128/1344 1129/1345 1145/1360
f 1145/1360 1129/1345 1130/1346 1146/1361
f 1146/1361 1130/1346 1131/1347 1147/1362
f 1148/1363 1086/1364 1079/1365 1149/1366
f 1149/1366 1079/1365 1078/1367 1150/1368
f 1150/1368 1078/1367 1076/1369 1151/1370
f 1152/1371 1151/1370 1076/1369 1077/1372
f 1153/1373 1154/1374 1155/1375 1156/1376
f 1157/1377 1158/1378 1155/1375 1154/1374
f 1159/1379 1153/1373 1156/1376 1160/1380
f 1161/1381 1159/1379 1160/1380 1162/1382
f 1163/1383 1161/1381 1162/1382 1164/1384
f 1165/1385 1163/1383 1164/1384 1166/1386
f 1167/1387 1168/1388 1166/1386 1164/1384
f 1169/1389 1167/1387 1164/1384 1162/1382
f 1170/1390 1169/1389 1162/1382 1160/1380
f 1171/1391 1170/1390 1160/1380 1156/1376
f 1172/1392 1171/1391 1156/1376 1155/1375
f 1173/1393 1172/1392 1155/1375 1158/1378
f 1174/1394 1175/1395 1163/1383 1165/1385
f 1175/1395 1176/1396 1161/1381 1163/1383
f 1176/1396 1177/1397 1159/1379 1161/1381
f 1177/1397 1178/1398 1153/1373 1159/1379
f 1178/1398 1179/1399 1154/1374 1153/1373
f 1179/1399 1180/1400 1157/1377 1154/1374
f 1181/1401 1182/1402 1177/1403 1176/1404
f 1182/1402 1183/1405 1178/1406 1177/1403
f 1183/1405 1184/1407 1179/1408 1178/1406
f 1184/1407 1185/1409 1180/1410 1179/1408
f 1186/1411 1187/1412 1182/1402 1181/1401
f 1187/1412 1188/1413 1183/1405 1182/1402
f 1188/1413 1189/1414 1184/1407 1183/1405
f 1189/1414 1190/1415 1185/1409 1184/1407
f 1190/1415 1189/1414 1172/1416 1173/1417
f 1189/1414 1188/1413 1171/1418 1172/1416
f 1188/1413 1187/1412 1170/1419 1171/1418
f 1187/1412 1186/1411 1169/1420 1170/1419
f 1191/1421 1192/1422 1193/1423 1194/1424
f 1195/1425 1191/1421 1194/1424 1196/1426
f 1197/1427 1195/1425 1196/1426 1198/1428
f 1199/1429 1197/1427 1198/1428 1200/1430
f 1201/1431 1199/1429 1200/1430 1202/1432
f 1203/1433 1201/1431 1202/1432 1204/1434
f 1205/1435 1192/1422 1191/1421 1206/1436
f 1206/1436 1191/1421 1195/1425 1207/1437
f 1207/1437 1195/1425 1197/1427 1208/1438
f 1208/1438 1197/1427 1199/1429 1209/1439
f 1209/1439 1199/1429 1201/1431 1210/1440
f 1210/1440 1201/1431 1203/1433 1211/1441
f 1212/1442 1205/1443 1206/1444 1213/1445
f 1213/1445 1206/1444 1207/1446 1214/1447
f 1214/1447 1207/1446 1208/1448 1215/1449
f 1215/1449 1208/1448 1209/1450 1216/1451
f 1216/1451 1209/1450 1210/1452 1217/1453
f 1217/1453 1210/1452 1211/1454 1218/1455
f 1219/1456 1212/1442 1213/1445 1220/1457
f 1220/1457 1213/1445 1214/1447 1221/1458
f 1221/1458 1214/1447 1215/1449 1222/1459
f 1222/1459 1215/1449 1216/1451 1223/1460
f 1223/1460 1216/1451 1217/1453 1224/1461
f 1224/1461 1217/1453 1218/1455 1225/1462
f 1226/1463 1204/1434 1202/1432 1227/1464
f 1227/1464 1202/1432 1200/1430 1228/1465
f 1228/1465 1200/1430 1198/1428 1229/1466
f 1229/1466 1198/1428 1196/1426 1230/1467
f 1230/1467 1196/1426 1194/1424 1231/1468
f 1231/1468 1194/1424 1193/1423 1232/1469
f 1231/1470 1232/1471 1219/1456 1220/1457
f 1230/1472 1231/1470 1220/1457 1221/1458
f 1229/1473 1230/1472 1221/1458 1222/1459
f 1228/1474 1229/1473 1222/1459 1223/1460
f 1227/1475 1228/1474 1223/1460 1224/1461
f 1226/1476 1227/1475 1224/1461 1225/1462
f 1233/1477 1234/1478 1235/1479 1236/1480
f 1233/1477 1237/1481 1238/1482 1234/1478
f 1239/1483 1240/1484 1238/1482 1237/1481
f 1239/1483 1241/1485 1242/1486 1240/1484
f 1243/1487 1244/1488 1242/1486 1241/1485
f 1245/1489 1246/1490 1244/1488 1243/1487
f 1247/1491 1248/1492 1245/1489 1243/1487
f 1249/1493 1247/1491 1243/1487 1241/1485
f 1250/1494 1249/1493 1241/1485 1239/1483
f 1251/1495 1250/1494 1239/1483 1237/1481
f 1252/1496 1251/1495 1237/1481 1233/1477
f 1253/1497 1252/1496 1233/1477 1236/1480
f 1254/1498 1255/1499 1244/1488 1246/1490
f 1255/1499 1256/1500 1242/1486 1244/1488
f 1256/1500 1257/1501 1240/1484 1242/1486
f 1257/1501 1258/1502 1238/1482 1240/1484
f 1258/1502 1259/1503 1234/1478 1238/1482
f 1259/1503 1260/1504 1235/1479 1234/1478
f 1261/1505 1262/1506 1248/1507 1247/1508
f 1263/1509 1261/1505 1247/1508 1249/1510
f 1264/1511 1263/1509 1249/1510 1250/1512
f 1265/1513 1264/1511 1250/1512 1251/1514
f 1266/1515 1265/1513 1251/1514 1252/1516
f 1267/1517 1266/1515 1252/1516 1253/1518
f 1268/1519 1269/1520 1262/1506 1261/1505
f 1270/1521 1268/1519 1261/1505 1263/1509
f 1271/1522 1270/1521 1263/1509 1264/1511
f 1272/1523 1271/1522 1264/1511 1265/1513
f 1273/1524 1272/1523 1265/1513 1266/1515
f 1274/1525 1273/1524 1266/1515 1267/1517
f 1269/1520 1268/1519 1255/1526 1254/1527
f 1270/1521 1256/1528 1255/1526 1268/1519
f 1271/1522 1257/1529 1256/1528 1270/1521
f 1272/1523 1258/1530 1257/1529 1271/1522
f 1273/1524 1259/1531 1258/1530 1272/1523
f 1274/1525 1260/1532 1259/1531 1273/1524
f 1275/1533 1276/1534 1277/1535 1278/1536
f 1279/1537 1275/1533 1278/1536 1280/1538
f 1281/1539 1279/1537 1280/1538 1282/1540
f 1283/1541 1281/1539 1282/1540 1284/1542
f 1285/1543 1283/1541 1284/1542 1286/1544
f 1287/1545 1285/1543 1286/1544 1288/1546
f 1289/1547 1290/1548 1291/1549 1292/1550
f 1293/1551 1289/1547 1292/1550 1294/1552
f 1295/1553 1293/1551 1294/1552 1296/1554
f 1297/1555 1295/1553 1296/1554 1298/1556
f 1299/1557 1297/1555 1298/1556 1300/1558
f 1301/1559 1299/1557 1300/1558 1302/1560
f 1303/1561 1276/1534 1275/1533 1304/1562
f 1304/1562 1275/1533 1279/1537 1305/1563
f 1305/1563 1279/1537 1281/1539 1306/1564
f 1306/1564 1281/1539 1283/1541 1307/1565
f 1307/1565 1283/1541 1285/1543 1308/1566
f 1308/1566 1285/1543 1287/1545 1309/1567
f 1310/1568 1278/1536 1277/1535 1311/1569
f 1312/1570 1280/1538 1278/1536 1310/1568
f 1313/1571 1282/1540 1280/1538 1312/1570
f 1314/1572 1284/1542 1282/1540 1313/1571
f 1315/1573 1286/1544 1284/1542 1314/1572
f 1316/1574 1288/1546 1286/1544 1315/1573
f 1317/1575 1310/1576 1311/1577 1318/1578
f 1319/1579 1312/1580 1310/1576 1317/1575
f 1320/1581 1313/1582 1312/1580 1319/1579
f 1321/1583 1314/1584 1313/1582 1320/1581
f 1322/1585 1315/1586 1314/1584 1321/1583
f 1323/1587 1316/1588 1315/1586 1322/1585
f 1324/1589 1317/1575 1318/1578 1325/1590
f 1326/1591 1319/1579 1317/1575 1324/1589
f 1327/1592 1320/1581 1319/1579 1326/1591
f 1328/1593 1321/1583 1320/1581 1327/1592
f 1329/1594 1322/1585 1321/1583 1328/1593
f 1330/1595 1323/1587 1322/1585 1329/1594
f 1324/1589 1325/1590 1303/1596 1304/1597
f 1326/1591 1324/1589 1304/1597 1305/1598
f 1327/1592 1326/1591 1305/1598 1306/1599
f 1328/1593 1327/1592 1306/1599 1307/1600
f 1329/1594 1328/1593 1307/1600 1308/1601
f 1330/1595 1329/1594 1308/1601 1309/1602
f 1331/1603 1292/1550 1291/1549 1332/1604
f 1333/1605 1294/1552 1292/1550 1331/1603
f 1334/1606 1296/1554 1294/1552 1333/1605
f 1335/1607 1298/1556 1296/1554 1334/1606
f 1336/1608 1300/1558 1298/1556 1335/1607
f 1337/1609 1302/1560 1300/1558 1336/1608
f 1338/1610 1290/1548 1289/1547 1339/1611
f 1339/1611 1289/1547 1293/1551 1340/1612
f 1340/1612 1293/1551 1295/1553 1341/1613
f 1341/1613 1295/1553 1297/1555 1342/1614
f 1342/1614 1297/1555 1299/1557 1343/1615
f 1343/1615 1299/1557 1301/1559 1344/1616
f 1345/1617 1331/1603 1332/1604 1346/1618
f 1347/1619 1333/1605 1331/1603 1345/1617
f 1348/1620 1334/1606 1333/1605 1347/1619
f 1349/1621 1335/1607 1334/1606 1348/1620
f 1350/1622 1336/1608 1335/1607 1349/1621
f 1351/1623 1337/1609 1336/1608 1350/1622
f 1352/1624 1345/1617 1346/1618 1353/1625
f 1354/1626 1347/1619 1345/1617 1352/1624
f 1355/1627 1348/1620 1347/1619 1354/1626
f 1356/1628 1349/1621 1348/1620 1355/1627
f 1357/1629 1350/1622 1349/1621 1356/1628
f 1358/1630 1351/1623 1350/1622 1357/1629
f 1352/1624 1353/1625 1338/1610 1339/1611
f 1354/1626 1352/1624 1339/1611 1340/1631
f 1355/1627 1354/1626 1340/1631 1341/1632
f 1356/1628 1355/1627 1341/1632 1342/1633
f 1357/1629 1356/1628 1342/1633 1343/1634
f 1358/1630 1357/1629 1343/1634 1344/1635
f 1359/1636 1077/1637 1081/1638 1360/1639
f 1360/1639 1174/1394 1165/1385 1359/1636
f 1361/1640 1152/1371 1077/1372 1359/1636
f 1359/1636 1165/1385 1166/1386 1361/1640
f 1362/1641 1361/1640 1166/1386 1168/1388
f 1180/1400 1173/1393 1158/1378 1157/1377
f 1190/1415 1173/1417 1180/1410 1185/1409
f 1205/1435 1232/1469 1193/1423 1192/1422
f 1219/1456 1232/1471 1205/1443 1212/1442
f 1248/1492 1254/1498 1246/1490 1245/1489
f 1269/1520 1254/1527 1248/1507 1262/1506
f 1303/1561 1311/1569 1277/1535 1276/1534
f 1325/1590 1318/1578 1311/1577 1303/1596
f 1338/1610 1332/1604 1291/1549 1290/1548
f 1353/1625 1346/1618 1332/1604 1338/1610
f 1366/1642 1363/1643 1364/1248 1515/1247
f 1366/1642 1026/1644 1022/1645 1363/1643
f 1026/1644 1025/1265 1021/1216 1022/1645
f 1367/1646 1030/1220 1060/1263 1368/1647
f 1368/1647 1060/1263 1026/1266 1366/1642
f 1369/1648 1117/1333 1125/1341 1370/1649
f 1370/1649 1125/1341 1140/1355 1371/1650
f 1027/1217 1030/1220 1367/1646 1372/1651
f 1373/1652 1369/1648 1370/1649 1374/1653
f 1374/1653 1370/1649 1371/1650 1375/1654
f 1376/1655 1035/1225 1027/1217 1372/1651
f 1367/1646 1373/1652 1374/1653 1372/1651
f 1372/1651 1374/1653 1375/1654 1376/1655
f 1377/1656 1378/1657 1140/1355 1141/1356
f 1133/1348 1132/1244 1378/1658 1377/1659
f 1379/1660 1377/1656 1141/1356 1142/1357
f 1134/1349 1133/1348 1377/1659 1379/1661
f 1380/1662 1379/1660 1142/1357 1143/1358
f 1135/1350 1134/1349 1379/1661 1380/1663
f 1381/1664 1380/1662 1143/1358 1144/1359
f 1136/1351 1135/1350 1380/1663 1381/1665
f 1382/1666 1381/1664 1144/1359 1145/1360
f 1137/1352 1136/1351 1381/1665 1382/1667
f 1383/1668 1382/1666 1145/1360 1146/1361
f 1138/1353 1137/1352 1382/1667 1383/1669
f 1384/1670 1383/1668 1146/1361 1147/1362
f 1139/1354 1138/1353 1383/1669 1384/1671
f 1385/1672 1378/1658 1132/1244 1365/1243
f 1371/1650 1140/1355 1378/1657 1385/1673
f 1386/1674 1107/1675 1106/1676 1387/1677
f 1388/1678 1386/1674 1387/1677 1389/1679
f 1390/1680 1387/1677 1106/1676 1139/1681
f 1391/1682 1389/1679 1387/1677 1390/1680
f 1392/1683 1131/1684 1123/1685 1393/1686
f 1394/1687 1147/1688 1131/1689 1392/1690
f 1395/1691 1392/1692 1393/1693 1396/1694
f 1397/1695 1394/1687 1392/1690 1395/1691
f 1398/1696 1393/1686 1123/1685 1115/1697
f 1399/1698 1396/1694 1393/1693 1398/1699
f 1400/1700 1398/1696 1115/1701 1107/1702
f 1401/1703 1399/1698 1398/1699 1400/1704
f 1400/1700 1107/1705 1386/1674 1402/1706
f 1401/1703 1400/1704 1402/1707 1403/1708
f 1402/1706 1386/1674 1388/1678 1404/1709
f 1403/1708 1402/1707 1404/1710 1405/1711
f 1406/1712 1384/1713 1147/1688 1394/1687
f 1390/1680 1139/1681 1384/1713 1406/1712
f 1407/1714 1406/1712 1394/1687 1397/1695
f 1408/1715 1390/1680 1406/1712 1407/1714
f 1409/1716 1391/1682 1390/1680 1408/1715
f 1410/1717 1411/1718 1412/1719 1413/1720
f 1413/1720 1412/1719 1414/1721 1415/1722
f 1416/1723 1417/1724 1411/1725 1410/1726
f 1418/1727 1407/1714 1397/1695 1395/1691
f 1419/1728 1408/1715 1407/1714 1418/1727
f 1420/1729 1409/1716 1408/1715 1419/1728
f 1421/1730 1420/1729 1419/1728 1422/1731
f 1421/1730 1422/1731 1403/1708 1405/1711
f 1423/1732 1424/1733 1388/1678 1389/1679
f 1412/1734 1411/1735 1424/1733 1423/1732
f 1425/1736 1423/1732 1389/1679 1391/1682
f 1414/1721 1412/1734 1423/1732 1425/1736
f 1426/1737 1424/1733 1411/1735 1417/1738
f 1404/1709 1388/1678 1424/1733 1426/1739
f 1427/1740 1426/1741 1417/1724 1416/1723
f 1405/1711 1404/1710 1426/1741 1427/1740
f 1428/1742 1425/1736 1391/1682 1409/1716
f 1415/1722 1414/1721 1425/1736 1428/1742
f 1429/1743 1428/1742 1409/1716 1420/1729
f 1413/1720 1415/1722 1428/1742 1429/1743
f 1430/1744 1429/1743 1420/1729 1421/1730
f 1410/1717 1413/1720 1429/1743 1430/1744
f 1427/1740 1430/1744 1421/1730 1405/1711
f 1416/1723 1410/1717 1430/1744 1427/1740
f 1431/1745 1288/1546 1316/1574 1432/1746
f 1432/1746 1344/1616 1301/1559 1431/1745
f 1433/1747 1235/1479 1260/1504 1434/1748
f 1434/1748 1309/1567 1287/1545 1433/1747
f 1435/1749 1204/1434 1226/1463 1436/1750
f 1436/1750 1253/1497 1236/1480 1435/1749
f 1436/1751 1226/1476 1225/1462 1437/1752
f 1437/1752 1267/1517 1253/1518 1436/1751
f 1434/1753 1260/1532 1274/1525 1438/1754
f 1438/1754 1330/1595 1309/1602 1434/1753
f 1432/1755 1316/1588 1323/1587 1439/1756
f 1432/1755 1439/1756 1358/1630 1344/1635
f 1440/1757 1211/1441 1203/1433 1441/1758
f 1442/1759 1443/1760 1362/1641 1168/1388
f 1441/1758 1203/1433 1204/1434 1435/1749
f 1435/1749 1236/1480 1235/1479 1433/1747
f 1433/1747 1287/1545 1288/1546 1431/1745
f 1431/1745 1301/1559 1302/1560 1444/1761
f 1445/1762 1446/1763 1150/1368 1151/1370
f 1446/1763 1447/1764 1149/1366 1150/1368
f 1447/1764 1448/1765 1148/1363 1149/1366
f 1443/1766 1445/1762 1151/1370 1152/1371
f 1362/1641 1443/1760 1152/1371 1361/1640
f 1450/1767 1444/1761 1302/1560 1337/1609
f 1449/1768 1148/1363 1448/1765 1451/1769
f 1438/1754 1439/1756 1323/1587 1330/1595
f 1438/1754 1274/1525 1267/1517 1437/1752
f 1218/1455 1211/1454 1440/1770 1452/1771
f 1453/1772 1442/1773 1168/1774 1167/1775
f 1452/1771 1437/1752 1225/1462 1218/1455
f 1454/1776 1175/1777 1174/1778 1455/1779
f 1181/1401 1176/1404 1175/1777 1454/1776
f 1456/1780 1360/1639 1081/1638 1083/1781
f 1455/1782 1174/1394 1360/1639 1456/1780
f 1453/1772 1167/1775 1169/1420 1186/1411
f 1458/1783 1456/1780 1083/1781 1457/1784
f 1459/1785 1460/1786 1440/1757 1441/1758
f 1443/1760 1442/1759 1460/1786 1459/1785
f 1461/1787 1462/1788 1446/1763 1445/1762
f 1435/1749 1433/1747 1462/1788 1461/1787
f 1462/1788 1463/1789 1447/1764 1446/1763
f 1433/1747 1431/1745 1463/1789 1462/1788
f 1463/1789 1464/1790 1448/1765 1447/1764
f 1431/1745 1444/1761 1464/1790 1463/1789
f 1459/1785 1461/1787 1445/1762 1443/1760
f 1441/1758 1435/1749 1461/1787 1459/1785
f 1465/1791 1464/1790 1444/1761 1450/1767
f 1451/1769 1448/1765 1464/1790 1465/1791
f 1466/1792 1460/1793 1442/1773 1453/1772
f 1452/1771 1440/1770 1460/1793 1466/1792
f 1467/1794 1468/1795 1438/1754 1437/1752
f 1469/1796 1470/1797 1468/1795 1467/1794
f 1466/1792 1467/1794 1437/1752 1452/1771
f 1453/1772 1469/1796 1467/1794 1466/1792
f 1468/1795 1471/1798 1439/1756 1438/1754
f 1470/1797 1472/1799 1471/1798 1468/1795
f 1454/1776 1453/1772 1186/1411 1181/1401
f 1473/1800 1450/1767 1337/1609 1351/1623
f 1474/1801 1465/1791 1450/1767 1473/1800
f 1475/1802 1451/1769 1465/1791 1474/1801
f 1476/1803 1449/1768 1451/1769 1475/1802
f 1473/1800 1351/1623 1358/1630 1439/1756
f 1474/1801 1473/1800 1439/1756 1471/1798
f 1474/1801 1471/1798 1472/1799 1475/1802
f 1477/1804 1454/1776 1455/1779 1478/1805
f 1478/1806 1455/1782 1456/1780 1458/1783
f 1477/1804 1469/1796 1453/1772 1454/1776
f 1479/1807 1472/1799 1470/1797 1480/1808
f 1480/1808 1470/1797 1469/1796 1477/1804
f 1476/1803 1475/1802 1472/1799 1479/1807
f 1480/1808 1477/1804 1478/1805 1479/1807
f 1476/1809 1479/1810 1478/1806 1458/1783
f 828/984 830/986 1481/1811 1482/1812
f 824/980 828/984 1482/1812 1483/1813
f 825/981 824/980 1483/1813 1484/1814
f 834/990 833/989 1485/1815 1486/1816
f 836/992 825/981 1484/1814 1487/1817
f 833/989 836/992 1487/1817 1485/1815
f 838/994 834/990 1486/1816 1488/1818
f 830/986 838/994 1488/1818 1481/1811
f 1074/1306 1075/1305 1089/1819 1085/1820
f 1085/1820 1089/1819 1496/1821 1493/1822
f 1492/1297 1491/1293 1498/1823 1499/1824
f 1053/1258 1054/1257 1055/1262 1056/1255
f 1067/1275 1056/1255 1071/1825 1074/1303
f 1071/1825 1056/1255 1055/1262 1072/1284
f 1494/1307 1493/1308 1500/1826 1501/1827
f 1493/1822 1496/1821 1503/1828 1500/1829
f 1491/1293 1497/1296 1504/1282 1498/1823
f 1495/1291 1494/1307 1501/1827 1502/1300
f 1503/1828 1506/1830 1511/1831 1500/1829
f 1507/1832 1498/1823 1504/1282 1509/1286
f 1505/1833 1499/1824 1498/1823 1507/1832
f 1508/1301 1502/1300 1501/1827 1510/1834
f 1457/1835 1086/1364 1148/1363 1449/1768
f 1075/1305 1069/1277 1087/1298 1089/1819
f 1087/1298 1492/1297 1496/1821 1089/1819
f 1499/1824 1503/1828 1496/1821 1492/1297
f 1506/1830 1503/1828 1499/1824 1505/1833
f 1081/1836 1509/1286 1512/1285 1083/1837
f 1077/1838 1507/1832 1509/1286 1081/1836
f 1510/1834 1501/1827 1500/1826 1511/1839
f 1076/1840 1505/1833 1507/1832 1077/1838
f 1505/1833 1076/1840 1078/1841 1506/1830
f 1090/1295 1080/1229 1489/1292 1497/1296
f 1506/1830 1078/1841 1079/1842 1511/1831
f 1083/1837 1512/1285 1508/1301 1457/1843
f 1510/1834 1086/1844 1457/1843 1508/1301
f 1373/1652 1367/1646 1368/1647 1513/1845
f 1514/1846 1109/1325 1117/1333 1369/1648
f 1514/1846 1369/1648 1373/1652 1513/1845
f 1514/1846 1513/1845 1515/1247 1516/1246
f 1366/1642 1515/1247 1513/1845 1368/1647
f 1516/1246 1094/1245 1109/1325 1514/1846
f 1511/1839 1079/1847 1086/1844 1510/1834
f 1457/1784 1449/1848 1476/1809 1458/1783
f 1422/1731 1419/1728 1418/1727 1517/1849
f 1401/1703 1403/1708 1422/1731 1517/1849
f 1395/1691 1396/1694 1517/1849 1418/1727
f 1517/1849 1396/1694 1399/1698 1401/1703
f 1531/1033 1532/1032 1525/1850 1526/1851
f 871/1030 870/1029 1530/1852 1529/1853
f 873/1854 1531/1033 1526/1851 1527/1855
f 872/1035 873/1034 1527/1855 1528/1856
f 1533/1031 871/1030 1529/1853 1524/1857
f 1532/1032 1533/1031 1524/1857 1525/1850
f 869/1026 864/1019 1531/1033 873/1034
f 1532/1032 860/1015 863/1018 1533/1031
f 879/1039 917/1077 916/1076 880/1038
f 915/1075 878/1037 880/1038 916/1076
f 987/1163 1552/1166 1549/1165 989/1164
f 935/1858 1552/1166 987/1163 936/1859
f 1555/1860 953/1861 1557/1862 1519/1863
f 1091/1234 1017/1233 1041/1864 1043/1274
f 1553/1235 1554/1231 1018/1210 1522/1236
f 1008/1007 1012/1010 982/1153 842/1865
f 842/1865 982/1153 986/1162 941/1108
f 1535/1156 1540/1003 851/1866 841/1157
f 841/1157 851/1866 852/1867 846/1159
f 851/1866 1540/1003 1541/1004 852/1867
f 855/1868 961/1160 846/1159 852/1867
f 855/1868 852/1867 1541/1004 1542/1005
f 1542/1005 1543/1008 961/1160 855/1868
f 983/1154 839/1013 1535/1014 1544/1155
f 992/1175 983/1154 1544/1155 1539/1172
f 995/1179 992/1175 1539/1172 1538/1176
f 999/1185 995/1179 1538/1176 1537/1181
f 1003/1191 999/1185 1537/1181 1536/1187
f 1521/1869 1003/1191 1536/1187 1545/1870
f 1008/1007 842/1865 843/1084 1543/1008
f 961/1160 1543/1008 843/1084 1534/1083
f 889/1050 927/1103 935/1109 936/1113
f 881/1040 926/1096 927/1103 889/1050
f 926/1096 881/1040 882/1041 925/1094
f 925/1094 882/1041 890/1051 924/1087
f 924/1087 890/1051 891/1052 940/1106
f 883/1042 939/1104 940/1106 891/1052
f 1552/1166 935/1858 941/1108 986/1162
f 875/1044 938/1105 939/1104 883/1042
f 973/1145 944/1112 936/1113 987/1163
f 969/1139 943/1111 944/1112 973/1145
f 965/1138 942/1110 943/1111 969/1139
f 1088/1294 1070/1212 1554/1211 1090/1295
f 953/1208 1555/1860 1522/1236 1018/1210
f 1556/1871 1017/1233 1522/1236 1555/1860
f 1556/1871 1039/1872 1041/1864 1017/1233
f 1566/1873 1557/1862 953/1861 1565/1207
f 1520/1874 1558/1875 1519/1863 1557/1862
f 1009/1876 1561/1195 1560/1198 1010/1877
f 1007/1192 1562/1202 1561/1195 1009/1876
f 955/1000 1011/999 1562/1199 1563/1206
f 949/1118 1564/1203 1563/1206 951/1120
f 947/1114 1565/1207 1564/1203 949/1118
f 945/1117 1566/1873 1565/1207 947/1114
f 1024/1268 1023/1214 1062/1267 1568/1878
f 1568/1878 1062/1267 1063/1270 1567/1239
f 1044/1250 1024/1268 1568/1878 1567/1239
f 803/961 804/964 1569/1879 802/1880
f 822/978 817/973 818/974 1570/1881
f 879/1039 859/1027 1572/1882 1573/1883
f 1573/1883 1576/1884 917/1077 879/1039
f 1577/1885 874/1886 876/1045 942/1110
f 958/1126 959/1887 1578/1888 946/1116
f 1560/1198 1014/1197 1584/1889 1559/1890
f 894/1054 1574/1891 1581/1892 895/1055
f 1576/1884 1518/1893 912/1072 917/1077
f 945/1117 946/1116 1578/1888 1582/1894
f 1590/1895 1589/1896 1039/1897 1585/1898
f 1051/1899 1584/1889 1014/1197 1050/1252
f 964/1900 1577/1885 942/1110 965/1138
f 1589/1901 1587/1902 1588/1903 1591/1904
f 1039/1872 1589/1896 1591/1904 1041/1864
f 1591/1904 1042/1249 1043/1274 1041/1864
f 1042/1249 1591/1904 1588/1903 1044/1250
f 1588/1903 1587/1902 1045/1272 1044/1250
f 821/977 822/978 17/17 16/16
f 1546/1905 205/1906 204/232 751/211
f 575/929 576/699 236/267 1052/1907
f 164/181 163/180 964/1908 723/940
f 205/1906 1521/1909 201/233 204/232
f 1052/1907 236/267 237/268 725/948
f 257/303 271/326 726/1910 1059/1911
f 251/294 1051/1912 726/1913 271/329
f 1521/1909 1545/1914 741/229 201/233
f 1520/1915 761/910 722/909 1558/1916
f 768/1917 769/919 761/910 1520/1915
f 1558/1916 722/909 758/908 759/924
f 2/3 1/2 772/1918 799/1919
f 3/5 802/1880 1569/1879 4/6
f 5/9 773/1920 802/1880 3/5
f 2/3 799/1919 773/1920 5/9
f 822/978 1570/1881 18/18 17/17
f 1570/1881 21/1921 19/19 18/18
f 21/1921 1571/1922 20/20 19/19
f 772/1918 1/2 20/20 1571/1922
f 874/1923 75/87 74/86 775/952
f 78/81 1573/1883 1572/1882 59/69
f 1573/1883 78/81 117/119 1576/1884
f 101/141 57/66 55/1924 1575/1925
f 1577/1926 142/152 75/87 874/1886
f 158/168 146/158 1578/1927 959/1928
f 786/1929 1546/1905 751/211 177/192
f 762/238 1559/1930 1584/1931 213/239
f 563/289 1579/1932 562/950 561/687
f 56/65 1580/1933 55/1924 57/66
f 58/70 59/69 1572/1882 718/936
f 774/935 1580/1933 56/65 70/71
f 93/98 94/97 1581/1892 1574/1891
f 1575/1925 720/905 102/104 101/141
f 91/106 93/98 1574/1891 719/937
f 103/904 1581/1892 94/97 104/103
f 1518/1934 112/114 113/115 784/1935
f 1576/1884 117/119 112/114 1518/1893
f 145/157 1582/1936 1578/1927 146/158
f 158/166 959/1937 784/1935 113/115
f 166/185 165/183 785/941 1583/1938
f 786/1929 177/192 166/185 1583/1938
f 1545/1914 777/925 202/230 741/229
f 1586/1939 246/313 220/311 218/943
f 241/286 789/947 1579/1932 563/289
f 1590/1940 1585/1941 240/918 797/953
f 1051/1912 251/294 213/239 1584/1931
f 790/949 238/269 239/270 1523/1942
f 256/304 257/303 1059/1911 791/1943
f 239/270 256/304 791/1943 1523/1942
f 964/1900 163/180 142/152 1577/1926
f 793/923 760/917 240/918 1585/1941
f 209/921 779/1944 1559/1930 762/238
f 1582/1936 145/157 769/919 768/1917
f 1586/1939 795/1945 794/956 246/313
f 795/1945 1590/1940 797/953 794/956
f 1546/1946 1548/1170 1006/1190 205/1947
f 575/1948 1052/1949 1035/1225 1376/1655
f 103/904 720/905 903/1062 904/1061
f 966/1137 723/940 964/1908 965/1138
f 205/1947 1006/1190 1003/1191 1521/1869
f 1052/1949 725/1950 1036/1226 1035/1225
f 1058/1261 1059/1951 726/1952 1073/1283
f 1050/1252 1073/1288 726/1953 1051/1899
f 768/1954 1520/1874 1557/1862 1566/1873
f 1558/1875 759/1955 1555/1860 1519/1863
f 772/1918 800/958 801/957 799/1919
f 805/965 803/961 802/1880 773/1920
f 801/957 805/965 773/1920 799/1919
f 1570/1881 818/974 819/975 21/1921
f 21/1921 819/975 820/976 1571/1922
f 772/1918 1571/1922 820/976 800/958
f 874/1886 775/952 875/1044 876/1045
f 902/1099 1575/1925 55/1924 857/1022
f 793/1956 1556/1871 1555/1860 759/1955
f 786/1957 979/1150 1548/1170 1546/1946
f 777/1958 1004/1188 1005/1189 778/1959
f 779/1960 778/1959 1005/1189 1010/1194
f 1364/1248 1363/1643 562/1961 1579/1962
f 780/1963 575/1948 1376/1655 1375/1654
f 780/1963 1375/1654 1371/1650 781/1964
f 781/1964 1371/1650 1385/1673 782/1965
f 783/932 872/1035 1528/1856 730/933
f 870/1029 774/935 735/934 1530/1852
f 856/1023 857/1022 55/1924 1580/1933
f 858/1028 718/936 1572/1882 859/1027
f 774/935 870/1029 856/1023 1580/1933
f 872/1035 783/932 718/936 858/1028
f 892/1066 893/1065 776/938 719/937
f 1575/1925 902/1099 903/1062 720/905
f 892/1066 719/937 1574/1891 894/1054
f 103/904 904/1061 895/1055 1581/1892
f 1518/1893 784/1935 913/1073 912/1072
f 776/938 893/1065 938/1105 721/939
f 958/1124 913/1073 784/1935 959/1937
f 967/1141 785/1966 723/940 966/1137
f 968/1143 1583/1967 785/1966 967/1141
f 786/1957 1583/1967 968/1143 979/1150
f 1545/1870 1536/1187 1004/1188 777/1958
f 1019/1215 1020/1269 218/1968 787/1969
f 1021/1216 1019/1215 787/1969 221/1970
f 1022/1645 1021/1216 221/1970 788/1971
f 1365/1243 1040/1242 789/1972 792/1973
f 1586/1974 218/1968 1020/1269 1045/1272
f 1040/1242 1364/1248 1579/1962 789/1972
f 790/1975 1523/1976 1038/1228 1037/1227
f 725/1950 790/1975 1037/1227 1036/1226
f 1057/1260 791/1977 1059/1951 1058/1261
f 1038/1228 1523/1976 791/1977 1057/1260
f 1363/1643 1022/1645 788/1971 562/1961
f 782/951 1385/1672 1365/1243 792/1973
f 775/952 721/939 938/1105 875/1044
f 793/1956 1585/1898 1039/1897 1556/1871
f 1010/1877 1560/1198 1559/1890 779/1978
f 1582/1894 768/1954 1566/1873 945/1117
f 1586/1974 1045/1272 1587/1902 795/1979
f 795/1979 1587/1902 1589/1901 1590/1895
usemtl Eye_brown
g high-poly.obj
f 1599/1980 1598/1981 1608/1982 1609/1983
f 1828/1984 1592/1985 1602/1986 1829/1987
f 1600/1988 1599/1980 1609/1983 1610/1989
f 1594/1990 1593/1991 1603/1992 1604/1993
f 1601/1994 1600/1988 1610/1989 1611/1995
f 1595/1996 1594/1990 1604/1993 1605/1997
f 1596/1998 1595/1996 1605/1997 1606/1999
f 1597/2000 1596/1998 1606/1999 1607/2001
f 1598/1981 1597/2000 1607/2001 1608/1982
f 1606/1999 1605/1997 1615/2002 1616/2003
f 1607/2001 1606/1999 1616/2003 1617/2004
f 1608/1982 1607/2001 1617/2004 1618/2005
f 1609/1983 1608/1982 1618/2005 1619/2006
f 1829/1987 1602/1986 1612/2007 1830/2008
f 1610/1989 1609/1983 1619/2006 1620/2009
f 1604/1993 1603/1992 1613/2010 1614/2011
f 1611/1995 1610/1989 1620/2009 1621/2012
f 1605/1997 1604/1993 1614/2011 1615/2002
f 1830/2008 1612/2007 1622/2013 1831/2014
f 1620/2009 1619/2006 1629/2015 1630/2016
f 1614/2011 1613/2010 1623/2017 1624/2018
f 1621/2012 1620/2009 1630/2016 1631/2019
f 1615/2002 1614/2011 1624/2018 1625/2020
f 1616/2003 1615/2002 1625/2020 1626/2021
f 1617/2004 1616/2003 1626/2021 1627/2022
f 1618/2005 1617/2004 1627/2022 1628/2023
f 1619/2006 1618/2005 1628/2023 1629/2015
f 1627/2022 1626/2021 1636/2024 1637/2025
f 1628/2023 1627/2022 1637/2025 1638/2026
f 1629/2015 1628/2023 1638/2026 1639/2027
f 1831/2014 1622/2013 1632/2028 1832/2029
f 1630/2016 1629/2015 1639/2027 1640/2030
f 1624/2018 1623/2017 1633/2031 1634/2032
f 1631/2019 1630/2016 1640/2030 1641/2033
f 1625/2020 1624/2018 1634/2032 1635/2034
f 1626/2021 1625/2020 1635/2034 1636/2024
f 1641/2033 1640/2030 1650/2035 1651/2036
f 1635/2034 1634/2032 1644/2037 1645/2038
f 1636/2024 1635/2034 1645/2038 1646/2039
f 1637/2025 1636/2024 1646/2039 1647/2040
f 1638/2026 1637/2025 1647/2040 1648/2041
f 1639/2027 1638/2026 1648/2041 1649/2042
f 1832/2029 1632/2028 1642/2043 1833/2044
f 1640/2030 1639/2027 1649/2042 1650/2035
f 1634/2032 1633/2031 1643/2045 1644/2037
f 1649/2042 1648/2041 1658/2046 1659/2047
f 1833/2044 1642/2043 1652/2048 1834/2049
f 1650/2035 1649/2042 1659/2047 1660/2050
f 1644/2037 1643/2045 1653/2051 1654/2052
f 1651/2036 1650/2035 1660/2050 1661/2053
f 1645/2038 1644/2037 1654/2052 1655/2054
f 1646/2039 1645/2038 1655/2054 1656/2055
f 1647/2040 1646/2039 1656/2055 1657/2056
f 1648/2041 1647/2040 1657/2056 1658/2046
f 1657/2056 1656/2055 1666/2057 1667/2058
f 1658/2046 1657/2056 1667/2058 1668/2059
f 1659/2047 1658/2046 1668/2059 1669/2060
f 1834/2049 1652/2048 1662/2061 1835/2062
f 1660/2050 1659/2047 1669/2060 1670/2063
f 1654/2052 1653/2051 1663/2064 1664/2065
f 1661/2053 1660/2050 1670/2063 1671/2066
f 1655/2054 1654/2052 1664/2065 1665/2067
f 1656/2055 1655/2054 1665/2067 1666/2057
f 1671/2066 1670/2063 1680/2068 1681/2069
f 1665/2067 1664/2065 1674/2070 1675/2071
f 1666/2057 1665/2067 1675/2071 1676/2072
f 1667/2058 1666/2057 1676/2072 1677/2073
f 1668/2059 1667/2058 1677/2073 1678/2074
f 1669/2060 1668/2059 1678/2074 1679/2075
f 1835/2062 1662/2061 1672/2076 1836/2077
f 1670/2063 1669/2060 1679/2075 1680/2068
f 1664/2065 1663/2064 1673/2078 1674/2070
f 1679/2075 1678/2074 1688/2079 1689/2080
f 1836/2077 1672/2076 1682/2081 1837/2082
f 1680/2068 1679/2075 1689/2080 1690/2083
f 1674/2070 1673/2078 1683/2084 1684/2085
f 1681/2069 1680/2068 1690/2083 1691/2086
f 1675/2071 1674/2070 1684/2085 1685/2087
f 1676/2072 1675/2071 1685/2087 1686/2088
f 1677/2073 1676/2072 1686/2088 1687/2089
f 1678/2074 1677/2073 1687/2089 1688/2079
f 1687/2089 1686/2088 1696/2090 1697/2091
f 1688/2079 1687/2089 1697/2091 1698/2092
f 1689/2080 1688/2079 1698/2092 1699/2093
f 1837/2082 1682/2081 1692/2094 1838/2095
f 1690/2083 1689/2080 1699/2093 1700/2096
f 1684/2085 1683/2084 1693/2097 1694/2098
f 1691/2086 1690/2083 1700/2096 1701/2099
f 1685/2087 1684/2085 1694/2098 1695/2100
f 1686/2088 1685/2087 1695/2100 1696/2090
f 1701/2099 1700/2096 1710/2101 1711/2102
f 1695/2100 1694/2098 1704/2103 1705/2104
f 1696/2090 1695/2100 1705/2104 1706/2105
f 1697/2091 1696/2090 1706/2105 1707/2106
f 1698/2092 1697/2091 1707/2106 1708/2107
f 1699/2093 1698/2092 1708/2107 1709/2108
f 1838/2095 1692/2094 1702/2109 1839/2110
f 1700/2096 1699/2093 1709/2108 1710/2101
f 1694/2098 1693/2097 1703/2111 1704/2103
f 1709/2108 1708/2107 1718/2112 1719/2113
f 1839/2110 1702/2109 1712/2114 1840/2115
f 1710/2101 1709/2108 1719/2113 1720/2116
f 1704/2103 1703/2111 1713/2117 1714/2118
f 1711/2102 1710/2101 1720/2116 1721/2119
f 1705/2104 1704/2103 1714/2118 1715/2120
f 1706/2105 1705/2104 1715/2120 1716/2121
f 1707/2106 1706/2105 1716/2121 1717/2122
f 1708/2107 1707/2106 1717/2122 1718/2112
f 1716/2121 1715/2120 1725/2123 1726/2124
f 1717/2122 1716/2121 1726/2124 1727/2125
f 1718/2112 1717/2122 1727/2125 1728/2126
f 1719/2113 1718/2112 1728/2126 1729/2127
f 1840/2115 1712/2114 1722/2128 1841/2129
f 1720/2116 1719/2113 1729/2127 1730/2130
f 1714/2118 1713/2117 1723/2131 1724/2132
f 1721/2119 1720/2116 1730/2130 1731/2133
f 1715/2120 1714/2118 1724/2132 1725/2123
f 1730/2130 1729/2127 1739/2134 1740/2135
f 1724/2132 1723/2131 1733/2136 1734/2137
f 1731/2133 1730/2130 1740/2135 1741/2138
f 1725/2123 1724/2132 1734/2137 1735/2139
f 1726/2124 1725/2123 1735/2139 1736/2140
f 1727/2125 1726/2124 1736/2140 1737/2141
f 1728/2126 1727/2125 1737/2141 1738/2142
f 1729/2127 1728/2126 1738/2142 1739/2134
f 1841/2129 1722/2128 1732/2143 1842/2144
f 1738/2142 1737/2141 1747/2145 1748/2146
f 1739/2134 1738/2142 1748/2146 1749/2147
f 1842/2144 1732/2143 1742/2148 1843/2149
f 1740/2135 1739/2134 1749/2147 1750/2150
f 1734/2137 1733/2136 1743/2151 1744/2152
f 1741/2138 1740/2135 1750/2150 1751/2153
f 1735/2139 1734/2137 1744/2152 1745/2154
f 1736/2140 1735/2139 1745/2154 1746/2155
f 1737/2141 1736/2140 1746/2155 1747/2145
f 1746/2155 1745/2154 1755/2156 1756/2157
f 1747/2145 1746/2155 1756/2157 1757/2158
f 1748/2146 1747/2145 1757/2158 1758/2159
f 1749/2147 1748/2146 1758/2159 1759/2160
f 1843/2149 1742/2148 1752/2161 1844/2162
f 1750/2150 1749/2147 1759/2160 1760/2163
f 1744/2152 1743/2151 1753/2164 1754/2165
f 1751/2153 1750/2150 1760/2163 1761/2166
f 1745/2154 1744/2152 1754/2165 1755/2156
f 1760/2163 1759/2160 1769/2167 1770/2168
f 1754/2165 1753/2164 1763/2169 1764/2170
f 1761/2166 1760/2163 1770/2168 1771/2171
f 1755/2156 1754/2165 1764/2170 1765/2172
f 1756/2157 1755/2156 1765/2172 1766/2173
f 1757/2158 1756/2157 1766/2173 1767/2174
f 1758/2159 1757/2158 1767/2174 1768/2175
f 1759/2160 1758/2159 1768/2175 1769/2167
f 1844/2162 1752/2161 1762/2176 1845/2177
f 1768/2175 1767/2174 1777/2178 1778/2179
f 1769/2167 1768/2175 1778/2179 1779/2180
f 1845/2177 1762/2176 1772/2181 1846/2182
f 1770/2168 1769/2167 1779/2180 1780/2183
f 1764/2170 1763/2169 1773/2184 1774/2185
f 1771/2171 1770/2168 1780/2183 1781/2186
f 1765/2172 1764/2170 1774/2185 1775/2187
f 1766/2173 1765/2172 1775/2187 1776/2188
f 1767/2174 1766/2173 1776/2188 1777/2178
f 1776/2188 1775/2187 1785/2189 1786/2190
f 1777/2178 1776/2188 1786/2190 1787/2191
f 1778/2179 1777/2178 1787/2191 1788/2192
f 1779/2180 1778/2179 1788/2192 1789/2193
f 1846/2182 1772/2181 1782/2194 1847/2195
f 1780/2183 1779/2180 1789/2193 1790/2196
f 1774/2185 1773/2184 1783/2197 1784/2198
f 1781/2186 1780/2183 1790/2196 1791/2199
f 1775/2187 1774/2185 1784/2198 1785/2189
f 1790/1980 1789/1988 1599/2196 1600/2193
f 1784/2198 1783/2197 1593/1991 1594/1990
f 1791/2199 1790/2196 1600/1988 1601/1994
f 1785/2189 1784/2198 1594/1990 1595/1996
f 1786/2190 1785/2189 1595/1996 1596/1998
f 1787/2191 1786/2190 1596/1998 1597/2000
f 1788/2192 1787/2191 1597/2000 1598/1981
f 1789/1981 1788/1980 1598/2193 1599/2192
f 1592/2195 1828/2194 1847/1985 1782/1984
f 1825/2200 1806/2201 1810/2202 1819/2203
f 1822/2204 1798/2205 1806/2201 1825/2200
f 1807/2206 1813/2207 1814/2208 1799/2209
f 1803/2210 1815/2211 1812/2212 1811/2213
f 1811/2213 1812/2212 1813/2207 1807/2206
f 1798/2205 1822/2204 1801/2214 1792/2215
f 1797/2216 1823/2217 1800/2218 1795/2219
f 1796/2220 1815/2211 1803/2210 1794/2221
f 1816/2222 1815/2211 1796/2220 1804/2223
f 1826/2224 1816/2222 1804/2223 1808/2225
f 1826/2224 1808/2225 1800/2218 1823/2217
f 1826/2224 1823/2217 1820/2226 1824/2227
f 1816/2222 1826/2224 1824/2227 1817/2228
f 1815/2211 1816/2222 1817/2228 1812/2212
f 1812/2212 1817/2228 1818/2229 1813/2207
f 1817/2228 1824/2227 1827/2230 1818/2229
f 1824/2227 1820/2226 1821/2231 1827/2230
f 1827/2230 1821/2231 1822/2204 1825/2200
f 1818/2229 1827/2230 1825/2200 1819/2203
f 1813/2207 1818/2229 1819/2203 1814/2208
f 1799/2209 1814/2208 1802/2232 1793/2233
f 1823/2217 1797/2216 1805/2234 1820/2226
f 1821/2231 1809/2235 1801/2214 1822/2204
f 1820/2226 1805/2234 1809/2235 1821/2231
f 1804/2223 1772/2181 1762/2176 1808/2225
f 1796/2220 1782/2194 1772/2181 1804/2223
f 1794/2221 1592/1985 1782/2194 1796/2220
f 1592/1985 1794/2221 1803/2210 1602/1986
f 1811/2213 1612/2007 1602/1986 1803/2210
f 1612/2007 1811/2213 1807/2206 1622/2013
f 1799/2209 1632/2028 1622/2013 1807/2206
f 1793/2233 1642/2043 1632/2028 1799/2209
f 1808/2225 1762/2176 1752/2161 1800/2218
f 1800/2218 1752/2161 1742/2148 1795/2219
f 1795/2219 1742/2148 1732/2143 1797/2216
f 1797/2216 1732/2143 1722/2128 1805/2234
f 1805/2234 1722/2128 1712/2114 1809/2235
f 1809/2235 1712/2114 1702/2109 1801/2214
f 1801/2214 1702/2109 1692/2094 1792/2215
f 1792/2215 1692/2094 1682/2081 1798/2205
f 1672/2076 1806/2201 1798/2205 1682/2081
f 1806/2201 1672/2076 1662/2061 1810/2202
f 1810/2202 1662/2061 1652/2048 1802/2232
f 1642/2043 1793/2233 1802/2232 1652/2048
f 1819/2203 1810/2202 1802/2232 1814/2208
f 1593/1991 1828/1984 1829/1987 1603/1992
f 1603/1992 1829/1987 1830/2008 1613/2010
f 1613/2010 1830/2008 1831/2014 1623/2017
f 1623/2017 1831/2014 1832/2029 1633/2031
f 1633/2031 1832/2029 1833/2044 1643/2045
f 1643/2045 1833/2044 1834/2049 1653/2051
f 1653/2051 1834/2049 1835/2062 1663/2064
f 1663/2064 1835/2062 1836/2077 1673/2078
f 1673/2078 1836/2077 1837/2082 1683/2084
f 1683/2084 1837/2082 1838/2095 1693/2097
f 1693/2097 1838/2095 1839/2110 1703/2111
f 1703/2111 1839/2110 1840/2115 1713/2117
f 1713/2117 1840/2115 1841/2129 1723/2131
f 1723/2131 1841/2129 1842/2144 1733/2136
f 1733/2136 1842/2144 1843/2149 1743/2151
f 1743/2151 1843/2149 1844/2162 1753/2164
f 1753/2164 1844/2162 1845/2177 1763/2169
f 1763/2169 1845/2177 1846/2182 1773/2184
f 1773/2184 1846/2182 1847/2195 1783/2197
f 1783/2197 1847/2195 1828/1984 1593/1991
f 1855/2236 1854/2237 1864/2238 1865/2239
f 2084/2240 1848/2241 1858/2242 2085/2243
f 1856/2244 1855/2236 1865/2239 1866/2245
f 2104/2246 1849/2247 1859/2248 2105/2249
f 1857/2250 1856/2244 1866/2245 1867/2251
f 1851/2252 1850/2253 1860/2254 1861/2255
f 1852/2256 1851/2252 1861/2255 1862/2257
f 1853/2258 1852/2256 1862/2257 1863/2259
f 1854/2237 1853/2258 1863/2259 1864/2238
f 1862/2257 1861/2255 1871/2260 1872/2261
f 1863/2259 1862/2257 1872/2261 1873/2262
f 1864/2238 1863/2259 1873/2262 1874/2263
f 1865/2239 1864/2238 1874/2263 1875/2264
f 2085/2243 1858/2242 1868/2265 2086/2266
f 1866/2245 1865/2239 1875/2264 1876/2267
f 2105/2249 1859/2248 1869/2268 2106/2269
f 1867/2251 1866/2245 1876/2267 1877/2270
f 1861/2255 1860/2254 1870/2271 1871/2260
f 2086/2266 1868/2265 1878/2272 2087/2273
f 1876/2267 1875/2264 1885/2274 1886/2275
f 2106/2269 1869/2268 1879/2276 2107/2277
f 1877/2270 1876/2267 1886/2275 1887/2278
f 1871/2260 1870/2271 1880/2279 1881/2280
f 1872/2261 1871/2260 1881/2280 1882/2281
f 1873/2262 1872/2261 1882/2281 1883/2282
f 1874/2263 1873/2262 1883/2282 1884/2283
f 1875/2264 1874/2263 1884/2283 1885/2274
f 1883/2282 1882/2281 1892/2284 1893/2285
f 1884/2283 1883/2282 1893/2285 1894/2286
f 1885/2274 1884/2283 1894/2286 1895/2287
f 2087/2273 1878/2272 1888/2288 2088/2289
f 1886/2275 1885/2274 1895/2287 1896/2290
f 2107/2277 1879/2276 1889/2291 2108/2292
f 1887/2278 1886/2275 1896/2290 1897/2293
f 1881/2280 1880/2279 1890/2294 1891/2295
f 1882/2281 1881/2280 1891/2295 1892/2284
f 1897/2293 1896/2290 1906/2296 1907/2297
f 1891/2295 1890/2294 1900/2298 1901/2299
f 1892/2284 1891/2295 1901/2299 1902/2300
f 1893/2285 1892/2284 1902/2300 1903/2301
f 1894/2286 1893/2285 1903/2301 1904/2302
f 1895/2287 1894/2286 1904/2302 1905/2303
f 2088/2289 1888/2288 1898/2304 2089/2305
f 1896/2290 1895/2287 1905/2303 1906/2296
f 2108/2292 1889/2291 1899/2306 2109/2307
f 1905/2303 1904/2302 1914/2308 1915/2309
f 2089/2305 1898/2304 1908/2310 2090/2311
f 1906/2296 1905/2303 1915/2309 1916/2312
f 2109/2307 1899/2306 1909/2313 2110/2314
f 1907/2297 1906/2296 1916/2312 1917/2315
f 1901/2299 1900/2298 1910/2316 1911/2317
f 1902/2300 1901/2299 1911/2317 1912/2318
f 1903/2301 1902/2300 1912/2318 1913/2319
f 1904/2302 1903/2301 1913/2319 1914/2308
f 1913/2319 1912/2318 1922/2320 1923/2321
f 1914/2308 1913/2319 1923/2321 1924/2322
f 1915/2309 1914/2308 1924/2322 1925/2323
f 2090/2311 1908/2310 1918/2324 2091/2325
f 1916/2312 1915/2309 1925/2323 1926/2326
f 2110/2314 1909/2313 1919/2327 2111/2328
f 1917/2315 1916/2312 1926/2326 1927/2329
f 1911/2317 1910/2316 1920/2330 1921/2331
f 1912/2318 1911/2317 1921/2331 1922/2320
f 1927/2329 1926/2326 1936/2332 1937/2333
f 1921/2331 1920/2330 1930/2334 1931/2335
f 1922/2320 1921/2331 1931/2335 1932/2336
f 1923/2321 1922/2320 1932/2336 1933/2337
f 1924/2322 1923/2321 1933/2337 1934/2338
f 1925/2323 1924/2322 1934/2338 1935/2339
f 2091/2325 1918/2324 1928/2340 2092/2341
f 1926/2326 1925/2323 1935/2339 1936/2332
f 2111/2328 1919/2327 1929/2342 2112/2343
f 1935/2339 1934/2338 1944/2344 1945/2345
f 2092/2341 1928/2340 1938/2346 2093/2347
f 1936/2332 1935/2339 1945/2345 1946/2348
f 2112/2343 1929/2342 1939/2349 2113/2350
f 1937/2333 1936/2332 1946/2348 1947/2351
f 1931/2335 1930/2334 1940/2352 1941/2353
f 1932/2336 1931/2335 1941/2353 1942/2354
f 1933/2337 1932/2336 1942/2354 1943/2355
f 1934/2338 1933/2337 1943/2355 1944/2344
f 1943/2355 1942/2354 1952/2356 1953/2357
f 1944/2344 1943/2355 1953/2357 1954/2358
f 1945/2345 1944/2344 1954/2358 1955/2359
f 2093/2347 1938/2346 1948/2360 2094/2361
f 1946/2348 1945/2345 1955/2359 1956/2362
f 2113/2350 1939/2349 1949/2363 2114/2364
f 1947/2351 1946/2348 1956/2362 1957/2365
f 1941/2353 1940/2352 1950/2366 1951/2367
f 1942/2354 1941/2353 1951/2367 1952/2356
f 1957/2365 1956/2362 1966/2368 1967/2369
f 1951/2367 1950/2366 1960/2370 1961/2371
f 1952/2356 1951/2367 1961/2371 1962/2372
f 1953/2357 1952/2356 1962/2372 1963/2373
f 1954/2358 1953/2357 1963/2373 1964/2374
f 1955/2359 1954/2358 1964/2374 1965/2375
f 2094/2361 1948/2360 1958/2376 2095/2377
f 1956/2362 1955/2359 1965/2375 1966/2368
f 2114/2364 1949/2363 1959/2378 2115/2379
f 1965/2375 1964/2374 1974/2380 1975/2381
f 2095/2377 1958/2376 1968/2382 2096/2383
f 1966/2368 1965/2375 1975/2381 1976/2384
f 2115/2379 1959/2378 1969/2385 2116/2386
f 1967/2369 1966/2368 1976/2384 1977/2387
f 1961/2371 1960/2370 1970/2388 1971/2389
f 1962/2372 1961/2371 1971/2389 1972/2390
f 1963/2373 1962/2372 1972/2390 1973/2391
f 1964/2374 1963/2373 1973/2391 1974/2380
f 1972/2390 1971/2389 1981/2392 1982/2393
f 1973/2391 1972/2390 1982/2393 1983/2394
f 1974/2380 1973/2391 1983/2394 1984/2395
f 1975/2381 1974/2380 1984/2395 1985/2396
f 2096/2383 1968/2382 1978/2397 2097/2398
f 1976/2384 1975/2381 1985/2396 1986/2399
f 2116/2386 1969/2385 1979/2400 2117/2401
f 1977/2387 1976/2384 1986/2399 1987/2402
f 1971/2389 1970/2388 1980/2403 1981/2392
f 1986/2399 1985/2396 1995/2404 1996/2405
f 2117/2401 1979/2400 1989/2406 2118/2407
f 1987/2402 1986/2399 1996/2405 1997/2408
f 1981/2392 1980/2403 1990/2409 1991/2410
f 1982/2393 1981/2392 1991/2410 1992/2411
f 1983/2394 1982/2393 1992/2411 1993/2412
f 1984/2395 1983/2394 1993/2412 1994/2413
f 1985/2396 1984/2395 1994/2413 1995/2404
f 2097/2398 1978/2397 1988/2414 2098/2415
f 1994/2413 1993/2412 2003/2416 2004/2417
f 1995/2404 1994/2413 2004/2417 2005/2418
f 2098/2415 1988/2414 1998/2419 2099/2420
f 1996/2405 1995/2404 2005/2418 2006/2421
f 2118/2407 1989/2406 1999/2422 2119/2423
f 1997/2408 1996/2405 2006/2421 2007/2424
f 1991/2410 1990/2409 2000/2425 2001/2426
f 1992/2411 1991/2410 2001/2426 2002/2427
f 1993/2412 1992/2411 2002/2427 2003/2416
f 2002/2427 2001/2426 2011/2428 2012/2429
f 2003/2416 2002/2427 2012/2429 2013/2430
f 2004/2417 2003/2416 2013/2430 2014/2431
f 2005/2418 2004/2417 2014/2431 2015/2432
f 2099/2420 1998/2419 2008/2433 2100/2434
f 2006/2421 2005/2418 2015/2432 2016/2435
f 2119/2423 1999/2422 2009/2436 2120/2437
f 2007/2424 2006/2421 2016/2435 2017/2438
f 2001/2426 2000/2425 2010/2439 2011/2428
f 2016/2435 2015/2432 2025/2440 2026/2441
f 2120/2437 2009/2436 2019/2442 2121/2443
f 2017/2438 2016/2435 2026/2441 2027/2444
f 2011/2428 2010/2439 2020/2445 2021/2446
f 2012/2429 2011/2428 2021/2446 2022/2447
f 2013/2430 2012/2429 2022/2447 2023/2448
f 2014/2431 2013/2430 2023/2448 2024/2449
f 2015/2432 2014/2431 2024/2449 2025/2440
f 2100/2434 2008/2433 2018/2450 2101/2451
f 2024/2449 2023/2448 2033/2452 2034/2453
f 2025/2440 2024/2449 2034/2453 2035/2454
f 2101/2451 2018/2450 2028/2455 2102/2456
f 2026/2441 2025/2440 2035/2454 2036/2457
f 2121/2443 2019/2442 2029/2458 2122/2459
f 2027/2444 2026/2441 2036/2457 2037/2460
f 2021/2446 2020/2445 2030/2461 2031/2462
f 2022/2447 2021/2446 2031/2462 2032/2463
f 2023/2448 2022/2447 2032/2463 2033/2452
f 2032/2463 2031/2462 2041/2464 2042/2465
f 2033/2452 2032/2463 2042/2465 2043/2466
f 2034/2453 2033/2452 2043/2466 2044/2467
f 2035/2454 2034/2453 2044/2467 2045/2468
f 2102/2456 2028/2455 2038/2469 2103/2470
f 2036/2457 2035/2454 2045/2468 2046/2471
f 2122/2459 2029/2458 2039/2472 2123/2473
f 2037/2460 2036/2457 2046/2471 2047/2474
f 2031/2462 2030/2461 2040/2475 2041/2464
f 2046/2471 2045/2468 1855/2236 1856/2244
f 2123/2473 2039/2472 1849/2247 2104/2246
f 2047/2474 2046/2471 1856/2244 1857/2250
f 2041/2464 2040/2475 1850/2253 1851/2252
f 2042/2465 2041/2464 1851/2252 1852/2256
f 2043/2466 2042/2465 1852/2256 1853/2258
f 2044/2467 2043/2466 1853/2258 1854/2237
f 2045/2468 2044/2467 1854/2237 1855/2236
f 2103/2470 2038/2469 1848/2241 2084/2240
f 2081/2476 2062/2477 2066/2478 2075/2479
f 2078/2480 2054/2481 2062/2477 2081/2476
f 2063/2482 2069/2483 2070/2484 2055/2485
f 2059/2486 2071/2487 2068/2488 2067/2489
f 2067/2489 2068/2488 2069/2483 2063/2482
f 2054/2481 2078/2480 2057/2490 2048/2491
f 2053/2492 2079/2493 2056/2494 2051/2495
f 2052/2496 2071/2487 2059/2486 2050/2497
f 2072/2498 2071/2487 2052/2496 2060/2499
f 2082/2500 2072/2498 2060/2499 2064/2501
f 2082/2500 2064/2501 2056/2494 2079/2493
f 2082/2500 2079/2493 2076/2502 2080/2503
f 2072/2498 2082/2500 2080/2503 2073/2504
f 2071/2487 2072/2498 2073/2504 2068/2488
f 2068/2488 2073/2504 2074/2505 2069/2483
f 2073/2504 2080/2503 2083/2506 2074/2505
f 2080/2503 2076/2502 2077/2507 2083/2506
f 2083/2506 2077/2507 2078/2480 2081/2476
f 2074/2505 2083/2506 2081/2476 2075/2479
f 2069/2483 2074/2505 2075/2479 2070/2484
f 2055/2485 2070/2484 2058/2508 2049/2509
f 2079/2493 2053/2492 2061/2510 2076/2502
f 2077/2507 2065/2511 2057/2490 2078/2480
f 2076/2502 2061/2510 2065/2511 2077/2507
f 2060/2499 2028/2455 2018/2450 2064/2501
f 2052/2496 2038/2469 2028/2455 2060/2499
f 2050/2497 1848/2241 2038/2469 2052/2496
f 1848/2241 2050/2497 2059/2486 1858/2242
f 2067/2489 1868/2265 1858/2242 2059/2486
f 1868/2265 2067/2489 2063/2482 1878/2272
f 2055/2485 1888/2288 1878/2272 2063/2482
f 2049/2509 1898/2304 1888/2288 2055/2485
f 2064/2501 2018/2450 2008/2433 2056/2494
f 2056/2494 2008/2433 1998/2419 2051/2495
f 2051/2495 1998/2419 1988/2414 2053/2492
f 2053/2492 1988/2414 1978/2397 2061/2510
f 2061/2510 1978/2397 1968/2382 2065/2511
f 2065/2511 1968/2382 1958/2376 2057/2490
f 2057/2490 1958/2376 1948/2360 2048/2491
f 2048/2491 1948/2360 1938/2346 2054/2481
f 1928/2340 2062/2477 2054/2481 1938/2346
f 2062/2477 1928/2340 1918/2324 2066/2478
f 2066/2478 1918/2324 1908/2310 2058/2508
f 1898/2304 2049/2509 2058/2508 1908/2310
f 2075/2479 2066/2478 2058/2508 2070/2484
f 1849/2247 2084/2240 2085/2243 1859/2248
f 1859/2248 2085/2243 2086/2266 1869/2268
f 1869/2268 2086/2266 2087/2273 1879/2276
f 1879/2276 2087/2273 2088/2289 1889/2291
f 1889/2291 2088/2289 2089/2305 1899/2306
f 1899/2306 2089/2305 2090/2311 1909/2313
f 1909/2313 2090/2311 2091/2325 1919/2327
f 1919/2327 2091/2325 2092/2341 1929/2342
f 1929/2342 2092/2341 2093/2347 1939/2349
f 1939/2349 2093/2347 2094/2361 1949/2363
f 1949/2363 2094/2361 2095/2377 1959/2378
f 1959/2378 2095/2377 2096/2383 1969/2385
f 1969/2385 2096/2383 2097/2398 1979/2400
f 1979/2400 2097/2398 2098/2415 1989/2406
f 1989/2406 2098/2415 2099/2420 1999/2422
f 1999/2422 2099/2420 2100/2434 2009/2436
f 2009/2436 2100/2434 2101/2451 2019/2442
f 2019/2442 2101/2451 2102/2456 2029/2458
f 2029/2458 2102/2456 2103/2470 2039/2472
f 2039/2472 2103/2470 2084/2240 1849/2247
f 1850/2253 2104/2246 2105/2249 1860/2254
f 1860/2254 2105/2249 2106/2269 1870/2271
f 1870/2271 2106/2269 2107/2277 1880/2279
f 1880/2279 2107/2277 2108/2292 1890/2294
f 1890/2294 2108/2292 2109/2307 1900/2298
f 1900/2298 2109/2307 2110/2314 1910/2316
f 1910/2316 2110/2314 2111/2328 1920/2330
f 1920/2330 2111/2328 2112/2343 1930/2334
f 1930/2334 2112/2343 2113/2350 1940/2352
f 1940/2352 2113/2350 2114/2364 1950/2366
f 1950/2366 2114/2364 2115/2379 1960/2370
f 1960/2370 2115/2379 2116/2386 1970/2388
f 1970/2388 2116/2386 2117/2401 1980/2403
f 1980/2403 2117/2401 2118/2407 1990/2409
f 1990/2409 2118/2407 2119/2423 2000/2425
f 2000/2425 2119/2423 2120/2437 2010/2439
f 2010/2439 2120/2437 2121/2443 2020/2445
f 2020/2445 2121/2443 2122/2459 2030/2461
f 2030/2461 2122/2459 2123/2473 2040/2475
f 2040/2475 2123/2473 2104/2246 1850/2253
f 2131/1980 2141/1983 2140/1982 2130/1981
f 2360/1984 2361/1987 2134/1986 2124/1985
f 2132/1988 2142/1989 2141/1983 2131/1980
f 2126/1990 2136/1993 2135/1992 2125/1991
f 2133/1994 2143/1995 2142/1989 2132/1988
f 2127/1996 2137/1997 2136/1993 2126/1990
f 2128/1998 2138/1999 2137/1997 2127/1996
f 2129/2000 2139/2001 2138/1999 2128/1998
f 2130/1981 2140/1982 2139/2001 2129/2000
f 2138/1999 2148/2003 2147/2002 2137/1997
f 2139/2001 2149/2004 2148/2003 2138/1999
f 2140/1982 2150/2005 2149/2004 2139/2001
f 2141/1983 2151/2006 2150/2005 2140/1982
f 2361/1987 2362/2008 2144/2007 2134/1986
f 2142/1989 2152/2009 2151/2006 2141/1983
f 2136/1993 2146/2011 2145/2010 2135/1992
f 2143/1995 2153/2012 2152/2009 2142/1989
f 2137/1997 2147/2002 2146/2011 2136/1993
f 2362/2008 2363/2014 2154/2013 2144/2007
f 2152/2009 2162/2016 2161/2015 2151/2006
f 2146/2011 2156/2018 2155/2017 2145/2010
f 2153/2012 2163/2019 2162/2016 2152/2009
f 2147/2002 2157/2020 2156/2018 2146/2011
f 2148/2003 2158/2021 2157/2020 2147/2002
f 2149/2004 2159/2022 2158/2021 2148/2003
f 2150/2005 2160/2023 2159/2022 2149/2004
f 2151/2006 2161/2015 2160/2023 2150/2005
f 2159/2022 2169/2025 2168/2024 2158/2021
f 2160/2023 2170/2026 2169/2025 2159/2022
f 2161/2015 2171/2027 2170/2026 2160/2023
f 2363/2014 2364/2029 2164/2028 2154/2013
f 2162/2016 2172/2030 2171/2027 2161/2015
f 2156/2018 2166/2032 2165/2031 2155/2017
f 2163/2019 2173/2033 2172/2030 2162/2016
f 2157/2020 2167/2034 2166/2032 2156/2018
f 2158/2021 2168/2024 2167/2034 2157/2020
f 2173/2033 2183/2036 2182/2035 2172/2030
f 2167/2034 2177/2038 2176/2037 2166/2032
f 2168/2024 2178/2039 2177/2038 2167/2034
f 2169/2025 2179/2040 2178/2039 2168/2024
f 2170/2026 2180/2041 2179/2040 2169/2025
f 2171/2027 2181/2042 2180/2041 2170/2026
f 2364/2029 2365/2044 2174/2043 2164/2028
f 2172/2030 2182/2035 2181/2042 2171/2027
f 2166/2032 2176/2037 2175/2045 2165/2031
f 2181/2042 2191/2047 2190/2046 2180/2041
f 2365/2044 2366/2049 2184/2048 2174/2043
f 2182/2035 2192/2050 2191/2047 2181/2042
f 2176/2037 2186/2052 2185/2051 2175/2045
f 2183/2036 2193/2053 2192/2050 2182/2035
f 2177/2038 2187/2054 2186/2052 2176/2037
f 2178/2039 2188/2055 2187/2054 2177/2038
f 2179/2040 2189/2056 2188/2055 2178/2039
f 2180/2041 2190/2046 2189/2056 2179/2040
f 2189/2056 2199/2058 2198/2057 2188/2055
f 2190/2046 2200/2059 2199/2058 2189/2056
f 2191/2047 2201/2060 2200/2059 2190/2046
f 2366/2049 2367/2062 2194/2061 2184/2048
f 2192/2050 2202/2063 2201/2060 2191/2047
f 2186/2052 2196/2065 2195/2064 2185/2051
f 2193/2053 2203/2066 2202/2063 2192/2050
f 2187/2054 2197/2067 2196/2065 2186/2052
f 2188/2055 2198/2057 2197/2067 2187/2054
f 2203/2066 2213/2069 2212/2068 2202/2063
f 2197/2067 2207/2071 2206/2070 2196/2065
f 2198/2057 2208/2072 2207/2071 2197/2067
f 2199/2058 2209/2073 2208/2072 2198/2057
f 2200/2059 2210/2074 2209/2073 2199/2058
f 2201/2060 2211/2075 2210/2074 2200/2059
f 2367/2062 2368/2077 2204/2076 2194/2061
f 2202/2063 2212/2068 2211/2075 2201/2060
f 2196/2065 2206/2070 2205/2078 2195/2064
f 2211/2075 2221/2080 2220/2079 2210/2074
f 2368/2077 2369/2082 2214/2081 2204/2076
f 2212/2068 2222/2083 2221/2080 2211/2075
f 2206/2070 2216/2085 2215/2084 2205/2078
f 2213/2069 2223/2086 2222/2083 2212/2068
f 2207/2071 2217/2087 2216/2085 2206/2070
f 2208/2072 2218/2088 2217/2087 2207/2071
f 2209/2073 2219/2089 2218/2088 2208/2072
f 2210/2074 2220/2079 2219/2089 2209/2073
f 2219/2089 2229/2091 2228/2090 2218/2088
f 2220/2079 2230/2092 2229/2091 2219/2089
f 2221/2080 2231/2093 2230/2092 2220/2079
f 2369/2082 2370/2095 2224/2094 2214/2081
f 2222/2083 2232/2096 2231/2093 2221/2080
f 2216/2085 2226/2098 2225/2097 2215/2084
f 2223/2086 2233/2099 2232/2096 2222/2083
f 2217/2087 2227/2100 2226/2098 2216/2085
f 2218/2088 2228/2090 2227/2100 2217/2087
f 2233/2099 2243/2102 2242/2101 2232/2096
f 2227/2100 2237/2104 2236/2103 2226/2098
f 2228/2090 2238/2105 2237/2104 2227/2100
f 2229/2091 2239/2106 2238/2105 2228/2090
f 2230/2092 2240/2107 2239/2106 2229/2091
f 2231/2093 2241/2108 2240/2107 2230/2092
f 2370/2095 2371/2110 2234/2109 2224/2094
f 2232/2096 2242/2101 2241/2108 2231/2093
f 2226/2098 2236/2103 2235/2111 2225/2097
f 2241/2108 2251/2113 2250/2112 2240/2107
f 2371/2110 2372/2115 2244/2114 2234/2109
f 2242/2101 2252/2116 2251/2113 2241/2108
f 2236/2103 2246/2118 2245/2117 2235/2111
f 2243/2102 2253/2119 2252/2116 2242/2101
f 2237/2104 2247/2120 2246/2118 2236/2103
f 2238/2105 2248/2121 2247/2120 2237/2104
f 2239/2106 2249/2122 2248/2121 2238/2105
f 2240/2107 2250/2112 2249/2122 2239/2106
f 2248/2121 2258/2124 2257/2123 2247/2120
f 2249/2122 2259/2125 2258/2124 2248/2121
f 2250/2112 2260/2126 2259/2125 2249/2122
f 2251/2113 2261/2127 2260/2126 2250/2112
f 2372/2115 2373/2129 2254/2128 2244/2114
f 2252/2116 2262/2130 2261/2127 2251/2113
f 2246/2118 2256/2132 2255/2131 2245/2117
f 2253/2119 2263/2133 2262/2130 2252/2116
f 2247/2120 2257/2123 2256/2132 2246/2118
f 2262/2130 2272/2135 2271/2134 2261/2127
f 2256/2132 2266/2137 2265/2136 2255/2131
f 2263/2133 2273/2138 2272/2135 2262/2130
f 2257/2123 2267/2139 2266/2137 2256/2132
f 2258/2124 2268/2140 2267/2139 2257/2123
f 2259/2125 2269/2141 2268/2140 2258/2124
f 2260/2126 2270/2142 2269/2141 2259/2125
f 2261/2127 2271/2134 2270/2142 2260/2126
f 2373/2129 2374/2144 2264/2143 2254/2128
f 2270/2142 2280/2146 2279/2145 2269/2141
f 2271/2134 2281/2147 2280/2146 2270/2142
f 2374/2144 2375/2149 2274/2148 2264/2143
f 2272/2135 2282/2150 2281/2147 2271/2134
f 2266/2137 2276/2152 2275/2151 2265/2136
f 2273/2138 2283/2153 2282/2150 2272/2135
f 2267/2139 2277/2154 2276/2152 2266/2137
f 2268/2140 2278/2155 2277/2154 2267/2139
f 2269/2141 2279/2145 2278/2155 2268/2140
f 2278/2155 2288/2157 2287/2156 2277/2154
f 2279/2145 2289/2158 2288/2157 2278/2155
f 2280/2146 2290/2159 2289/2158 2279/2145
f 2281/2147 2291/2160 2290/2159 2280/2146
f 2375/2149 2376/2162 2284/2161 2274/2148
f 2282/2150 2292/2163 2291/2160 2281/2147
f 2276/2152 2286/2165 2285/2164 2275/2151
f 2283/2153 2293/2166 2292/2163 2282/2150
f 2277/2154 2287/2156 2286/2165 2276/2152
f 2292/2163 2302/2168 2301/2167 2291/2160
f 2286/2165 2296/2170 2295/2169 2285/2164
f 2293/2166 2303/2171 2302/2168 2292/2163
f 2287/2156 2297/2172 2296/2170 2286/2165
f 2288/2157 2298/2173 2297/2172 2287/2156
f 2289/2158 2299/2174 2298/2173 2288/2157
f 2290/2159 2300/2175 2299/2174 2289/2158
f 2291/2160 2301/2167 2300/2175 2290/2159
f 2376/2162 2377/2177 2294/2176 2284/2161
f 2300/2175 2310/2179 2309/2178 2299/2174
f 2301/2167 2311/2180 2310/2179 2300/2175
f 2377/2177 2378/2182 2304/2181 2294/2176
f 2302/2168 2312/2183 2311/2180 2301/2167
f 2296/2170 2306/2185 2305/2184 2295/2169
f 2303/2171 2313/2186 2312/2183 2302/2168
f 2297/2172 2307/2187 2306/2185 2296/2170
f 2298/2173 2308/2188 2307/2187 2297/2172
f 2299/2174 2309/2178 2308/2188 2298/2173
f 2308/2188 2318/2190 2317/2189 2307/2187
f 2309/2178 2319/2191 2318/2190 2308/2188
f 2310/2179 2320/2192 2319/2191 2309/2178
f 2311/2180 2321/2193 2320/2192 2310/2179
f 2378/2182 2379/2195 2314/2194 2304/2181
f 2312/2183 2322/2196 2321/2193 2311/2180
f 2306/2185 2316/2198 2315/2197 2305/2184
f 2313/2186 2323/2199 2322/2196 2312/2183
f 2307/2187 2317/2189 2316/2198 2306/2185
f 2322/2196 2132/1988 2131/1980 2321/2193
f 2316/2198 2126/1990 2125/1991 2315/2197
f 2323/2199 2133/1994 2132/1988 2322/2196
f 2317/2189 2127/1996 2126/1990 2316/2198
f 2318/2190 2128/1998 2127/1996 2317/2189
f 2319/2191 2129/2000 2128/1998 2318/2190
f 2320/2192 2130/1981 2129/2000 2319/2191
f 2321/2193 2131/1980 2130/1981 2320/2192
f 2379/2195 2360/1984 2124/1985 2314/2194
f 2357/2200 2351/2203 2342/2202 2338/2201
f 2354/2204 2357/2200 2338/2201 2330/2205
f 2339/2206 2331/2209 2346/2208 2345/2207
f 2335/2210 2343/2213 2344/2212 2347/2211
f 2343/2213 2339/2206 2345/2207 2344/2212
f 2330/2205 2324/2215 2333/2214 2354/2204
f 2329/2216 2327/2219 2332/2218 2355/2217
f 2328/2220 2326/2221 2335/2210 2347/2211
f 2348/2222 2336/2223 2328/2220 2347/2211
f 2358/2224 2340/2225 2336/2223 2348/2222
f 2358/2224 2355/2217 2332/2218 2340/2225
f 2358/2224 2356/2227 2352/2226 2355/2217
f 2348/2222 2349/2228 2356/2227 2358/2224
f 2347/2211 2344/2212 2349/2228 2348/2222
f 2344/2212 2345/2207 2350/2229 2349/2228
f 2349/2228 2350/2229 2359/2230 2356/2227
f 2356/2227 2359/2230 2353/2231 2352/2226
f 2359/2230 2357/2200 2354/2204 2353/2231
f 2350/2229 2351/2203 2357/2200 2359/2230
f 2345/2207 2346/2208 2351/2203 2350/2229
f 2331/2209 2325/2233 2334/2232 2346/2208
f 2355/2217 2352/2226 2337/2234 2329/2216
f 2353/2231 2354/2204 2333/2214 2341/2235
f 2352/2226 2353/2231 2341/2235 2337/2234
f 2336/2223 2340/2225 2294/2176 2304/2181
f 2328/2220 2336/2223 2304/2181 2314/2194
f 2326/2221 2328/2220 2314/2194 2124/1985
f 2124/1985 2134/1986 2335/2210 2326/2221
f 2343/2213 2335/2210 2134/1986 2144/2007
f 2144/2007 2154/2013 2339/2206 2343/2213
f 2331/2209 2339/2206 2154/2013 2164/2028
f 2325/2233 2331/2209 2164/2028 2174/2043
f 2340/2225 2332/2218 2284/2161 2294/2176
f 2332/2218 2327/2219 2274/2148 2284/2161
f 2327/2219 2329/2216 2264/2143 2274/2148
f 2329/2216 2337/2234 2254/2128 2264/2143
f 2337/2234 2341/2235 2244/2114 2254/2128
f 2341/2235 2333/2214 2234/2109 2244/2114
f 2333/2214 2324/2215 2224/2094 2234/2109
f 2324/2215 2330/2205 2214/2081 2224/2094
f 2204/2076 2214/2081 2330/2205 2338/2201
f 2338/2201 2342/2202 2194/2061 2204/2076
f 2342/2202 2334/2232 2184/2048 2194/2061
f 2174/2043 2184/2048 2334/2232 2325/2233
f 2351/2203 2346/2208 2334/2232 2342/2202
f 2125/1991 2135/1992 2361/1987 2360/1984
f 2135/1992 2145/2010 2362/2008 2361/1987
f 2145/2010 2155/2017 2363/2014 2362/2008
f 2155/2017 2165/2031 2364/2029 2363/2014
f 2165/2031 2175/2045 2365/2044 2364/2029
f 2175/2045 2185/2051 2366/2049 2365/2044
f 2185/2051 2195/2064 2367/2062 2366/2049
f 2195/2064 2205/2078 2368/2077 2367/2062
f 2205/2078 2215/2084 2369/2082 2368/2077
f 2215/2084 2225/2097 2370/2095 2369/2082
f 2225/2097 2235/2111 2371/2110 2370/2095
f 2235/2111 2245/2117 2372/2115 2371/2110
f 2245/2117 2255/2131 2373/2129 2372/2115
f 2255/2131 2265/2136 2374/2144 2373/2129
f 2265/2136 2275/2151 2375/2149 2374/2144
f 2275/2151 2285/2164 2376/2162 2375/2149
f 2285/2164 2295/2169 2377/2177 2376/2162
f 2295/2169 2305/2184 2378/2182 2377/2177
f 2305/2184 2315/2197 2379/2195 2378/2182
f 2315/2197 2125/1991 2360/1984 2379/2195
f 2387/2512 2397/2513 2396/2514 2386/2515
f 2616/2516 2617/2517 2390/2518 2380/2519
f 2388/2520 2398/2521 2397/2513 2387/2512
f 2636/2522 2637/2523 2391/2524 2381/2525
f 2389/2526 2399/2527 2398/2521 2388/2520
f 2383/2528 2393/2529 2392/2530 2382/2531
f 2384/2532 2394/2533 2393/2529 2383/2528
f 2385/2534 2395/2535 2394/2533 2384/2532
f 2386/2515 2396/2514 2395/2535 2385/2534
f 2394/2533 2404/2536 2403/2537 2393/2529
f 2395/2535 2405/2538 2404/2536 2394/2533
f 2396/2514 2406/2539 2405/2538 2395/2535
f 2397/2513 2407/2540 2406/2539 2396/2514
f 2617/2517 2618/2541 2400/2542 2390/2518
f 2398/2521 2408/2543 2407/2540 2397/2513
f 2637/2523 2638/2544 2401/2545 2391/2524
f 2399/2527 2409/2546 2408/2543 2398/2521
f 2393/2529 2403/2537 2402/2547 2392/2530
f 2618/2541 2619/2548 2410/2549 2400/2542
f 2408/2543 2418/2550 2417/2551 2407/2540
f 2638/2544 2639/2552 2411/2553 2401/2545
f 2409/2546 2419/2554 2418/2550 2408/2543
f 2403/2537 2413/2555 2412/2556 2402/2547
f 2404/2536 2414/2557 2413/2555 2403/2537
f 2405/2538 2415/2558 2414/2557 2404/2536
f 2406/2539 2416/2559 2415/2558 2405/2538
f 2407/2540 2417/2551 2416/2559 2406/2539
f 2415/2558 2425/2560 2424/2561 2414/2557
f 2416/2559 2426/2562 2425/2560 2415/2558
f 2417/2551 2427/2563 2426/2562 2416/2559
f 2619/2548 2620/2564 2420/2565 2410/2549
f 2418/2550 2428/2566 2427/2563 2417/2551
f 2639/2552 2640/2567 2421/2568 2411/2553
f 2419/2554 2429/2569 2428/2566 2418/2550
f 2413/2555 2423/2570 2422/2571 2412/2556
f 2414/2557 2424/2561 2423/2570 2413/2555
f 2429/2569 2439/2572 2438/2573 2428/2566
f 2423/2570 2433/2574 2432/2575 2422/2571
f 2424/2561 2434/2576 2433/2574 2423/2570
f 2425/2560 2435/2577 2434/2576 2424/2561
f 2426/2562 2436/2578 2435/2577 2425/2560
f 2427/2563 2437/2579 2436/2578 2426/2562
f 2620/2564 2621/2580 2430/2581 2420/2565
f 2428/2566 2438/2573 2437/2579 2427/2563
f 2640/2567 2641/2582 2431/2583 2421/2568
f 2437/2579 2447/2584 2446/2585 2436/2578
f 2621/2580 2622/2586 2440/2587 2430/2581
f 2438/2573 2448/2588 2447/2584 2437/2579
f 2641/2582 2642/2589 2441/2590 2431/2583
f 2439/2572 2449/2591 2448/2588 2438/2573
f 2433/2574 2443/2592 2442/2593 2432/2575
f 2434/2576 2444/2594 2443/2592 2433/2574
f 2435/2577 2445/2595 2444/2594 2434/2576
f 2436/2578 2446/2585 2445/2595 2435/2577
f 2445/2595 2455/2596 2454/2597 2444/2594
f 2446/2585 2456/2598 2455/2596 2445/2595
f 2447/2584 2457/2599 2456/2598 2446/2585
f 2622/2586 2623/2600 2450/2601 2440/2587
f 2448/2588 2458/2602 2457/2599 2447/2584
f 2642/2589 2643/2603 2451/2604 2441/2590
f 2449/2591 2459/2605 2458/2602 2448/2588
f 2443/2592 2453/2606 2452/2607 2442/2593
f 2444/2594 2454/2597 2453/2606 2443/2592
f 2459/2605 2469/2608 2468/2609 2458/2602
f 2453/2606 2463/2610 2462/2611 2452/2607
f 2454/2597 2464/2612 2463/2610 2453/2606
f 2455/2596 2465/2613 2464/2612 2454/2597
f 2456/2598 2466/2614 2465/2613 2455/2596
f 2457/2599 2467/2615 2466/2614 2456/2598
f 2623/2600 2624/2616 2460/2617 2450/2601
f 2458/2602 2468/2609 2467/2615 2457/2599
f 2643/2603 2644/2618 2461/2619 2451/2604
f 2467/2615 2477/2620 2476/2621 2466/2614
f 2624/2616 2625/2622 2470/2623 2460/2617
f 2468/2609 2478/2624 2477/2620 2467/2615
f 2644/2618 2645/2625 2471/2626 2461/2619
f 2469/2608 2479/2627 2478/2624 2468/2609
f 2463/2610 2473/2628 2472/2629 2462/2611
f 2464/2612 2474/2630 2473/2628 2463/2610
f 2465/2613 2475/2631 2474/2630 2464/2612
f 2466/2614 2476/2621 2475/2631 2465/2613
f 2475/2631 2485/2632 2484/2633 2474/2630
f 2476/2621 2486/2634 2485/2632 2475/2631
f 2477/2620 2487/2635 2486/2634 2476/2621
f 2625/2622 2626/2636 2480/2637 2470/2623
f 2478/2624 2488/2638 2487/2635 2477/2620
f 2645/2625 2646/2639 2481/2640 2471/2626
f 2479/2627 2489/2641 2488/2638 2478/2624
f 2473/2628 2483/2642 2482/2643 2472/2629
f 2474/2630 2484/2633 2483/2642 2473/2628
f 2489/2641 2499/2644 2498/2645 2488/2638
f 2483/2642 2493/2646 2492/2647 2482/2643
f 2484/2633 2494/2648 2493/2646 2483/2642
f 2485/2632 2495/2649 2494/2648 2484/2633
f 2486/2634 2496/2650 2495/2649 2485/2632
f 2487/2635 2497/2651 2496/2650 2486/2634
f 2626/2636 2627/2652 2490/2653 2480/2637
f 2488/2638 2498/2645 2497/2651 2487/2635
f 2646/2639 2647/2654 2491/2655 2481/2640
f 2497/2651 2507/2656 2506/2657 2496/2650
f 2627/2652 2628/2658 2500/2659 2490/2653
f 2498/2645 2508/2660 2507/2656 2497/2651
f 2647/2654 2648/2661 2501/2662 2491/2655
f 2499/2644 2509/2663 2508/2660 2498/2645
f 2493/2646 2503/2664 2502/2665 2492/2647
f 2494/2648 2504/2666 2503/2664 2493/2646
f 2495/2649 2505/2667 2504/2666 2494/2648
f 2496/2650 2506/2657 2505/2667 2495/2649
f 2504/2666 2514/2668 2513/2669 2503/2664
f 2505/2667 2515/2670 2514/2668 2504/2666
f 2506/2657 2516/2671 2515/2670 2505/2667
f 2507/2656 2517/2672 2516/2671 2506/2657
f 2628/2658 2629/2673 2510/2674 2500/2659
f 2508/2660 2518/2675 2517/2672 2507/2656
f 2648/2661 2649/2676 2511/2677 2501/2662
f 2509/2663 2519/2678 2518/2675 2508/2660
f 2503/2664 2513/2669 2512/2679 2502/2665
f 2518/2675 2528/2680 2527/2681 2517/2672
f 2649/2676 2650/2682 2521/2683 2511/2677
f 2519/2678 2529/2684 2528/2680 2518/2675
f 2513/2669 2523/2685 2522/2686 2512/2679
f 2514/2668 2524/2687 2523/2685 2513/2669
f 2515/2670 2525/2688 2524/2687 2514/2668
f 2516/2671 2526/2689 2525/2688 2515/2670
f 2517/2672 2527/2681 2526/2689 2516/2671
f 2629/2673 2630/2690 2520/2691 2510/2674
f 2526/2689 2536/2692 2535/2693 2525/2688
f 2527/2681 2537/2694 2536/2692 2526/2689
f 2630/2690 2631/2695 2530/2696 2520/2691
f 2528/2680 2538/2697 2537/2694 2527/2681
f 2650/2682 2651/2698 2531/2699 2521/2683
f 2529/2684 2539/2700 2538/2697 2528/2680
f 2523/2685 2533/2701 2532/2702 2522/2686
f 2524/2687 2534/2703 2533/2701 2523/2685
f 2525/2688 2535/2693 2534/2703 2524/2687
f 2534/2703 2544/2704 2543/2705 2533/2701
f 2535/2693 2545/2706 2544/2704 2534/2703
f 2536/2692 2546/2707 2545/2706 2535/2693
f 2537/2694 2547/2708 2546/2707 2536/2692
f 2631/2695 2632/2709 2540/2710 2530/2696
f 2538/2697 2548/2711 2547/2708 2537/2694
f 2651/2698 2652/2712 2541/2713 2531/2699
f 2539/2700 2549/2714 2548/2711 2538/2697
f 2533/2701 2543/2705 2542/2715 2532/2702
f 2548/2711 2558/2716 2557/2717 2547/2708
f 2652/2712 2653/2718 2551/2719 2541/2713
f 2549/2714 2559/2720 2558/2716 2548/2711
f 2543/2705 2553/2721 2552/2722 2542/2715
f 2544/2704 2554/2723 2553/2721 2543/2705
f 2545/2706 2555/2724 2554/2723 2544/2704
f 2546/2707 2556/2725 2555/2724 2545/2706
f 2547/2708 2557/2717 2556/2725 2546/2707
f 2632/2709 2633/2726 2550/2727 2540/2710
f 2556/2725 2566/2728 2565/2729 2555/2724
f 2557/2717 2567/2730 2566/2728 2556/2725
f 2633/2726 2634/2731 2560/2732 2550/2727
f 2558/2716 2568/2733 2567/2730 2557/2717
f 2653/2718 2654/2734 2561/2735 2551/2719
f 2559/2720 2569/2736 2568/2733 2558/2716
f 2553/2721 2563/2737 2562/2738 2552/2722
f 2554/2723 2564/2739 2563/2737 2553/2721
f 2555/2724 2565/2729 2564/2739 2554/2723
f 2564/2739 2574/2740 2573/2741 2563/2737
f 2565/2729 2575/2742 2574/2740 2564/2739
f 2566/2728 2576/2743 2575/2742 2565/2729
f 2567/2730 2577/2744 2576/2743 2566/2728
f 2634/2731 2635/2745 2570/2746 2560/2732
f 2568/2733 2578/2747 2577/2744 2567/2730
f 2654/2734 2655/2748 2571/2749 2561/2735
f 2569/2736 2579/2750 2578/2747 2568/2733
f 2563/2737 2573/2741 2572/2751 2562/2738
f 2578/2747 2388/2520 2387/2512 2577/2744
f 2655/2748 2636/2522 2381/2525 2571/2749
f 2579/2750 2389/2526 2388/2520 2578/2747
f 2573/2741 2383/2528 2382/2531 2572/2751
f 2574/2740 2384/2532 2383/2528 2573/2741
f 2575/2742 2385/2534 2384/2532 2574/2740
f 2576/2743 2386/2515 2385/2534 2575/2742
f 2577/2744 2387/2512 2386/2515 2576/2743
f 2635/2745 2616/2516 2380/2519 2570/2746
f 2613/2752 2607/2753 2598/2754 2594/2755
f 2610/2756 2613/2752 2594/2755 2586/2757
f 2595/2758 2587/2759 2602/2760 2601/2761
f 2591/2762 2599/2763 2600/2764 2603/2765
f 2599/2763 2595/2758 2601/2761 2600/2764
f 2586/2757 2580/2766 2589/2767 2610/2756
f 2585/2768 2583/2769 2588/2770 2611/2771
f 2584/2772 2582/2773 2591/2762 2603/2765
f 2604/2774 2592/2775 2584/2772 2603/2765
f 2614/2776 2596/2777 2592/2775 2604/2774
f 2614/2776 2611/2771 2588/2770 2596/2777
f 2614/2776 2612/2778 2608/2779 2611/2771
f 2604/2774 2605/2780 2612/2778 2614/2776
f 2603/2765 2600/2764 2605/2780 2604/2774
f 2600/2764 2601/2761 2606/2781 2605/2780
f 2605/2780 2606/2781 2615/2782 2612/2778
f 2612/2778 2615/2782 2609/2783 2608/2779
f 2615/2782 2613/2752 2610/2756 2609/2783
f 2606/2781 2607/2753 2613/2752 2615/2782
f 2601/2761 2602/2760 2607/2753 2606/2781
f 2587/2759 2581/2784 2590/2785 2602/2760
f 2611/2771 2608/2779 2593/2786 2585/2768
f 2609/2783 2610/2756 2589/2767 2597/2787
f 2608/2779 2609/2783 2597/2787 2593/2786
f 2592/2775 2596/2777 2550/2727 2560/2732
f 2584/2772 2592/2775 2560/2732 2570/2746
f 2582/2773 2584/2772 2570/2746 2380/2519
f 2380/2519 2390/2518 2591/2762 2582/2773
f 2599/2763 2591/2762 2390/2518 2400/2542
f 2400/2542 2410/2549 2595/2758 2599/2763
f 2587/2759 2595/2758 2410/2549 2420/2565
f 2581/2784 2587/2759 2420/2565 2430/2581
f 2596/2777 2588/2770 2540/2710 2550/2727
f 2588/2770 2583/2769 2530/2696 2540/2710
f 2583/2769 2585/2768 2520/2691 2530/2696
f 2585/2768 2593/2786 2510/2674 2520/2691
f 2593/2786 2597/2787 2500/2659 2510/2674
f 2597/2787 2589/2767 2490/2653 2500/2659
f 2589/2767 2580/2766 2480/2637 2490/2653
f 2580/2766 2586/2757 2470/2623 2480/2637
f 2460/2617 2470/2623 2586/2757 2594/2755
f 2594/2755 2598/2754 2450/2601 2460/2617
f 2598/2754 2590/2785 2440/2587 2450/2601
f 2430/2581 2440/2587 2590/2785 2581/2784
f 2607/2753 2602/2760 2590/2785 2598/2754
f 2381/2525 2391/2524 2617/2517 2616/2516
f 2391/2524 2401/2545 2618/2541 2617/2517
f 2401/2545 2411/2553 2619/2548 2618/2541
f 2411/2553 2421/2568 2620/2564 2619/2548
f 2421/2568 2431/2583 2621/2580 2620/2564
f 2431/2583 2441/2590 2622/2586 2621/2580
f 2441/2590 2451/2604 2623/2600 2622/2586
f 2451/2604 2461/2619 2624/2616 2623/2600
f 2461/2619 2471/2626 2625/2622 2624/2616
f 2471/2626 2481/2640 2626/2636 2625/2622
f 2481/2640 2491/2655 2627/2652 2626/2636
f 2491/2655 2501/2662 2628/2658 2627/2652
f 2501/2662 2511/2677 2629/2673 2628/2658
f 2511/2677 2521/2683 2630/2690 2629/2673
f 2521/2683 2531/2699 2631/2695 2630/2690
f 2531/2699 2541/2713 2632/2709 2631/2695
f 2541/2713 2551/2719 2633/2726 2632/2709
f 2551/2719 2561/2735 2634/2731 2633/2726
f 2561/2735 2571/2749 2635/2745 2634/2731
f 2571/2749 2381/2525 2616/2516 2635/2745
f 2382/2531 2392/2530 2637/2523 2636/2522
f 2392/2530 2402/2547 2638/2544 2637/2523
f 2402/2547 2412/2556 2639/2552 2638/2544
f 2412/2556 2422/2571 2640/2567 2639/2552
f 2422/2571 2432/2575 2641/2582 2640/2567
f 2432/2575 2442/2593 2642/2589 2641/2582
f 2442/2593 2452/2607 2643/2603 2642/2589
f 2452/2607 2462/2611 2644/2618 2643/2603
f 2462/2611 2472/2629 2645/2625 2644/2618
f 2472/2629 2482/2643 2646/2639 2645/2625
f 2482/2643 2492/2647 2647/2654 2646/2639
f 2492/2647 2502/2665 2648/2661 2647/2654
f 2502/2665 2512/2679 2649/2676 2648/2661
f 2512/2679 2522/2686 2650/2682 2649/2676
f 2522/2686 2532/2702 2651/2698 2650/2682
f 2532/2702 2542/2715 2652/2712 2651/2698
f 2542/2715 2552/2722 2653/2718 2652/2712
f 2552/2722 2562/2738 2654/2734 2653/2718
f 2562/2738 2572/2751 2655/2748 2654/2734
f 2572/2751 2382/2531 2636/2522 2655/2748
