# Blender 4.1.1
# www.blender.org
mtllib male1591_head.mtl
o male1591.001
v -0.007100 1.483800 0.129500
v -0.009000 1.488400 0.126700
v -0.013700 1.494400 0.077800
v -0.013100 1.489800 0.064100
v -0.010100 1.493600 0.110600
v -0.009900 1.483900 0.129200
v -0.013200 1.483700 0.119500
v -0.019000 1.493300 0.081200
v -0.019700 1.488900 0.065200
v -0.019000 1.487500 0.104100
v -0.022300 1.483900 0.073900
v -0.020100 1.485500 0.081000
v -0.017600 1.484200 0.102700
v -0.012200 1.479000 0.117800
v -0.010300 1.482000 0.126100
v -0.021700 1.480900 0.069000
v -0.012500 1.483500 0.084700
v -0.012200 1.484300 0.099800
v -0.008400 1.483900 0.116400
v -0.006900 1.481200 0.127500
v 0.000000 1.485800 0.114100
v -0.022200 1.557600 0.135400
v -0.023300 1.555100 0.131700
v -0.032500 1.556600 0.132600
v -0.032100 1.559600 0.135500
v -0.015600 1.550000 0.132200
v -0.018900 1.550700 0.131200
v -0.023600 1.546200 0.133600
v -0.026900 1.548500 0.133600
v -0.040000 1.546400 0.129200
v -0.047000 1.554100 0.124700
v -0.043000 1.553300 0.127800
v -0.039400 1.548700 0.130400
v -0.039500 1.558800 0.132400
v -0.038700 1.555300 0.133100
v -0.031700 1.545300 0.133600
v -0.033000 1.548500 0.133700
v -0.080900 1.534800 0.029200
v -0.081100 1.548500 0.031700
v -0.075200 1.516900 0.038700
v -0.067700 1.541900 0.067100
v -0.066300 1.527700 0.068400
v -0.059600 1.495200 0.071400
v -0.074400 1.554900 0.043200
v -0.070700 1.506900 0.052500
v -0.078700 1.543300 0.037200
v -0.075600 1.542700 0.043600
v -0.068600 1.531600 0.041400
v -0.079200 1.533400 0.037500
v -0.073000 1.515900 0.041200
v -0.074000 1.512200 0.051300
v -0.072100 1.538800 0.051300
v -0.070300 1.530400 0.054800
v -0.071400 1.512300 0.055600
v 0.000000 1.496200 0.153400
v -0.007700 1.492600 0.151000
v -0.006300 1.497800 0.151600
v -0.008900 1.481100 0.147700
v -0.008100 1.474400 0.144500
v -0.022900 1.486300 0.139000
v -0.026500 1.486300 0.137500
v -0.027100 1.489100 0.137700
v -0.022600 1.488300 0.140300
v -0.020200 1.483300 0.141000
v -0.023200 1.481600 0.138800
v -0.016100 1.496600 0.145900
v -0.016000 1.491700 0.146600
v -0.016000 1.476400 0.142000
v -0.016000 1.482100 0.144000
v -0.008700 1.488300 0.146100
v -0.015800 1.487800 0.143300
v -0.008700 1.486800 0.144700
v -0.014900 1.486400 0.141800
v -0.006900 1.557700 0.139900
v -0.013800 1.570600 0.143500
v -0.031500 1.484900 0.133500
v -0.024700 1.478700 0.137100
v -0.007700 1.471600 0.142200
v -0.017000 1.474200 0.140700
v -0.050800 1.554800 0.121600
v -0.041900 1.542000 0.126700
v -0.010600 1.549700 0.134200
v -0.019000 1.562500 0.138800
v -0.032700 1.564700 0.138200
v -0.033400 1.573200 0.138800
v -0.042300 1.563600 0.133400
v -0.046700 1.570900 0.129800
v -0.054900 1.561700 0.117200
v -0.029500 1.540500 0.131500
v -0.020000 1.542600 0.132800
v -0.007500 1.520000 0.156600
v -0.006400 1.528000 0.152200
v -0.006900 1.514000 0.155700
v -0.005100 1.511500 0.153500
v -0.010800 1.514200 0.152600
v -0.009100 1.513500 0.150700
v -0.014400 1.513100 0.145900
v -0.010900 1.512500 0.145500
v -0.016000 1.510900 0.141700
v -0.011000 1.508600 0.144300
v -0.006800 1.500800 0.149500
v -0.005400 1.506400 0.148300
v 0.000000 1.509700 0.153900
v -0.005400 1.510700 0.149500
v -0.013400 1.519400 0.150200
v -0.011900 1.525500 0.146700
v -0.016200 1.517600 0.144600
v -0.014600 1.449300 0.129700
v -0.019000 1.448000 0.115700
v -0.025900 1.452500 0.118000
v -0.020300 1.450900 0.125900
v -0.009000 1.448200 0.131600
v -0.009200 1.445200 0.116100
v -0.030200 1.459600 0.121900
v -0.023500 1.458700 0.129600
v -0.016200 1.459500 0.136100
v -0.007900 1.459300 0.140500
v -0.032600 1.494600 0.133500
v -0.028200 1.506700 0.136000
v -0.022800 1.501100 0.139900
v -0.043300 1.464600 0.097400
v -0.042200 1.504800 0.127000
v -0.044900 1.485200 0.115400
v -0.035700 1.523200 0.132300
v -0.049700 1.524500 0.124800
v -0.059800 1.537600 0.108800
v -0.061900 1.553400 0.100400
v -0.054700 1.479800 0.078600
v -0.054000 1.493000 0.100900
v -0.053900 1.510400 0.115100
v -0.062000 1.521100 0.094000
v -0.061600 1.508800 0.082900
v -0.016400 1.520400 0.140700
v -0.013900 1.501600 0.145800
v -0.062800 1.572300 0.085700
v -0.058500 1.583600 0.101100
v -0.065200 1.539500 0.081900
v -0.006300 1.541100 0.143600
v -0.011200 1.538100 0.140000
v -0.017300 1.533900 0.136600
v -0.066300 1.555200 0.072200
v -0.017100 1.596700 0.138300
v -0.035700 1.596500 0.129900
v -0.048400 1.591500 0.118300
v -0.015100 1.411300 0.072700
v -0.010900 1.433000 0.081600
v -0.032500 1.417100 0.062700
v -0.026500 1.439600 0.073500
v -0.044400 1.426400 0.049100
v -0.040200 1.449700 0.060000
v -0.050000 1.441200 0.033400
v -0.048900 1.461900 0.042900
v -0.034800 1.455100 0.081400
v -0.022800 1.447900 0.090700
v -0.009600 1.443300 0.093900
v -0.048700 1.472200 0.063100
v -0.064500 1.507300 0.061400
v -0.051200 1.479100 0.031100
v -0.053500 1.486900 0.052800
v -0.021800 1.622600 0.122700
v -0.020700 1.648000 0.091700
v -0.019900 1.657000 0.053800
v -0.018700 1.650000 0.005000
v -0.039500 1.620400 0.112800
v -0.041700 1.638600 0.087500
v -0.040700 1.648600 0.051100
v -0.038800 1.642300 0.004800
v -0.053200 1.612300 0.098900
v -0.055800 1.627500 0.072200
v -0.056000 1.632800 0.039700
v -0.051300 1.632300 0.008400
v -0.041900 1.623600 -0.018000
v -0.055100 1.619700 -0.001800
v -0.023200 1.628300 -0.025900
v -0.069600 1.554900 0.043200
v -0.071000 1.543500 0.033000
v -0.070500 1.551400 0.057600
v -0.068600 1.531100 0.032600
v -0.063900 1.513000 0.041900
v -0.059400 1.502800 0.051300
v -0.069200 1.566600 0.058400
v -0.061100 1.604400 0.080800
v -0.070800 1.570500 0.039600
v -0.065100 1.611300 0.054100
v -0.066900 1.564700 0.010200
v -0.063700 1.616500 0.025600
v -0.063100 1.545000 0.004100
v -0.055400 1.517000 0.012700
v -0.052600 1.501900 0.020100
v -0.052300 1.551300 -0.017900
v -0.044300 1.514800 -0.002500
v -0.041800 1.495900 0.005400
v -0.056000 1.571900 -0.016700
v -0.038400 1.556600 -0.032700
v -0.032100 1.512900 -0.012100
v -0.032100 1.490500 -0.003100
v -0.041000 1.578900 -0.033600
v -0.024600 1.560900 -0.040800
v -0.020400 1.512900 -0.018400
v -0.019200 1.489600 -0.010300
v -0.025300 1.582200 -0.041700
v -0.000100 1.587100 -0.048500
v -0.044700 1.468800 0.012600
v -0.068900 1.537300 0.061100
v -0.037000 1.466300 0.001300
v -0.018800 1.460600 -0.011700
v -0.071500 1.547300 0.056400
v -0.027000 1.549000 0.130700
v -0.019100 1.550900 0.129900
v -0.023400 1.555300 0.130900
v -0.032400 1.556700 0.131100
v -0.041100 1.553700 0.127300
v -0.037700 1.549800 0.127300
v -0.037800 1.555300 0.129600
v -0.032400 1.548900 0.130000
v 0.000000 1.480300 0.149500
v -0.000100 1.520200 0.159300
v 0.000000 1.507400 0.150000
v 0.000000 1.540500 0.146000
v 0.000000 1.650700 0.093100
v -0.021200 1.486400 0.137400
v -0.022400 1.487400 0.135800
v -0.020400 1.486000 0.137700
v 0.000000 1.486500 0.144400
v -0.015400 1.486600 0.138000
v -0.009100 1.485900 0.141800
v -0.016600 1.488200 0.139400
v -0.009000 1.487400 0.143400
v 0.000000 1.488300 0.143600
v -0.018800 1.484900 0.141000
v -0.021800 1.486600 0.139200
v -0.021300 1.487300 0.140200
v -0.062700 1.505000 0.065400
v -0.077600 1.524900 0.032500
v -0.023400 1.538200 -0.034800
v -0.035600 1.535900 -0.027100
v -0.048400 1.531300 -0.013000
v -0.058100 1.527800 0.006100
v -0.077100 1.524000 0.039700
v -0.070000 1.523100 0.045900
v -0.069800 1.520300 0.054700
v -0.067300 1.520600 0.062100
v -0.066800 1.521900 0.036300
v -0.042600 1.604500 -0.027500
v -0.025000 1.608000 -0.036800
v -0.069000 1.592200 0.044300
v -0.057100 1.599300 -0.010300
v -0.067400 1.595500 0.018400
v -0.066600 1.585500 0.067100
v -0.020900 1.432700 -0.019600
v -0.041100 1.432700 -0.011700
v -0.056900 1.428800 0.005900
v -0.058100 1.422200 0.023000
v -0.053300 1.406200 0.041500
v -0.038400 1.397600 0.057200
v -0.000100 1.387100 0.069400
v -0.022900 1.391600 0.066000
v 0.000200 1.485800 0.130200
v 0.000000 1.495400 0.109000
v 0.000000 1.488200 0.147700
v 0.000000 1.557200 0.141600
v -0.000100 1.529100 0.153800
v -0.000200 1.512300 -0.024200
v 0.000000 1.490200 -0.014900
v -0.000100 1.458500 -0.015200
v 0.000000 1.487500 0.147600
v 0.000000 1.444200 0.115400
v 0.000000 1.659500 0.053300
v 0.000000 1.631900 -0.027700
v 0.000000 1.488000 0.127500
v 0.007100 1.483800 0.129500
v 0.009000 1.488400 0.126700
v 0.000000 1.494200 0.078300
v 0.013700 1.494400 0.077800
v 0.013100 1.489800 0.064100
v 0.010100 1.493600 0.110600
v 0.009900 1.483900 0.129200
v 0.013200 1.483700 0.119500
v 0.019000 1.493300 0.081200
v 0.019700 1.488900 0.065200
v 0.019000 1.487500 0.104100
v 0.022300 1.483900 0.073900
v 0.020100 1.485500 0.081000
v 0.017600 1.484200 0.102700
v 0.012200 1.479000 0.117800
v 0.010300 1.482000 0.126100
v 0.021700 1.480900 0.069000
v 0.012500 1.483500 0.084700
v 0.012200 1.484300 0.099800
v 0.008400 1.483900 0.116400
v 0.006900 1.481200 0.127500
v 0.000000 1.471700 0.074900
v -0.000100 1.480600 0.084700
v 0.022200 1.557600 0.135400
v 0.023300 1.555100 0.131700
v 0.032500 1.556600 0.132600
v 0.032100 1.559600 0.135500
v 0.015600 1.550000 0.132200
v 0.018900 1.550700 0.131200
v 0.023600 1.546200 0.133600
v 0.026900 1.548500 0.133600
v 0.040000 1.546400 0.129200
v 0.047000 1.554100 0.124700
v 0.043000 1.553300 0.127800
v 0.039400 1.548700 0.130400
v 0.039500 1.558800 0.132400
v 0.038700 1.555300 0.133100
v 0.031700 1.545300 0.133600
v 0.033000 1.548500 0.133700
v 0.080900 1.534800 0.029200
v 0.081100 1.548500 0.031700
v 0.075200 1.516900 0.038700
v 0.067700 1.541900 0.067100
v 0.066300 1.527700 0.068400
v 0.059600 1.495200 0.071400
v 0.074400 1.554900 0.043200
v 0.070700 1.506900 0.052500
v 0.078700 1.543300 0.037200
v 0.075600 1.542700 0.043600
v 0.068600 1.531600 0.041400
v 0.079200 1.533400 0.037500
v 0.073000 1.515900 0.041200
v 0.074000 1.512200 0.051300
v 0.072100 1.538800 0.051300
v 0.070300 1.530400 0.054800
v 0.071400 1.512300 0.055600
v 0.007700 1.492600 0.151000
v 0.006300 1.497800 0.151600
v 0.008900 1.481100 0.147700
v 0.008100 1.474400 0.144500
v 0.022900 1.486300 0.139000
v 0.026500 1.486300 0.137500
v 0.027100 1.489100 0.137700
v 0.022600 1.488300 0.140300
v 0.020200 1.483300 0.141000
v 0.023200 1.481600 0.138800
v 0.016100 1.496600 0.145900
v 0.016000 1.491700 0.146600
v 0.016000 1.476400 0.142000
v 0.016000 1.482100 0.144000
v 0.008700 1.488300 0.146100
v 0.015800 1.487800 0.143300
v 0.008700 1.486800 0.144700
v 0.014900 1.486400 0.141800
v 0.000000 1.569000 0.143700
v 0.006900 1.557700 0.139900
v 0.013800 1.570600 0.143500
v 0.031500 1.484900 0.133500
v 0.024700 1.478700 0.137100
v 0.007700 1.471600 0.142200
v 0.017000 1.474200 0.140700
v 0.050800 1.554800 0.121600
v 0.041900 1.542000 0.126700
v 0.010600 1.549700 0.134200
v 0.019000 1.562500 0.138800
v 0.032700 1.564700 0.138200
v 0.033400 1.573200 0.138800
v 0.042300 1.563600 0.133400
v 0.046700 1.570900 0.129800
v 0.054900 1.561700 0.117200
v 0.029500 1.540500 0.131500
v 0.020000 1.542600 0.132800
v 0.007500 1.520000 0.156600
v 0.006400 1.528000 0.152200
v 0.006900 1.514000 0.155700
v 0.005100 1.511500 0.153500
v 0.010800 1.514200 0.152600
v 0.009100 1.513500 0.150700
v 0.014400 1.513100 0.145900
v 0.010900 1.512500 0.145500
v 0.016000 1.510900 0.141700
v 0.011000 1.508600 0.144300
v 0.006800 1.500800 0.149500
v 0.005400 1.506400 0.148300
v 0.005400 1.510700 0.149500
v 0.013400 1.519400 0.150200
v 0.011900 1.525500 0.146700
v 0.016200 1.517600 0.144600
v 0.014600 1.449300 0.129700
v 0.019000 1.448000 0.115700
v 0.025900 1.452500 0.118000
v 0.020300 1.450900 0.125900
v 0.009000 1.448200 0.131600
v 0.009200 1.445200 0.116100
v 0.030200 1.459600 0.121900
v 0.023500 1.458700 0.129600
v 0.016200 1.459500 0.136100
v 0.007900 1.459300 0.140500
v 0.032600 1.494600 0.133500
v 0.028200 1.506700 0.136000
v 0.022800 1.501100 0.139900
v 0.043300 1.464600 0.097400
v 0.042200 1.504800 0.127000
v 0.044900 1.485200 0.115400
v 0.035700 1.523200 0.132300
v 0.049700 1.524500 0.124800
v 0.059800 1.537600 0.108800
v 0.061900 1.553400 0.100400
v 0.054700 1.479800 0.078600
v 0.054000 1.493000 0.100900
v 0.053900 1.510400 0.115100
v 0.062000 1.521100 0.094000
v 0.061600 1.508800 0.082900
v 0.016400 1.520400 0.140700
v 0.013900 1.501600 0.145800
v 0.062800 1.572300 0.085700
v 0.058500 1.583600 0.101100
v 0.065200 1.539500 0.081900
v 0.006300 1.541100 0.143600
v 0.011200 1.538100 0.140000
v 0.017300 1.533900 0.136600
v 0.066300 1.555200 0.072200
v 0.017100 1.596700 0.138300
v 0.035700 1.596500 0.129900
v 0.048400 1.591500 0.118300
v 0.015100 1.411300 0.072700
v 0.010900 1.433000 0.081600
v 0.032500 1.417100 0.062700
v 0.026500 1.439600 0.073500
v 0.044400 1.426400 0.049100
v 0.040200 1.449700 0.060000
v 0.050000 1.441200 0.033400
v 0.048900 1.461900 0.042900
v 0.034800 1.455100 0.081400
v 0.022800 1.447900 0.090700
v 0.009600 1.443300 0.093900
v -0.000200 1.442400 0.094500
v 0.048700 1.472200 0.063100
v 0.064500 1.507300 0.061400
v 0.051200 1.479100 0.031100
v 0.053500 1.486900 0.052800
v -0.000100 1.626600 0.124000
v 0.021800 1.622600 0.122700
v 0.020700 1.648000 0.091700
v 0.019900 1.657000 0.053800
v 0.018700 1.650000 0.005000
v 0.039500 1.620400 0.112800
v 0.041700 1.638600 0.087500
v 0.040700 1.648600 0.051100
v 0.038800 1.642300 0.004800
v 0.053200 1.612300 0.098900
v 0.055800 1.627500 0.072200
v 0.056000 1.632800 0.039700
v 0.051300 1.632300 0.008400
v 0.041900 1.623600 -0.018000
v 0.055100 1.619700 -0.001800
v 0.023200 1.628300 -0.025900
v 0.069600 1.554900 0.043200
v 0.071000 1.543500 0.033000
v 0.070500 1.551400 0.057600
v 0.068600 1.531100 0.032600
v 0.063900 1.513000 0.041900
v 0.059400 1.502800 0.051300
v 0.069200 1.566600 0.058400
v 0.061100 1.604400 0.080800
v 0.070800 1.570500 0.039600
v 0.065100 1.611300 0.054100
v 0.066900 1.564700 0.010200
v 0.063700 1.616500 0.025600
v 0.063100 1.545000 0.004100
v 0.055400 1.517000 0.012700
v 0.052600 1.501900 0.020100
v 0.052300 1.551300 -0.017900
v 0.044300 1.514800 -0.002500
v 0.041800 1.495900 0.005400
v 0.056000 1.571900 -0.016700
v 0.038400 1.556600 -0.032700
v 0.032100 1.512900 -0.012100
v 0.032100 1.490500 -0.003100
v 0.041000 1.578900 -0.033600
v 0.024600 1.560900 -0.040800
v 0.020400 1.512900 -0.018400
v 0.019200 1.489600 -0.010300
v 0.025300 1.582200 -0.041700
v 0.044700 1.468800 0.012600
v 0.068900 1.537300 0.061100
v 0.037000 1.466300 0.001300
v 0.018800 1.460600 -0.011700
v 0.071500 1.547300 0.056400
v 0.027000 1.549000 0.130700
v 0.019100 1.550900 0.129900
v 0.023400 1.555300 0.130900
v 0.032400 1.556700 0.131100
v 0.041100 1.553700 0.127300
v 0.037700 1.549800 0.127300
v 0.037800 1.555300 0.129600
v 0.032400 1.548900 0.130000
v 0.000000 1.447300 0.132800
v -0.000200 1.563800 -0.046500
v 0.021200 1.486400 0.137400
v 0.022400 1.487400 0.135800
v 0.020400 1.486000 0.137700
v 0.015400 1.486600 0.138000
v 0.009100 1.485900 0.141800
v 0.016600 1.488200 0.139400
v 0.009000 1.487400 0.143400
v 0.018800 1.484900 0.141000
v 0.021800 1.486600 0.139200
v 0.021300 1.487300 0.140200
v 0.062700 1.505000 0.065400
v 0.077600 1.524900 0.032500
v 0.023400 1.538200 -0.034800
v 0.035600 1.535900 -0.027100
v 0.048400 1.531300 -0.013000
v 0.058100 1.527800 0.006100
v 0.077100 1.524000 0.039700
v 0.070000 1.523100 0.045900
v 0.069800 1.520300 0.054700
v 0.067300 1.520600 0.062100
v 0.066800 1.521900 0.036300
v 0.000100 1.542400 -0.042300
v 0.000000 1.611100 -0.041400
v 0.042600 1.604500 -0.027500
v 0.025000 1.608000 -0.036800
v 0.069000 1.592200 0.044300
v 0.057100 1.599300 -0.010300
v 0.067400 1.595500 0.018400
v 0.066600 1.585500 0.067100
v -0.000800 1.428700 -0.021600
v 0.020900 1.432700 -0.019600
v 0.041100 1.432700 -0.011700
v 0.056900 1.428800 0.005900
v 0.058100 1.422200 0.023000
v 0.053300 1.406200 0.041500
v 0.038400 1.397600 0.057200
v 0.022900 1.391600 0.066000
v 0.001500 1.489900 0.064700
v 0.000100 1.484800 0.098500
v 0.000000 1.481400 0.127900
v 0.000000 1.473600 0.145100
v 0.000000 1.472000 0.143100
v 0.000000 1.514200 0.158900
v -0.000100 1.500800 0.150000
v 0.000000 1.458300 0.141600
v 0.000000 1.597600 0.139400
v 0.000000 1.431300 0.082600
v 0.000000 1.493000 0.152900
v 0.000000 1.511200 0.156300
v 0.000000 1.407200 0.075300
v 0.000000 1.656500 0.001100
v 0.025600 1.553200 0.133600
v 0.024100 1.553200 0.132600
v 0.020800 1.553300 0.131400
v 0.018400 1.553400 0.129600
v 0.016400 1.553500 0.127200
v 0.014900 1.553700 0.124700
v 0.013900 1.553800 0.121800
v 0.013500 1.554000 0.118900
v 0.013600 1.554100 0.115900
v 0.014200 1.554200 0.112900
v 0.025900 1.554400 0.133700
v 0.024400 1.554800 0.132700
v 0.021300 1.555900 0.131500
v 0.018900 1.556700 0.129800
v 0.017000 1.557400 0.127500
v 0.015400 1.558000 0.125000
v 0.014500 1.558400 0.122100
v 0.014000 1.558700 0.119100
v 0.014200 1.558700 0.116100
v 0.014800 1.558600 0.113100
v 0.026400 1.555400 0.133700
v 0.025200 1.556300 0.132700
v 0.022500 1.558200 0.131500
v 0.020600 1.559600 0.129800
v 0.018900 1.560800 0.127500
v 0.017600 1.561700 0.125000
v 0.016800 1.562300 0.122100
v 0.016400 1.562700 0.119200
v 0.016400 1.562600 0.116100
v 0.016900 1.562300 0.113100
v 0.027300 1.556300 0.133700
v 0.026500 1.557400 0.132600
v 0.024500 1.560000 0.131500
v 0.023100 1.562000 0.129800
v 0.021800 1.563600 0.127500
v 0.020900 1.564800 0.125000
v 0.020200 1.565600 0.122100
v 0.019800 1.566000 0.119200
v 0.019900 1.565900 0.116100
v 0.020200 1.565400 0.113100
v 0.028400 1.556800 0.133700
v 0.028000 1.558200 0.132600
v 0.026900 1.561200 0.131500
v 0.026000 1.563500 0.129800
v 0.025300 1.565400 0.127500
v 0.024700 1.566800 0.124900
v 0.024300 1.567700 0.122000
v 0.024000 1.568200 0.119100
v 0.024000 1.568000 0.116000
v 0.024100 1.567500 0.113000
v 0.029700 1.557000 0.133600
v 0.029700 1.558400 0.132500
v 0.029600 1.561600 0.131300
v 0.029500 1.563900 0.129500
v 0.029400 1.565900 0.127200
v 0.029300 1.567300 0.124700
v 0.029100 1.568300 0.121700
v 0.028900 1.568700 0.118900
v 0.028800 1.568500 0.115800
v 0.028600 1.567900 0.112800
v 0.030900 1.556800 0.133600
v 0.031400 1.558200 0.132400
v 0.032300 1.561200 0.131200
v 0.032900 1.563500 0.129400
v 0.033500 1.565400 0.127000
v 0.033800 1.566800 0.124500
v 0.033900 1.567700 0.121600
v 0.033800 1.568200 0.118600
v 0.033600 1.568000 0.115500
v 0.033100 1.567500 0.112500
v 0.032000 1.556300 0.133500
v 0.032900 1.557400 0.132300
v 0.034700 1.560000 0.131000
v 0.035900 1.562000 0.129100
v 0.036900 1.563600 0.126700
v 0.037700 1.564800 0.124200
v 0.038000 1.565600 0.121200
v 0.038000 1.566000 0.118300
v 0.037600 1.565900 0.115200
v 0.037000 1.565400 0.112300
v 0.032900 1.555400 0.133400
v 0.034100 1.556300 0.132200
v 0.036600 1.558200 0.130800
v 0.038500 1.559600 0.128800
v 0.039900 1.560800 0.126400
v 0.040900 1.561700 0.123800
v 0.041400 1.562300 0.120800
v 0.041500 1.562700 0.117900
v 0.041000 1.562600 0.114900
v 0.040200 1.562300 0.111900
v 0.033400 1.554400 0.133300
v 0.034800 1.554800 0.132100
v 0.037900 1.555900 0.130700
v 0.040100 1.556700 0.128700
v 0.041800 1.557400 0.126200
v 0.043100 1.558000 0.123500
v 0.043700 1.558400 0.120600
v 0.043900 1.558700 0.117600
v 0.043300 1.558700 0.114600
v 0.042300 1.558600 0.111600
v 0.033600 1.553200 0.133200
v 0.035100 1.553200 0.132000
v 0.038200 1.553300 0.130500
v 0.040500 1.553400 0.128400
v 0.042200 1.553500 0.125900
v 0.043500 1.553700 0.123200
v 0.044200 1.553800 0.120300
v 0.044400 1.554000 0.117300
v 0.043800 1.554100 0.114400
v 0.042800 1.554300 0.111400
v 0.033400 1.552000 0.133200
v 0.034800 1.551600 0.131900
v 0.037800 1.550700 0.130400
v 0.040000 1.550100 0.128300
v 0.041700 1.549600 0.125800
v 0.043000 1.549300 0.123000
v 0.043600 1.549200 0.120100
v 0.043800 1.549300 0.117100
v 0.043300 1.549500 0.114100
v 0.042300 1.549900 0.111200
v 0.032900 1.551000 0.133100
v 0.034000 1.550200 0.131900
v 0.036500 1.548400 0.130300
v 0.038400 1.547200 0.128200
v 0.039800 1.546300 0.125700
v 0.040800 1.545600 0.123000
v 0.041300 1.545300 0.120000
v 0.041500 1.545200 0.117100
v 0.041000 1.545600 0.114100
v 0.040100 1.546200 0.111200
v 0.032000 1.550100 0.133100
v 0.032900 1.549000 0.131900
v 0.034600 1.546600 0.130300
v 0.035800 1.544800 0.128300
v 0.036800 1.543500 0.125700
v 0.037500 1.542500 0.123000
v 0.037800 1.542000 0.120100
v 0.037900 1.541800 0.117100
v 0.037500 1.542200 0.114100
v 0.036900 1.543000 0.111200
v 0.030900 1.549600 0.133200
v 0.031300 1.548300 0.132000
v 0.032200 1.545400 0.130500
v 0.032800 1.543200 0.128400
v 0.033300 1.541600 0.125900
v 0.033700 1.540400 0.123200
v 0.033800 1.539800 0.120200
v 0.033700 1.539600 0.117200
v 0.033500 1.540100 0.114200
v 0.033000 1.541000 0.111300
v 0.029600 1.549400 0.133300
v 0.029600 1.548000 0.132000
v 0.029500 1.545000 0.130500
v 0.029400 1.542800 0.128500
v 0.029200 1.541100 0.126000
v 0.029100 1.539900 0.123400
v 0.029000 1.539300 0.120400
v 0.028800 1.539000 0.117500
v 0.028700 1.539500 0.114500
v 0.028500 1.540400 0.111600
v 0.028400 1.549600 0.133400
v 0.027900 1.548300 0.132100
v 0.026800 1.545400 0.130800
v 0.025900 1.543300 0.128800
v 0.025200 1.541700 0.126300
v 0.024600 1.540400 0.123700
v 0.024200 1.539800 0.120700
v 0.023900 1.539500 0.117700
v 0.023800 1.540000 0.114700
v 0.023900 1.540900 0.111800
v 0.027300 1.550100 0.133400
v 0.026400 1.549000 0.132200
v 0.024400 1.546600 0.130900
v 0.022900 1.544800 0.129000
v 0.021700 1.543500 0.126500
v 0.020700 1.542500 0.123900
v 0.020200 1.542000 0.121000
v 0.019800 1.541800 0.118000
v 0.019800 1.542200 0.115000
v 0.020100 1.543000 0.112100
v 0.026400 1.551000 0.133500
v 0.025200 1.550200 0.132300
v 0.022400 1.548500 0.131100
v 0.020400 1.547200 0.129200
v 0.018800 1.546300 0.126800
v 0.017500 1.545600 0.124200
v 0.016700 1.545300 0.121300
v 0.016300 1.545200 0.118300
v 0.016400 1.545600 0.115400
v 0.016800 1.546200 0.112400
v 0.025800 1.552000 0.133600
v 0.024400 1.551600 0.132500
v 0.021200 1.550700 0.131300
v 0.018800 1.550100 0.129400
v 0.016900 1.549600 0.127100
v 0.015300 1.549300 0.124500
v 0.014500 1.549200 0.121600
v 0.014000 1.549300 0.118600
v 0.014200 1.549500 0.115600
v 0.014700 1.549900 0.112600
v 0.033100 1.553200 0.133500
v 0.029700 1.556400 0.133900
v 0.026200 1.553200 0.133900
v 0.029600 1.549900 0.133600
v 0.026600 1.552400 0.134000
v 0.030400 1.550200 0.133700
v 0.032700 1.553900 0.133700
v 0.028900 1.556100 0.134100
v 0.028900 1.550200 0.133800
v 0.032700 1.552400 0.133600
v 0.030400 1.556100 0.134000
v 0.026600 1.553900 0.134100
v 0.027100 1.551500 0.134000
v 0.031300 1.550800 0.133700
v 0.032200 1.554800 0.133900
v 0.028000 1.555600 0.134200
v 0.027900 1.550700 0.133900
v 0.032200 1.551600 0.133700
v 0.031400 1.555600 0.134000
v 0.027100 1.554800 0.134100
v 0.027900 1.554000 0.134400
v 0.028800 1.554900 0.134400
v 0.029700 1.555600 0.134300
v 0.027100 1.553200 0.134300
v 0.027900 1.552300 0.134300
v 0.028700 1.553200 0.134500
v 0.029700 1.554100 0.134500
v 0.030600 1.554900 0.134300
v 0.030600 1.551500 0.134100
v 0.031500 1.552300 0.134100
v 0.032200 1.553200 0.134000
v 0.029600 1.550700 0.134000
v 0.029700 1.552300 0.134400
v 0.031500 1.554000 0.134200
v 0.028700 1.551500 0.134300
v 0.030600 1.553200 0.134400
v 0.024600 1.553200 0.133000
v 0.024900 1.554700 0.133100
v 0.025600 1.556000 0.133100
v 0.026800 1.557000 0.133100
v 0.028200 1.557700 0.133100
v 0.029700 1.557900 0.133000
v 0.031200 1.557700 0.132900
v 0.032600 1.557000 0.132800
v 0.033700 1.556000 0.132700
v 0.034400 1.554700 0.132600
v 0.034600 1.553200 0.132500
v 0.034300 1.551700 0.132500
v 0.033600 1.550400 0.132400
v 0.032500 1.549400 0.132400
v 0.031200 1.548700 0.132500
v 0.029600 1.548500 0.132500
v 0.028100 1.548700 0.132600
v 0.026700 1.549400 0.132700
v 0.025600 1.550500 0.132800
v 0.024900 1.551800 0.133000
v 0.026900 1.553100 0.131300
v 0.024900 1.553200 0.132000
v 0.021100 1.553300 0.131300
v 0.018700 1.553400 0.129500
v 0.016800 1.553600 0.127000
v 0.015200 1.553700 0.124500
v 0.014300 1.553800 0.121700
v 0.013900 1.554000 0.118900
v 0.014000 1.554100 0.116000
v 0.014600 1.554200 0.113100
v 0.027000 1.553800 0.131300
v 0.025200 1.554600 0.132100
v 0.021500 1.555800 0.131500
v 0.019200 1.556600 0.129700
v 0.017300 1.557300 0.127300
v 0.015800 1.557800 0.124800
v 0.014900 1.558300 0.122000
v 0.014400 1.558500 0.119100
v 0.014600 1.558500 0.116100
v 0.015100 1.558400 0.113300
v 0.027500 1.554700 0.131400
v 0.025900 1.555800 0.132200
v 0.022700 1.558000 0.131500
v 0.020800 1.559400 0.129700
v 0.019200 1.560600 0.127200
v 0.017900 1.561500 0.124800
v 0.017100 1.562100 0.122000
v 0.016700 1.562400 0.119200
v 0.016800 1.562400 0.116200
v 0.017300 1.562100 0.113300
v 0.028300 1.555000 0.131300
v 0.026900 1.556800 0.132100
v 0.024700 1.559800 0.131500
v 0.023200 1.561700 0.129700
v 0.022000 1.563300 0.127200
v 0.021000 1.564500 0.124800
v 0.020500 1.565300 0.122000
v 0.020100 1.565700 0.119200
v 0.020100 1.565500 0.116200
v 0.020400 1.565100 0.113300
v 0.028900 1.555400 0.131300
v 0.028300 1.557500 0.132100
v 0.027000 1.561000 0.131500
v 0.026200 1.563200 0.129700
v 0.025500 1.565100 0.127200
v 0.024900 1.566500 0.124700
v 0.024500 1.567400 0.121900
v 0.024200 1.567800 0.119100
v 0.024100 1.567600 0.116100
v 0.024200 1.567100 0.113200
v 0.029700 1.555700 0.131300
v 0.029700 1.557600 0.132000
v 0.029600 1.561400 0.131300
v 0.029500 1.563600 0.129400
v 0.029400 1.565500 0.127000
v 0.029300 1.567000 0.124500
v 0.029100 1.567900 0.121700
v 0.028900 1.568300 0.118900
v 0.028800 1.568100 0.115900
v 0.028600 1.567600 0.113000
v 0.030400 1.555400 0.131200
v 0.031100 1.557400 0.132000
v 0.032200 1.561000 0.131200
v 0.032800 1.563200 0.129300
v 0.033300 1.565000 0.126800
v 0.033700 1.566500 0.124300
v 0.033700 1.567400 0.121500
v 0.033700 1.567800 0.118600
v 0.033400 1.567600 0.115600
v 0.033000 1.567100 0.112700
v 0.031100 1.555000 0.131200
v 0.032400 1.556800 0.131900
v 0.034500 1.559800 0.130900
v 0.035800 1.561700 0.129000
v 0.036700 1.563300 0.126500
v 0.037500 1.564500 0.124000
v 0.037700 1.565300 0.121100
v 0.037800 1.565700 0.118300
v 0.037400 1.565600 0.115300
v 0.036800 1.565100 0.112500
v 0.031800 1.554700 0.131100
v 0.033400 1.555800 0.131800
v 0.036400 1.558000 0.130800
v 0.038200 1.559400 0.128800
v 0.039600 1.560600 0.126200
v 0.040600 1.561500 0.123600
v 0.041100 1.562100 0.120800
v 0.041200 1.562400 0.117900
v 0.040700 1.562400 0.115000
v 0.039900 1.562100 0.112100
v 0.032300 1.553800 0.130900
v 0.034100 1.554500 0.131600
v 0.037600 1.555800 0.130600
v 0.039800 1.556600 0.128600
v 0.041500 1.557300 0.126000
v 0.042700 1.557800 0.123300
v 0.043300 1.558300 0.120500
v 0.043500 1.558500 0.117500
v 0.042900 1.558600 0.114600
v 0.042000 1.558400 0.111800
v 0.032400 1.553200 0.130900
v 0.034300 1.553200 0.131500
v 0.038000 1.553300 0.130400
v 0.040200 1.553400 0.128300
v 0.041900 1.553500 0.125700
v 0.043100 1.553700 0.123100
v 0.043800 1.553800 0.120200
v 0.044000 1.554000 0.117300
v 0.043400 1.554100 0.114400
v 0.042500 1.554300 0.111600
v 0.032300 1.552500 0.130900
v 0.034100 1.551800 0.131500
v 0.037600 1.550800 0.130400
v 0.039800 1.550200 0.128200
v 0.041400 1.549800 0.125500
v 0.042600 1.549500 0.122900
v 0.043200 1.549400 0.120000
v 0.043400 1.549400 0.117100
v 0.042900 1.549700 0.114200
v 0.042000 1.550100 0.111400
v 0.031800 1.551700 0.130800
v 0.033400 1.550600 0.131500
v 0.036300 1.548600 0.130300
v 0.038100 1.547400 0.128100
v 0.039500 1.546500 0.125500
v 0.040500 1.545800 0.122800
v 0.041000 1.545500 0.119900
v 0.041100 1.545400 0.117000
v 0.040700 1.545800 0.114200
v 0.039800 1.546400 0.111400
v 0.031100 1.551300 0.131000
v 0.032400 1.549600 0.131500
v 0.034500 1.546800 0.130300
v 0.035700 1.545000 0.128200
v 0.036600 1.543700 0.125500
v 0.037400 1.542800 0.122800
v 0.037600 1.542300 0.120000
v 0.037700 1.542200 0.117100
v 0.037300 1.542600 0.114200
v 0.036700 1.543400 0.111400
v 0.030400 1.550900 0.131000
v 0.031000 1.549000 0.131500
v 0.032100 1.545600 0.130400
v 0.032700 1.543500 0.128300
v 0.033200 1.542000 0.125700
v 0.033500 1.540700 0.123000
v 0.033600 1.540200 0.120100
v 0.033500 1.540000 0.117200
v 0.033300 1.540400 0.114300
v 0.032800 1.541300 0.111500
v 0.029600 1.550600 0.130900
v 0.029600 1.548800 0.131500
v 0.029500 1.545300 0.130500
v 0.029400 1.543100 0.128400
v 0.029200 1.541500 0.125800
v 0.029100 1.540300 0.123200
v 0.029000 1.539700 0.120300
v 0.028800 1.539400 0.117400
v 0.028700 1.539900 0.114600
v 0.028500 1.540800 0.111700
v 0.028900 1.550900 0.131100
v 0.028200 1.549000 0.131700
v 0.026900 1.545600 0.130700
v 0.026000 1.543500 0.128700
v 0.025300 1.542000 0.126100
v 0.024800 1.540700 0.123500
v 0.024300 1.540100 0.120600
v 0.024100 1.539900 0.117700
v 0.024000 1.540400 0.114800
v 0.024100 1.541300 0.112000
v 0.028200 1.551300 0.131100
v 0.026900 1.549600 0.131800
v 0.024600 1.546800 0.130800
v 0.023100 1.545100 0.128900
v 0.021900 1.543800 0.126300
v 0.020900 1.542800 0.123700
v 0.020400 1.542300 0.120900
v 0.020000 1.542100 0.118000
v 0.020100 1.542600 0.115100
v 0.020300 1.543300 0.112300
v 0.027400 1.551700 0.131200
v 0.025800 1.550600 0.131900
v 0.022600 1.548600 0.131000
v 0.020700 1.547400 0.129100
v 0.019000 1.546500 0.126600
v 0.017800 1.545800 0.124000
v 0.017000 1.545500 0.121200
v 0.016600 1.545400 0.118300
v 0.016700 1.545800 0.115400
v 0.017200 1.546400 0.112600
v 0.027000 1.552400 0.131200
v 0.025100 1.551900 0.132000
v 0.021400 1.550800 0.131200
v 0.019100 1.550200 0.129400
v 0.017200 1.549800 0.126900
v 0.015700 1.549500 0.124300
v 0.014800 1.549400 0.121500
v 0.014400 1.549500 0.118600
v 0.014500 1.549700 0.115700
v 0.015100 1.550100 0.112900
v 0.031600 1.553100 0.130800
v 0.029700 1.555000 0.131000
v 0.027700 1.553100 0.131000
v 0.029600 1.551300 0.130800
v 0.027900 1.552700 0.131000
v 0.030100 1.551500 0.130800
v 0.031400 1.553500 0.130800
v 0.029200 1.554800 0.131000
v 0.029200 1.551500 0.130800
v 0.031400 1.552700 0.130800
v 0.030100 1.554800 0.131000
v 0.027900 1.553500 0.131000
v 0.028300 1.552300 0.130900
v 0.030600 1.551900 0.130800
v 0.031000 1.554000 0.130900
v 0.028800 1.554400 0.131000
v 0.028700 1.551800 0.130900
v 0.031000 1.552300 0.130800
v 0.030600 1.554400 0.130900
v 0.028300 1.554000 0.131000
v 0.028800 1.553600 0.130800
v 0.029200 1.554000 0.130800
v 0.029700 1.554400 0.130900
v 0.028400 1.553100 0.130900
v 0.028800 1.552700 0.130800
v 0.029200 1.553100 0.130700
v 0.029700 1.553600 0.130700
v 0.030100 1.554000 0.130800
v 0.030100 1.552300 0.130700
v 0.030500 1.552700 0.130700
v 0.031000 1.553100 0.130700
v 0.029700 1.551900 0.130700
v 0.029700 1.552700 0.130700
v 0.030500 1.553600 0.130700
v 0.029200 1.552300 0.130700
v 0.030100 1.553100 0.130700
v 0.025900 1.553200 0.131600
v 0.026100 1.554200 0.131700
v 0.026700 1.555200 0.131700
v 0.027500 1.556000 0.131800
v 0.028600 1.556500 0.131700
v 0.029700 1.556700 0.131600
v 0.030800 1.556500 0.131600
v 0.031800 1.556000 0.131500
v 0.032600 1.555200 0.131400
v 0.033200 1.554200 0.131300
v 0.033300 1.553200 0.131200
v 0.033100 1.552200 0.131200
v 0.032600 1.551100 0.131100
v 0.031800 1.550400 0.131200
v 0.030700 1.549800 0.131200
v 0.029600 1.549700 0.131200
v 0.028600 1.549900 0.131300
v 0.027400 1.550400 0.131500
v 0.026700 1.551100 0.131500
v 0.026100 1.552200 0.131600
v 0.023900 1.553200 0.132100
v 0.024100 1.554900 0.132300
v 0.025000 1.556400 0.132300
v 0.026300 1.557600 0.132200
v 0.028000 1.558400 0.132200
v 0.029700 1.558700 0.132100
v 0.031400 1.558400 0.132000
v 0.033000 1.557600 0.131900
v 0.034300 1.556400 0.131800
v 0.035100 1.554900 0.131700
v 0.035300 1.553200 0.131500
v 0.035100 1.551600 0.131500
v 0.034200 1.550000 0.131400
v 0.033000 1.548800 0.131400
v 0.031400 1.548000 0.131500
v 0.029600 1.547800 0.131500
v 0.027900 1.548100 0.131600
v 0.026200 1.548900 0.131800
v 0.025000 1.550100 0.131900
v 0.024100 1.551600 0.132100
v -0.025600 1.553200 0.133600
v -0.024100 1.553200 0.132600
v -0.020800 1.553300 0.131400
v -0.018400 1.553400 0.129600
v -0.016400 1.553500 0.127200
v -0.014900 1.553700 0.124700
v -0.013900 1.553800 0.121800
v -0.013500 1.554000 0.118900
v -0.013600 1.554100 0.115900
v -0.014200 1.554200 0.112900
v -0.025900 1.554400 0.133700
v -0.024400 1.554800 0.132700
v -0.021300 1.555900 0.131500
v -0.018900 1.556700 0.129800
v -0.017000 1.557400 0.127500
v -0.015400 1.558000 0.125000
v -0.014500 1.558400 0.122100
v -0.014000 1.558700 0.119100
v -0.014200 1.558700 0.116100
v -0.014800 1.558600 0.113100
v -0.026400 1.555400 0.133700
v -0.025200 1.556300 0.132700
v -0.022500 1.558200 0.131500
v -0.020600 1.559600 0.129800
v -0.018900 1.560800 0.127500
v -0.017600 1.561700 0.125000
v -0.016800 1.562300 0.122100
v -0.016400 1.562700 0.119200
v -0.016400 1.562600 0.116100
v -0.016900 1.562300 0.113100
v -0.027300 1.556300 0.133700
v -0.026500 1.557400 0.132600
v -0.024500 1.560000 0.131500
v -0.023100 1.562000 0.129800
v -0.021800 1.563600 0.127500
v -0.020900 1.564800 0.125000
v -0.020200 1.565600 0.122100
v -0.019800 1.566000 0.119200
v -0.019900 1.565900 0.116100
v -0.020200 1.565400 0.113100
v -0.028400 1.556800 0.133700
v -0.028000 1.558200 0.132600
v -0.026900 1.561200 0.131500
v -0.026000 1.563500 0.129800
v -0.025300 1.565400 0.127500
v -0.024700 1.566800 0.124900
v -0.024300 1.567700 0.122000
v -0.024000 1.568200 0.119100
v -0.024000 1.568000 0.116000
v -0.024100 1.567500 0.113000
v -0.029700 1.557000 0.133600
v -0.029700 1.558400 0.132500
v -0.029600 1.561600 0.131300
v -0.029500 1.563900 0.129500
v -0.029400 1.565900 0.127200
v -0.029300 1.567300 0.124700
v -0.029100 1.568300 0.121700
v -0.028900 1.568700 0.118900
v -0.028800 1.568500 0.115800
v -0.028600 1.567900 0.112800
v -0.030900 1.556800 0.133600
v -0.031400 1.558200 0.132400
v -0.032300 1.561200 0.131200
v -0.032900 1.563500 0.129400
v -0.033500 1.565400 0.127000
v -0.033800 1.566800 0.124500
v -0.033900 1.567700 0.121600
v -0.033800 1.568200 0.118600
v -0.033600 1.568000 0.115500
v -0.033100 1.567500 0.112500
v -0.032000 1.556300 0.133500
v -0.032900 1.557400 0.132300
v -0.034700 1.560000 0.131000
v -0.035900 1.562000 0.129100
v -0.036900 1.563600 0.126700
v -0.037700 1.564800 0.124200
v -0.038000 1.565600 0.121200
v -0.038000 1.566000 0.118300
v -0.037600 1.565900 0.115200
v -0.037000 1.565400 0.112300
v -0.032900 1.555400 0.133400
v -0.034100 1.556300 0.132200
v -0.036600 1.558200 0.130800
v -0.038500 1.559600 0.128800
v -0.039900 1.560800 0.126400
v -0.040900 1.561700 0.123800
v -0.041400 1.562300 0.120800
v -0.041500 1.562700 0.117900
v -0.041000 1.562600 0.114900
v -0.040200 1.562300 0.111900
v -0.033400 1.554400 0.133300
v -0.034800 1.554800 0.132100
v -0.037900 1.555900 0.130700
v -0.040100 1.556700 0.128700
v -0.041800 1.557400 0.126200
v -0.043100 1.558000 0.123500
v -0.043700 1.558400 0.120600
v -0.043900 1.558700 0.117600
v -0.043300 1.558700 0.114600
v -0.042300 1.558600 0.111600
v -0.033600 1.553200 0.133200
v -0.035100 1.553200 0.132000
v -0.038200 1.553300 0.130500
v -0.040500 1.553400 0.128400
v -0.042200 1.553500 0.125900
v -0.043500 1.553700 0.123200
v -0.044200 1.553800 0.120300
v -0.044400 1.554000 0.117300
v -0.043800 1.554100 0.114400
v -0.042800 1.554300 0.111400
v -0.033400 1.552000 0.133200
v -0.034800 1.551600 0.131900
v -0.037800 1.550700 0.130400
v -0.040000 1.550100 0.128300
v -0.041700 1.549600 0.125800
v -0.043000 1.549300 0.123000
v -0.043600 1.549200 0.120100
v -0.043800 1.549300 0.117100
v -0.043300 1.549500 0.114100
v -0.042300 1.549900 0.111200
v -0.032900 1.551000 0.133100
v -0.034000 1.550200 0.131900
v -0.036500 1.548400 0.130300
v -0.038400 1.547200 0.128200
v -0.039800 1.546300 0.125700
v -0.040800 1.545600 0.123000
v -0.041300 1.545300 0.120000
v -0.041500 1.545200 0.117100
v -0.041000 1.545600 0.114100
v -0.040100 1.546200 0.111200
v -0.032000 1.550100 0.133100
v -0.032900 1.549000 0.131900
v -0.034600 1.546600 0.130300
v -0.035800 1.544800 0.128300
v -0.036800 1.543500 0.125700
v -0.037500 1.542500 0.123000
v -0.037800 1.542000 0.120100
v -0.037900 1.541800 0.117100
v -0.037500 1.542200 0.114100
v -0.036900 1.543000 0.111200
v -0.030900 1.549600 0.133200
v -0.031300 1.548300 0.132000
v -0.032200 1.545400 0.130500
v -0.032800 1.543200 0.128400
v -0.033300 1.541600 0.125900
v -0.033700 1.540400 0.123200
v -0.033800 1.539800 0.120200
v -0.033700 1.539600 0.117200
v -0.033500 1.540100 0.114200
v -0.033000 1.541000 0.111300
v -0.029600 1.549400 0.133300
v -0.029600 1.548000 0.132000
v -0.029500 1.545000 0.130500
v -0.029400 1.542800 0.128500
v -0.029200 1.541100 0.126000
v -0.029100 1.539900 0.123400
v -0.029000 1.539300 0.120400
v -0.028800 1.539000 0.117500
v -0.028700 1.539500 0.114500
v -0.028500 1.540400 0.111600
v -0.028400 1.549600 0.133400
v -0.027900 1.548300 0.132100
v -0.026800 1.545400 0.130800
v -0.025900 1.543300 0.128800
v -0.025200 1.541700 0.126300
v -0.024600 1.540400 0.123700
v -0.024200 1.539800 0.120700
v -0.023900 1.539500 0.117700
v -0.023800 1.540000 0.114700
v -0.023900 1.540900 0.111800
v -0.027300 1.550100 0.133400
v -0.026400 1.549000 0.132200
v -0.024400 1.546600 0.130900
v -0.022900 1.544800 0.129000
v -0.021700 1.543500 0.126500
v -0.020700 1.542500 0.123900
v -0.020200 1.542000 0.121000
v -0.019800 1.541800 0.118000
v -0.019800 1.542200 0.115000
v -0.020100 1.543000 0.112100
v -0.026400 1.551000 0.133500
v -0.025200 1.550200 0.132300
v -0.022400 1.548500 0.131100
v -0.020400 1.547200 0.129200
v -0.018800 1.546300 0.126800
v -0.017500 1.545600 0.124200
v -0.016700 1.545300 0.121300
v -0.016300 1.545200 0.118300
v -0.016400 1.545600 0.115400
v -0.016800 1.546200 0.112400
v -0.025800 1.552000 0.133600
v -0.024400 1.551600 0.132500
v -0.021200 1.550700 0.131300
v -0.018800 1.550100 0.129400
v -0.016900 1.549600 0.127100
v -0.015300 1.549300 0.124500
v -0.014500 1.549200 0.121600
v -0.014000 1.549300 0.118600
v -0.014200 1.549500 0.115600
v -0.014700 1.549900 0.112600
v -0.033100 1.553200 0.133500
v -0.029700 1.556400 0.133900
v -0.026200 1.553200 0.133900
v -0.029600 1.549900 0.133600
v -0.026600 1.552400 0.134000
v -0.030400 1.550200 0.133700
v -0.032700 1.553900 0.133700
v -0.028900 1.556100 0.134100
v -0.028900 1.550200 0.133800
v -0.032700 1.552400 0.133600
v -0.030400 1.556100 0.134000
v -0.026600 1.553900 0.134100
v -0.027100 1.551500 0.134000
v -0.031300 1.550800 0.133700
v -0.032200 1.554800 0.133900
v -0.028000 1.555600 0.134200
v -0.027900 1.550700 0.133900
v -0.032200 1.551600 0.133700
v -0.031400 1.555600 0.134000
v -0.027100 1.554800 0.134100
v -0.027900 1.554000 0.134400
v -0.028800 1.554900 0.134400
v -0.029700 1.555600 0.134300
v -0.027100 1.553200 0.134300
v -0.027900 1.552300 0.134300
v -0.028700 1.553200 0.134500
v -0.029700 1.554100 0.134500
v -0.030600 1.554900 0.134300
v -0.030600 1.551500 0.134100
v -0.031500 1.552300 0.134100
v -0.032200 1.553200 0.134000
v -0.029600 1.550700 0.134000
v -0.029700 1.552300 0.134400
v -0.031500 1.554000 0.134200
v -0.028700 1.551500 0.134300
v -0.030600 1.553200 0.134400
v -0.024600 1.553200 0.133000
v -0.024900 1.554700 0.133100
v -0.025600 1.556000 0.133100
v -0.026800 1.557000 0.133100
v -0.028200 1.557700 0.133100
v -0.029700 1.557900 0.133000
v -0.031200 1.557700 0.132900
v -0.032600 1.557000 0.132800
v -0.033700 1.556000 0.132700
v -0.034400 1.554700 0.132600
v -0.034600 1.553200 0.132500
v -0.034300 1.551700 0.132500
v -0.033600 1.550400 0.132400
v -0.032500 1.549400 0.132400
v -0.031200 1.548700 0.132500
v -0.029600 1.548500 0.132500
v -0.028100 1.548700 0.132600
v -0.026700 1.549400 0.132700
v -0.025600 1.550500 0.132800
v -0.024900 1.551800 0.133000
v -0.026900 1.553100 0.131300
v -0.024900 1.553200 0.132000
v -0.021100 1.553300 0.131300
v -0.018700 1.553400 0.129500
v -0.016800 1.553600 0.127000
v -0.015200 1.553700 0.124500
v -0.014300 1.553800 0.121700
v -0.013900 1.554000 0.118900
v -0.014000 1.554100 0.116000
v -0.014600 1.554200 0.113100
v -0.027000 1.553800 0.131300
v -0.025200 1.554600 0.132100
v -0.021500 1.555800 0.131500
v -0.019200 1.556600 0.129700
v -0.017300 1.557300 0.127300
v -0.015800 1.557800 0.124800
v -0.014900 1.558300 0.122000
v -0.014400 1.558500 0.119100
v -0.014600 1.558500 0.116100
v -0.015100 1.558400 0.113300
v -0.027500 1.554700 0.131400
v -0.025900 1.555800 0.132200
v -0.022700 1.558000 0.131500
v -0.020800 1.559400 0.129700
v -0.019200 1.560600 0.127200
v -0.017900 1.561500 0.124800
v -0.017100 1.562100 0.122000
v -0.016700 1.562400 0.119200
v -0.016800 1.562400 0.116200
v -0.017300 1.562100 0.113300
v -0.028300 1.555000 0.131300
v -0.026900 1.556800 0.132100
v -0.024700 1.559800 0.131500
v -0.023200 1.561700 0.129700
v -0.022000 1.563300 0.127200
v -0.021000 1.564500 0.124800
v -0.020500 1.565300 0.122000
v -0.020100 1.565700 0.119200
v -0.020100 1.565500 0.116200
v -0.020400 1.565100 0.113300
v -0.028900 1.555400 0.131300
v -0.028300 1.557500 0.132100
v -0.027000 1.561000 0.131500
v -0.026200 1.563200 0.129700
v -0.025500 1.565100 0.127200
v -0.024900 1.566500 0.124700
v -0.024500 1.567400 0.121900
v -0.024200 1.567800 0.119100
v -0.024100 1.567600 0.116100
v -0.024200 1.567100 0.113200
v -0.029700 1.555700 0.131300
v -0.029700 1.557600 0.132000
v -0.029600 1.561400 0.131300
v -0.029500 1.563600 0.129400
v -0.029400 1.565500 0.127000
v -0.029300 1.567000 0.124500
v -0.029100 1.567900 0.121700
v -0.028900 1.568300 0.118900
v -0.028800 1.568100 0.115900
v -0.028600 1.567600 0.113000
v -0.030400 1.555400 0.131200
v -0.031100 1.557400 0.132000
v -0.032200 1.561000 0.131200
v -0.032800 1.563200 0.129300
v -0.033300 1.565000 0.126800
v -0.033700 1.566500 0.124300
v -0.033700 1.567400 0.121500
v -0.033700 1.567800 0.118600
v -0.033400 1.567600 0.115600
v -0.033000 1.567100 0.112700
v -0.031100 1.555000 0.131200
v -0.032400 1.556800 0.131900
v -0.034500 1.559800 0.130900
v -0.035800 1.561700 0.129000
v -0.036700 1.563300 0.126500
v -0.037500 1.564500 0.124000
v -0.037700 1.565300 0.121100
v -0.037800 1.565700 0.118300
v -0.037400 1.565600 0.115300
v -0.036800 1.565100 0.112500
v -0.031800 1.554700 0.131100
v -0.033400 1.555800 0.131800
v -0.036400 1.558000 0.130800
v -0.038200 1.559400 0.128800
v -0.039600 1.560600 0.126200
v -0.040600 1.561500 0.123600
v -0.041100 1.562100 0.120800
v -0.041200 1.562400 0.117900
v -0.040700 1.562400 0.115000
v -0.039900 1.562100 0.112100
v -0.032300 1.553800 0.130900
v -0.034100 1.554500 0.131600
v -0.037600 1.555800 0.130600
v -0.039800 1.556600 0.128600
v -0.041500 1.557300 0.126000
v -0.042700 1.557800 0.123300
v -0.043300 1.558300 0.120500
v -0.043500 1.558500 0.117500
v -0.042900 1.558600 0.114600
v -0.042000 1.558400 0.111800
v -0.032400 1.553200 0.130900
v -0.034300 1.553200 0.131500
v -0.038000 1.553300 0.130400
v -0.040200 1.553400 0.128300
v -0.041900 1.553500 0.125700
v -0.043100 1.553700 0.123100
v -0.043800 1.553800 0.120200
v -0.044000 1.554000 0.117300
v -0.043400 1.554100 0.114400
v -0.042500 1.554300 0.111600
v -0.032300 1.552500 0.130900
v -0.034100 1.551800 0.131500
v -0.037600 1.550800 0.130400
v -0.039800 1.550200 0.128200
v -0.041400 1.549800 0.125500
v -0.042600 1.549500 0.122900
v -0.043200 1.549400 0.120000
v -0.043400 1.549400 0.117100
v -0.042900 1.549700 0.114200
v -0.042000 1.550100 0.111400
v -0.031800 1.551700 0.130800
v -0.033400 1.550600 0.131500
v -0.036300 1.548600 0.130300
v -0.038100 1.547400 0.128100
v -0.039500 1.546500 0.125500
v -0.040500 1.545800 0.122800
v -0.041000 1.545500 0.119900
v -0.041100 1.545400 0.117000
v -0.040700 1.545800 0.114200
v -0.039800 1.546400 0.111400
v -0.031100 1.551300 0.131000
v -0.032400 1.549600 0.131500
v -0.034500 1.546800 0.130300
v -0.035700 1.545000 0.128200
v -0.036600 1.543700 0.125500
v -0.037400 1.542800 0.122800
v -0.037600 1.542300 0.120000
v -0.037700 1.542200 0.117100
v -0.037300 1.542600 0.114200
v -0.036700 1.543400 0.111400
v -0.030400 1.550900 0.131000
v -0.031000 1.549000 0.131500
v -0.032100 1.545600 0.130400
v -0.032700 1.543500 0.128300
v -0.033200 1.542000 0.125700
v -0.033500 1.540700 0.123000
v -0.033600 1.540200 0.120100
v -0.033500 1.540000 0.117200
v -0.033300 1.540400 0.114300
v -0.032800 1.541300 0.111500
v -0.029600 1.550600 0.130900
v -0.029600 1.548800 0.131500
v -0.029500 1.545300 0.130500
v -0.029400 1.543100 0.128400
v -0.029200 1.541500 0.125800
v -0.029100 1.540300 0.123200
v -0.029000 1.539700 0.120300
v -0.028800 1.539400 0.117400
v -0.028700 1.539900 0.114600
v -0.028500 1.540800 0.111700
v -0.028900 1.550900 0.131100
v -0.028200 1.549000 0.131700
v -0.026900 1.545600 0.130700
v -0.026000 1.543500 0.128700
v -0.025300 1.542000 0.126100
v -0.024800 1.540700 0.123500
v -0.024300 1.540100 0.120600
v -0.024100 1.539900 0.117700
v -0.024000 1.540400 0.114800
v -0.024100 1.541300 0.112000
v -0.028200 1.551300 0.131100
v -0.026900 1.549600 0.131800
v -0.024600 1.546800 0.130800
v -0.023100 1.545100 0.128900
v -0.021900 1.543800 0.126300
v -0.020900 1.542800 0.123700
v -0.020400 1.542300 0.120900
v -0.020000 1.542100 0.118000
v -0.020100 1.542600 0.115100
v -0.020300 1.543300 0.112300
v -0.027400 1.551700 0.131200
v -0.025800 1.550600 0.131900
v -0.022600 1.548600 0.131000
v -0.020700 1.547400 0.129100
v -0.019000 1.546500 0.126600
v -0.017800 1.545800 0.124000
v -0.017000 1.545500 0.121200
v -0.016600 1.545400 0.118300
v -0.016700 1.545800 0.115400
v -0.017200 1.546400 0.112600
v -0.027000 1.552400 0.131200
v -0.025100 1.551900 0.132000
v -0.021400 1.550800 0.131200
v -0.019100 1.550200 0.129400
v -0.017200 1.549800 0.126900
v -0.015700 1.549500 0.124300
v -0.014800 1.549400 0.121500
v -0.014400 1.549500 0.118600
v -0.014500 1.549700 0.115700
v -0.015100 1.550100 0.112900
v -0.031600 1.553100 0.130800
v -0.029700 1.555000 0.131000
v -0.027700 1.553100 0.131000
v -0.029600 1.551300 0.130800
v -0.027900 1.552700 0.131000
v -0.030100 1.551500 0.130800
v -0.031400 1.553500 0.130800
v -0.029300 1.554800 0.131000
v -0.029200 1.551500 0.130800
v -0.031400 1.552700 0.130800
v -0.030100 1.554800 0.131000
v -0.027900 1.553500 0.131000
v -0.028300 1.552300 0.130900
v -0.030600 1.551900 0.130800
v -0.031000 1.554000 0.130900
v -0.028800 1.554400 0.131000
v -0.028700 1.551800 0.130900
v -0.031000 1.552300 0.130700
v -0.030600 1.554400 0.130900
v -0.028300 1.554000 0.131000
v -0.028800 1.553600 0.130800
v -0.029200 1.554000 0.130800
v -0.029700 1.554400 0.130900
v -0.028400 1.553100 0.130900
v -0.028800 1.552700 0.130800
v -0.029200 1.553100 0.130700
v -0.029700 1.553600 0.130700
v -0.030100 1.554000 0.130800
v -0.030100 1.552300 0.130700
v -0.030500 1.552700 0.130700
v -0.031000 1.553100 0.130700
v -0.029700 1.551900 0.130700
v -0.029700 1.552700 0.130700
v -0.030500 1.553600 0.130700
v -0.029200 1.552300 0.130700
v -0.030100 1.553100 0.130700
v -0.025900 1.553200 0.131600
v -0.026100 1.554200 0.131700
v -0.026700 1.555200 0.131700
v -0.027500 1.556000 0.131800
v -0.028600 1.556500 0.131700
v -0.029700 1.556700 0.131600
v -0.030800 1.556500 0.131600
v -0.031800 1.556000 0.131500
v -0.032600 1.555200 0.131400
v -0.033200 1.554200 0.131300
v -0.033300 1.553200 0.131200
v -0.033100 1.552200 0.131200
v -0.032600 1.551100 0.131100
v -0.031800 1.550400 0.131200
v -0.030700 1.549800 0.131200
v -0.029600 1.549700 0.131200
v -0.028600 1.549900 0.131300
v -0.027400 1.550400 0.131500
v -0.026700 1.551100 0.131500
v -0.026100 1.552200 0.131600
v -0.023900 1.553200 0.132100
v -0.024100 1.554900 0.132300
v -0.025000 1.556400 0.132300
v -0.026300 1.557600 0.132200
v -0.028000 1.558400 0.132200
v -0.029700 1.558700 0.132100
v -0.031400 1.558400 0.132000
v -0.033000 1.557600 0.131900
v -0.034300 1.556400 0.131800
v -0.035100 1.554900 0.131700
v -0.035300 1.553200 0.131500
v -0.035100 1.551600 0.131500
v -0.034200 1.550000 0.131400
v -0.033000 1.548800 0.131400
v -0.031400 1.548000 0.131500
v -0.029600 1.547800 0.131500
v -0.027900 1.548100 0.131600
v -0.026200 1.548900 0.131800
v -0.025000 1.550100 0.131900
v -0.024100 1.551600 0.132100
vn -0.7778 0.4168 0.4703
vn -0.2609 0.9241 -0.2792
vn -0.4712 0.8718 0.1338
vn -0.7801 0.5354 0.3238
vn -0.9523 0.3025 0.0410
vn -0.9981 -0.0343 0.0505
vn -0.9053 -0.3593 0.2264
vn -0.8972 -0.3102 0.3143
vn -0.4430 -0.8158 0.3718
vn -0.1445 -0.9895 -0.0024
vn 0.3628 -0.8939 -0.2632
vn 0.4935 -0.8667 -0.0731
vn -0.2796 -0.7145 0.6414
vn -0.1038 -0.7523 0.6505
vn -0.4473 -0.6113 0.6529
vn 0.0557 0.4239 0.9040
vn -0.6534 -0.1329 0.7453
vn -0.1289 -0.3250 0.9369
vn -0.6926 -0.1495 0.7057
vn -0.4660 -0.2593 0.8459
vn 0.0078 -0.0117 0.9999
vn -0.6091 -0.2564 0.7505
vn -0.4378 0.3001 0.8475
vn -0.9504 -0.0643 0.3043
vn -0.9505 -0.0955 0.2957
vn -0.9107 -0.4125 -0.0220
vn -0.9538 0.0148 0.3002
vn -0.8857 0.0931 0.4548
vn -0.9975 0.0338 -0.0613
vn -0.9603 -0.0138 0.2787
vn -0.9652 -0.2412 0.1012
vn -0.4548 -0.2914 0.8416
vn -0.4878 -0.0060 0.8729
vn -0.4924 0.0720 0.8674
vn -0.6185 -0.0449 0.7845
vn -0.5601 -0.2254 0.7972
vn -0.4172 -0.3742 0.8282
vn -0.2640 -0.6690 0.6948
vn -0.3585 -0.6038 0.7120
vn -0.3210 0.3288 0.8882
vn -0.3765 0.4655 0.8010
vn -0.5791 -0.1790 0.7954
vn -0.5228 -0.2271 0.8217
vn -0.3237 -0.5270 0.7858
vn -0.6431 -0.1468 0.7516
vn -0.2588 -0.5051 0.8233
vn -0.2478 -0.4253 0.8705
vn -0.1068 -0.4974 0.8609
vn -0.1875 -0.2523 0.9493
vn -0.3406 -0.4296 0.8363
vn -0.5157 -0.0038 0.8567
vn -0.5592 -0.3922 0.7304
vn -0.7772 -0.1169 0.6182
vn -0.0127 -0.3341 0.9424
vn -0.0800 0.1277 0.9886
vn -0.4123 -0.4182 0.8094
vn -0.4467 -0.8492 0.2815
vn -0.1379 -0.9628 0.2325
vn -0.3803 -0.5514 0.7425
vn -0.5211 -0.8073 0.2769
vn -0.6207 -0.2133 0.7545
vn -0.7025 0.4421 0.5578
vn -0.6903 -0.1013 0.7164
vn -0.8494 -0.1988 0.4889
vn -0.4461 -0.8742 0.1917
vn -0.2666 -0.9469 0.1796
vn -0.6854 -0.5737 0.4485
vn -0.5515 -0.5152 0.6561
vn -0.3881 -0.5437 0.7442
vn -0.6362 -0.0988 0.7652
vn -0.5666 0.0441 0.8228
vn -0.9760 -0.1917 0.1030
vn -0.7570 -0.2044 0.6206
vn -0.5384 -0.0230 0.8424
vn -0.9542 -0.2511 0.1624
vn -0.8834 -0.3685 0.2893
vn -0.8143 -0.3500 0.4630
vn -0.8179 -0.2862 0.4992
vn -0.7008 -0.3096 0.6427
vn -0.6210 -0.1505 0.7692
vn -0.9481 -0.2117 0.2372
vn -0.9186 -0.1114 0.3791
vn -0.8664 0.3880 0.3144
vn -0.6086 0.1361 0.7817
vn -0.4655 0.3253 0.8231
vn -0.9194 -0.3649 -0.1471
vn -0.9844 -0.1110 0.1367
vn -0.9803 -0.0355 0.1943
vn -0.9711 -0.1186 0.2070
vn -0.7148 0.3740 0.5909
vn -0.7549 0.2458 0.6080
vn -0.4321 0.3275 0.8403
vn -0.4523 0.1133 0.8846
vn -0.4787 0.2614 0.8382
vn -0.3794 0.1319 0.9158
vn -0.9864 -0.0225 0.1630
vn -0.9861 0.0539 0.1573
vn -0.3028 0.2297 0.9250
vn -0.6433 0.2736 0.7150
vn -0.8807 0.1759 0.4399
vn -0.5343 -0.2382 0.8110
vn -0.7652 -0.1285 0.6309
vn -0.9311 -0.0550 0.3606
vn -0.5456 -0.8343 0.0786
vn -0.3152 -0.9466 0.0682
vn -0.4794 -0.7034 0.5248
vn -0.7234 -0.5790 0.3761
vn -0.6823 -0.7141 0.1568
vn -0.7777 -0.6285 -0.0168
vn -0.8908 -0.3724 0.2605
vn -0.9035 -0.1226 -0.4106
vn -0.9133 -0.3798 -0.1470
vn -0.9804 -0.1941 0.0347
vn -0.4185 0.7141 0.5612
vn -0.4125 0.8849 0.2163
vn -0.3540 0.9246 -0.1408
vn -0.7659 0.5066 0.3961
vn -0.7342 0.6645 0.1390
vn -0.6568 0.7443 -0.1211
vn -0.6644 0.6067 -0.4365
vn -0.3518 0.7713 -0.5305
vn 0.2882 0.6848 -0.6693
vn -0.5889 0.7342 0.3379
vn 0.2523 0.1316 -0.9587
vn 0.0908 -0.5508 -0.8297
vn -0.4604 -0.8738 0.1568
vn -0.2226 -0.7764 -0.5896
vn -0.9997 0.0053 0.0223
vn -0.9234 0.3007 0.2386
vn -0.9911 0.0701 0.1132
vn -0.9969 0.0255 -0.0740
vn -0.9059 0.4199 0.0545
vn -0.4641 0.4303 -0.7742
vn -0.9937 0.0494 -0.1011
vn -0.8426 -0.4356 -0.3166
vn -0.9660 -0.2240 -0.1293
vn -0.8768 -0.4146 -0.2434
vn -0.9547 -0.1302 -0.2677
vn -0.7427 -0.4785 -0.4685
vn -0.7997 -0.3456 -0.4910
vn -0.9008 -0.0907 -0.4248
vn -0.9366 0.0608 -0.3451
vn -0.5556 -0.5238 -0.6457
vn -0.6648 -0.3170 -0.6764
vn -0.7156 -0.1003 -0.6913
vn -0.7707 0.1088 -0.6278
vn -0.3866 -0.5387 -0.7486
vn -0.4646 -0.3210 -0.8253
vn -0.4659 -0.0717 -0.8819
vn -0.4835 0.1715 -0.8584
vn -0.7720 0.3065 -0.5568
vn -0.8571 0.4856 -0.1719
vn -0.9295 0.2356 -0.2838
vn -0.9804 0.1958 -0.0235
vn -0.9884 -0.0402 -0.1462
vn -0.7571 -0.0324 -0.6524
vn -0.5449 -0.0012 -0.8385
vn -0.9493 0.2963 0.1046
vn -0.2126 0.9613 0.1754
vn -0.7135 -0.7000 -0.0314
vn -0.1636 -0.9782 -0.1276
vn 0.4452 0.5763 0.6853
vn 0.2245 -0.9741 0.0254
vn 0.3171 -0.9397 0.1280
vn -0.0159 0.9775 0.2103
vn -0.0156 0.9909 0.1339
vn 0.4744 0.8755 0.0925
vn -0.0598 -0.9946 0.0853
vn -0.2513 0.9362 0.2457
vn 0.0853 0.9897 -0.1148
vn 0.1964 -0.9791 0.0526
vn -0.2235 -0.9741 0.0337
vn -0.3906 0.4623 0.7961
vn -0.2067 -0.5982 0.7742
vn -0.4080 -0.5582 0.7224
vn -0.3414 -0.2208 0.9136
vn -0.5826 -0.2973 0.7564
vn -0.9764 0.1397 0.1646
vn -0.9680 0.0872 0.2355
vn -0.9463 -0.0274 0.3222
vn -0.9628 0.0358 0.2677
vn -0.9376 -0.2799 0.2062
vn -0.9688 -0.2478 -0.0002
vn -0.9153 0.1332 0.3801
vn -0.7569 -0.3964 0.5196
vn -0.8970 0.3540 0.2647
vn -0.8207 -0.0409 0.5699
vn 0.2082 -0.2871 -0.9350
vn -0.8990 -0.3004 -0.3188
vn -0.8280 -0.2874 -0.4815
vn -0.6521 -0.2882 -0.7012
vn -0.4494 -0.2691 -0.8519
vn -0.9666 -0.0756 0.2448
vn -0.9185 -0.1984 0.3422
vn -0.9564 0.1013 0.2740
vn -0.8863 0.0189 0.4628
vn -0.7122 0.0481 0.7003
vn -0.4067 0.1350 0.9035
vn -0.2817 0.2038 0.9376
vn -0.4906 0.3305 0.8062
vn -0.9745 0.0278 0.2226
vn -0.8201 0.1827 0.5423
vn -0.9063 0.1961 0.3744
vn -0.7352 0.3382 0.5874
vn -0.4265 0.4445 0.7877
vn -0.4130 0.3301 -0.8488
vn -0.7422 0.3217 -0.5879
vn -0.8822 0.1835 0.4336
vn -0.7241 0.0428 0.6884
vn -0.5170 -0.0844 0.8518
vn -0.2387 -0.3539 -0.9043
vn -0.2079 0.0264 -0.9778
vn 0.0226 0.9541 -0.2986
vn 0.0331 -0.9928 0.1153
vn -0.2400 0.3480 0.9063
vn -0.3025 0.4964 0.8137
vn -0.2746 0.5364 0.7980
vn -0.1287 0.9669 0.2202
vn -0.2722 0.2228 0.9361
vn 0.7778 0.4168 0.4703
vn 0.2609 0.9241 -0.2792
vn 0.4712 0.8718 0.1338
vn 0.7801 0.5354 0.3238
vn 0.9523 0.3025 0.0410
vn 0.9981 -0.0343 0.0505
vn 0.9053 -0.3593 0.2264
vn 0.8972 -0.3102 0.3143
vn 0.4430 -0.8158 0.3718
vn 0.1445 -0.9895 -0.0024
vn -0.3628 -0.8939 -0.2632
vn -0.4935 -0.8667 -0.0731
vn 0.3638 -0.7922 0.4899
vn 0.2796 -0.7145 0.6414
vn 0.1038 -0.7524 0.6505
vn 0.4473 -0.6113 0.6529
vn -0.0557 0.4239 0.9040
vn 0.6534 -0.1329 0.7453
vn 0.1289 -0.3250 0.9369
vn 0.6926 -0.1495 0.7057
vn 0.4660 -0.2593 0.8459
vn -0.0078 -0.0117 0.9999
vn 0.6091 -0.2564 0.7505
vn 0.4378 0.3001 0.8475
vn 0.9504 -0.0643 0.3043
vn 0.9505 -0.0955 0.2957
vn 0.9107 -0.4125 -0.0220
vn 0.9538 0.0148 0.3002
vn 0.8857 0.0931 0.4548
vn 0.9975 0.0338 -0.0613
vn 0.9603 -0.0138 0.2787
vn 0.9652 -0.2412 0.1012
vn 0.4548 -0.2914 0.8416
vn 0.4878 -0.0060 0.8729
vn 0.4924 0.0720 0.8674
vn 0.6185 -0.0449 0.7845
vn 0.5601 -0.2254 0.7972
vn 0.4172 -0.3742 0.8282
vn 0.2640 -0.6690 0.6948
vn 0.3585 -0.6038 0.7120
vn 0.3210 0.3288 0.8882
vn 0.3765 0.4655 0.8010
vn 0.5791 -0.1790 0.7954
vn 0.5228 -0.2271 0.8217
vn 0.3237 -0.5270 0.7858
vn 0.6431 -0.1468 0.7516
vn 0.2588 -0.5051 0.8233
vn 0.2478 -0.4253 0.8705
vn 0.1068 -0.4974 0.8609
vn 0.1875 -0.2523 0.9493
vn 0.3406 -0.4296 0.8363
vn 0.5157 -0.0038 0.8567
vn 0.5592 -0.3922 0.7304
vn 0.7772 -0.1169 0.6182
vn 0.0127 -0.3341 0.9424
vn 0.0800 0.1277 0.9886
vn 0.4123 -0.4182 0.8094
vn 0.4467 -0.8492 0.2815
vn 0.1379 -0.9628 0.2325
vn 0.3803 -0.5514 0.7425
vn 0.5211 -0.8073 0.2769
vn 0.6206 -0.2133 0.7545
vn 0.7025 0.4421 0.5578
vn 0.6903 -0.1013 0.7164
vn 0.8494 -0.1988 0.4889
vn 0.4461 -0.8742 0.1917
vn 0.2666 -0.9469 0.1796
vn 0.6854 -0.5737 0.4485
vn 0.5515 -0.5152 0.6561
vn 0.3881 -0.5437 0.7442
vn 0.6362 -0.0988 0.7652
vn 0.5666 0.0441 0.8228
vn 0.9760 -0.1917 0.1030
vn 0.7570 -0.2044 0.6206
vn 0.5384 -0.0230 0.8424
vn 0.9542 -0.2511 0.1624
vn 0.8834 -0.3685 0.2893
vn 0.8143 -0.3500 0.4630
vn 0.8179 -0.2862 0.4992
vn 0.7008 -0.3096 0.6427
vn 0.6210 -0.1505 0.7692
vn 0.9481 -0.2117 0.2372
vn 0.9186 -0.1114 0.3791
vn 0.8664 0.3880 0.3144
vn 0.6086 0.1361 0.7817
vn 0.4655 0.3253 0.8231
vn 0.9194 -0.3649 -0.1471
vn 0.9844 -0.1110 0.1367
vn 0.9803 -0.0355 0.1943
vn 0.9711 -0.1186 0.2070
vn 0.7148 0.3740 0.5909
vn 0.7549 0.2458 0.6080
vn 0.4321 0.3275 0.8403
vn 0.4523 0.1133 0.8846
vn 0.4787 0.2614 0.8382
vn 0.3794 0.1319 0.9158
vn 0.9864 -0.0225 0.1630
vn 0.9861 0.0539 0.1573
vn 0.3028 0.2297 0.9250
vn 0.6433 0.2736 0.7150
vn 0.8807 0.1759 0.4399
vn 0.5343 -0.2382 0.8110
vn 0.7652 -0.1285 0.6309
vn 0.9311 -0.0550 0.3606
vn 0.5456 -0.8343 0.0786
vn 0.3152 -0.9466 0.0682
vn 0.4794 -0.7034 0.5248
vn 0.7234 -0.5790 0.3761
vn 0.6823 -0.7141 0.1568
vn 0.7777 -0.6285 -0.0168
vn 0.8908 -0.3724 0.2605
vn 0.9035 -0.1226 -0.4106
vn 0.9133 -0.3798 -0.1470
vn 0.9804 -0.1941 0.0347
vn 0.4185 0.7141 0.5612
vn 0.4125 0.8849 0.2163
vn 0.3540 0.9246 -0.1408
vn 0.7659 0.5066 0.3961
vn 0.7342 0.6645 0.1390
vn 0.6568 0.7443 -0.1211
vn 0.6644 0.6067 -0.4365
vn 0.3518 0.7713 -0.5305
vn -0.2882 0.6848 -0.6693
vn 0.5889 0.7342 0.3379
vn -0.2523 0.1316 -0.9587
vn -0.0908 -0.5508 -0.8297
vn 0.4604 -0.8738 0.1568
vn 0.2226 -0.7764 -0.5896
vn 0.9997 0.0053 0.0223
vn 0.9234 0.3007 0.2386
vn 0.9911 0.0701 0.1132
vn 0.9969 0.0255 -0.0740
vn 0.9059 0.4199 0.0545
vn 0.4641 0.4303 -0.7742
vn 0.9937 0.0494 -0.1011
vn 0.8426 -0.4356 -0.3166
vn 0.9660 -0.2240 -0.1293
vn 0.8768 -0.4146 -0.2434
vn 0.9547 -0.1302 -0.2677
vn 0.7427 -0.4785 -0.4685
vn 0.7997 -0.3456 -0.4910
vn 0.9008 -0.0907 -0.4248
vn 0.9366 0.0608 -0.3451
vn 0.5556 -0.5238 -0.6457
vn 0.6648 -0.3170 -0.6764
vn 0.7156 -0.1003 -0.6913
vn 0.7707 0.1088 -0.6278
vn 0.3866 -0.5387 -0.7486
vn 0.4646 -0.3210 -0.8253
vn 0.4659 -0.0717 -0.8819
vn 0.4835 0.1715 -0.8584
vn 0.7720 0.3065 -0.5568
vn 0.8571 0.4856 -0.1719
vn 0.9295 0.2356 -0.2838
vn 0.9804 0.1958 -0.0235
vn 0.9884 -0.0402 -0.1462
vn 0.7571 -0.0324 -0.6524
vn 0.5449 -0.0012 -0.8385
vn 0.9493 0.2963 0.1046
vn 0.2126 0.9613 0.1755
vn 0.7135 -0.7000 -0.0314
vn 0.1636 -0.9782 -0.1276
vn -0.4452 0.5763 0.6853
vn -0.2245 -0.9741 0.0255
vn -0.3171 -0.9397 0.1281
vn 0.0159 0.9775 0.2103
vn 0.0156 0.9909 0.1339
vn -0.4744 0.8755 0.0925
vn 0.0598 -0.9946 0.0853
vn 0.2513 0.9362 0.2457
vn -0.0853 0.9897 -0.1148
vn -0.1964 -0.9791 0.0526
vn 0.2235 -0.9741 0.0337
vn 0.3906 0.4623 0.7961
vn 0.2067 -0.5983 0.7742
vn 0.3414 -0.2208 0.9136
vn 0.5826 -0.2973 0.7564
vn 0.9764 0.1397 0.1646
vn 0.9680 0.0872 0.2355
vn 0.9463 -0.0274 0.3222
vn 0.9628 0.0358 0.2677
vn 0.9376 -0.2799 0.2062
vn 0.9688 -0.2478 -0.0001
vn 0.9153 0.1332 0.3801
vn 0.7569 -0.3964 0.5196
vn 0.8970 0.3540 0.2647
vn 0.8207 -0.0409 0.5699
vn -0.2082 -0.2871 -0.9350
vn 0.8990 -0.3004 -0.3188
vn 0.8280 -0.2874 -0.4815
vn 0.6521 -0.2882 -0.7012
vn 0.4494 -0.2691 -0.8519
vn 0.2271 -0.2239 -0.9478
vn 0.9666 -0.0756 0.2448
vn 0.9184 -0.1984 0.3422
vn 0.9564 0.1013 0.2740
vn 0.8863 0.0189 0.4628
vn 0.7122 0.0481 0.7003
vn 0.4066 0.1350 0.9035
vn 0.2817 0.2038 0.9376
vn 0.4906 0.3305 0.8062
vn 0.9745 0.0278 0.2226
vn 0.8201 0.1827 0.5423
vn 0.9063 0.1961 0.3744
vn 0.7352 0.3382 0.5874
vn 0.4265 0.4445 0.7877
vn 0.4130 0.3301 -0.8488
vn 0.7422 0.3217 -0.5879
vn 0.8822 0.1835 0.4336
vn 0.7241 0.0428 0.6884
vn 0.5170 -0.0844 0.8518
vn -0.0173 0.9504 -0.3104
vn 0.0864 -0.9816 0.1701
vn 0.0850 -0.7004 0.7087
vn 0.1308 -0.1201 0.9841
vn 0.0376 0.1688 0.9849
vn 0.1436 -0.7369 0.6605
vn 0.3326 -0.6795 0.6539
vn 0.1738 -0.6103 0.7728
vn 0.1980 -0.3107 0.9297
vn 0.1140 0.4812 0.8692
vn -0.3657 -0.7926 0.4879
vn -0.2501 0.2287 -0.9408
vn -0.1612 0.7723 0.6145
vn -0.2340 -0.0662 -0.9700
vn -0.2274 -0.2268 -0.9470
vn -0.1315 0.5986 0.7902
vn 0.0154 0.9510 -0.3088
vn -0.0672 0.9977 -0.0025
vn -0.0544 0.9377 0.3432
vn -0.0863 -0.9814 0.1713
vn 0.1161 -0.9932 0.0052
vn 0.0966 -0.9556 -0.2783
vn 0.0151 -0.5234 0.8520
vn -0.1139 -0.2535 0.9606
vn -0.0850 -0.7004 0.7087
vn -0.1308 -0.1201 0.9841
vn -0.0719 0.5810 0.8107
vn -0.0376 0.1688 0.9849
vn -0.1464 -0.7377 0.6590
vn -0.1826 0.5108 -0.8401
vn -0.2612 -0.0824 0.9617
vn -0.1670 -0.4939 0.8533
vn -0.1298 -0.7302 0.6708
vn -0.3326 -0.6795 0.6539
vn -0.1871 0.1189 0.9751
vn -0.3757 -0.1214 0.9188
vn -0.3370 -0.8809 0.3323
vn -0.1070 -0.9775 0.1819
vn -0.1738 -0.6103 0.7728
vn -0.1980 -0.3107 0.9297
vn -0.1008 -0.9911 0.0865
vn -0.2366 0.9666 -0.0985
vn -0.2647 0.7716 -0.5784
vn -0.2081 -0.5243 -0.8257
vn -0.1145 0.4808 0.8693
vn -0.0984 0.2439 -0.9648
vn -0.2078 -0.2575 0.9437
vn 0.2491 0.2278 -0.9413
vn 0.4080 -0.5582 0.7224
vn 0.1604 0.7721 0.6149
vn 0.2312 -0.0673 -0.9706
vn 0.1348 0.6025 0.7866
vn 0.0672 0.9977 -0.0025
vn 0.0544 0.9377 0.3432
vn -0.1170 -0.9931 0.0043
vn -0.0966 -0.9556 -0.2783
vn -0.0154 -0.5227 0.8524
vn 0.1139 -0.2535 0.9606
vn 0.0705 0.5824 0.8099
vn 0.1826 0.5108 -0.8401
vn 0.2366 -0.3523 -0.9055
vn 0.2069 0.0257 -0.9780
vn -0.0226 0.9541 -0.2986
vn -0.0331 -0.9928 0.1153
vn 0.2612 -0.0824 0.9617
vn 0.1670 -0.4939 0.8533
vn 0.1298 -0.7302 0.6708
vn 0.2400 0.3480 0.9063
vn 0.2947 0.4972 0.8160
vn 0.1840 0.1156 0.9761
vn 0.3717 -0.1153 0.9212
vn 0.3370 -0.8809 0.3323
vn 0.1070 -0.9775 0.1819
vn 0.2709 0.5355 0.7999
vn 0.0987 -0.9914 0.0856
vn 0.1287 0.9669 0.2202
vn 0.2366 0.9666 -0.0985
vn 0.2647 0.7716 -0.5784
vn 0.2068 -0.5260 -0.8249
vn 0.2722 0.2228 0.9361
vn 0.0945 0.2416 -0.9658
vn 0.2070 -0.2587 0.9435
vn -0.9814 0.1075 0.1588
vn -0.5085 0.0493 0.8597
vn -0.9917 0.1193 -0.0476
vn -0.3475 0.0215 0.9374
vn -0.9712 0.1381 -0.1942
vn -0.5812 0.0572 0.8118
vn -0.7616 0.0716 0.6441
vn -0.8422 0.0739 0.5340
vn -0.9435 0.0952 0.3173
vn -0.6504 0.3717 0.6625
vn -0.7253 0.4188 0.5464
vn -0.8147 0.4824 0.3219
vn -0.8451 0.5004 0.1883
vn -0.4540 0.2369 0.8589
vn -0.8634 0.5032 -0.0365
vn -0.3053 0.1607 0.9386
vn -0.8547 0.4836 -0.1889
vn -0.5029 0.2805 0.8176
vn -0.3671 0.4057 0.8371
vn -0.6908 0.7222 -0.0345
vn -0.2056 0.2665 0.9416
vn -0.6735 0.7156 -0.1852
vn -0.3978 0.4263 0.8124
vn -0.5179 0.5379 0.6652
vn -0.5891 0.6191 0.5193
vn -0.6513 0.6818 0.3330
vn -0.6836 0.7043 0.1914
vn -0.3926 0.7675 0.5068
vn -0.4286 0.8419 0.3280
vn -0.4481 0.8737 0.1896
vn -0.2452 0.5108 0.8240
vn -0.4604 0.8863 -0.0503
vn -0.1484 0.2894 0.9457
vn -0.4610 0.8698 -0.1757
vn -0.2597 0.5097 0.8203
vn -0.3448 0.6687 0.6587
vn -0.1024 0.9787 -0.1777
vn -0.0136 0.6036 0.7972
vn -0.0385 0.7589 0.6501
vn -0.0720 0.8701 0.4876
vn -0.0939 0.9448 0.3138
vn -0.1028 0.9811 0.1639
vn -0.0195 0.5531 0.8329
vn -0.1049 0.9925 -0.0623
vn 0.0161 0.3505 0.9364
vn 0.1174 0.9822 0.1463
vn 0.1144 0.5690 0.8143
vn 0.0981 0.9928 -0.0688
vn 0.0900 0.3494 0.9326
vn 0.0825 0.9785 -0.1890
vn 0.1053 0.6057 0.7887
vn 0.1166 0.7582 0.6415
vn 0.1232 0.8637 0.4886
vn 0.1216 0.9454 0.3024
vn 0.4341 0.7567 0.4889
vn 0.4575 0.8457 0.2747
vn 0.4647 0.8765 0.1258
vn 0.3130 0.5196 0.7950
vn 0.4576 0.8849 -0.0871
vn 0.2269 0.3037 0.9253
vn 0.4455 0.8653 -0.2297
vn 0.3367 0.5292 0.7788
vn 0.4038 0.6699 0.6231
vn 0.6596 0.7079 -0.2525
vn 0.4858 0.4299 0.7610
vn 0.5746 0.5487 0.6073
vn 0.6342 0.6100 0.4751
vn 0.6894 0.6797 0.2505
vn 0.6937 0.7118 0.1101
vn 0.4477 0.3863 0.8064
vn 0.6793 0.7233 -0.1239
vn 0.3182 0.2454 0.9157
vn 0.8577 0.5037 0.1034
vn 0.5339 0.2073 0.8198
vn 0.8424 0.5136 -0.1630
vn 0.3766 0.1501 0.9141
vn 0.8212 0.4975 -0.2795
vn 0.5814 0.2951 0.7582
vn 0.7144 0.3686 0.5948
vn 0.7831 0.4199 0.4587
vn 0.8424 0.4831 0.2389
vn 0.8964 0.0553 0.4398
vn 0.9709 0.0830 0.2248
vn 0.9920 0.1019 0.0746
vn 0.5710 0.0238 0.8206
vn 0.9738 0.1153 -0.1961
vn 0.4243 -0.0041 0.9055
vn 0.9424 0.1199 -0.3122
vn 0.6716 0.0169 0.7408
vn 0.8228 0.0442 0.5666
vn 0.9408 -0.0863 -0.3277
vn 0.6692 -0.1269 0.7321
vn 0.8152 -0.1289 0.5647
vn 0.8963 -0.1234 0.4260
vn 0.9678 -0.1279 0.2169
vn 0.9897 -0.1303 0.0595
vn 0.5787 -0.1072 0.8084
vn 0.9766 -0.1054 -0.1874
vn 0.4264 -0.1138 0.8974
vn 0.8651 -0.4982 0.0586
vn 0.5073 -0.3338 0.7945
vn 0.8510 -0.4893 -0.1908
vn 0.3836 -0.2418 0.8913
vn 0.8071 -0.4779 -0.3468
vn 0.5879 -0.3558 0.7264
vn 0.7135 -0.4209 0.5602
vn 0.7836 -0.4649 0.4122
vn 0.8435 -0.5019 0.1913
vn 0.5791 -0.6133 0.5371
vn 0.6245 -0.6669 0.4065
vn 0.6746 -0.7138 0.1882
vn 0.6851 -0.7249 0.0717
vn 0.4275 -0.4499 0.7841
vn 0.6782 -0.7082 -0.1962
vn 0.3354 -0.3354 0.8804
vn 0.6617 -0.6717 -0.3333
vn 0.4787 -0.4957 0.7247
vn 0.4537 -0.8735 -0.1764
vn 0.2530 -0.3930 0.8841
vn 0.4286 -0.8418 -0.3280
vn 0.3468 -0.5907 0.7285
vn 0.4185 -0.7311 0.5388
vn 0.4548 -0.7886 0.4139
vn 0.4794 -0.8563 0.1921
vn 0.4731 -0.8790 0.0586
vn 0.3275 -0.5240 0.7862
vn 0.1120 -0.9744 0.1948
vn 0.1163 -0.9901 0.0780
vn 0.1129 -0.6249 0.7725
vn 0.1107 -0.9794 -0.1687
vn 0.0707 -0.4445 0.8930
vn 0.1024 -0.9465 -0.3061
vn 0.1002 -0.6722 0.7336
vn 0.1138 -0.8260 0.5520
vn 0.1180 -0.9020 0.4152
vn -0.0764 -0.8258 0.5588
vn -0.0845 -0.8935 0.4410
vn -0.0918 -0.9750 0.2026
vn -0.0964 -0.9894 0.1088
vn -0.0422 -0.6598 0.7502
vn -0.1067 -0.9813 -0.1600
vn 0.0135 -0.4309 0.9023
vn -0.1123 -0.9496 -0.2928
vn -0.0272 -0.6774 0.7351
vn -0.4889 -0.8638 -0.1215
vn -0.1342 -0.3721 0.9185
vn -0.4801 -0.8323 -0.2770
vn -0.2576 -0.5994 0.7579
vn -0.3454 -0.7489 0.5656
vn -0.3914 -0.7910 0.4703
vn -0.4540 -0.8609 0.2298
vn -0.4744 -0.8710 0.1279
vn -0.2494 -0.5840 0.7725
vn -0.6580 -0.7119 0.2456
vn -0.6802 -0.7220 0.1268
vn -0.3900 -0.4693 0.7923
vn -0.7034 -0.7027 -0.1072
vn -0.2155 -0.3120 0.9253
vn -0.6935 -0.6782 -0.2432
vn -0.4019 -0.4925 0.7720
vn -0.5359 -0.6124 0.5812
vn -0.5875 -0.6557 0.4742
vn -0.6616 -0.4234 0.6189
vn -0.7294 -0.4699 0.4971
vn -0.8260 -0.4989 0.2623
vn -0.8601 -0.4935 0.1290
vn -0.4647 -0.3677 0.8055
vn -0.8702 -0.4837 -0.0934
vn -0.2641 -0.2502 0.9315
vn -0.8561 -0.4734 -0.2073
vn -0.5223 -0.3478 0.7786
vn -0.9920 -0.1138 -0.0553
vn -0.3338 -0.1003 0.9373
vn -0.9762 -0.1080 -0.1880
vn -0.5980 -0.1214 0.7922
vn -0.7588 -0.1215 0.6399
vn -0.8483 -0.1107 0.5178
vn -0.9483 -0.1185 0.2943
vn -0.9819 -0.1238 0.1435
vn -0.5236 -0.1007 0.8460
vn 0.2483 0.1354 0.9592
vn 0.3881 0.0575 0.9198
vn -0.0569 0.2466 0.9674
vn -0.2320 0.1206 0.9652
vn -0.1798 0.1330 0.9747
vn 0.4848 -0.0582 0.8727
vn 0.0595 -0.4464 0.8928
vn -0.4054 -0.0608 0.9121
vn -0.2339 -0.1689 0.9575
vn -0.1790 -0.2386 0.9545
vn -0.0547 -0.3657 0.9291
vn 0.1015 -0.2473 0.9636
vn -0.0551 -0.1167 0.9916
vn -0.1238 -0.0583 0.9906
vn -0.0588 0.0621 0.9963
vn 0.0525 -0.0554 0.9971
vn 0.1619 -0.1715 0.9718
vn 0.2421 -0.0570 0.9686
vn 0.1672 0.0579 0.9842
vn 0.0550 0.1320 0.9897
vn 0.0595 0.4465 0.8928
vn 0.1829 -0.3147 0.9314
vn 0.3911 -0.1696 0.9046
vn 0.2493 -0.2804 0.9269
vn -0.3108 -0.4116 0.8567
vn -0.3749 -0.2638 0.8887
vn -0.4267 -0.0830 0.9006
vn -0.4645 0.0314 0.8850
vn -0.3677 0.1935 0.9096
vn -0.3182 0.2837 0.9046
vn -0.1688 0.4266 0.8886
vn 0.0118 0.4775 0.8785
vn -0.1853 -0.4752 0.8601
vn -0.0072 -0.5345 0.8452
vn 0.1295 -0.5440 0.8290
vn 0.2891 -0.4487 0.8456
vn 0.3658 -0.3873 0.8463
vn 0.4414 -0.2452 0.8632
vn 0.4765 -0.0993 0.8735
vn 0.4975 0.0202 0.8672
vn 0.4739 0.1115 0.8735
vn 0.3885 0.2855 0.8761
vn 0.2293 0.3924 0.8907
vn 0.0719 0.4513 0.8895
vn 0.1676 0.2653 0.9495
vn -0.6190 0.0693 0.7823
vn -0.5567 0.2982 0.7754
vn -0.4169 0.5314 0.7374
vn -0.3202 0.6190 0.7172
vn -0.0433 0.7022 0.7107
vn 0.1306 0.6879 0.7139
vn 0.3585 0.5975 0.7173
vn 0.5116 0.4933 0.7035
vn 0.6851 0.2950 0.6661
vn 0.7374 0.0756 0.6712
vn 0.7228 -0.1616 0.6719
vn 0.6580 -0.3894 0.6445
vn 0.5025 -0.5025 0.7035
vn 0.3543 -0.6359 0.6857
vn 0.1111 -0.7332 0.6709
vn -0.0725 -0.7341 0.6752
vn -0.2796 -0.6765 0.6812
vn -0.4715 -0.5326 0.7029
vn -0.5615 -0.4177 0.7143
vn -0.6439 -0.1538 0.7495
vn -0.9805 0.1108 0.1626
vn 0.3176 -0.1114 0.9417
vn -0.9911 0.1241 -0.0483
vn 0.1243 -0.1154 0.9855
vn -0.9734 0.1311 -0.1879
vn -0.6028 0.0393 0.7969
vn -0.7822 0.0685 0.6192
vn -0.8431 0.0780 0.5321
vn -0.9428 0.1096 0.3148
vn -0.6688 0.3940 0.6305
vn -0.7288 0.4241 0.5376
vn -0.8160 0.4678 0.3396
vn -0.8506 0.4948 0.1777
vn 0.2757 -0.2090 0.9383
vn -0.8649 0.5001 -0.0432
vn 0.1042 -0.0984 0.9897
vn -0.8496 0.4943 -0.1838
vn -0.5278 0.2955 0.7963
vn 0.1981 -0.2882 0.9368
vn -0.6903 0.7226 -0.0356
vn 0.1097 -0.0244 0.9937
vn -0.6787 0.7121 -0.1796
vn -0.4128 0.4430 0.7959
vn -0.5434 0.5651 0.6208
vn -0.5832 0.6037 0.5436
vn -0.6532 0.6849 0.3229
vn -0.6790 0.7103 0.1857
vn -0.3824 0.7586 0.5275
vn -0.4292 0.8428 0.3248
vn -0.4492 0.8749 0.1812
vn 0.2089 -0.2908 0.9337
vn -0.4607 0.8861 -0.0514
vn 0.0451 -0.0931 0.9946
vn -0.4621 0.8710 -0.1670
vn -0.2761 0.5420 0.7937
vn -0.3541 0.6976 0.6229
vn -0.1149 0.9793 -0.1669
vn -0.0219 0.6408 0.7674
vn -0.0445 0.7859 0.6167
vn -0.0687 0.8588 0.5077
vn -0.0911 0.9452 0.3135
vn -0.0993 0.9838 0.1495
vn 0.1280 -0.2971 0.9462
vn -0.1082 0.9922 -0.0625
vn 0.0754 -0.0880 0.9933
vn 0.1119 0.9846 0.1343
vn -0.0334 -0.3103 0.9500
vn 0.1009 0.9922 -0.0729
vn 0.0240 -0.0510 0.9984
vn 0.0969 0.9791 -0.1788
vn 0.1128 0.6421 0.7583
vn 0.1236 0.7871 0.6044
vn 0.1269 0.8472 0.5159
vn 0.1185 0.9465 0.3000
vn 0.4271 0.7488 0.5068
vn 0.4670 0.8428 0.2677
vn 0.4652 0.8754 0.1311
vn -0.0882 -0.2731 0.9579
vn 0.4438 0.8909 -0.0963
vn 0.0554 -0.0277 0.9981
vn 0.4326 0.8721 -0.2289
vn 0.3606 0.5387 0.7614
vn 0.4049 0.6994 0.5890
vn 0.6569 0.7075 -0.2607
vn 0.4778 0.4457 0.7570
vn 0.5888 0.5665 0.5766
vn 0.6346 0.6097 0.4750
vn 0.6820 0.6865 0.2523
vn 0.6926 0.7126 0.1118
vn -0.0879 -0.2930 0.9521
vn 0.6853 0.7189 -0.1167
vn 0.0429 -0.0459 0.9980
vn 0.8636 0.4969 0.0860
vn -0.2337 -0.2822 0.9305
vn 0.8464 0.5104 -0.1518
vn 0.0029 -0.1050 0.9945
vn 0.8190 0.4964 -0.2878
vn 0.5997 0.2757 0.7513
vn 0.7270 0.3796 0.5721
vn 0.7927 0.4215 0.4404
vn 0.8470 0.4650 0.2577
vn 0.9058 0.0652 0.4188
vn 0.9691 0.0880 0.2303
vn 0.9916 0.1060 0.0744
vn -0.3410 -0.1010 0.9346
vn 0.9733 0.1169 -0.1974
vn -0.0290 -0.1033 0.9942
vn 0.9447 0.1240 -0.3037
vn 0.6780 0.0307 0.7344
vn 0.8326 0.0479 0.5518
vn 0.9447 -0.0953 -0.3138
vn 0.6884 -0.1092 0.7171
vn 0.8380 -0.1323 0.5293
vn 0.8987 -0.1349 0.4174
vn 0.9670 -0.1338 0.2168
vn 0.9889 -0.1347 0.0636
vn -0.3234 0.0571 0.9446
vn 0.9750 -0.1106 -0.1925
vn -0.0000 -0.0000 1.0000
vn 0.8671 -0.4953 0.0534
vn -0.3169 0.0672 0.9461
vn 0.8534 -0.4837 -0.1941
vn 0.0316 -0.0537 0.9981
vn 0.8123 -0.4703 -0.3451
vn 0.5980 -0.3869 0.7019
vn 0.7310 -0.4399 0.5217
vn 0.7881 -0.4562 0.4132
vn 0.8514 -0.4869 0.1950
vn 0.6054 -0.6071 0.5147
vn 0.6351 -0.6570 0.4063
vn 0.6800 -0.7100 0.1831
vn 0.6853 -0.7266 0.0487
vn -0.0245 0.2940 0.9555
vn 0.6707 -0.7157 -0.1946
vn 0.0711 -0.0711 0.9949
vn 0.6482 -0.6796 -0.3435
vn 0.5117 -0.4950 0.7023
vn 0.4629 -0.8703 -0.1679
vn 0.0470 -0.0294 0.9985
vn 0.4431 -0.8299 -0.3389
vn 0.3340 -0.6151 0.7142
vn 0.4040 -0.7604 0.5085
vn 0.4380 -0.7978 0.4143
vn 0.4673 -0.8663 0.1766
vn 0.4648 -0.8842 0.0457
vn -0.0856 0.1541 0.9843
vn 0.1059 -0.9770 0.1853
vn 0.1204 -0.9896 0.0791
vn -0.0989 0.2274 0.9688
vn 0.1074 -0.9812 -0.1606
vn 0.0890 -0.9466 -0.3099
vn 0.1060 -0.6885 0.7175
vn 0.1188 -0.8498 0.5135
vn 0.1114 -0.8972 0.4274
vn -0.0624 -0.8525 0.5190
vn -0.0663 -0.8963 0.4386
vn -0.0727 -0.9752 0.2093
vn -0.0891 -0.9918 0.0917
vn 0.2303 0.2135 0.9494
vn -0.1131 -0.9793 -0.1678
vn 0.0856 -0.0658 0.9942
vn -0.1204 -0.9472 -0.2970
vn -0.0197 -0.6875 0.7259
vn -0.4851 -0.8617 -0.1486
vn 0.0545 -0.0962 0.9939
vn -0.4776 -0.8377 -0.2649
vn -0.2780 -0.5969 0.7527
vn -0.3723 -0.7536 0.5418
vn -0.3973 -0.7913 0.4647
vn -0.4560 -0.8556 0.2451
vn -0.4727 -0.8744 0.1092
vn 0.1924 0.1924 0.9623
vn -0.6553 -0.7115 0.2538
vn -0.6790 -0.7224 0.1310
vn 0.2240 0.2191 0.9496
vn -0.6909 -0.7104 -0.1340
vn 0.0395 -0.0494 0.9980
vn -0.6863 -0.6848 -0.2448
vn -0.4082 -0.5119 0.7559
vn -0.5336 -0.6229 0.5721
vn -0.5850 -0.6647 0.4648
vn -0.6737 -0.4343 0.5979
vn -0.7496 -0.4585 0.4774
vn -0.8244 -0.4889 0.2852
vn -0.8661 -0.4853 0.1195
vn 0.3390 0.1366 0.9308
vn -0.8760 -0.4758 -0.0794
vn 0.0819 -0.0598 0.9948
vn -0.8511 -0.4618 -0.2497
vn -0.5206 -0.3685 0.7702
vn -0.9933 -0.1089 -0.0399
vn 0.0975 0.0134 0.9951
vn -0.9716 -0.1018 -0.2135
vn -0.5981 -0.1013 0.7950
vn -0.7895 -0.1075 0.6043
vn -0.8469 -0.1147 0.5193
vn -0.9447 -0.1240 0.3037
vn -0.9842 -0.1180 0.1319
vn 0.3454 0.0058 0.9384
vn -0.1076 -0.2285 0.9676
vn -0.1313 -0.2150 0.9677
vn 0.1072 -0.2411 0.9646
vn 0.2250 -0.0829 0.9708
vn 0.2108 -0.2372 0.9483
vn -0.1644 -0.0000 0.9864
vn -0.0000 0.1643 0.9864
vn 0.1414 -0.0000 0.9899
vn 0.2168 -0.0271 0.9758
vn 0.2161 0.0841 0.9727
vn 0.1830 0.1220 0.9755
vn 0.1104 -0.0000 0.9939
vn 0.2426 -0.0000 0.9701
vn 0.1097 -0.1097 0.9879
vn -0.0000 -0.1104 0.9939
vn -0.0000 -0.2426 0.9701
vn -0.0000 -0.1645 0.9864
vn -0.1096 0.1233 0.9863
vn -0.1097 0.1097 0.9879
vn 0.2089 0.1717 0.9627
vn 0.2299 0.0790 0.9700
vn 0.2837 -0.0098 0.9589
vn 0.3180 -0.0867 0.9441
vn 0.2522 -0.2293 0.9401
vn 0.2227 -0.2802 0.9338
vn 0.2407 -0.3009 0.9228
vn 0.1484 -0.3859 0.9105
vn 0.2296 0.2595 0.9381
vn 0.2724 0.2251 0.9355
vn -0.1477 0.1900 0.9706
vn -0.1483 0.2224 0.9636
vn 0.0332 0.1992 0.9794
vn -0.0722 -0.0289 0.9970
vn -0.1150 0.0314 0.9929
vn -0.1092 -0.0328 0.9935
vn -0.0356 -0.2312 0.9722
vn -0.0899 -0.2779 0.9564
vn -0.1269 -0.3083 0.9428
vn -0.0710 -0.3437 0.9364
vn -0.0000 -0.2425 0.9702
vn 0.3565 -0.1511 0.9220
vn 0.3391 -0.2417 0.9092
vn 0.2649 -0.2649 0.9272
vn 0.1726 -0.2809 0.9441
vn 0.1181 -0.3695 0.9217
vn -0.0634 -0.3964 0.9159
vn -0.1014 -0.3792 0.9198
vn -0.2128 -0.3156 0.9247
vn -0.2462 -0.2609 0.9334
vn -0.2818 -0.1195 0.9520
vn -0.2785 0.0464 0.9593
vn -0.3074 0.1194 0.9441
vn -0.2105 0.2780 0.9372
vn -0.1347 0.2806 0.9503
vn -0.0392 0.3264 0.9444
vn 0.1703 0.3240 0.9306
vn 0.2288 0.2645 0.9368
vn 0.2626 0.2228 0.9388
vn 0.3460 0.1098 0.9318
vn 0.3625 0.0630 0.9299
vn -0.2921 -0.0492 0.9551
vn -0.2431 0.1380 0.9601
vn -0.1637 0.2122 0.9634
vn -0.1112 0.2223 0.9686
vn 0.0220 0.2765 0.9608
vn 0.0896 0.2770 0.9567
vn 0.2232 0.2467 0.9430
vn 0.2748 0.2309 0.9334
vn 0.3583 0.1186 0.9260
vn 0.3945 -0.0311 0.9184
vn 0.3826 -0.0560 0.9222
vn 0.3250 -0.2363 0.9157
vn 0.2872 -0.2872 0.9138
vn 0.2189 -0.3466 0.9121
vn 0.0648 -0.3864 0.9201
vn 0.0152 -0.3581 0.9336
vn -0.0962 -0.3331 0.9380
vn -0.1844 -0.2906 0.9389
vn -0.2290 -0.2321 0.9454
vn -0.2880 -0.0584 0.9558
vn 0.9814 0.1075 0.1588
vn 0.5085 0.0493 0.8597
vn 0.9917 0.1193 -0.0476
vn 0.3475 0.0215 0.9374
vn 0.9712 0.1381 -0.1942
vn 0.5812 0.0572 0.8118
vn 0.7616 0.0716 0.6441
vn 0.8422 0.0739 0.5340
vn 0.9435 0.0952 0.3173
vn 0.6504 0.3717 0.6625
vn 0.7253 0.4188 0.5464
vn 0.8147 0.4824 0.3219
vn 0.8451 0.5004 0.1883
vn 0.4540 0.2369 0.8589
vn 0.8634 0.5032 -0.0365
vn 0.3053 0.1607 0.9386
vn 0.8547 0.4836 -0.1889
vn 0.5029 0.2805 0.8176
vn 0.3670 0.4057 0.8371
vn 0.6908 0.7222 -0.0345
vn 0.2056 0.2665 0.9416
vn 0.6735 0.7156 -0.1852
vn 0.3978 0.4263 0.8124
vn 0.5179 0.5379 0.6652
vn 0.5891 0.6191 0.5193
vn 0.6513 0.6818 0.3330
vn 0.6836 0.7043 0.1914
vn 0.3926 0.7675 0.5068
vn 0.4286 0.8418 0.3280
vn 0.4481 0.8737 0.1896
vn 0.2452 0.5108 0.8240
vn 0.4604 0.8863 -0.0503
vn 0.1484 0.2894 0.9456
vn 0.4610 0.8698 -0.1757
vn 0.2597 0.5097 0.8202
vn 0.3448 0.6687 0.6587
vn 0.1024 0.9787 -0.1777
vn 0.0136 0.6036 0.7972
vn 0.0385 0.7589 0.6501
vn 0.0720 0.8701 0.4876
vn 0.0939 0.9448 0.3138
vn 0.1028 0.9811 0.1639
vn 0.0195 0.5531 0.8329
vn 0.1049 0.9925 -0.0623
vn -0.0161 0.3505 0.9364
vn -0.1174 0.9822 0.1463
vn -0.1145 0.5690 0.8143
vn -0.0981 0.9928 -0.0688
vn -0.0900 0.3494 0.9326
vn -0.0825 0.9785 -0.1890
vn -0.1053 0.6057 0.7887
vn -0.1166 0.7582 0.6415
vn -0.1232 0.8637 0.4887
vn -0.1216 0.9454 0.3024
vn -0.4341 0.7567 0.4889
vn -0.4575 0.8457 0.2747
vn -0.4647 0.8765 0.1258
vn -0.3130 0.5196 0.7950
vn -0.4576 0.8849 -0.0871
vn -0.2269 0.3037 0.9253
vn -0.4455 0.8653 -0.2297
vn -0.3367 0.5292 0.7788
vn -0.4038 0.6699 0.6230
vn -0.6596 0.7079 -0.2525
vn -0.4858 0.4299 0.7610
vn -0.5746 0.5487 0.6073
vn -0.6342 0.6100 0.4751
vn -0.6894 0.6797 0.2505
vn -0.6937 0.7118 0.1101
vn -0.4477 0.3863 0.8064
vn -0.6793 0.7233 -0.1239
vn -0.3182 0.2454 0.9157
vn -0.8577 0.5037 0.1034
vn -0.5339 0.2073 0.8198
vn -0.8424 0.5136 -0.1630
vn -0.3766 0.1501 0.9141
vn -0.8212 0.4975 -0.2795
vn -0.5814 0.2951 0.7582
vn -0.7144 0.3686 0.5948
vn -0.7831 0.4199 0.4587
vn -0.8424 0.4831 0.2389
vn -0.8964 0.0553 0.4398
vn -0.9709 0.0830 0.2248
vn -0.9920 0.1019 0.0746
vn -0.5709 0.0238 0.8206
vn -0.9738 0.1153 -0.1961
vn -0.4243 -0.0041 0.9055
vn -0.9424 0.1199 -0.3122
vn -0.6716 0.0169 0.7408
vn -0.8228 0.0442 0.5666
vn -0.9408 -0.0863 -0.3277
vn -0.6692 -0.1269 0.7321
vn -0.8152 -0.1289 0.5647
vn -0.8963 -0.1234 0.4260
vn -0.9678 -0.1279 0.2169
vn -0.9897 -0.1303 0.0595
vn -0.5787 -0.1072 0.8084
vn -0.9766 -0.1054 -0.1874
vn -0.4264 -0.1138 0.8974
vn -0.8651 -0.4982 0.0587
vn -0.5073 -0.3338 0.7945
vn -0.8510 -0.4893 -0.1908
vn -0.3836 -0.2418 0.8913
vn -0.8071 -0.4779 -0.3468
vn -0.5879 -0.3558 0.7264
vn -0.7135 -0.4209 0.5602
vn -0.7836 -0.4649 0.4122
vn -0.8435 -0.5019 0.1913
vn -0.5791 -0.6133 0.5371
vn -0.6245 -0.6668 0.4066
vn -0.6746 -0.7138 0.1882
vn -0.6851 -0.7249 0.0717
vn -0.4275 -0.4499 0.7841
vn -0.6782 -0.7082 -0.1962
vn -0.3354 -0.3354 0.8804
vn -0.6617 -0.6717 -0.3332
vn -0.4787 -0.4957 0.7247
vn -0.4537 -0.8735 -0.1764
vn -0.2530 -0.3930 0.8841
vn -0.4286 -0.8418 -0.3280
vn -0.3468 -0.5907 0.7286
vn -0.4185 -0.7311 0.5388
vn -0.4548 -0.7886 0.4139
vn -0.4794 -0.8563 0.1922
vn -0.4731 -0.8791 0.0586
vn -0.3275 -0.5240 0.7862
vn -0.1120 -0.9744 0.1948
vn -0.1163 -0.9901 0.0780
vn -0.1129 -0.6249 0.7725
vn -0.1107 -0.9794 -0.1687
vn -0.0707 -0.4445 0.8930
vn -0.1024 -0.9465 -0.3061
vn -0.1002 -0.6722 0.7336
vn -0.1138 -0.8260 0.5520
vn -0.1180 -0.9020 0.4152
vn 0.0764 -0.8258 0.5588
vn 0.0845 -0.8935 0.4410
vn 0.0918 -0.9750 0.2026
vn 0.0964 -0.9894 0.1088
vn 0.0422 -0.6599 0.7502
vn 0.1067 -0.9813 -0.1600
vn -0.0135 -0.4309 0.9023
vn 0.1123 -0.9496 -0.2928
vn 0.0272 -0.6774 0.7351
vn 0.4889 -0.8638 -0.1215
vn 0.1342 -0.3721 0.9185
vn 0.4801 -0.8323 -0.2770
vn 0.2576 -0.5994 0.7579
vn 0.3454 -0.7489 0.5656
vn 0.3914 -0.7910 0.4703
vn 0.4540 -0.8608 0.2298
vn 0.4744 -0.8710 0.1279
vn 0.2494 -0.5840 0.7725
vn 0.6580 -0.7119 0.2456
vn 0.6802 -0.7220 0.1268
vn 0.3900 -0.4693 0.7923
vn 0.7034 -0.7027 -0.1072
vn 0.2155 -0.3120 0.9253
vn 0.6935 -0.6782 -0.2432
vn 0.4019 -0.4925 0.7720
vn 0.5359 -0.6124 0.5812
vn 0.5875 -0.6557 0.4742
vn 0.6616 -0.4234 0.6189
vn 0.7294 -0.4699 0.4971
vn 0.8260 -0.4989 0.2623
vn 0.8601 -0.4935 0.1290
vn 0.4647 -0.3677 0.8055
vn 0.8702 -0.4837 -0.0934
vn 0.2642 -0.2502 0.9314
vn 0.8561 -0.4734 -0.2073
vn 0.5223 -0.3478 0.7786
vn 0.9920 -0.1138 -0.0553
vn 0.3337 -0.1003 0.9373
vn 0.9762 -0.1080 -0.1880
vn 0.5980 -0.1214 0.7922
vn 0.7588 -0.1215 0.6399
vn 0.8483 -0.1107 0.5178
vn 0.9483 -0.1185 0.2943
vn 0.9819 -0.1238 0.1435
vn 0.5236 -0.1007 0.8460
vn -0.2483 0.1354 0.9592
vn -0.3881 0.0575 0.9198
vn 0.0569 0.2466 0.9674
vn 0.2320 0.1207 0.9652
vn 0.1798 0.1330 0.9747
vn -0.4848 -0.0582 0.8727
vn -0.0595 -0.4464 0.8928
vn 0.4054 -0.0608 0.9121
vn 0.2339 -0.1689 0.9575
vn 0.1790 -0.2386 0.9545
vn 0.0547 -0.3657 0.9291
vn -0.1015 -0.2473 0.9636
vn 0.0551 -0.1167 0.9916
vn 0.1238 -0.0583 0.9906
vn 0.0588 0.0621 0.9963
vn -0.0525 -0.0554 0.9971
vn -0.1619 -0.1715 0.9718
vn -0.2421 -0.0570 0.9686
vn -0.1672 0.0579 0.9842
vn -0.0550 0.1320 0.9897
vn -0.0595 0.4465 0.8928
vn -0.1829 -0.3147 0.9314
vn -0.3911 -0.1696 0.9046
vn -0.2493 -0.2804 0.9269
vn 0.3108 -0.4116 0.8567
vn 0.3749 -0.2638 0.8887
vn 0.4267 -0.0830 0.9006
vn 0.4645 0.0314 0.8850
vn 0.3677 0.1935 0.9096
vn 0.3182 0.2837 0.9046
vn 0.1688 0.4266 0.8886
vn -0.0118 0.4776 0.8785
vn 0.1853 -0.4752 0.8602
vn 0.0072 -0.5345 0.8452
vn -0.1295 -0.5440 0.8290
vn -0.2891 -0.4487 0.8456
vn -0.3658 -0.3873 0.8463
vn -0.4414 -0.2452 0.8632
vn -0.4765 -0.0993 0.8735
vn -0.4975 0.0202 0.8672
vn -0.4740 0.1115 0.8735
vn -0.3885 0.2855 0.8761
vn -0.2293 0.3925 0.8907
vn -0.0719 0.4513 0.8895
vn -0.1676 0.2653 0.9495
vn 0.6190 0.0693 0.7823
vn 0.5566 0.2982 0.7754
vn 0.4169 0.5314 0.7374
vn 0.3202 0.6190 0.7172
vn 0.0433 0.7022 0.7107
vn -0.1306 0.6880 0.7139
vn -0.3585 0.5975 0.7173
vn -0.5116 0.4933 0.7035
vn -0.6851 0.2950 0.6661
vn -0.7375 0.0756 0.6712
vn -0.7229 -0.1616 0.6718
vn -0.6580 -0.3894 0.6446
vn -0.5025 -0.5025 0.7035
vn -0.3543 -0.6359 0.6857
vn -0.1111 -0.7332 0.6709
vn 0.0725 -0.7342 0.6751
vn 0.2796 -0.6765 0.6813
vn 0.4715 -0.5326 0.7029
vn 0.5615 -0.4177 0.7143
vn 0.6439 -0.1538 0.7495
vn 0.9805 0.1108 0.1626
vn -0.3176 -0.1114 0.9417
vn 0.9911 0.1241 -0.0483
vn -0.1243 -0.1154 0.9855
vn 0.9734 0.1311 -0.1879
vn 0.6028 0.0393 0.7969
vn 0.7822 0.0685 0.6192
vn 0.8431 0.0780 0.5321
vn 0.9428 0.1096 0.3148
vn 0.6688 0.3940 0.6305
vn 0.7288 0.4241 0.5376
vn 0.8160 0.4678 0.3396
vn 0.8506 0.4948 0.1777
vn -0.2757 -0.2090 0.9383
vn 0.8649 0.5001 -0.0433
vn -0.1042 -0.0984 0.9897
vn 0.8496 0.4943 -0.1838
vn 0.5278 0.2955 0.7963
vn -0.1981 -0.2882 0.9368
vn 0.6903 0.7226 -0.0356
vn -0.1097 -0.0244 0.9937
vn 0.6787 0.7121 -0.1796
vn 0.4128 0.4430 0.7959
vn 0.5434 0.5651 0.6208
vn 0.5832 0.6037 0.5436
vn 0.6532 0.6849 0.3229
vn 0.6790 0.7103 0.1857
vn 0.3824 0.7586 0.5275
vn 0.4292 0.8428 0.3248
vn 0.4492 0.8749 0.1812
vn -0.2089 -0.2908 0.9337
vn 0.4607 0.8861 -0.0514
vn -0.0451 -0.0931 0.9946
vn 0.4621 0.8710 -0.1670
vn 0.2761 0.5420 0.7937
vn 0.3541 0.6976 0.6229
vn 0.1149 0.9793 -0.1669
vn 0.0219 0.6408 0.7674
vn 0.0445 0.7859 0.6167
vn 0.0687 0.8588 0.5077
vn 0.0911 0.9452 0.3135
vn 0.0993 0.9838 0.1495
vn -0.1280 -0.2971 0.9462
vn 0.1082 0.9922 -0.0625
vn -0.0754 -0.0880 0.9933
vn -0.1119 0.9846 0.1343
vn 0.0334 -0.3103 0.9500
vn -0.1009 0.9922 -0.0729
vn -0.0240 -0.0510 0.9984
vn -0.0969 0.9791 -0.1788
vn -0.1128 0.6421 0.7583
vn -0.1236 0.7871 0.6044
vn -0.1269 0.8472 0.5159
vn -0.1185 0.9465 0.3000
vn -0.4271 0.7488 0.5068
vn -0.4670 0.8427 0.2677
vn -0.4652 0.8754 0.1310
vn 0.0882 -0.2731 0.9579
vn -0.4438 0.8909 -0.0963
vn -0.0554 -0.0277 0.9981
vn -0.4326 0.8721 -0.2289
vn -0.3606 0.5387 0.7614
vn -0.4049 0.6994 0.5890
vn -0.6569 0.7075 -0.2606
vn -0.4778 0.4457 0.7570
vn -0.5888 0.5665 0.5766
vn -0.6346 0.6096 0.4750
vn -0.6820 0.6865 0.2523
vn -0.6926 0.7126 0.1118
vn 0.0879 -0.2930 0.9521
vn -0.6853 0.7189 -0.1167
vn -0.0429 -0.0459 0.9980
vn -0.8636 0.4969 0.0860
vn 0.2337 -0.2822 0.9304
vn -0.8464 0.5104 -0.1518
vn -0.0029 -0.1050 0.9945
vn -0.8190 0.4964 -0.2878
vn -0.5997 0.2757 0.7513
vn -0.7270 0.3796 0.5721
vn -0.7927 0.4215 0.4404
vn -0.8470 0.4650 0.2577
vn -0.9058 0.0652 0.4188
vn -0.9691 0.0880 0.2303
vn -0.9916 0.1060 0.0744
vn 0.3410 -0.1010 0.9346
vn -0.9733 0.1169 -0.1974
vn 0.0290 -0.1033 0.9942
vn -0.9447 0.1240 -0.3037
vn -0.6780 0.0307 0.7344
vn -0.8326 0.0479 0.5518
vn -0.9447 -0.0952 -0.3138
vn -0.6884 -0.1092 0.7171
vn -0.8380 -0.1323 0.5293
vn -0.8987 -0.1349 0.4174
vn -0.9670 -0.1338 0.2168
vn -0.9889 -0.1347 0.0636
vn 0.3234 0.0571 0.9445
vn -0.9750 -0.1106 -0.1925
vn -0.8671 -0.4953 0.0534
vn 0.3169 0.0672 0.9461
vn -0.8534 -0.4837 -0.1941
vn -0.0316 -0.0537 0.9981
vn -0.8123 -0.4703 -0.3451
vn -0.5980 -0.3869 0.7019
vn -0.7310 -0.4399 0.5217
vn -0.7881 -0.4562 0.4132
vn -0.8514 -0.4869 0.1950
vn -0.6054 -0.6071 0.5147
vn -0.6351 -0.6570 0.4063
vn -0.6800 -0.7100 0.1831
vn -0.6853 -0.7266 0.0487
vn 0.0245 0.2940 0.9555
vn -0.6707 -0.7157 -0.1946
vn -0.0710 -0.0711 0.9949
vn -0.6482 -0.6796 -0.3435
vn -0.5117 -0.4950 0.7023
vn -0.4629 -0.8703 -0.1679
vn -0.0470 -0.0294 0.9985
vn -0.4431 -0.8299 -0.3390
vn -0.3340 -0.6151 0.7143
vn -0.4040 -0.7604 0.5085
vn -0.4380 -0.7978 0.4143
vn -0.4673 -0.8663 0.1766
vn -0.4648 -0.8842 0.0457
vn 0.0856 0.1541 0.9843
vn -0.1059 -0.9770 0.1853
vn -0.1204 -0.9896 0.0791
vn 0.0989 0.2274 0.9688
vn -0.1074 -0.9812 -0.1605
vn -0.0890 -0.9466 -0.3099
vn -0.1060 -0.6885 0.7175
vn -0.1188 -0.8498 0.5135
vn -0.1114 -0.8972 0.4274
vn 0.0624 -0.8525 0.5190
vn 0.0663 -0.8963 0.4386
vn 0.0727 -0.9752 0.2092
vn 0.0891 -0.9918 0.0917
vn -0.2303 0.2135 0.9494
vn 0.1131 -0.9793 -0.1678
vn -0.0856 -0.0658 0.9942
vn 0.1204 -0.9472 -0.2970
vn 0.0197 -0.6875 0.7259
vn 0.4851 -0.8617 -0.1486
vn -0.0545 -0.0962 0.9939
vn 0.4776 -0.8377 -0.2649
vn 0.2780 -0.5969 0.7527
vn 0.3723 -0.7536 0.5418
vn 0.3973 -0.7913 0.4647
vn 0.4560 -0.8556 0.2451
vn 0.4727 -0.8744 0.1092
vn -0.1924 0.1924 0.9623
vn 0.6553 -0.7115 0.2538
vn 0.6790 -0.7224 0.1309
vn -0.2240 0.2191 0.9496
vn 0.6909 -0.7104 -0.1340
vn -0.0395 -0.0494 0.9980
vn 0.6863 -0.6848 -0.2448
vn 0.4082 -0.5119 0.7559
vn 0.5336 -0.6229 0.5721
vn 0.5850 -0.6647 0.4648
vn 0.6737 -0.4343 0.5979
vn 0.7496 -0.4585 0.4774
vn 0.8244 -0.4889 0.2852
vn 0.8661 -0.4853 0.1195
vn -0.3390 0.1366 0.9308
vn 0.8760 -0.4758 -0.0794
vn -0.0819 -0.0598 0.9948
vn 0.8511 -0.4618 -0.2497
vn 0.5206 -0.3685 0.7702
vn 0.9933 -0.1089 -0.0399
vn -0.0975 0.0134 0.9951
vn 0.9716 -0.1018 -0.2135
vn 0.5981 -0.1013 0.7950
vn 0.7895 -0.1075 0.6043
vn 0.8469 -0.1147 0.5193
vn 0.9447 -0.1240 0.3037
vn 0.9842 -0.1180 0.1319
vn -0.3454 0.0058 0.9384
vn 0.1076 -0.2285 0.9676
vn 0.1313 -0.2150 0.9677
vn -0.1068 -0.2537 0.9614
vn -0.2249 -0.0829 0.9708
vn -0.2108 -0.2372 0.9483
vn 0.1644 -0.0000 0.9864
vn -0.1414 -0.0000 0.9899
vn -0.2168 -0.0271 0.9758
vn -0.2161 0.0841 0.9727
vn -0.1830 0.1220 0.9755
vn -0.1104 -0.0000 0.9939
vn -0.2426 -0.0000 0.9701
vn -0.1097 -0.1097 0.9879
vn -0.0000 -0.1644 0.9864
vn 0.1096 0.1233 0.9863
vn -0.0000 0.1240 0.9923
vn -0.2090 0.1717 0.9627
vn -0.2299 0.0790 0.9700
vn -0.2837 -0.0098 0.9589
vn -0.3180 -0.0867 0.9441
vn -0.2522 -0.2293 0.9401
vn -0.2227 -0.2802 0.9338
vn -0.2185 -0.3004 0.9285
vn -0.1558 -0.3740 0.9143
vn -0.2296 0.2595 0.9381
vn -0.2724 0.2251 0.9355
vn 0.1477 0.1900 0.9706
vn 0.1483 0.2224 0.9636
vn -0.0486 0.2915 0.9553
vn 0.1432 -0.0573 0.9880
vn 0.1150 0.0314 0.9929
vn 0.1092 -0.0328 0.9935
vn 0.0356 -0.2312 0.9723
vn 0.0899 -0.2779 0.9564
vn 0.1270 -0.3083 0.9428
vn 0.0710 -0.3437 0.9364
vn -0.3564 -0.1511 0.9220
vn -0.3391 -0.2417 0.9092
vn -0.2649 -0.2649 0.9272
vn -0.1726 -0.2809 0.9441
vn -0.1181 -0.3695 0.9217
vn 0.0634 -0.3964 0.9159
vn 0.1014 -0.3792 0.9198
vn 0.2128 -0.3156 0.9247
vn 0.2462 -0.2609 0.9334
vn 0.2818 -0.1195 0.9520
vn 0.2785 0.0464 0.9593
vn 0.3075 0.1194 0.9440
vn 0.2105 0.2780 0.9372
vn 0.1347 0.2806 0.9503
vn 0.0392 0.3264 0.9444
vn -0.1703 0.3240 0.9306
vn -0.2288 0.2645 0.9368
vn -0.2626 0.2228 0.9388
vn -0.3460 0.1098 0.9318
vn -0.3625 0.0630 0.9299
vn 0.2921 -0.0492 0.9551
vn 0.2431 0.1380 0.9601
vn 0.1637 0.2122 0.9634
vn 0.1112 0.2223 0.9686
vn -0.0220 0.2765 0.9608
vn -0.0896 0.2770 0.9567
vn -0.2232 0.2467 0.9430
vn -0.2748 0.2309 0.9334
vn -0.3583 0.1186 0.9260
vn -0.3945 -0.0311 0.9184
vn -0.3826 -0.0560 0.9222
vn -0.3250 -0.2363 0.9157
vn -0.2872 -0.2872 0.9138
vn -0.2189 -0.3466 0.9121
vn -0.0648 -0.3864 0.9201
vn -0.0152 -0.3581 0.9336
vn 0.0962 -0.3331 0.9380
vn 0.1844 -0.2906 0.9389
vn 0.2290 -0.2322 0.9453
vn 0.2880 -0.0584 0.9558
vt 0.810900 0.042100
vt 0.816400 0.041600
vt 0.806500 0.043900
vt 0.801800 0.048100
vt 0.797000 0.089300
vt 0.810800 0.121200
vt 0.803600 0.112800
vt 0.795900 0.087500
vt 0.808000 0.070200
vt 0.795200 0.067900
vt 0.806500 0.103700
vt 0.798900 0.087000
vt 0.804600 0.069000
vt 0.806700 0.053100
vt 0.813100 0.046000
vt 0.815100 0.100400
vt 0.805000 0.086400
vt 0.810000 0.070000
vt 0.812700 0.052700
vt 0.818500 0.049100
vt 0.831500 0.457400
vt 0.829100 0.448700
vt 0.834100 0.448300
vt 0.836000 0.454400
vt 0.839200 0.461400
vt 0.838900 0.457800
vt 0.844700 0.454900
vt 0.843000 0.451900
vt 0.845700 0.439900
vt 0.842200 0.443000
vt 0.838500 0.438000
vt 0.837100 0.431600
vt 0.831200 0.441200
vt 0.834800 0.443700
vt 0.846300 0.448200
vt 0.843000 0.447600
vt 0.837200 0.337300
vt 0.842000 0.335900
vt 0.845100 0.341600
vt 0.837600 0.341100
vt 0.847900 0.336000
vt 0.852200 0.339800
vt 0.855300 0.344300
vt 0.856200 0.353100
vt 0.842200 0.355500
vt 0.848500 0.347800
vt 0.839600 0.347000
vt 0.832600 0.350900
vt 0.833200 0.340800
vt 0.834300 0.333700
vt 0.840300 0.331700
vt 0.846400 0.331700
vt 0.910100 0.461900
vt 0.904900 0.463900
vt 0.897700 0.460300
vt 0.908000 0.458100
vt 0.915700 0.461900
vt 0.914500 0.464700
vt 0.896300 0.469900
vt 0.901800 0.470400
vt 0.899600 0.477500
vt 0.894200 0.477300
vt 0.919600 0.468900
vt 0.916600 0.470200
vt 0.921500 0.477200
vt 0.917900 0.476900
vt 0.902700 0.477100
vt 0.903700 0.470900
vt 0.906700 0.465800
vt 0.912700 0.466100
vt 0.909800 0.464400
vt 0.913700 0.471000
vt 0.914300 0.477400
vt 0.908400 0.449000
vt 0.918700 0.459000
vt 0.924300 0.467600
vt 0.927400 0.476500
vt 0.835500 0.425300
vt 0.850500 0.434800
vt 0.840100 0.466700
vt 0.826400 0.461900
vt 0.832000 0.474600
vt 0.818900 0.468900
vt 0.823400 0.448000
vt 0.816600 0.448300
vt 0.826400 0.438800
vt 0.819700 0.433600
vt 0.828600 0.419500
vt 0.852400 0.449000
vt 0.849300 0.458600
vt 0.873400 0.476600
vt 0.876100 0.476200
vt 0.876500 0.479400
vt 0.873500 0.479300
vt 0.875000 0.471800
vt 0.878100 0.473300
vt 0.878200 0.468800
vt 0.881200 0.472700
vt 0.879200 0.478300
vt 0.883000 0.477800
vt 0.869900 0.474000
vt 0.868600 0.478600
vt 0.862600 0.477900
vt 0.865600 0.472400
vt 0.871900 0.470600
vt 0.952500 0.466200
vt 0.951500 0.457600
vt 0.950500 0.444700
vt 0.960700 0.455800
vt 0.953900 0.473400
vt 0.966400 0.470800
vt 0.940900 0.453700
vt 0.940200 0.440000
vt 0.939100 0.465700
vt 0.940000 0.475600
vt 0.894800 0.448700
vt 0.886400 0.463300
vt 0.882200 0.455100
vt 0.877100 0.372700
vt 0.853500 0.360500
vt 0.876000 0.350700
vt 0.894200 0.357300
vt 0.886900 0.432300
vt 0.908200 0.419200
vt 0.870200 0.443100
vt 0.899800 0.398900
vt 0.917100 0.373700
vt 0.934400 0.408600
vt 0.880100 0.411700
vt 0.867300 0.423300
vt 0.866900 0.388900
vt 0.851700 0.405200
vt 0.870500 0.467600
vt 0.887800 0.470600
vt 0.888900 0.477200
vt 0.884900 0.325500
vt 0.921900 0.330900
vt 0.845600 0.376900
vt 0.834900 0.399800
vt 0.853100 0.467900
vt 0.848300 0.475400
vt 0.858500 0.461600
vt 0.825300 0.369200
vt 0.839400 0.361800
vt 0.811400 0.387800
vt 0.798300 0.468000
vt 0.797400 0.446800
vt 0.800400 0.428500
vt 0.803800 0.406800
vt 0.356800 0.915500
vt 0.374000 0.912000
vt 0.375500 0.934800
vt 0.365200 0.935400
vt 0.341900 0.921200
vt 0.353700 0.937900
vt 0.323000 0.925700
vt 0.334000 0.936100
vt 0.961000 0.396200
vt 0.975500 0.423000
vt 0.989500 0.457900
vt 0.370200 0.947800
vt 0.377300 0.949500
vt 0.361100 0.946500
vt 0.935600 0.353000
vt 0.349000 0.950200
vt 0.910100 0.303000
vt 0.895400 0.247800
vt 0.942300 0.237000
vt 0.959600 0.280100
vt 0.334800 0.958100
vt 0.325700 0.942100
vt 0.744800 0.417800
vt 0.766000 0.434100
vt 0.766700 0.459400
vt 0.730800 0.445000
vt 0.716300 0.387600
vt 0.690100 0.406300
vt 0.699100 0.329200
vt 0.668500 0.332400
vt 0.752900 0.393100
vt 0.772600 0.411600
vt 0.734100 0.364400
vt 0.721000 0.329200
vt 0.714700 0.293400
vt 0.732500 0.312600
vt 0.689500 0.275500
vt 0.820500 0.336700
vt 0.828600 0.321900
vt 0.829700 0.354000
vt 0.839700 0.318200
vt 0.852100 0.317700
vt 0.864500 0.320500
vt 0.853700 0.332000
vt 0.868200 0.337900
vt 0.871400 0.346300
vt 0.797100 0.333700
vt 0.808800 0.357100
vt 0.762800 0.367900
vt 0.777300 0.392400
vt 0.780900 0.347200
vt 0.794400 0.371800
vt 0.800000 0.297200
vt 0.747400 0.341100
vt 0.714500 0.249700
vt 0.734300 0.271300
vt 0.769700 0.321800
vt 0.848800 0.272700
vt 0.871500 0.275400
vt 0.916700 0.318700
vt 0.822700 0.280400
vt 0.837400 0.247400
vt 0.869700 0.243700
vt 0.783300 0.271100
vt 0.806500 0.256800
vt 0.753300 0.293500
vt 0.820700 0.223400
vt 0.866600 0.217500
vt 0.888300 0.223500
vt 0.763300 0.247900
vt 0.790800 0.233500
vt 0.811900 0.202900
vt 0.861000 0.193100
vt 0.879300 0.194400
vt 0.748000 0.226100
vt 0.777800 0.212700
vt 0.313900 0.947400
vt 0.933000 0.211000
vt 0.923900 0.183500
vt 0.307700 0.915500
vt 0.296600 0.933100
vt 0.838600 0.456500
vt 0.839500 0.451500
vt 0.838200 0.452300
vt 0.837900 0.447900
vt 0.839400 0.444900
vt 0.838400 0.442100
vt 0.838200 0.444900
vt 0.839500 0.447900
vt 0.910000 0.467300
vt 0.909300 0.465700
vt 0.908200 0.473100
vt 0.908200 0.476800
vt 0.910900 0.471000
vt 0.911300 0.477800
vt 0.908700 0.467500
vt 0.878000 0.483100
vt 0.882900 0.483000
vt 0.854000 0.334800
vt 0.859200 0.339100
vt 0.861200 0.343200
vt 0.304900 0.953900
vt 0.295900 0.964300
vt 0.284000 0.953000
vt 0.290000 0.943300
vt 0.324300 0.899500
vt 0.345400 0.889000
vt 0.368400 0.884500
vt 0.856300 0.157100
vt 0.869100 0.156300
vt 0.918000 0.151000
vt 0.914000 0.482700
vt 0.911400 0.482600
vt 0.908500 0.482400
vt 0.904200 0.482200
vt 0.918400 0.482800
vt 0.868500 0.483100
vt 0.861000 0.483100
vt 0.848500 0.483100
vt 0.721000 0.483000
vt 0.661400 0.424300
vt 0.830500 0.483100
vt 0.846800 0.043900
vt 0.836800 0.041600
vt 0.842300 0.042100
vt 0.851500 0.048100
vt 0.856300 0.089300
vt 0.857300 0.087500
vt 0.849600 0.112800
vt 0.842400 0.121200
vt 0.845200 0.070200
vt 0.858000 0.067900
vt 0.846700 0.103700
vt 0.854400 0.087000
vt 0.848600 0.069000
vt 0.846600 0.053100
vt 0.840100 0.046000
vt 0.838100 0.100400
vt 0.848200 0.086400
vt 0.843200 0.070000
vt 0.840500 0.052700
vt 0.834800 0.049100
vt 0.826600 0.098400
vt 0.826600 0.080000
vt 0.831500 0.508700
vt 0.835700 0.512400
vt 0.834200 0.518600
vt 0.829000 0.517400
vt 0.839200 0.504700
vt 0.838900 0.508300
vt 0.844700 0.511200
vt 0.843500 0.512600
vt 0.845500 0.526300
vt 0.836800 0.534700
vt 0.838100 0.528300
vt 0.842900 0.523500
vt 0.830900 0.525000
vt 0.834700 0.523000
vt 0.846300 0.518000
vt 0.844300 0.517800
vt 0.837200 0.628800
vt 0.837600 0.625000
vt 0.845100 0.624600
vt 0.842000 0.630200
vt 0.847900 0.630100
vt 0.852100 0.626300
vt 0.855300 0.621900
vt 0.848500 0.618300
vt 0.842200 0.610600
vt 0.856200 0.613000
vt 0.839500 0.619100
vt 0.832500 0.615200
vt 0.833100 0.625300
vt 0.834200 0.632400
vt 0.840300 0.634400
vt 0.846300 0.634400
vt 0.910000 0.503500
vt 0.907700 0.507500
vt 0.897700 0.505600
vt 0.904600 0.502100
vt 0.914200 0.500800
vt 0.915500 0.503800
vt 0.895700 0.496900
vt 0.894000 0.488800
vt 0.899400 0.488300
vt 0.901100 0.494400
vt 0.919200 0.496700
vt 0.915900 0.495000
vt 0.921600 0.488500
vt 0.918200 0.488100
vt 0.902700 0.488000
vt 0.904100 0.494700
vt 0.907100 0.499500
vt 0.909900 0.501100
vt 0.912600 0.499300
vt 0.913300 0.494300
vt 0.914500 0.487700
vt 0.908400 0.517100
vt 0.918600 0.507000
vt 0.924300 0.498500
vt 0.927400 0.489500
vt 0.835400 0.540800
vt 0.850500 0.531300
vt 0.840100 0.499400
vt 0.826400 0.504200
vt 0.832000 0.491500
vt 0.818900 0.497200
vt 0.823300 0.518100
vt 0.816600 0.517800
vt 0.826200 0.527400
vt 0.819700 0.532500
vt 0.828600 0.546600
vt 0.852400 0.517100
vt 0.849300 0.507500
vt 0.873400 0.489500
vt 0.873500 0.486800
vt 0.876500 0.486700
vt 0.876100 0.489900
vt 0.875000 0.494300
vt 0.878100 0.492800
vt 0.878200 0.497300
vt 0.881300 0.493400
vt 0.879200 0.487800
vt 0.883000 0.488100
vt 0.869900 0.492100
vt 0.865600 0.493700
vt 0.862600 0.488200
vt 0.868600 0.487500
vt 0.871800 0.495500
vt 0.952500 0.499900
vt 0.960700 0.510300
vt 0.950500 0.521400
vt 0.951500 0.508500
vt 0.953900 0.492700
vt 0.966400 0.495300
vt 0.940200 0.526100
vt 0.940900 0.512400
vt 0.939100 0.500400
vt 0.940000 0.490500
vt 0.894800 0.517500
vt 0.882200 0.511000
vt 0.886400 0.502800
vt 0.877100 0.593400
vt 0.894200 0.608800
vt 0.876000 0.615400
vt 0.853400 0.605600
vt 0.886900 0.533800
vt 0.908200 0.546900
vt 0.870200 0.523000
vt 0.899700 0.567300
vt 0.917100 0.592400
vt 0.934400 0.557500
vt 0.880100 0.554400
vt 0.867300 0.542800
vt 0.866900 0.577200
vt 0.851700 0.560900
vt 0.870500 0.498500
vt 0.887800 0.495300
vt 0.889000 0.488500
vt 0.921900 0.635200
vt 0.884900 0.640600
vt 0.845600 0.589200
vt 0.834900 0.566300
vt 0.853100 0.498300
vt 0.848300 0.490700
vt 0.858500 0.504500
vt 0.839400 0.604300
vt 0.825300 0.596900
vt 0.811400 0.578300
vt 0.798300 0.498100
vt 0.797400 0.519300
vt 0.800400 0.537600
vt 0.803800 0.559300
vt 0.406300 0.915500
vt 0.397900 0.935400
vt 0.387600 0.934800
vt 0.389100 0.912000
vt 0.421200 0.921200
vt 0.409400 0.937900
vt 0.439000 0.929800
vt 0.424600 0.937200
vt 0.961000 0.569900
vt 0.975500 0.543100
vt 0.989500 0.508200
vt 0.393000 0.947800
vt 0.385800 0.949500
vt 0.402000 0.946500
vt 0.935500 0.613100
vt 0.414100 0.950200
vt 0.909600 0.661600
vt 0.957900 0.687900
vt 0.942400 0.720900
vt 0.895400 0.718300
vt 0.426500 0.956900
vt 0.435600 0.942300
vt 0.744800 0.548300
vt 0.730800 0.521100
vt 0.766700 0.506700
vt 0.766000 0.532000
vt 0.716300 0.578500
vt 0.690100 0.559800
vt 0.699100 0.636900
vt 0.668400 0.633700
vt 0.752900 0.573000
vt 0.772600 0.554500
vt 0.734100 0.601700
vt 0.721000 0.636900
vt 0.714700 0.672700
vt 0.732500 0.653500
vt 0.689400 0.690600
vt 0.820500 0.629400
vt 0.828500 0.644200
vt 0.829700 0.612100
vt 0.839600 0.647900
vt 0.852000 0.648400
vt 0.853700 0.634100
vt 0.864500 0.645600
vt 0.868200 0.628200
vt 0.871400 0.619800
vt 0.797000 0.632400
vt 0.808800 0.609000
vt 0.777300 0.573700
vt 0.762800 0.598200
vt 0.780900 0.618900
vt 0.794300 0.594300
vt 0.800000 0.668900
vt 0.747300 0.625000
vt 0.734200 0.694800
vt 0.714400 0.716400
vt 0.769700 0.644300
vt 0.848800 0.693400
vt 0.871500 0.690700
vt 0.915400 0.649000
vt 0.822600 0.685700
vt 0.837400 0.718700
vt 0.869700 0.722400
vt 0.783300 0.695000
vt 0.806400 0.709300
vt 0.753300 0.672600
vt 0.820700 0.742700
vt 0.866600 0.748600
vt 0.888200 0.742600
vt 0.763300 0.718200
vt 0.790700 0.732600
vt 0.811900 0.763200
vt 0.861000 0.773000
vt 0.879200 0.771700
vt 0.748000 0.740000
vt 0.777700 0.753400
vt 0.448500 0.948400
vt 0.933900 0.746900
vt 0.924400 0.777500
vt 0.455400 0.915500
vt 0.466500 0.933100
vt 0.839300 0.513400
vt 0.838600 0.509600
vt 0.838000 0.512900
vt 0.837400 0.518600
vt 0.838700 0.523800
vt 0.839100 0.521600
vt 0.837900 0.521800
vt 0.839100 0.518000
vt 0.909500 0.499800
vt 0.910600 0.498200
vt 0.907900 0.487400
vt 0.907800 0.493100
vt 0.910900 0.494100
vt 0.911400 0.487400
vt 0.908200 0.498800
vt 0.854000 0.631300
vt 0.859200 0.627000
vt 0.861200 0.622900
vt 0.759000 0.789600
vt 0.796000 0.801000
vt 0.457200 0.955300
vt 0.473100 0.943300
vt 0.479100 0.953000
vt 0.464300 0.963100
vt 0.438800 0.899500
vt 0.417700 0.889000
vt 0.394700 0.884500
vt 0.826600 0.123600
vt 0.826600 0.076800
vt 0.826600 0.070500
vt 0.922600 0.482900
vt 0.927700 0.483000
vt 0.941400 0.483100
vt 0.797700 0.483000
vt 0.820500 0.483100
vt 0.381600 0.950000
vt 0.381600 0.935300
vt 0.872900 0.483100
vt 0.875700 0.483100
vt 0.954400 0.483100
vt 0.381600 0.907700
vt 0.762800 0.483000
vt 0.685400 0.224600
vt 0.719200 0.196900
vt 0.759000 0.176400
vt 0.796100 0.165100
vt 0.826600 0.037100
vt 0.826600 0.037200
vt 0.826600 0.071200
vt 0.826600 0.056800
vt 0.826600 0.048200
vt 0.895200 0.482400
vt 0.889200 0.482900
vt 0.797700 0.483100
vt 0.381500 0.935300
vt 0.381500 0.950000
vt 0.658800 0.262700
vt 0.900400 0.482400
vt 0.969200 0.483100
vt 0.381500 0.907700
vt 0.992100 0.483100
vt 0.641100 0.327700
vt 0.290200 0.971000
vt 0.277700 0.961400
vt 0.381500 0.880400
vt 0.685400 0.741500
vt 0.719200 0.769200
vt 0.658800 0.703400
vt 0.856200 0.809100
vt 0.869000 0.809800
vt 0.915900 0.814200
vt 0.661400 0.541800
vt 0.641100 0.638300
vt 0.485400 0.961400
vt 0.471900 0.972900
vt 0.381600 0.880400
vt 0.902100 0.100600
vt 0.905300 0.097600
vt 0.916400 0.105300
vt 0.914200 0.109200
vt 0.923100 0.079600
vt 0.925500 0.077200
vt 0.929400 0.079700
vt 0.927700 0.082800
vt 0.898800 0.103700
vt 0.912000 0.113100
vt 0.918500 0.084500
vt 0.921400 0.081400
vt 0.926600 0.085000
vt 0.924800 0.088800
vt 0.895500 0.106700
vt 0.909800 0.117000
vt 0.915100 0.088000
vt 0.922700 0.093100
vt 0.911800 0.091300
vt 0.920600 0.097300
vt 0.908600 0.094400
vt 0.918500 0.101300
vt 0.931500 0.095600
vt 0.930700 0.100200
vt 0.930000 0.104800
vt 0.929200 0.109200
vt 0.928300 0.113700
vt 0.933600 0.081000
vt 0.933100 0.084400
vt 0.927500 0.118100
vt 0.932700 0.086900
vt 0.932200 0.090900
vt 0.926500 0.122500
vt 0.937900 0.080700
vt 0.938600 0.084200
vt 0.943100 0.113500
vt 0.943600 0.118000
vt 0.939100 0.086600
vt 0.939800 0.090700
vt 0.944100 0.122500
vt 0.940600 0.095500
vt 0.941300 0.100100
vt 0.941900 0.104600
vt 0.942500 0.109100
vt 0.951300 0.096700
vt 0.953300 0.100800
vt 0.955300 0.104800
vt 0.957200 0.108900
vt 0.942100 0.079300
vt 0.943800 0.082300
vt 0.959100 0.112900
vt 0.945000 0.084500
vt 0.947000 0.088200
vt 0.960900 0.117000
vt 0.949200 0.092500
vt 0.972200 0.103300
vt 0.975200 0.106700
vt 0.953100 0.083600
vt 0.956600 0.087000
vt 0.959800 0.090300
vt 0.963000 0.093600
vt 0.966100 0.096800
vt 0.969200 0.100100
vt 0.945800 0.076500
vt 0.948300 0.078900
vt 0.950100 0.080600
vt 0.973900 0.085800
vt 0.977800 0.087900
vt 0.948300 0.072700
vt 0.951400 0.074300
vt 0.981700 0.090100
vt 0.953700 0.075400
vt 0.957400 0.077300
vt 0.985500 0.092400
vt 0.961700 0.079400
vt 0.965900 0.081500
vt 0.969900 0.083600
vt 0.968900 0.071400
vt 0.973400 0.072100
vt 0.977800 0.073000
vt 0.982200 0.073800
vt 0.949600 0.068500
vt 0.953000 0.069000
vt 0.986600 0.074700
vt 0.955500 0.069300
vt 0.959600 0.069900
vt 0.991000 0.075600
vt 0.964200 0.070600
vt 0.986600 0.058500
vt 0.991100 0.058000
vt 0.959400 0.062200
vt 0.964100 0.061400
vt 0.968700 0.060800
vt 0.973200 0.060200
vt 0.977700 0.059600
vt 0.982200 0.059000
vt 0.949400 0.064100
vt 0.952800 0.063400
vt 0.955300 0.063000
vt 0.973400 0.046800
vt 0.977500 0.044900
vt 0.947900 0.060000
vt 0.950900 0.058200
vt 0.981500 0.043000
vt 0.953100 0.057000
vt 0.956800 0.055000
vt 0.985600 0.041200
vt 0.961100 0.052800
vt 0.965300 0.050700
vt 0.969400 0.048700
vt 0.958900 0.042200
vt 0.962100 0.039000
vt 0.965400 0.035900
vt 0.968600 0.032900
vt 0.945200 0.056200
vt 0.947500 0.053800
vt 0.971900 0.029800
vt 0.949200 0.052000
vt 0.952200 0.048900
vt 0.975200 0.026900
vt 0.955600 0.045400
vt 0.958700 0.020300
vt 0.960900 0.016500
vt 0.945900 0.044600
vt 0.947900 0.040200
vt 0.950100 0.036100
vt 0.952200 0.032100
vt 0.954300 0.028100
vt 0.956500 0.024200
vt 0.941300 0.053700
vt 0.942900 0.050600
vt 0.944000 0.048400
vt 0.941500 0.024200
vt 0.942300 0.019700
vt 0.937100 0.052400
vt 0.937600 0.049000
vt 0.943200 0.015400
vt 0.937900 0.046500
vt 0.938500 0.042500
vt 0.944100 0.011000
vt 0.939100 0.037800
vt 0.939900 0.033100
vt 0.940700 0.028600
vt 0.930000 0.037900
vt 0.929300 0.033300
vt 0.928600 0.028800
vt 0.928000 0.024300
vt 0.927400 0.019900
vt 0.932700 0.052700
vt 0.932000 0.049200
vt 0.926900 0.015400
vt 0.931600 0.046700
vt 0.930800 0.042600
vt 0.926400 0.011000
vt 0.913300 0.024600
vt 0.911400 0.020600
vt 0.925600 0.048900
vt 0.923600 0.045200
vt 0.909600 0.016500
vt 0.921400 0.040900
vt 0.919300 0.036800
vt 0.917200 0.032700
vt 0.915200 0.028600
vt 0.928600 0.054100
vt 0.926800 0.051100
vt 0.907500 0.039900
vt 0.904400 0.036700
vt 0.901300 0.033500
vt 0.924900 0.056900
vt 0.922400 0.054500
vt 0.898300 0.030200
vt 0.920600 0.052800
vt 0.917500 0.049800
vt 0.895200 0.026900
vt 0.914000 0.046400
vt 0.910700 0.043200
vt 0.908900 0.054100
vt 0.904800 0.052000
vt 0.900600 0.049900
vt 0.896600 0.047800
vt 0.892700 0.045700
vt 0.922300 0.060700
vt 0.919200 0.059100
vt 0.888800 0.043500
vt 0.917000 0.058000
vt 0.913300 0.056100
vt 0.884900 0.041300
vt 0.888300 0.059900
vt 0.883900 0.059100
vt 0.915200 0.064100
vt 0.911100 0.063500
vt 0.879500 0.058200
vt 0.906400 0.062800
vt 0.901800 0.062000
vt 0.897200 0.061400
vt 0.892800 0.060700
vt 0.921100 0.065000
vt 0.917600 0.064400
vt 0.897500 0.073400
vt 0.893000 0.074100
vt 0.888500 0.074700
vt 0.921300 0.069300
vt 0.917800 0.070000
vt 0.884100 0.075300
vt 0.915400 0.070500
vt 0.911300 0.071200
vt 0.879600 0.075800
vt 0.906500 0.072000
vt 0.901900 0.072700
vt 0.909500 0.080600
vt 0.905400 0.082700
vt 0.901300 0.084800
vt 0.897300 0.086800
vt 0.893300 0.088700
vt 0.922800 0.073400
vt 0.919700 0.075200
vt 0.889200 0.090600
vt 0.917500 0.076400
vt 0.913800 0.078400
vt 0.885100 0.092500
vt 0.941500 0.064600
vt 0.945600 0.064500
vt 0.945800 0.068300
vt 0.941600 0.068400
vt 0.940800 0.060800
vt 0.944700 0.060900
vt 0.937500 0.077000
vt 0.937400 0.072800
vt 0.941200 0.072200
vt 0.941100 0.076100
vt 0.930200 0.076500
vt 0.929800 0.072600
vt 0.933600 0.073000
vt 0.933800 0.077200
vt 0.940500 0.056900
vt 0.943400 0.058100
vt 0.929600 0.057300
vt 0.929400 0.061200
vt 0.925600 0.061500
vt 0.926800 0.058600
vt 0.925900 0.072500
vt 0.927300 0.075300
vt 0.929200 0.068800
vt 0.925000 0.068900
vt 0.929100 0.065000
vt 0.924800 0.065100
vt 0.933200 0.060600
vt 0.933200 0.064700
vt 0.933400 0.068800
vt 0.937400 0.068700
vt 0.937300 0.064600
vt 0.937100 0.060400
vt 0.945100 0.071900
vt 0.943900 0.074800
vt 0.933100 0.056400
vt 0.936900 0.056200
vt 0.047200 0.269200
vt 0.054700 0.269900
vt 0.056700 0.342500
vt 0.050300 0.344000
vt 0.227800 0.290800
vt 0.246600 0.292300
vt 0.247300 0.305200
vt 0.228400 0.310200
vt 0.041700 0.268200
vt 0.045000 0.344600
vt 0.186900 0.286800
vt 0.206900 0.288800
vt 0.207600 0.315200
vt 0.187700 0.319000
vt 0.036900 0.267300
vt 0.036200 0.345600
vt 0.095200 0.275100
vt 0.131600 0.280500
vt 0.133600 0.330200
vt 0.097500 0.335300
vt 0.064400 0.271300
vt 0.066900 0.340500
vt 0.060800 0.270300
vt 0.061700 0.340400
vt 0.118600 0.392700
vt 0.090300 0.406800
vt 0.085200 0.408100
vt 0.079600 0.411500
vt 0.074900 0.414200
vt 0.252700 0.320000
vt 0.235800 0.330300
vt 0.068800 0.416700
vt 0.217200 0.340800
vt 0.199900 0.350600
vt 0.064200 0.419000
vt 0.150700 0.376500
vt 0.264000 0.329300
vt 0.247800 0.345800
vt 0.120100 0.475900
vt 0.115300 0.480200
vt 0.233900 0.361400
vt 0.220400 0.376000
vt 0.108900 0.484600
vt 0.182400 0.416100
vt 0.156600 0.440800
vt 0.133900 0.463400
vt 0.129300 0.466900
vt 0.125700 0.471400
vt 0.193300 0.503700
vt 0.190100 0.508600
vt 0.186800 0.513800
vt 0.182800 0.521600
vt 0.275300 0.337300
vt 0.266300 0.357900
vt 0.179100 0.527100
vt 0.257000 0.376900
vt 0.248700 0.395000
vt 0.174300 0.536100
vt 0.223700 0.443600
vt 0.207400 0.474800
vt 0.256500 0.553000
vt 0.255200 0.559400
vt 0.272700 0.458400
vt 0.266800 0.493300
vt 0.262900 0.525000
vt 0.261500 0.530500
vt 0.259600 0.538400
vt 0.258300 0.545300
vt 0.287700 0.344500
vt 0.285400 0.363300
vt 0.283000 0.384200
vt 0.280400 0.404200
vt 0.337100 0.536400
vt 0.338000 0.545400
vt 0.301400 0.340900
vt 0.305400 0.363100
vt 0.338300 0.552600
vt 0.309800 0.383800
vt 0.313500 0.403800
vt 0.338200 0.560800
vt 0.323700 0.457200
vt 0.329200 0.492400
vt 0.335400 0.522500
vt 0.336100 0.528700
vt 0.403500 0.501400
vt 0.406500 0.506200
vt 0.409500 0.513000
vt 0.413100 0.520200
vt 0.314600 0.336000
vt 0.326200 0.356300
vt 0.415500 0.527900
vt 0.336100 0.375400
vt 0.345500 0.393100
vt 0.418900 0.536500
vt 0.371200 0.441900
vt 0.388600 0.473200
vt 0.482500 0.479200
vt 0.488700 0.487500
vt 0.412400 0.412000
vt 0.439500 0.436800
vt 0.462900 0.458700
vt 0.467000 0.462700
vt 0.472100 0.467500
vt 0.477400 0.472900
vt 0.328000 0.330200
vt 0.342200 0.344400
vt 0.357400 0.359600
vt 0.371900 0.373600
vt 0.515400 0.406000
vt 0.522700 0.408800
vt 0.337200 0.317100
vt 0.354300 0.326800
vt 0.529100 0.413000
vt 0.373300 0.337200
vt 0.391800 0.346200
vt 0.540200 0.418400
vt 0.442000 0.371500
vt 0.476400 0.386600
vt 0.504400 0.400700
vt 0.510700 0.403000
vt 0.525800 0.332500
vt 0.531200 0.332300
vt 0.538500 0.333500
vt 0.545100 0.334000
vt 0.341300 0.305000
vt 0.360000 0.308200
vt 0.554300 0.335400
vt 0.381000 0.311700
vt 0.401000 0.314900
vt 0.561200 0.335800
vt 0.457100 0.323400
vt 0.493300 0.328100
vt 0.551500 0.254600
vt 0.561200 0.253500
vt 0.455500 0.272600
vt 0.493300 0.266200
vt 0.525100 0.259800
vt 0.531400 0.258500
vt 0.537600 0.256900
vt 0.545300 0.256000
vt 0.340400 0.291900
vt 0.359400 0.288600
vt 0.380300 0.285100
vt 0.400400 0.282000
vt 0.511500 0.185400
vt 0.518600 0.181300
vt 0.334700 0.277300
vt 0.352100 0.268500
vt 0.525300 0.177600
vt 0.370900 0.259300
vt 0.388700 0.250800
vt 0.537100 0.170900
vt 0.437600 0.225900
vt 0.470900 0.207700
vt 0.499800 0.192400
vt 0.505300 0.188800
vt 0.431200 0.158100
vt 0.453700 0.134300
vt 0.458300 0.129300
vt 0.463100 0.124200
vt 0.469200 0.117000
vt 0.323600 0.267800
vt 0.339700 0.252800
vt 0.474900 0.109800
vt 0.354400 0.238500
vt 0.368300 0.224700
vt 0.481300 0.101700
vt 0.405800 0.186100
vt 0.403200 0.070800
vt 0.406000 0.063900
vt 0.331000 0.223100
vt 0.339800 0.205700
vt 0.409300 0.056100
vt 0.363900 0.157200
vt 0.378500 0.123200
vt 0.392900 0.094000
vt 0.396100 0.086900
vt 0.399800 0.079400
vt 0.312200 0.259800
vt 0.321400 0.240900
vt 0.322600 0.067500
vt 0.323400 0.059200
vt 0.324200 0.050200
vt 0.299700 0.253300
vt 0.302200 0.235600
vt 0.324800 0.041100
vt 0.305100 0.215700
vt 0.307700 0.196900
vt 0.326100 0.027900
vt 0.314000 0.144000
vt 0.317700 0.107200
vt 0.321800 0.074500
vt 0.254800 0.108100
vt 0.247900 0.075900
vt 0.246600 0.068700
vt 0.245000 0.061600
vt 0.243100 0.052900
vt 0.285900 0.256400
vt 0.282400 0.236000
vt 0.240700 0.046300
vt 0.278000 0.216300
vt 0.274400 0.197400
vt 0.237600 0.035500
vt 0.262600 0.144800
vt 0.169800 0.082900
vt 0.164800 0.075600
vt 0.251500 0.225300
vt 0.242000 0.208700
vt 0.158700 0.068100
vt 0.215100 0.161500
vt 0.196400 0.129400
vt 0.180300 0.102200
vt 0.177000 0.096200
vt 0.173900 0.089600
vt 0.273000 0.261100
vt 0.261300 0.242700
vt 0.119700 0.143100
vt 0.114500 0.138000
vt 0.108300 0.132100
vt 0.259900 0.267600
vt 0.245800 0.254900
vt 0.102900 0.128800
vt 0.230100 0.241300
vt 0.215500 0.228400
vt 0.095700 0.123900
vt 0.174100 0.192200
vt 0.147200 0.167200
vt 0.123700 0.146400
vt 0.112400 0.216600
vt 0.084100 0.204000
vt 0.078400 0.201900
vt 0.073400 0.199000
vt 0.066500 0.196400
vt 0.250600 0.280100
vt 0.233300 0.272100
vt 0.062100 0.194700
vt 0.214200 0.263600
vt 0.195800 0.255800
vt 0.055200 0.192900
vt 0.145500 0.232500
vt 0.308100 0.307600
vt 0.315500 0.316800
vt 0.306600 0.323400
vt 0.299700 0.313800
vt 0.316300 0.301100
vt 0.323000 0.309200
vt 0.275000 0.319200
vt 0.284300 0.311900
vt 0.291000 0.319600
vt 0.282800 0.326400
vt 0.263100 0.301100
vt 0.271700 0.295300
vt 0.277700 0.303500
vt 0.268100 0.310600
vt 0.324800 0.295200
vt 0.328000 0.302900
vt 0.304900 0.270100
vt 0.296700 0.276500
vt 0.290400 0.268400
vt 0.298100 0.265400
vt 0.264900 0.287400
vt 0.259900 0.293900
vt 0.279700 0.288700
vt 0.272200 0.279700
vt 0.288200 0.282500
vt 0.281100 0.273100
vt 0.303600 0.284500
vt 0.294800 0.290700
vt 0.286300 0.297100
vt 0.292900 0.305300
vt 0.301500 0.299100
vt 0.310100 0.292700
vt 0.297200 0.328200
vt 0.289500 0.331500
vt 0.312600 0.277300
vt 0.319500 0.285900
vt 0.957300 0.671900
vt 0.953600 0.748300
vt 0.948400 0.747000
vt 0.951100 0.672500
vt 0.771300 0.692600
vt 0.770500 0.711900
vt 0.751700 0.706800
vt 0.752500 0.694000
vt 0.964100 0.670800
vt 0.960100 0.749200
vt 0.812200 0.688900
vt 0.811100 0.721100
vt 0.791300 0.717100
vt 0.792200 0.690800
vt 0.976600 0.669100
vt 0.976600 0.751700
vt 0.905100 0.677800
vt 0.902300 0.738400
vt 0.865200 0.732800
vt 0.867600 0.683100
vt 0.936000 0.674400
vt 0.932900 0.743800
vt 0.943400 0.673000
vt 0.941900 0.744600
vt 0.908900 0.810300
vt 0.880600 0.795900
vt 0.917300 0.813500
vt 0.924200 0.817700
vt 0.927900 0.819900
vt 0.762900 0.732000
vt 0.746200 0.721600
vt 0.935100 0.822900
vt 0.798700 0.752600
vt 0.781400 0.742700
vt 0.946500 0.829000
vt 0.847600 0.778900
vt 0.750800 0.747400
vt 0.734700 0.730800
vt 0.886800 0.887700
vt 0.881100 0.882500
vt 0.777900 0.777900
vt 0.764600 0.763100
vt 0.898800 0.897900
vt 0.842000 0.844000
vt 0.815600 0.818300
vt 0.864500 0.866800
vt 0.871700 0.873200
vt 0.876300 0.878800
vt 0.809200 0.915200
vt 0.804500 0.906800
vt 0.813300 0.921900
vt 0.816700 0.928700
vt 0.732200 0.759300
vt 0.723400 0.738600
vt 0.820900 0.935300
vt 0.749500 0.796600
vt 0.741300 0.778400
vt 0.829300 0.951700
vt 0.790600 0.877700
vt 0.774000 0.845400
vt 0.743600 0.975600
vt 0.741300 0.961200
vt 0.730600 0.895800
vt 0.724900 0.859800
vt 0.734200 0.927600
vt 0.736200 0.937000
vt 0.738200 0.946500
vt 0.739300 0.952200
vt 0.713100 0.764500
vt 0.710900 0.745800
vt 0.717700 0.805600
vt 0.715300 0.785500
vt 0.657900 0.951600
vt 0.658600 0.943700
vt 0.693000 0.764200
vt 0.697200 0.742100
vt 0.657300 0.960100
vt 0.684600 0.804800
vt 0.688500 0.784900
vt 0.656000 0.976300
vt 0.667900 0.894400
vt 0.673900 0.858100
vt 0.661400 0.924500
vt 0.659900 0.934400
vt 0.588200 0.910800
vt 0.593100 0.902600
vt 0.584400 0.919100
vt 0.581300 0.925200
vt 0.672300 0.757200
vt 0.684100 0.737100
vt 0.578200 0.934000
vt 0.652700 0.793900
vt 0.662200 0.776200
vt 0.570900 0.949900
vt 0.608400 0.874600
vt 0.626500 0.842400
vt 0.497600 0.897400
vt 0.509900 0.883500
vt 0.557500 0.837400
vt 0.585600 0.812100
vt 0.533800 0.859200
vt 0.526800 0.865800
vt 0.520500 0.871700
vt 0.516000 0.876300
vt 0.656400 0.745200
vt 0.670700 0.731100
vt 0.626400 0.774100
vt 0.641000 0.760200
vt 0.470300 0.810400
vt 0.476600 0.808100
vt 0.644400 0.727500
vt 0.661700 0.717900
vt 0.462600 0.815000
vt 0.606800 0.746500
vt 0.625400 0.737700
vt 0.443900 0.824000
vt 0.520800 0.786700
vt 0.556400 0.771400
vt 0.492600 0.800600
vt 0.482800 0.804500
vt 0.462500 0.732100
vt 0.471700 0.731800
vt 0.453500 0.733400
vt 0.448100 0.733700
vt 0.638900 0.708800
vt 0.657600 0.705700
vt 0.437600 0.735200
vt 0.597800 0.715100
vt 0.617900 0.712100
vt 0.422600 0.736500
vt 0.504300 0.727700
vt 0.541700 0.723200
vt 0.423400 0.649700
vt 0.441200 0.652300
vt 0.504900 0.665400
vt 0.543800 0.672300
vt 0.473100 0.658700
vt 0.463000 0.656700
vt 0.455100 0.654700
vt 0.448600 0.654000
vt 0.639700 0.689200
vt 0.658700 0.692700
vt 0.598800 0.682200
vt 0.618900 0.685500
vt 0.476600 0.577900
vt 0.482700 0.581500
vt 0.647200 0.669200
vt 0.664500 0.678200
vt 0.468800 0.573500
vt 0.610800 0.651100
vt 0.628500 0.659800
vt 0.449700 0.562700
vt 0.527900 0.606800
vt 0.562100 0.625800
vt 0.499200 0.591200
vt 0.490300 0.585700
vt 0.546000 0.533200
vt 0.568300 0.557200
vt 0.538800 0.525400
vt 0.533000 0.519100
vt 0.527800 0.512700
vt 0.659700 0.653600
vt 0.675700 0.668800
vt 0.521200 0.504400
vt 0.631400 0.625200
vt 0.645100 0.639200
vt 0.509200 0.490200
vt 0.594200 0.586300
vt 0.592300 0.458100
vt 0.595600 0.466100
vt 0.660000 0.606500
vt 0.668700 0.624000
vt 0.585700 0.442900
vt 0.621600 0.522600
vt 0.636400 0.557800
vt 0.607400 0.493300
vt 0.602700 0.482700
vt 0.598400 0.473600
vt 0.678100 0.641800
vt 0.687200 0.660800
vt 0.677100 0.453700
vt 0.678000 0.463600
vt 0.676400 0.445800
vt 0.697400 0.636700
vt 0.699700 0.654500
vt 0.675800 0.435400
vt 0.692200 0.598000
vt 0.694700 0.616800
vt 0.673800 0.414000
vt 0.682900 0.507100
vt 0.686400 0.545000
vt 0.679000 0.474400
vt 0.753300 0.476500
vt 0.746100 0.508600
vt 0.755500 0.465500
vt 0.757500 0.456900
vt 0.759300 0.449300
vt 0.717200 0.637300
vt 0.713500 0.657700
vt 0.762000 0.441500
vt 0.725500 0.598700
vt 0.721800 0.617700
vt 0.767000 0.422800
vt 0.737800 0.546300
vt 0.839600 0.472300
vt 0.833800 0.480600
vt 0.757800 0.610400
vt 0.748100 0.626800
vt 0.849800 0.457900
vt 0.804700 0.530500
vt 0.785100 0.563400
vt 0.821000 0.503400
vt 0.826300 0.494200
vt 0.830300 0.486300
vt 0.738200 0.644200
vt 0.726400 0.662500
vt 0.890800 0.536500
vt 0.884400 0.542600
vt 0.896200 0.531400
vt 0.753600 0.656500
vt 0.739400 0.669100
vt 0.902600 0.527300
vt 0.784100 0.630300
vt 0.769500 0.643100
vt 0.915800 0.517300
vt 0.853800 0.568900
vt 0.825800 0.594400
vt 0.877500 0.548400
vt 0.916800 0.606500
vt 0.888300 0.618900
vt 0.926000 0.602900
vt 0.932400 0.599500
vt 0.938300 0.597400
vt 0.765900 0.673800
vt 0.748600 0.681700
vt 0.943800 0.595300
vt 0.803600 0.657800
vt 0.785200 0.665500
vt 0.957900 0.590400
vt 0.854100 0.635000
vt 0.690800 0.708700
vt 0.699200 0.714900
vt 0.692200 0.724400
vt 0.683300 0.717800
vt 0.682700 0.702100
vt 0.675900 0.710100
vt 0.723800 0.720500
vt 0.716000 0.727700
vt 0.707800 0.720800
vt 0.714600 0.713200
vt 0.735900 0.702600
vt 0.730800 0.712000
vt 0.721300 0.704800
vt 0.727400 0.696700
vt 0.671000 0.703700
vt 0.674200 0.696100
vt 0.694400 0.671200
vt 0.701200 0.666600
vt 0.708900 0.669600
vt 0.702500 0.677700
vt 0.734200 0.688800
vt 0.739100 0.695400
vt 0.719500 0.690000
vt 0.726900 0.681100
vt 0.711000 0.683700
vt 0.718100 0.674400
vt 0.704200 0.691900
vt 0.695600 0.685600
vt 0.712700 0.698400
vt 0.706000 0.706500
vt 0.697600 0.700200
vt 0.689000 0.693800
vt 0.709300 0.732800
vt 0.701500 0.729400
vt 0.686600 0.678400
vt 0.679600 0.686900
s 0
usemtl DefaultSkin
f 6/1/1 1/2/1 2/3/1 7/4/1
f 3/5/2 4/6/2 9/7/2 8/8/2
f 5/9/3 3/5/3 8/8/3 10/10/3
f 2/3/4 5/9/4 10/10/4 7/4/4
f 11/11/5 12/12/5 8/8/5 9/7/5
f 12/12/6 13/13/6 10/10/6 8/8/6
f 13/13/7 14/14/7 7/4/7 10/10/7
f 14/14/8 15/15/8 6/1/8 7/4/8
f 16/16/9 17/17/9 12/12/9 11/11/9
f 17/17/10 18/18/10 13/13/10 12/12/10
f 18/18/11 19/19/11 14/14/11 13/13/11
f 19/19/12 20/20/12 15/15/12 14/14/12
f 20/20/13 1/2/13 6/1/13 15/15/13
f 22/21/14 25/22/14 24/23/14 23/24/14
f 26/25/15 22/21/15 23/24/15 27/26/15
f 28/27/16 26/25/16 27/26/16 29/28/16
f 30/29/17 33/30/17 32/31/17 31/32/17
f 34/33/18 35/34/18 24/23/18 25/22/18
f 31/32/19 32/31/19 35/34/19 34/33/19
f 36/35/20 37/36/20 33/30/20 30/29/20
f 28/27/21 29/28/21 37/36/21 36/35/21
f 46/37/22 49/38/22 48/39/22 47/40/22
f 239/41/23 240/42/23 48/39/23 49/38/23
f 241/43/24 242/44/24 204/45/24 53/46/24
f 52/47/25 53/46/25 204/45/25 207/48/25
f 52/47/26 47/40/26 48/39/26 53/46/26
f 47/40/27 52/47/27 207/48/27 44/49/27
f 46/37/28 47/40/28 44/49/28 39/50/28
f 241/43/29 53/46/29 48/39/29 240/42/29
f 49/38/30 46/37/30 39/50/30 38/51/30
f 234/52/31 239/41/31 49/38/31 38/51/31
f 60/53/32 63/54/32 62/55/32 61/56/32
f 60/53/33 61/56/33 65/57/33 64/58/33
f 66/59/34 67/60/34 56/61/34 57/62/34
f 62/55/35 63/54/35 67/60/35 66/59/35
f 68/63/36 69/64/36 64/58/36 65/57/36
f 59/65/37 58/66/37 69/64/37 68/63/37
f 70/67/38 56/61/38 67/60/38 71/68/38
f 63/54/39 232/69/39 71/68/39 67/60/39
f 60/53/40 64/58/40 230/70/40 231/71/40
f 73/72/41 69/64/41 58/66/41 72/73/41
f 76/74/42 77/75/42 65/57/42 61/56/42
f 77/75/43 79/76/43 68/63/43 65/57/43
f 79/76/44 78/77/44 59/65/44 68/63/44
f 80/78/45 81/79/45 30/29/45 31/32/45
f 82/80/46 83/81/46 22/21/46 26/25/46
f 74/82/47 75/83/47 83/81/47 82/80/47
f 83/81/48 84/84/48 25/22/48 22/21/48
f 75/83/49 85/85/49 84/84/49 83/81/49
f 84/84/50 86/86/50 34/33/50 25/22/50
f 85/85/51 87/87/51 86/86/51 84/84/51
f 86/86/52 80/78/52 31/32/52 34/33/52
f 87/87/53 88/88/53 80/78/53 86/86/53
f 89/89/54 90/90/54 28/27/54 36/35/54
f 90/90/55 82/80/55 26/25/55 28/27/55
f 81/79/56 89/89/56 36/35/56 30/29/56
f 95/91/57 96/92/57 94/93/57 93/94/57
f 97/95/58 98/96/58 96/92/58 95/91/58
f 99/97/59 100/98/59 98/96/59 97/95/59
f 98/96/60 104/99/60 94/93/60 96/92/60
f 102/100/61 104/99/61 98/96/61 100/98/61
f 105/101/62 91/102/62 92/103/62 106/104/62
f 95/91/63 93/94/63 91/102/63 105/101/63
f 97/95/64 95/91/64 105/101/64 107/105/64
f 108/106/65 111/107/65 110/108/65 109/109/65
f 112/110/66 108/106/66 109/109/66 113/111/66
f 110/108/67 111/107/67 115/112/67 114/113/67
f 116/114/68 115/112/68 111/107/68 108/106/68
f 117/115/69 116/114/69 108/106/69 112/110/69
f 76/74/70 61/56/70 62/55/70 118/116/70
f 118/116/71 62/55/71 120/117/71 119/118/71
f 132/119/72 42/120/72 233/121/72 43/122/72
f 122/123/73 123/124/73 76/74/73 118/116/73
f 124/125/74 122/123/74 118/116/74 119/118/74
f 129/126/75 132/119/75 43/122/75 128/127/75
f 123/124/76 129/126/76 128/127/76 121/128/76
f 76/74/77 123/124/77 121/128/77 114/113/77
f 129/126/78 123/124/78 122/123/78 130/129/78
f 114/113/79 115/112/79 77/75/79 76/74/79
f 130/129/80 122/123/80 124/125/80 125/130/80
f 131/131/81 132/119/81 129/126/81 130/129/81
f 126/132/82 131/131/82 130/129/82 125/130/82
f 133/133/83 107/105/83 105/101/83 106/104/83
f 120/117/84 62/55/84 66/59/84 134/134/84
f 134/134/85 66/59/85 57/62/85 101/135/85
f 233/121/86 180/136/86 159/137/86 43/122/86
f 137/138/87 42/120/87 132/119/87 131/131/87
f 127/139/88 137/138/88 131/131/88 126/132/88
f 133/133/89 99/97/89 97/95/89 107/105/89
f 139/140/90 106/104/90 92/103/90 138/141/90
f 140/142/91 133/133/91 106/104/91 139/140/91
f 101/135/92 102/100/92 100/98/92 134/134/92
f 119/118/93 120/117/93 99/97/93 133/133/93
f 120/117/94 134/134/94 100/98/94 99/97/94
f 133/133/95 140/142/95 124/125/95 119/118/95
f 137/138/96 141/143/96 41/144/96 42/120/96
f 137/138/97 127/139/97 135/145/97 141/143/97
f 142/146/98 143/147/98 85/85/98 75/83/98
f 143/147/99 144/148/99 87/87/99 85/85/99
f 144/148/100 136/149/100 88/88/100 87/87/100
f 147/150/101 145/151/101 146/152/101 148/153/101
f 149/154/102 147/150/102 148/153/102 150/155/102
f 151/156/103 149/154/103 150/155/103 152/157/103
f 153/158/104 154/159/104 109/109/104 110/108/104
f 154/159/105 155/160/105 113/111/105 109/109/105
f 154/161/106 148/153/106 146/152/106 155/162/106
f 153/163/107 150/155/107 148/153/107 154/161/107
f 121/128/108 153/158/108 110/108/108 114/113/108
f 156/164/109 153/158/109 121/128/109 128/127/109
f 156/165/110 152/157/110 150/155/110 153/163/110
f 189/166/111 192/167/111 203/168/111 158/169/111
f 43/122/112 159/137/112 156/164/112 128/127/112
f 159/170/113 158/171/113 152/157/113 156/165/113
f 165/172/114 164/173/114 160/174/114 161/175/114
f 166/176/115 165/172/115 161/175/115 162/177/115
f 167/178/116 166/176/116 162/177/116 163/179/116
f 169/180/117 168/181/117 164/173/117 165/172/117
f 170/182/118 169/180/118 165/172/118 166/176/118
f 171/183/119 170/182/119 166/176/119 167/178/119
f 172/184/120 173/185/120 171/183/120 167/178/120
f 174/186/121 172/184/121 167/178/121 163/179/121
f 175/187/122 176/188/122 39/50/122 44/49/122
f 207/48/123 177/189/123 175/187/123 44/49/123
f 176/188/124 178/190/124 38/51/124 39/50/124
f 243/191/125 179/192/125 40/193/125 234/52/125
f 45/194/126 180/136/126 233/121/126 157/195/126
f 179/192/127 180/136/127 45/194/127 40/193/127
f 183/196/128 175/187/128 177/189/128 181/197/128
f 169/180/129 184/198/129 182/199/129 168/181/129
f 246/200/130 183/196/130 181/197/130 249/201/130
f 185/202/131 176/188/131 175/187/131 183/196/131
f 170/182/132 186/203/132 184/198/132 169/180/132
f 172/184/133 174/186/133 245/204/133 244/205/133
f 248/206/134 185/202/134 183/196/134 246/200/134
f 238/207/135 188/208/135 179/192/135 243/191/135
f 189/166/136 158/209/136 159/137/136 180/136/136
f 188/208/137 189/166/137 180/136/137 179/192/137
f 185/202/138 187/210/138 178/190/138 176/188/138
f 237/211/139 191/212/139 188/208/139 238/207/139
f 191/212/140 192/167/140 189/166/140 188/208/140
f 193/213/141 190/214/141 187/210/141 185/202/141
f 247/215/142 193/213/142 185/202/142 248/206/142
f 236/216/143 195/217/143 191/212/143 237/211/143
f 195/217/144 196/218/144 192/167/144 191/212/144
f 197/219/145 194/220/145 190/214/145 193/213/145
f 244/205/146 197/219/146 193/213/146 247/215/146
f 235/221/147 199/222/147 195/217/147 236/216/147
f 199/222/148 200/223/148 196/218/148 195/217/148
f 201/224/149 198/225/149 194/220/149 197/219/149
f 245/204/150 201/224/150 197/219/150 244/205/150
f 244/205/151 247/215/151 173/185/151 172/184/151
f 186/203/152 170/182/152 171/183/152 173/185/152
f 173/185/153 247/215/153 248/206/153 186/203/153
f 184/198/154 186/203/154 248/206/154 246/200/154
f 152/157/155 158/171/155 203/226/155 151/156/155
f 205/227/156 203/168/156 192/167/156 196/218/156
f 206/228/157 205/227/157 196/218/157 200/223/157
f 253/229/158 151/156/158 203/226/158 252/230/158
f 27/26/159 209/231/159 208/232/159 29/28/159
f 23/24/160 210/233/160 209/231/160 27/26/160
f 24/23/161 211/234/161 210/233/161 23/24/161
f 33/30/162 213/235/162 212/236/162 32/31/162
f 35/34/163 214/237/163 211/234/163 24/23/163
f 32/31/164 212/236/164 214/237/164 35/34/164
f 37/36/165 215/238/165 213/235/165 33/30/165
f 29/28/166 208/232/166 215/238/166 37/36/166
f 230/70/167 223/239/167 222/240/167 231/71/167
f 71/68/168 227/241/168 228/242/168 70/67/168
f 73/72/169 225/243/169 223/239/169 230/70/169
f 72/73/170 226/244/170 225/243/170 73/72/170
f 232/69/171 221/245/171 227/241/171 71/68/171
f 231/71/172 222/240/172 221/245/172 232/69/172
f 69/64/173 73/72/173 230/70/173 64/58/173
f 231/71/174 232/69/174 63/54/174 60/53/174
f 103/246/175 104/99/175 102/100/175 218/247/175
f 78/77/176 79/76/176 116/114/176 117/115/176
f 115/112/177 116/114/177 79/76/177 77/75/177
f 182/199/178 184/198/178 246/200/178 249/201/178
f 135/145/179 136/149/179 182/199/179 249/201/179
f 204/45/180 41/144/180 177/189/180 207/48/180
f 41/144/181 141/143/181 181/197/181 177/189/181
f 234/52/182 40/193/182 50/248/182 239/41/182
f 40/193/183 45/194/183 51/249/183 50/248/183
f 50/248/184 51/249/184 240/42/184 239/41/184
f 54/250/185 51/249/185 45/194/185 157/195/185
f 54/250/186 241/43/186 240/42/186 51/249/186
f 241/43/187 54/250/187 157/195/187 242/44/187
f 178/190/188 243/191/188 234/52/188 38/51/188
f 187/210/189 238/207/189 243/191/189 178/190/189
f 190/214/190 237/211/190 238/207/190 187/210/190
f 194/220/191 236/216/191 237/211/191 190/214/191
f 198/225/192 235/221/192 236/216/192 194/220/192
f 204/45/193 242/44/193 42/120/193 41/144/193
f 157/195/194 233/121/194 42/120/194 242/44/194
f 88/88/195 136/149/195 135/145/195 127/139/195
f 80/78/196 88/88/196 127/139/196 126/132/196
f 126/132/197 125/130/197 81/79/197 80/78/197
f 125/130/198 124/125/198 89/89/198 81/79/198
f 124/125/199 140/142/199 90/90/199 89/89/199
f 82/80/200 90/90/200 140/142/200 139/140/200
f 249/201/201 181/197/201 141/143/201 135/145/201
f 74/82/202 82/80/202 139/140/202 138/141/202
f 168/181/203 182/199/203 136/149/203 144/148/203
f 164/173/204 168/181/204 144/148/204 143/147/204
f 160/174/205 164/173/205 143/147/205 142/146/205
f 205/251/206 206/252/206 250/253/206 251/254/206
f 203/226/207 205/251/207 251/254/207 252/230/207
f 149/154/208 151/156/208 253/229/208 254/255/208
f 147/150/209 149/154/209 254/255/209 255/256/209
f 145/151/210 147/150/210 255/256/210 257/257/210
f 263/258/211 264/259/211 200/223/211 199/222/211
f 265/260/212 206/228/212 200/223/212 264/259/212
f 266/261/213 224/262/213 226/244/213 72/73/213
f 70/67/214 228/242/214 229/263/214 260/264/214
f 72/73/215 58/66/215 216/265/215 266/261/215
f 91/102/216 217/266/216 262/267/216 92/103/216
f 262/267/217 219/268/217 138/141/217 92/103/217
f 162/177/218 161/175/218 220/269/218 268/270/218
f 261/271/219 74/82/219 138/141/219 219/268/219
f 272/272/220 271/273/220 277/274/220 278/275/220
f 274/276/221 279/277/221 280/278/221 275/279/221
f 276/280/222 281/281/222 279/277/222 274/276/222
f 272/272/223 278/275/223 281/281/223 276/280/223
f 282/282/224 280/278/224 279/277/224 283/283/224
f 283/283/225 279/277/225 281/281/225 284/284/225
f 284/284/226 281/281/226 278/275/226 285/285/226
f 285/285/227 278/275/227 277/274/227 286/286/227
f 287/287/228 282/282/228 283/283/228 288/288/228
f 288/288/229 283/283/229 284/284/229 289/289/229
f 289/289/230 284/284/230 285/285/230 290/290/230
f 290/290/231 285/285/231 286/286/231 291/291/231
f 292/292/232 287/287/232 288/288/232 293/293/232
f 291/291/233 286/286/233 277/274/233 271/273/233
f 294/294/234 295/295/234 296/296/234 297/297/234
f 298/298/235 299/299/235 295/295/235 294/294/235
f 300/300/236 301/301/236 299/299/236 298/298/236
f 302/302/237 303/303/237 304/304/237 305/305/237
f 306/306/238 297/297/238 296/296/238 307/307/238
f 303/303/239 306/306/239 307/307/239 304/304/239
f 308/308/240 302/302/240 305/305/240 309/309/240
f 300/300/241 308/308/241 309/309/241 301/301/241
f 318/310/242 319/311/242 320/312/242 321/313/242
f 506/314/243 321/313/243 320/312/243 507/315/243
f 508/316/244 325/317/244 476/318/244 509/319/244
f 324/320/245 479/321/245 476/318/245 325/317/245
f 324/320/246 325/317/246 320/312/246 319/311/246
f 319/311/247 316/322/247 479/321/247 324/320/247
f 318/310/248 311/323/248 316/322/248 319/311/248
f 508/316/249 507/315/249 320/312/249 325/317/249
f 321/313/250 310/324/250 311/323/250 318/310/250
f 501/325/251 310/324/251 321/313/251 506/314/251
f 331/326/252 332/327/252 333/328/252 334/329/252
f 331/326/253 335/330/253 336/331/253 332/327/253
f 337/332/254 328/333/254 327/334/254 338/335/254
f 333/328/255 337/332/255 338/335/255 334/329/255
f 339/336/256 336/331/256 335/330/256 340/337/256
f 330/338/257 339/336/257 340/337/257 329/339/257
f 341/340/258 342/341/258 338/335/258 327/334/258
f 334/329/259 338/335/259 342/341/259 499/342/259
f 331/326/260 498/343/260 497/344/260 335/330/260
f 344/345/261 343/346/261 329/339/261 340/337/261
f 348/347/262 332/327/262 336/331/262 349/348/262
f 349/348/263 336/331/263 339/336/263 351/349/263
f 351/349/264 339/336/264 330/338/264 350/350/264
f 352/351/265 303/303/265 302/302/265 353/352/265
f 354/353/266 298/298/266 294/294/266 355/354/266
f 346/355/267 354/353/267 355/354/267 347/356/267
f 355/354/268 294/294/268 297/297/268 356/357/268
f 347/356/269 355/354/269 356/357/269 357/358/269
f 356/357/270 297/297/270 306/306/270 358/359/270
f 357/358/271 356/357/271 358/359/271 359/360/271
f 358/359/272 306/306/272 303/303/272 352/351/272
f 359/360/273 358/359/273 352/351/273 360/361/273
f 361/362/274 308/308/274 300/300/274 362/363/274
f 362/363/275 300/300/275 298/298/275 354/353/275
f 353/352/276 302/302/276 308/308/276 361/362/276
f 367/364/277 365/365/277 366/366/277 368/367/277
f 369/368/278 367/364/278 368/367/278 370/369/278
f 371/370/279 369/368/279 370/369/279 372/371/279
f 370/369/280 368/367/280 366/366/280 375/372/280
f 374/373/281 372/371/281 370/369/281 375/372/281
f 376/374/282 377/375/282 364/376/282 363/377/282
f 367/364/283 376/374/283 363/377/283 365/365/283
f 369/368/284 378/378/284 376/374/284 367/364/284
f 379/379/285 380/380/285 381/381/285 382/382/285
f 383/383/286 384/384/286 380/380/286 379/379/286
f 381/381/287 385/385/287 386/386/287 382/382/287
f 387/387/288 379/379/288 382/382/288 386/386/288
f 388/388/289 383/383/289 379/379/289 387/387/289
f 348/347/290 389/389/290 333/328/290 332/327/290
f 389/389/291 390/390/291 391/391/291 333/328/291
f 403/392/292 315/393/292 500/394/292 314/395/292
f 393/396/293 389/389/293 348/347/293 394/397/293
f 395/398/294 390/390/294 389/389/294 393/396/294
f 400/399/295 399/400/295 315/393/295 403/392/295
f 394/397/296 392/401/296 399/400/296 400/399/296
f 348/347/297 385/385/297 392/401/297 394/397/297
f 400/399/298 401/402/298 393/396/298 394/397/298
f 385/385/299 348/347/299 349/348/299 386/386/299
f 401/402/300 396/403/300 395/398/300 393/396/300
f 402/404/301 401/402/301 400/399/301 403/392/301
f 397/405/302 396/403/302 401/402/302 402/404/302
f 404/406/303 377/375/303 376/374/303 378/378/303
f 391/391/304 405/407/304 337/332/304 333/328/304
f 405/407/305 373/408/305 328/333/305 337/332/305
f 500/394/306 315/393/306 431/409/306 453/410/306
f 408/411/307 402/404/307 403/392/307 314/395/307
f 398/412/308 397/405/308 402/404/308 408/411/308
f 404/406/309 378/378/309 369/368/309 371/370/309
f 410/413/310 409/414/310 364/376/310 377/375/310
f 411/415/311 410/413/311 377/375/311 404/406/311
f 373/408/312 405/407/312 372/371/312 374/373/312
f 390/390/313 404/406/313 371/370/313 391/391/313
f 391/391/314 371/370/314 372/371/314 405/407/314
f 404/406/315 390/390/315 395/398/315 411/415/315
f 408/411/316 314/395/316 313/416/316 412/417/316
f 408/411/317 412/417/317 406/418/317 398/412/317
f 413/419/318 347/356/318 357/358/318 414/420/318
f 414/420/319 357/358/319 359/360/319 415/421/319
f 415/421/320 359/360/320 360/361/320 407/422/320
f 418/423/321 419/424/321 417/425/321 416/426/321
f 420/427/322 421/428/322 419/424/322 418/423/322
f 422/429/323 423/430/323 421/428/323 420/427/323
f 424/431/324 381/381/324 380/380/324 425/432/324
f 425/432/325 380/380/325 384/384/325 426/433/325
f 425/434/326 426/435/326 417/425/326 419/424/326
f 424/436/327 425/434/327 419/424/327 421/428/327
f 392/401/328 385/385/328 381/381/328 424/431/328
f 428/437/329 399/400/329 392/401/329 424/431/329
f 428/438/330 424/436/330 421/428/330 423/430/330
f 462/439/331 430/440/331 475/441/331 465/442/331
f 315/393/332 399/400/332 428/437/332 431/409/332
f 431/443/333 428/438/333 423/430/333 430/444/333
f 438/445/334 434/446/334 433/447/334 437/448/334
f 439/449/335 435/450/335 434/446/335 438/445/335
f 440/451/336 436/452/336 435/450/336 439/449/336
f 442/453/337 438/445/337 437/448/337 441/454/337
f 443/455/338 439/449/338 438/445/338 442/453/338
f 444/456/339 440/451/339 439/449/339 443/455/339
f 445/457/340 440/451/340 444/456/340 446/458/340
f 447/459/341 436/452/341 440/451/341 445/457/341
f 448/460/342 316/322/342 311/323/342 449/461/342
f 479/321/343 316/322/343 448/460/343 450/462/343
f 449/461/344 311/323/344 310/324/344 451/463/344
f 510/464/345 501/325/345 312/465/345 452/466/345
f 317/467/346 429/468/346 500/394/346 453/410/346
f 452/466/347 312/465/347 317/467/347 453/410/347
f 456/469/348 454/470/348 450/462/348 448/460/348
f 442/453/349 441/454/349 455/471/349 457/472/349
f 515/473/350 518/474/350 454/470/350 456/469/350
f 458/475/351 456/469/351 448/460/351 449/461/351
f 443/455/352 442/453/352 457/472/352 459/476/352
f 445/457/353 513/477/353 514/478/353 447/459/353
f 517/479/354 515/473/354 456/469/354 458/475/354
f 505/480/355 510/464/355 452/466/355 461/481/355
f 462/439/356 453/410/356 431/409/356 430/482/356
f 461/481/357 452/466/357 453/410/357 462/439/357
f 458/475/358 449/461/358 451/463/358 460/483/358
f 504/484/359 505/480/359 461/481/359 464/485/359
f 464/485/360 461/481/360 462/439/360 465/442/360
f 466/486/361 458/475/361 460/483/361 463/487/361
f 516/488/362 517/479/362 458/475/362 466/486/362
f 503/489/363 504/484/363 464/485/363 468/490/363
f 468/490/364 464/485/364 465/442/364 469/491/364
f 470/492/365 466/486/365 463/487/365 467/493/365
f 513/477/366 516/488/366 466/486/366 470/492/366
f 502/494/367 503/489/367 468/490/367 472/495/367
f 472/495/368 468/490/368 469/491/368 473/496/368
f 474/497/369 470/492/369 467/493/369 471/498/369
f 514/478/370 513/477/370 470/492/370 474/497/370
f 513/477/371 445/457/371 446/458/371 516/488/371
f 459/476/372 446/458/372 444/456/372 443/455/372
f 446/458/373 459/476/373 517/479/373 516/488/373
f 457/472/374 515/473/374 517/479/374 459/476/374
f 423/430/375 422/429/375 475/499/375 430/444/375
f 477/500/376 469/491/376 465/442/376 475/441/376
f 478/501/377 473/496/377 469/491/377 477/500/377
f 523/502/378 522/503/378 475/499/378 422/429/378
f 299/299/379 301/301/379 480/504/379 481/505/379
f 295/295/380 299/299/380 481/505/380 482/506/380
f 296/296/381 295/295/381 482/506/381 483/507/381
f 305/305/382 304/304/382 484/508/382 485/509/382
f 307/307/383 296/296/383 483/507/383 486/510/383
f 304/304/384 307/307/384 486/510/384 484/508/384
f 309/309/385 305/305/385 485/509/385 487/511/385
f 301/301/386 309/309/386 487/511/386 480/504/386
f 497/344/387 498/343/387 491/512/387 492/513/387
f 342/341/388 341/340/388 496/514/388 495/515/388
f 344/345/389 497/344/389 492/513/389 493/516/389
f 343/346/390 344/345/390 493/516/390 494/517/390
f 499/342/391 342/341/391 495/515/391 490/518/391
f 498/343/392 499/342/392 490/518/392 491/512/392
f 340/337/393 335/330/393 497/344/393 344/345/393
f 498/343/394 331/326/394 334/329/394 499/342/394
f 350/350/395 388/388/395 387/387/395 351/349/395
f 386/386/396 349/348/396 351/349/396 387/387/396
f 455/471/397 518/474/397 515/473/397 457/472/397
f 406/418/398 518/474/398 455/471/398 407/422/398
f 476/318/399 479/321/399 450/462/399 313/416/399
f 313/416/400 450/462/400 454/470/400 412/417/400
f 501/325/401 506/314/401 322/519/401 312/465/401
f 312/465/402 322/519/402 323/520/402 317/467/402
f 322/519/403 506/314/403 507/315/403 323/520/403
f 326/521/404 429/468/404 317/467/404 323/520/404
f 326/521/405 323/520/405 507/315/405 508/316/405
f 508/316/406 509/319/406 429/468/406 326/521/406
f 451/463/407 310/324/407 501/325/407 510/464/407
f 460/483/408 451/463/408 510/464/408 505/480/408
f 463/487/409 460/483/409 505/480/409 504/484/409
f 467/493/410 463/487/410 504/484/410 503/489/410
f 471/498/411 467/493/411 503/489/411 502/494/411
f 489/522/412 471/498/412 502/494/412 511/523/412
f 476/318/413 313/416/413 314/395/413 509/319/413
f 429/468/414 509/319/414 314/395/414 500/394/414
f 360/361/415 398/412/415 406/418/415 407/422/415
f 352/351/416 397/405/416 398/412/416 360/361/416
f 397/405/417 352/351/417 353/352/417 396/403/417
f 396/403/418 353/352/418 361/362/418 395/398/418
f 395/398/419 361/362/419 362/363/419 411/415/419
f 354/353/420 410/413/420 411/415/420 362/363/420
f 518/474/421 406/418/421 412/417/421 454/470/421
f 346/355/422 409/414/422 410/413/422 354/353/422
f 441/454/423 415/421/423 407/422/423 455/471/423
f 437/448/424 414/420/424 415/421/424 441/454/424
f 433/447/425 413/419/425 414/420/425 437/448/425
f 477/524/426 521/525/426 520/526/426 478/527/426
f 475/499/427 522/503/427 521/525/427 477/524/427
f 420/427/428 524/528/428 523/502/428 422/429/428
f 418/423/429 525/529/429 524/528/429 420/427/429
f 416/426/430 526/530/430 525/529/430 418/423/430
f 274/276/431 275/279/431 527/531/431 273/532/431
f 293/293/432 288/288/432 289/289/432 528/533/432
f 350/350/433 330/338/433 530/534/433 531/535/433
f 531/535/434 534/536/434 388/388/434 350/350/434
f 535/537/435 345/538/435 347/356/435 413/419/435
f 426/435/436 427/539/436 536/540/436 417/425/436
f 365/365/437 532/541/437 538/542/437 366/366/437
f 534/536/438 488/543/438 383/383/438 388/388/438
f 416/426/439 417/425/439 536/540/439 539/544/439
f 432/545/440 535/537/440 413/419/440 433/447/440
f 292/292/441 293/293/441 17/17/441 16/16/441
f 512/546/442 202/547/442 201/224/442 245/204/442
f 161/175/443 160/174/443 432/545/443 220/269/443
f 202/547/444 489/548/444 198/225/444 201/224/444
f 489/548/445 511/549/445 235/221/445 198/225/445
f 2/3/446 1/2/446 258/550/446 270/551/446
f 3/5/447 273/532/447 527/531/447 4/6/447
f 5/9/448 259/552/448 273/532/448 3/5/448
f 2/3/449 270/551/449 259/552/449 5/9/449
f 293/293/450 528/533/450 18/18/450 17/17/450
f 528/533/451 21/553/451 19/19/451 18/18/451
f 21/553/452 529/554/452 20/20/452 19/19/452
f 258/550/453 1/2/453 20/20/453 529/554/453
f 345/538/454 75/83/454 74/82/454 261/271/454
f 78/77/455 531/535/455 530/534/455 59/65/455
f 531/535/456 78/77/456 117/115/456 534/536/456
f 101/135/457 57/62/457 55/555/457 533/556/457
f 535/557/458 142/146/458 75/83/458 345/538/458
f 155/162/459 146/152/459 536/558/459 427/559/459
f 269/560/460 512/546/460 245/204/460 174/186/460
f 56/61/461 537/561/461 55/555/461 57/62/461
f 58/66/462 59/65/462 530/534/462 216/265/462
f 260/264/463 537/561/463 56/61/463 70/67/463
f 93/94/464 94/93/464 538/542/464 532/541/464
f 533/556/465 218/247/465 102/100/465 101/135/465
f 91/102/466 93/94/466 532/541/466 217/266/466
f 103/246/467 538/542/467 94/93/467 104/99/467
f 488/543/468 112/110/468 113/111/468 267/562/468
f 534/536/469 117/115/469 112/110/469 488/543/469
f 145/151/470 539/563/470 536/558/470 146/152/470
f 155/160/471 427/564/471 267/562/471 113/111/471
f 163/179/472 162/177/472 268/270/472 540/565/472
f 269/560/473 174/186/473 163/179/473 540/565/473
f 511/549/474 263/258/474 199/222/474 235/221/474
f 432/545/475 160/174/475 142/146/475 535/557/475
f 206/252/476 265/566/476 519/567/476 250/253/476
f 539/563/477 145/151/477 257/257/477 256/568/477
f 512/569/478 514/478/478 474/497/478 202/570/478
f 103/246/479 218/247/479 374/373/479 375/372/479
f 434/446/480 220/269/480 432/545/480 433/447/480
f 202/570/481 474/497/481 471/498/481 489/522/481
f 258/550/482 271/273/482 272/272/482 270/551/482
f 276/280/483 274/276/483 273/532/483 259/552/483
f 272/272/484 276/280/484 259/552/484 270/551/484
f 528/533/485 289/289/485 290/290/485 21/553/485
f 21/553/486 290/290/486 291/291/486 529/554/486
f 258/550/487 529/554/487 291/291/487 271/273/487
f 345/538/488 261/271/488 346/355/488 347/356/488
f 373/408/489 533/556/489 55/555/489 328/333/489
f 269/571/490 447/459/490 514/478/490 512/569/490
f 263/572/491 472/495/491 473/496/491 264/573/491
f 265/574/492 264/573/492 473/496/492 478/501/492
f 266/261/493 343/346/493 494/517/493 224/262/493
f 341/340/494 260/264/494 229/263/494 496/514/494
f 327/334/495 328/333/495 55/555/495 537/561/495
f 329/339/496 216/265/496 530/534/496 330/338/496
f 260/264/497 341/340/497 327/334/497 537/561/497
f 343/346/498 266/261/498 216/265/498 329/339/498
f 363/377/499 364/376/499 262/267/499 217/266/499
f 533/556/500 373/408/500 374/373/500 218/247/500
f 363/377/501 217/266/501 532/541/501 365/365/501
f 103/246/502 375/372/502 366/366/502 538/542/502
f 488/543/503 267/562/503 384/384/503 383/383/503
f 262/267/504 364/376/504 409/414/504 219/268/504
f 426/433/505 384/384/505 267/562/505 427/564/505
f 435/450/506 268/575/506 220/269/506 434/446/506
f 436/452/507 540/576/507 268/575/507 435/450/507
f 269/571/508 540/576/508 436/452/508 447/459/508
f 511/523/509 502/494/509 472/495/509 263/572/509
f 261/271/510 219/268/510 409/414/510 346/355/510
f 478/527/511 520/526/511 519/577/511 265/578/511
f 539/544/512 256/579/512 526/530/512 416/426/512
usemtl Eye_brown
f 548/580/513 547/581/513 557/582/513 558/583/513
f 777/584/514 541/585/514 551/586/514 778/587/514
f 549/588/515 548/580/515 558/583/515 559/589/515
f 543/590/516 542/591/516 552/592/516 553/593/516
f 550/594/517 549/588/517 559/589/517 560/595/517
f 544/596/518 543/590/518 553/593/518 554/597/518
f 545/598/519 544/596/519 554/597/519 555/599/519
f 546/600/520 545/598/520 555/599/520 556/601/520
f 547/581/521 546/600/521 556/601/521 557/582/521
f 555/599/522 554/597/522 564/602/522 565/603/522
f 556/601/523 555/599/523 565/603/523 566/604/523
f 557/582/524 556/601/524 566/604/524 567/605/524
f 558/583/525 557/582/525 567/605/525 568/606/525
f 778/587/526 551/586/526 561/607/526 779/608/526
f 559/589/527 558/583/527 568/606/527 569/609/527
f 553/593/528 552/592/528 562/610/528 563/611/528
f 560/595/529 559/589/529 569/609/529 570/612/529
f 554/597/530 553/593/530 563/611/530 564/602/530
f 779/608/531 561/607/531 571/613/531 780/614/531
f 569/609/532 568/606/532 578/615/532 579/616/532
f 563/611/533 562/610/533 572/617/533 573/618/533
f 570/612/534 569/609/534 579/616/534 580/619/534
f 564/602/535 563/611/535 573/618/535 574/620/535
f 565/603/536 564/602/536 574/620/536 575/621/536
f 566/604/537 565/603/537 575/621/537 576/622/537
f 567/605/538 566/604/538 576/622/538 577/623/538
f 568/606/539 567/605/539 577/623/539 578/615/539
f 576/622/540 575/621/540 585/624/540 586/625/540
f 577/623/541 576/622/541 586/625/541 587/626/541
f 578/615/542 577/623/542 587/626/542 588/627/542
f 780/614/543 571/613/543 581/628/543 781/629/543
f 579/616/544 578/615/544 588/627/544 589/630/544
f 573/618/545 572/617/545 582/631/545 583/632/545
f 580/619/546 579/616/546 589/630/546 590/633/546
f 574/620/547 573/618/547 583/632/547 584/634/547
f 575/621/548 574/620/548 584/634/548 585/624/548
f 590/633/549 589/630/549 599/635/549 600/636/549
f 584/634/550 583/632/550 593/637/550 594/638/550
f 585/624/551 584/634/551 594/638/551 595/639/551
f 586/625/552 585/624/552 595/639/552 596/640/552
f 587/626/553 586/625/553 596/640/553 597/641/553
f 588/627/554 587/626/554 597/641/554 598/642/554
f 781/629/555 581/628/555 591/643/555 782/644/555
f 589/630/556 588/627/556 598/642/556 599/635/556
f 583/632/557 582/631/557 592/645/557 593/637/557
f 598/642/558 597/641/558 607/646/558 608/647/558
f 782/644/559 591/643/559 601/648/559 783/649/559
f 599/635/560 598/642/560 608/647/560 609/650/560
f 593/637/561 592/645/561 602/651/561 603/652/561
f 600/636/562 599/635/562 609/650/562 610/653/562
f 594/638/563 593/637/563 603/652/563 604/654/563
f 595/639/564 594/638/564 604/654/564 605/655/564
f 596/640/565 595/639/565 605/655/565 606/656/565
f 597/641/566 596/640/566 606/656/566 607/646/566
f 606/656/567 605/655/567 615/657/567 616/658/567
f 607/646/568 606/656/568 616/658/568 617/659/568
f 608/647/569 607/646/569 617/659/569 618/660/569
f 783/649/570 601/648/570 611/661/570 784/662/570
f 609/650/571 608/647/571 618/660/571 619/663/571
f 603/652/572 602/651/572 612/664/572 613/665/572
f 610/653/573 609/650/573 619/663/573 620/666/573
f 604/654/574 603/652/574 613/665/574 614/667/574
f 605/655/575 604/654/575 614/667/575 615/657/575
f 620/666/576 619/663/576 629/668/576 630/669/576
f 614/667/577 613/665/577 623/670/577 624/671/577
f 615/657/578 614/667/578 624/671/578 625/672/578
f 616/658/579 615/657/579 625/672/579 626/673/579
f 617/659/580 616/658/580 626/673/580 627/674/580
f 618/660/581 617/659/581 627/674/581 628/675/581
f 784/662/582 611/661/582 621/676/582 785/677/582
f 619/663/583 618/660/583 628/675/583 629/668/583
f 613/665/584 612/664/584 622/678/584 623/670/584
f 628/675/585 627/674/585 637/679/585 638/680/585
f 785/677/586 621/676/586 631/681/586 786/682/586
f 629/668/587 628/675/587 638/680/587 639/683/587
f 623/670/588 622/678/588 632/684/588 633/685/588
f 630/669/589 629/668/589 639/683/589 640/686/589
f 624/671/590 623/670/590 633/685/590 634/687/590
f 625/672/591 624/671/591 634/687/591 635/688/591
f 626/673/592 625/672/592 635/688/592 636/689/592
f 627/674/593 626/673/593 636/689/593 637/679/593
f 636/689/594 635/688/594 645/690/594 646/691/594
f 637/679/595 636/689/595 646/691/595 647/692/595
f 638/680/596 637/679/596 647/692/596 648/693/596
f 786/682/597 631/681/597 641/694/597 787/695/597
f 639/683/598 638/680/598 648/693/598 649/696/598
f 633/685/599 632/684/599 642/697/599 643/698/599
f 640/686/600 639/683/600 649/696/600 650/699/600
f 634/687/601 633/685/601 643/698/601 644/700/601
f 635/688/602 634/687/602 644/700/602 645/690/602
f 650/699/603 649/696/603 659/701/603 660/702/603
f 644/700/604 643/698/604 653/703/604 654/704/604
f 645/690/605 644/700/605 654/704/605 655/705/605
f 646/691/606 645/690/606 655/705/606 656/706/606
f 647/692/607 646/691/607 656/706/607 657/707/607
f 648/693/608 647/692/608 657/707/608 658/708/608
f 787/695/609 641/694/609 651/709/609 788/710/609
f 649/696/610 648/693/610 658/708/610 659/701/610
f 643/698/611 642/697/611 652/711/611 653/703/611
f 658/708/612 657/707/612 667/712/612 668/713/612
f 788/710/613 651/709/613 661/714/613 789/715/613
f 659/701/614 658/708/614 668/713/614 669/716/614
f 653/703/615 652/711/615 662/717/615 663/718/615
f 660/702/616 659/701/616 669/716/616 670/719/616
f 654/704/617 653/703/617 663/718/617 664/720/617
f 655/705/618 654/704/618 664/720/618 665/721/618
f 656/706/619 655/705/619 665/721/619 666/722/619
f 657/707/620 656/706/620 666/722/620 667/712/620
f 665/721/621 664/720/621 674/723/621 675/724/621
f 666/722/622 665/721/622 675/724/622 676/725/622
f 667/712/623 666/722/623 676/725/623 677/726/623
f 668/713/624 667/712/624 677/726/624 678/727/624
f 789/715/625 661/714/625 671/728/625 790/729/625
f 669/716/626 668/713/626 678/727/626 679/730/626
f 663/718/627 662/717/627 672/731/627 673/732/627
f 670/719/628 669/716/628 679/730/628 680/733/628
f 664/720/629 663/718/629 673/732/629 674/723/629
f 679/730/630 678/727/630 688/734/630 689/735/630
f 673/732/631 672/731/631 682/736/631 683/737/631
f 680/733/632 679/730/632 689/735/632 690/738/632
f 674/723/633 673/732/633 683/737/633 684/739/633
f 675/724/634 674/723/634 684/739/634 685/740/634
f 676/725/635 675/724/635 685/740/635 686/741/635
f 677/726/636 676/725/636 686/741/636 687/742/636
f 678/727/637 677/726/637 687/742/637 688/734/637
f 790/729/638 671/728/638 681/743/638 791/744/638
f 687/742/639 686/741/639 696/745/639 697/746/639
f 688/734/640 687/742/640 697/746/640 698/747/640
f 791/744/641 681/743/641 691/748/641 792/749/641
f 689/735/642 688/734/642 698/747/642 699/750/642
f 683/737/643 682/736/643 692/751/643 693/752/643
f 690/738/644 689/735/644 699/750/644 700/753/644
f 684/739/645 683/737/645 693/752/645 694/754/645
f 685/740/646 684/739/646 694/754/646 695/755/646
f 686/741/647 685/740/647 695/755/647 696/745/647
f 695/755/648 694/754/648 704/756/648 705/757/648
f 696/745/649 695/755/649 705/757/649 706/758/649
f 697/746/650 696/745/650 706/758/650 707/759/650
f 698/747/651 697/746/651 707/759/651 708/760/651
f 792/749/652 691/748/652 701/761/652 793/762/652
f 699/750/653 698/747/653 708/760/653 709/763/653
f 693/752/654 692/751/654 702/764/654 703/765/654
f 700/753/655 699/750/655 709/763/655 710/766/655
f 694/754/656 693/752/656 703/765/656 704/756/656
f 709/763/657 708/760/657 718/767/657 719/768/657
f 703/765/658 702/764/658 712/769/658 713/770/658
f 710/766/659 709/763/659 719/768/659 720/771/659
f 704/756/660 703/765/660 713/770/660 714/772/660
f 705/757/661 704/756/661 714/772/661 715/773/661
f 706/758/662 705/757/662 715/773/662 716/774/662
f 707/759/663 706/758/663 716/774/663 717/775/663
f 708/760/664 707/759/664 717/775/664 718/767/664
f 793/762/665 701/761/665 711/776/665 794/777/665
f 717/775/666 716/774/666 726/778/666 727/779/666
f 718/767/667 717/775/667 727/779/667 728/780/667
f 794/777/668 711/776/668 721/781/668 795/782/668
f 719/768/669 718/767/669 728/780/669 729/783/669
f 713/770/670 712/769/670 722/784/670 723/785/670
f 720/771/671 719/768/671 729/783/671 730/786/671
f 714/772/672 713/770/672 723/785/672 724/787/672
f 715/773/673 714/772/673 724/787/673 725/788/673
f 716/774/674 715/773/674 725/788/674 726/778/674
f 725/788/675 724/787/675 734/789/675 735/790/675
f 726/778/676 725/788/676 735/790/676 736/791/676
f 727/779/677 726/778/677 736/791/677 737/792/677
f 728/780/678 727/779/678 737/792/678 738/793/678
f 795/782/679 721/781/679 731/794/679 796/795/679
f 729/783/680 728/780/680 738/793/680 739/796/680
f 723/785/681 722/784/681 732/797/681 733/798/681
f 730/786/682 729/783/682 739/796/682 740/799/682
f 724/787/683 723/785/683 733/798/683 734/789/683
f 739/580/684 738/588/684 548/796/684 549/793/684
f 733/798/685 732/797/685 542/591/685 543/590/685
f 740/799/686 739/796/686 549/588/686 550/594/686
f 734/789/687 733/798/687 543/590/687 544/596/687
f 735/790/688 734/789/688 544/596/688 545/598/688
f 736/791/689 735/790/689 545/598/689 546/600/689
f 737/792/690 736/791/690 546/600/690 547/581/690
f 738/581/691 737/580/691 547/793/691 548/792/691
f 541/795/692 777/794/692 796/585/692 731/584/692
f 774/800/693 755/801/693 759/802/693 768/803/693
f 771/804/694 747/805/694 755/801/694 774/800/694
f 756/806/695 762/807/695 763/808/695 748/809/695
f 752/810/696 764/811/696 761/812/696 760/813/696
f 760/813/697 761/812/697 762/807/697 756/806/697
f 747/805/698 771/804/698 750/814/698 741/815/698
f 746/816/699 772/817/699 749/818/699 744/819/699
f 745/820/700 764/811/700 752/810/700 743/821/700
f 765/822/701 764/811/701 745/820/701 753/823/701
f 775/824/702 765/822/702 753/823/702 757/825/702
f 775/824/703 757/825/703 749/818/703 772/817/703
f 775/824/704 772/817/704 769/826/704 773/827/704
f 765/822/705 775/824/705 773/827/705 766/828/705
f 764/811/706 765/822/706 766/828/706 761/812/706
f 761/812/707 766/828/707 767/829/707 762/807/707
f 766/828/708 773/827/708 776/830/708 767/829/708
f 773/827/709 769/826/709 770/831/709 776/830/709
f 776/830/710 770/831/710 771/804/710 774/800/710
f 767/829/711 776/830/711 774/800/711 768/803/711
f 762/807/712 767/829/712 768/803/712 763/808/712
f 748/809/713 763/808/713 751/832/713 742/833/713
f 772/817/714 746/816/714 754/834/714 769/826/714
f 770/831/715 758/835/715 750/814/715 771/804/715
f 769/826/716 754/834/716 758/835/716 770/831/716
f 753/823/717 721/781/717 711/776/717 757/825/717
f 745/820/718 731/794/718 721/781/718 753/823/718
f 743/821/719 541/585/719 731/794/719 745/820/719
f 541/585/720 743/821/720 752/810/720 551/586/720
f 760/813/721 561/607/721 551/586/721 752/810/721
f 561/607/722 760/813/722 756/806/722 571/613/722
f 748/809/723 581/628/723 571/613/723 756/806/723
f 742/833/724 591/643/724 581/628/724 748/809/724
f 757/825/725 711/776/725 701/761/725 749/818/725
f 749/818/726 701/761/726 691/748/726 744/819/726
f 744/819/727 691/748/727 681/743/727 746/816/727
f 746/816/728 681/743/728 671/728/728 754/834/728
f 754/834/729 671/728/729 661/714/729 758/835/729
f 758/835/730 661/714/730 651/709/730 750/814/730
f 750/814/731 651/709/731 641/694/731 741/815/731
f 741/815/732 641/694/732 631/681/732 747/805/732
f 621/676/733 755/801/733 747/805/733 631/681/733
f 755/801/734 621/676/734 611/661/734 759/802/734
f 759/802/735 611/661/735 601/648/735 751/832/735
f 591/643/736 742/833/736 751/832/736 601/648/736
f 768/803/737 759/802/737 751/832/737 763/808/737
f 542/591/738 777/584/738 778/587/738 552/592/738
f 552/592/739 778/587/739 779/608/739 562/610/739
f 562/610/740 779/608/740 780/614/740 572/617/740
f 572/617/741 780/614/741 781/629/741 582/631/741
f 582/631/742 781/629/742 782/644/742 592/645/742
f 592/645/743 782/644/743 783/649/743 602/651/743
f 602/651/744 783/649/744 784/662/744 612/664/744
f 612/664/745 784/662/745 785/677/745 622/678/745
f 622/678/746 785/677/746 786/682/746 632/684/746
f 632/684/747 786/682/747 787/695/747 642/697/747
f 642/697/748 787/695/748 788/710/748 652/711/748
f 652/711/749 788/710/749 789/715/749 662/717/749
f 662/717/750 789/715/750 790/729/750 672/731/750
f 672/731/751 790/729/751 791/744/751 682/736/751
f 682/736/752 791/744/752 792/749/752 692/751/752
f 692/751/753 792/749/753 793/762/753 702/764/753
f 702/764/754 793/762/754 794/777/754 712/769/754
f 712/769/755 794/777/755 795/782/755 722/784/755
f 722/784/756 795/782/756 796/795/756 732/797/756
f 732/797/757 796/795/757 777/584/757 542/591/757
f 804/836/758 803/837/758 813/838/758 814/839/758
f 1033/840/759 797/841/759 807/842/759 1034/843/759
f 805/844/760 804/836/760 814/839/760 815/845/760
f 1053/846/761 798/847/761 808/848/761 1054/849/761
f 806/850/762 805/844/762 815/845/762 816/851/762
f 800/852/763 799/853/763 809/854/763 810/855/763
f 801/856/764 800/852/764 810/855/764 811/857/764
f 802/858/765 801/856/765 811/857/765 812/859/765
f 803/837/766 802/858/766 812/859/766 813/838/766
f 811/857/767 810/855/767 820/860/767 821/861/767
f 812/859/768 811/857/768 821/861/768 822/862/768
f 813/838/769 812/859/769 822/862/769 823/863/769
f 814/839/770 813/838/770 823/863/770 824/864/770
f 1034/843/771 807/842/771 817/865/771 1035/866/771
f 815/845/772 814/839/772 824/864/772 825/867/772
f 1054/849/773 808/848/773 818/868/773 1055/869/773
f 816/851/774 815/845/774 825/867/774 826/870/774
f 810/855/775 809/854/775 819/871/775 820/860/775
f 1035/866/776 817/865/776 827/872/776 1036/873/776
f 825/867/777 824/864/777 834/874/777 835/875/777
f 1055/869/778 818/868/778 828/876/778 1056/877/778
f 826/870/779 825/867/779 835/875/779 836/878/779
f 820/860/780 819/871/780 829/879/780 830/880/780
f 821/861/781 820/860/781 830/880/781 831/881/781
f 822/862/782 821/861/782 831/881/782 832/882/782
f 823/863/783 822/862/783 832/882/783 833/883/783
f 824/864/784 823/863/784 833/883/784 834/874/784
f 832/882/785 831/881/785 841/884/785 842/885/785
f 833/883/786 832/882/786 842/885/786 843/886/786
f 834/874/787 833/883/787 843/886/787 844/887/787
f 1036/873/788 827/872/788 837/888/788 1037/889/788
f 835/875/789 834/874/789 844/887/789 845/890/789
f 1056/877/790 828/876/790 838/891/790 1057/892/790
f 836/878/791 835/875/791 845/890/791 846/893/791
f 830/880/792 829/879/792 839/894/792 840/895/792
f 831/881/793 830/880/793 840/895/793 841/884/793
f 846/893/794 845/890/794 855/896/794 856/897/794
f 840/895/795 839/894/795 849/898/795 850/899/795
f 841/884/796 840/895/796 850/899/796 851/900/796
f 842/885/797 841/884/797 851/900/797 852/901/797
f 843/886/798 842/885/798 852/901/798 853/902/798
f 844/887/799 843/886/799 853/902/799 854/903/799
f 1037/889/800 837/888/800 847/904/800 1038/905/800
f 845/890/801 844/887/801 854/903/801 855/896/801
f 1057/892/802 838/891/802 848/906/802 1058/907/802
f 854/903/803 853/902/803 863/908/803 864/909/803
f 1038/905/804 847/904/804 857/910/804 1039/911/804
f 855/896/805 854/903/805 864/909/805 865/912/805
f 1058/907/806 848/906/806 858/913/806 1059/914/806
f 856/897/807 855/896/807 865/912/807 866/915/807
f 850/899/808 849/898/808 859/916/808 860/917/808
f 851/900/809 850/899/809 860/917/809 861/918/809
f 852/901/810 851/900/810 861/918/810 862/919/810
f 853/902/811 852/901/811 862/919/811 863/908/811
f 862/919/812 861/918/812 871/920/812 872/921/812
f 863/908/813 862/919/813 872/921/813 873/922/813
f 864/909/814 863/908/814 873/922/814 874/923/814
f 1039/911/815 857/910/815 867/924/815 1040/925/815
f 865/912/816 864/909/816 874/923/816 875/926/816
f 1059/914/817 858/913/817 868/927/817 1060/928/817
f 866/915/818 865/912/818 875/926/818 876/929/818
f 860/917/819 859/916/819 869/930/819 870/931/819
f 861/918/820 860/917/820 870/931/820 871/920/820
f 876/929/821 875/926/821 885/932/821 886/933/821
f 870/931/822 869/930/822 879/934/822 880/935/822
f 871/920/823 870/931/823 880/935/823 881/936/823
f 872/921/824 871/920/824 881/936/824 882/937/824
f 873/922/825 872/921/825 882/937/825 883/938/825
f 874/923/826 873/922/826 883/938/826 884/939/826
f 1040/925/827 867/924/827 877/940/827 1041/941/827
f 875/926/828 874/923/828 884/939/828 885/932/828
f 1060/928/829 868/927/829 878/942/829 1061/943/829
f 884/939/830 883/938/830 893/944/830 894/945/830
f 1041/941/831 877/940/831 887/946/831 1042/947/831
f 885/932/832 884/939/832 894/945/832 895/948/832
f 1061/943/833 878/942/833 888/949/833 1062/950/833
f 886/933/834 885/932/834 895/948/834 896/951/834
f 880/935/835 879/934/835 889/952/835 890/953/835
f 881/936/836 880/935/836 890/953/836 891/954/836
f 882/937/837 881/936/837 891/954/837 892/955/837
f 883/938/838 882/937/838 892/955/838 893/944/838
f 892/955/839 891/954/839 901/956/839 902/957/839
f 893/944/840 892/955/840 902/957/840 903/958/840
f 894/945/841 893/944/841 903/958/841 904/959/841
f 1042/947/842 887/946/842 897/960/842 1043/961/842
f 895/948/843 894/945/843 904/959/843 905/962/843
f 1062/950/844 888/949/844 898/963/844 1063/964/844
f 896/951/845 895/948/845 905/962/845 906/965/845
f 890/953/846 889/952/846 899/966/846 900/967/846
f 891/954/847 890/953/847 900/967/847 901/956/847
f 906/965/848 905/962/848 915/968/848 916/969/848
f 900/967/849 899/966/849 909/970/849 910/971/849
f 901/956/850 900/967/850 910/971/850 911/972/850
f 902/957/851 901/956/851 911/972/851 912/973/851
f 903/958/852 902/957/852 912/973/852 913/974/852
f 904/959/853 903/958/853 913/974/853 914/975/853
f 1043/961/854 897/960/854 907/976/854 1044/977/854
f 905/962/855 904/959/855 914/975/855 915/968/855
f 1063/964/856 898/963/856 908/978/856 1064/979/856
f 914/975/857 913/974/857 923/980/857 924/981/857
f 1044/977/858 907/976/858 917/982/858 1045/983/858
f 915/968/859 914/975/859 924/981/859 925/984/859
f 1064/979/860 908/978/860 918/985/860 1065/986/860
f 916/969/861 915/968/861 925/984/861 926/987/861
f 910/971/862 909/970/862 919/988/862 920/989/862
f 911/972/863 910/971/863 920/989/863 921/990/863
f 912/973/864 911/972/864 921/990/864 922/991/864
f 913/974/865 912/973/865 922/991/865 923/980/865
f 921/990/866 920/989/866 930/992/866 931/993/866
f 922/991/867 921/990/867 931/993/867 932/994/867
f 923/980/868 922/991/868 932/994/868 933/995/868
f 924/981/869 923/980/869 933/995/869 934/996/869
f 1045/983/870 917/982/870 927/997/870 1046/998/870
f 925/984/871 924/981/871 934/996/871 935/999/871
f 1065/986/872 918/985/872 928/1000/872 1066/1001/872
f 926/987/873 925/984/873 935/999/873 936/1002/873
f 920/989/874 919/988/874 929/1003/874 930/992/874
f 935/999/875 934/996/875 944/1004/875 945/1005/875
f 1066/1001/876 928/1000/876 938/1006/876 1067/1007/876
f 936/1002/877 935/999/877 945/1005/877 946/1008/877
f 930/992/878 929/1003/878 939/1009/878 940/1010/878
f 931/993/879 930/992/879 940/1010/879 941/1011/879
f 932/994/880 931/993/880 941/1011/880 942/1012/880
f 933/995/881 932/994/881 942/1012/881 943/1013/881
f 934/996/882 933/995/882 943/1013/882 944/1004/882
f 1046/998/883 927/997/883 937/1014/883 1047/1015/883
f 943/1013/884 942/1012/884 952/1016/884 953/1017/884
f 944/1004/885 943/1013/885 953/1017/885 954/1018/885
f 1047/1015/886 937/1014/886 947/1019/886 1048/1020/886
f 945/1005/887 944/1004/887 954/1018/887 955/1021/887
f 1067/1007/856 938/1006/856 948/1022/856 1068/1023/856
f 946/1008/888 945/1005/888 955/1021/888 956/1024/888
f 940/1010/889 939/1009/889 949/1025/889 950/1026/889
f 941/1011/890 940/1010/890 950/1026/890 951/1027/890
f 942/1012/891 941/1011/891 951/1027/891 952/1016/891
f 951/1027/892 950/1026/892 960/1028/892 961/1029/892
f 952/1016/893 951/1027/893 961/1029/893 962/1030/893
f 953/1017/894 952/1016/894 962/1030/894 963/1031/894
f 954/1018/895 953/1017/895 963/1031/895 964/1032/895
f 1048/1020/896 947/1019/896 957/1033/896 1049/1034/896
f 955/1021/897 954/1018/897 964/1032/897 965/1035/897
f 1068/1023/898 948/1022/898 958/1036/898 1069/1037/898
f 956/1024/899 955/1021/899 965/1035/899 966/1038/899
f 950/1026/900 949/1025/900 959/1039/900 960/1028/900
f 965/1035/901 964/1032/901 974/1040/901 975/1041/901
f 1069/1037/902 958/1036/902 968/1042/902 1070/1043/902
f 966/1038/903 965/1035/903 975/1041/903 976/1044/903
f 960/1028/904 959/1039/904 969/1045/904 970/1046/904
f 961/1029/905 960/1028/905 970/1046/905 971/1047/905
f 962/1030/906 961/1029/906 971/1047/906 972/1048/906
f 963/1031/907 962/1030/907 972/1048/907 973/1049/907
f 964/1032/908 963/1031/908 973/1049/908 974/1040/908
f 1049/1034/909 957/1033/909 967/1050/909 1050/1051/909
f 973/1049/910 972/1048/910 982/1052/910 983/1053/910
f 974/1040/911 973/1049/911 983/1053/911 984/1054/911
f 1050/1051/912 967/1050/912 977/1055/912 1051/1056/912
f 975/1041/913 974/1040/913 984/1054/913 985/1057/913
f 1070/1043/914 968/1042/914 978/1058/914 1071/1059/914
f 976/1044/915 975/1041/915 985/1057/915 986/1060/915
f 970/1046/916 969/1045/916 979/1061/916 980/1062/916
f 971/1047/917 970/1046/917 980/1062/917 981/1063/917
f 972/1048/918 971/1047/918 981/1063/918 982/1052/918
f 981/1063/919 980/1062/919 990/1064/919 991/1065/919
f 982/1052/920 981/1063/920 991/1065/920 992/1066/920
f 983/1053/921 982/1052/921 992/1066/921 993/1067/921
f 984/1054/922 983/1053/922 993/1067/922 994/1068/922
f 1051/1056/923 977/1055/923 987/1069/923 1052/1070/923
f 985/1057/924 984/1054/924 994/1068/924 995/1071/924
f 1071/1059/925 978/1058/925 988/1072/925 1072/1073/925
f 986/1060/926 985/1057/926 995/1071/926 996/1074/926
f 980/1062/927 979/1061/927 989/1075/927 990/1064/927
f 995/1071/928 994/1068/928 804/836/928 805/844/928
f 1072/1073/929 988/1072/929 798/847/929 1053/846/929
f 996/1074/930 995/1071/930 805/844/930 806/850/930
f 990/1064/931 989/1075/931 799/853/931 800/852/931
f 991/1065/932 990/1064/932 800/852/932 801/856/932
f 992/1066/933 991/1065/933 801/856/933 802/858/933
f 993/1067/934 992/1066/934 802/858/934 803/837/934
f 994/1068/935 993/1067/935 803/837/935 804/836/935
f 1052/1070/936 987/1069/936 797/841/936 1033/840/936
f 1030/1076/937 1011/1077/937 1015/1078/937 1024/1079/937
f 1027/1080/938 1003/1081/938 1011/1077/938 1030/1076/938
f 1012/1082/939 1018/1083/939 1019/1084/939 1004/1085/939
f 1008/1086/940 1020/1087/940 1017/1088/940 1016/1089/940
f 1016/1089/941 1017/1088/941 1018/1083/941 1012/1082/941
f 1003/1081/942 1027/1080/942 1006/1090/942 997/1091/942
f 1002/1092/943 1028/1093/943 1005/1094/943 1000/1095/943
f 1001/1096/944 1020/1087/944 1008/1086/944 999/1097/944
f 1021/1098/945 1020/1087/945 1001/1096/945 1009/1099/945
f 1031/1100/946 1021/1098/946 1009/1099/946 1013/1101/946
f 1031/1100/947 1013/1101/947 1005/1094/947 1028/1093/947
f 1031/1100/856 1028/1093/856 1025/1102/856 1029/1103/856
f 1021/1098/948 1031/1100/948 1029/1103/948 1022/1104/948
f 1020/1087/949 1021/1098/949 1022/1104/949 1017/1088/949
f 1017/1088/950 1022/1104/950 1023/1105/950 1018/1083/950
f 1022/1104/856 1029/1103/856 1032/1106/856 1023/1105/856
f 1029/1103/856 1025/1102/856 1026/1107/856 1032/1106/856
f 1032/1106/856 1026/1107/856 1027/1080/856 1030/1076/856
f 1023/1105/951 1032/1106/951 1030/1076/951 1024/1079/951
f 1018/1083/952 1023/1105/952 1024/1079/952 1019/1084/952
f 1004/1085/953 1019/1084/953 1007/1108/953 998/1109/953
f 1028/1093/954 1002/1092/954 1010/1110/954 1025/1102/954
f 1026/1107/954 1014/1111/954 1006/1090/954 1027/1080/954
f 1025/1102/955 1010/1110/955 1014/1111/955 1026/1107/955
f 1009/1099/956 977/1055/956 967/1050/956 1013/1101/956
f 1001/1096/957 987/1069/957 977/1055/957 1009/1099/957
f 999/1097/958 797/841/958 987/1069/958 1001/1096/958
f 797/841/959 999/1097/959 1008/1086/959 807/842/959
f 1016/1089/960 817/865/960 807/842/960 1008/1086/960
f 817/865/961 1016/1089/961 1012/1082/961 827/872/961
f 1004/1085/962 837/888/962 827/872/962 1012/1082/962
f 998/1109/963 847/904/963 837/888/963 1004/1085/963
f 1013/1101/964 967/1050/964 957/1033/964 1005/1094/964
f 1005/1094/965 957/1033/965 947/1019/965 1000/1095/965
f 1000/1095/966 947/1019/966 937/1014/966 1002/1092/966
f 1002/1092/967 937/1014/967 927/997/967 1010/1110/967
f 1010/1110/968 927/997/968 917/982/968 1014/1111/968
f 1014/1111/969 917/982/969 907/976/969 1006/1090/969
f 1006/1090/970 907/976/970 897/960/970 997/1091/970
f 997/1091/971 897/960/971 887/946/971 1003/1081/971
f 877/940/972 1011/1077/972 1003/1081/972 887/946/972
f 1011/1077/973 877/940/973 867/924/973 1015/1078/973
f 1015/1078/974 867/924/974 857/910/974 1007/1108/974
f 847/904/975 998/1109/975 1007/1108/975 857/910/975
f 1024/1079/976 1015/1078/976 1007/1108/976 1019/1084/976
f 798/847/977 1033/840/977 1034/843/977 808/848/977
f 808/848/978 1034/843/978 1035/866/978 818/868/978
f 818/868/979 1035/866/979 1036/873/979 828/876/979
f 828/876/980 1036/873/980 1037/889/980 838/891/980
f 838/891/981 1037/889/981 1038/905/981 848/906/981
f 848/906/982 1038/905/982 1039/911/982 858/913/982
f 858/913/983 1039/911/983 1040/925/983 868/927/983
f 868/927/984 1040/925/984 1041/941/984 878/942/984
f 878/942/985 1041/941/985 1042/947/985 888/949/985
f 888/949/986 1042/947/986 1043/961/986 898/963/986
f 898/963/987 1043/961/987 1044/977/987 908/978/987
f 908/978/988 1044/977/988 1045/983/988 918/985/988
f 918/985/989 1045/983/989 1046/998/989 928/1000/989
f 928/1000/990 1046/998/990 1047/1015/990 938/1006/990
f 938/1006/991 1047/1015/991 1048/1020/991 948/1022/991
f 948/1022/992 1048/1020/992 1049/1034/992 958/1036/992
f 958/1036/993 1049/1034/993 1050/1051/993 968/1042/993
f 968/1042/994 1050/1051/994 1051/1056/994 978/1058/994
f 978/1058/995 1051/1056/995 1052/1070/995 988/1072/995
f 988/1072/996 1052/1070/996 1033/840/996 798/847/996
f 799/853/997 1053/846/997 1054/849/997 809/854/997
f 809/854/998 1054/849/998 1055/869/998 819/871/998
f 819/871/999 1055/869/999 1056/877/999 829/879/999
f 829/879/1000 1056/877/1000 1057/892/1000 839/894/1000
f 839/894/1001 1057/892/1001 1058/907/1001 849/898/1001
f 849/898/1002 1058/907/1002 1059/914/1002 859/916/1002
f 859/916/1003 1059/914/1003 1060/928/1003 869/930/1003
f 869/930/1004 1060/928/1004 1061/943/1004 879/934/1004
f 879/934/1005 1061/943/1005 1062/950/1005 889/952/1005
f 889/952/1006 1062/950/1006 1063/964/1006 899/966/1006
f 899/966/1007 1063/964/1007 1064/979/1007 909/970/1007
f 909/970/1008 1064/979/1008 1065/986/1008 919/988/1008
f 919/988/1009 1065/986/1009 1066/1001/1009 929/1003/1009
f 929/1003/1010 1066/1001/1010 1067/1007/1010 939/1009/1010
f 939/1009/1011 1067/1007/1011 1068/1023/1011 949/1025/1011
f 949/1025/1012 1068/1023/1012 1069/1037/1012 959/1039/1012
f 959/1039/1013 1069/1037/1013 1070/1043/1013 969/1045/1013
f 969/1045/1014 1070/1043/1014 1071/1059/1014 979/1061/1014
f 979/1061/1015 1071/1059/1015 1072/1073/1015 989/1075/1015
f 989/1075/1016 1072/1073/1016 1053/846/1016 799/853/1016
f 1080/580/1017 1090/583/1017 1089/582/1017 1079/581/1017
f 1309/584/1018 1310/587/1018 1083/586/1018 1073/585/1018
f 1081/588/1019 1091/589/1019 1090/583/1019 1080/580/1019
f 1075/590/1020 1085/593/1020 1084/592/1020 1074/591/1020
f 1082/594/1021 1092/595/1021 1091/589/1021 1081/588/1021
f 1076/596/1022 1086/597/1022 1085/593/1022 1075/590/1022
f 1077/598/1023 1087/599/1023 1086/597/1023 1076/596/1023
f 1078/600/1024 1088/601/1024 1087/599/1024 1077/598/1024
f 1079/581/1025 1089/582/1025 1088/601/1025 1078/600/1025
f 1087/599/1026 1097/603/1026 1096/602/1026 1086/597/1026
f 1088/601/1027 1098/604/1027 1097/603/1027 1087/599/1027
f 1089/582/1028 1099/605/1028 1098/604/1028 1088/601/1028
f 1090/583/1029 1100/606/1029 1099/605/1029 1089/582/1029
f 1310/587/1030 1311/608/1030 1093/607/1030 1083/586/1030
f 1091/589/1031 1101/609/1031 1100/606/1031 1090/583/1031
f 1085/593/1032 1095/611/1032 1094/610/1032 1084/592/1032
f 1092/595/1033 1102/612/1033 1101/609/1033 1091/589/1033
f 1086/597/1034 1096/602/1034 1095/611/1034 1085/593/1034
f 1311/608/1035 1312/614/1035 1103/613/1035 1093/607/1035
f 1101/609/1036 1111/616/1036 1110/615/1036 1100/606/1036
f 1095/611/1037 1105/618/1037 1104/617/1037 1094/610/1037
f 1102/612/1038 1112/619/1038 1111/616/1038 1101/609/1038
f 1096/602/1039 1106/620/1039 1105/618/1039 1095/611/1039
f 1097/603/1040 1107/621/1040 1106/620/1040 1096/602/1040
f 1098/604/1041 1108/622/1041 1107/621/1041 1097/603/1041
f 1099/605/1042 1109/623/1042 1108/622/1042 1098/604/1042
f 1100/606/1043 1110/615/1043 1109/623/1043 1099/605/1043
f 1108/622/1044 1118/625/1044 1117/624/1044 1107/621/1044
f 1109/623/1045 1119/626/1045 1118/625/1045 1108/622/1045
f 1110/615/1046 1120/627/1046 1119/626/1046 1109/623/1046
f 1312/614/1047 1313/629/1047 1113/628/1047 1103/613/1047
f 1111/616/1048 1121/630/1048 1120/627/1048 1110/615/1048
f 1105/618/1049 1115/632/1049 1114/631/1049 1104/617/1049
f 1112/619/1050 1122/633/1050 1121/630/1050 1111/616/1050
f 1106/620/1051 1116/634/1051 1115/632/1051 1105/618/1051
f 1107/621/1052 1117/624/1052 1116/634/1052 1106/620/1052
f 1122/633/1053 1132/636/1053 1131/635/1053 1121/630/1053
f 1116/634/1054 1126/638/1054 1125/637/1054 1115/632/1054
f 1117/624/1055 1127/639/1055 1126/638/1055 1116/634/1055
f 1118/625/1056 1128/640/1056 1127/639/1056 1117/624/1056
f 1119/626/1057 1129/641/1057 1128/640/1057 1118/625/1057
f 1120/627/1058 1130/642/1058 1129/641/1058 1119/626/1058
f 1313/629/1059 1314/644/1059 1123/643/1059 1113/628/1059
f 1121/630/1060 1131/635/1060 1130/642/1060 1120/627/1060
f 1115/632/1061 1125/637/1061 1124/645/1061 1114/631/1061
f 1130/642/1062 1140/647/1062 1139/646/1062 1129/641/1062
f 1314/644/1063 1315/649/1063 1133/648/1063 1123/643/1063
f 1131/635/1064 1141/650/1064 1140/647/1064 1130/642/1064
f 1125/637/1065 1135/652/1065 1134/651/1065 1124/645/1065
f 1132/636/1066 1142/653/1066 1141/650/1066 1131/635/1066
f 1126/638/1067 1136/654/1067 1135/652/1067 1125/637/1067
f 1127/639/1068 1137/655/1068 1136/654/1068 1126/638/1068
f 1128/640/1069 1138/656/1069 1137/655/1069 1127/639/1069
f 1129/641/1070 1139/646/1070 1138/656/1070 1128/640/1070
f 1138/656/1071 1148/658/1071 1147/657/1071 1137/655/1071
f 1139/646/1072 1149/659/1072 1148/658/1072 1138/656/1072
f 1140/647/1073 1150/660/1073 1149/659/1073 1139/646/1073
f 1315/649/1074 1316/662/1074 1143/661/1074 1133/648/1074
f 1141/650/1075 1151/663/1075 1150/660/1075 1140/647/1075
f 1135/652/1076 1145/665/1076 1144/664/1076 1134/651/1076
f 1142/653/1077 1152/666/1077 1151/663/1077 1141/650/1077
f 1136/654/1078 1146/667/1078 1145/665/1078 1135/652/1078
f 1137/655/1079 1147/657/1079 1146/667/1079 1136/654/1079
f 1152/666/1080 1162/669/1080 1161/668/1080 1151/663/1080
f 1146/667/1081 1156/671/1081 1155/670/1081 1145/665/1081
f 1147/657/1082 1157/672/1082 1156/671/1082 1146/667/1082
f 1148/658/1083 1158/673/1083 1157/672/1083 1147/657/1083
f 1149/659/1084 1159/674/1084 1158/673/1084 1148/658/1084
f 1150/660/1085 1160/675/1085 1159/674/1085 1149/659/1085
f 1316/662/1086 1317/677/1086 1153/676/1086 1143/661/1086
f 1151/663/1087 1161/668/1087 1160/675/1087 1150/660/1087
f 1145/665/1088 1155/670/1088 1154/678/1088 1144/664/1088
f 1160/675/1089 1170/680/1089 1169/679/1089 1159/674/1089
f 1317/677/1090 1318/682/1090 1163/681/1090 1153/676/1090
f 1161/668/1091 1171/683/1091 1170/680/1091 1160/675/1091
f 1155/670/1092 1165/685/1092 1164/684/1092 1154/678/1092
f 1162/669/1093 1172/686/1093 1171/683/1093 1161/668/1093
f 1156/671/1094 1166/687/1094 1165/685/1094 1155/670/1094
f 1157/672/1095 1167/688/1095 1166/687/1095 1156/671/1095
f 1158/673/1096 1168/689/1096 1167/688/1096 1157/672/1096
f 1159/674/1097 1169/679/1097 1168/689/1097 1158/673/1097
f 1168/689/1098 1178/691/1098 1177/690/1098 1167/688/1098
f 1169/679/1099 1179/692/1099 1178/691/1099 1168/689/1099
f 1170/680/1100 1180/693/1100 1179/692/1100 1169/679/1100
f 1318/682/1101 1319/695/1101 1173/694/1101 1163/681/1101
f 1171/683/1102 1181/696/1102 1180/693/1102 1170/680/1102
f 1165/685/1103 1175/698/1103 1174/697/1103 1164/684/1103
f 1172/686/1104 1182/699/1104 1181/696/1104 1171/683/1104
f 1166/687/1105 1176/700/1105 1175/698/1105 1165/685/1105
f 1167/688/1106 1177/690/1106 1176/700/1106 1166/687/1106
f 1182/699/1107 1192/702/1107 1191/701/1107 1181/696/1107
f 1176/700/1108 1186/704/1108 1185/703/1108 1175/698/1108
f 1177/690/1109 1187/705/1109 1186/704/1109 1176/700/1109
f 1178/691/1110 1188/706/1110 1187/705/1110 1177/690/1110
f 1179/692/1111 1189/707/1111 1188/706/1111 1178/691/1111
f 1180/693/1112 1190/708/1112 1189/707/1112 1179/692/1112
f 1319/695/1113 1320/710/1113 1183/709/1113 1173/694/1113
f 1181/696/1114 1191/701/1114 1190/708/1114 1180/693/1114
f 1175/698/1115 1185/703/1115 1184/711/1115 1174/697/1115
f 1190/708/1116 1200/713/1116 1199/712/1116 1189/707/1116
f 1320/710/1117 1321/715/1117 1193/714/1117 1183/709/1117
f 1191/701/1118 1201/716/1118 1200/713/1118 1190/708/1118
f 1185/703/1119 1195/718/1119 1194/717/1119 1184/711/1119
f 1192/702/1120 1202/719/1120 1201/716/1120 1191/701/1120
f 1186/704/1121 1196/720/1121 1195/718/1121 1185/703/1121
f 1187/705/1122 1197/721/1122 1196/720/1122 1186/704/1122
f 1188/706/1123 1198/722/1123 1197/721/1123 1187/705/1123
f 1189/707/1124 1199/712/1124 1198/722/1124 1188/706/1124
f 1197/721/1125 1207/724/1125 1206/723/1125 1196/720/1125
f 1198/722/1126 1208/725/1126 1207/724/1126 1197/721/1126
f 1199/712/1127 1209/726/1127 1208/725/1127 1198/722/1127
f 1200/713/1128 1210/727/1128 1209/726/1128 1199/712/1128
f 1321/715/1129 1322/729/1129 1203/728/1129 1193/714/1129
f 1201/716/1130 1211/730/1130 1210/727/1130 1200/713/1130
f 1195/718/1131 1205/732/1131 1204/731/1131 1194/717/1131
f 1202/719/1132 1212/733/1132 1211/730/1132 1201/716/1132
f 1196/720/1133 1206/723/1133 1205/732/1133 1195/718/1133
f 1211/730/1134 1221/735/1134 1220/734/1134 1210/727/1134
f 1205/732/1135 1215/737/1135 1214/736/1135 1204/731/1135
f 1212/733/1136 1222/738/1136 1221/735/1136 1211/730/1136
f 1206/723/1137 1216/739/1137 1215/737/1137 1205/732/1137
f 1207/724/1138 1217/740/1138 1216/739/1138 1206/723/1138
f 1208/725/1139 1218/741/1139 1217/740/1139 1207/724/1139
f 1209/726/1140 1219/742/1140 1218/741/1140 1208/725/1140
f 1210/727/1141 1220/734/1141 1219/742/1141 1209/726/1141
f 1322/729/1142 1323/744/1142 1213/743/1142 1203/728/1142
f 1219/742/1143 1229/746/1143 1228/745/1143 1218/741/1143
f 1220/734/1144 1230/747/1144 1229/746/1144 1219/742/1144
f 1323/744/1145 1324/749/1145 1223/748/1145 1213/743/1145
f 1221/735/1146 1231/750/1146 1230/747/1146 1220/734/1146
f 1215/737/1147 1225/752/1147 1224/751/1147 1214/736/1147
f 1222/738/1148 1232/753/1148 1231/750/1148 1221/735/1148
f 1216/739/1149 1226/754/1149 1225/752/1149 1215/737/1149
f 1217/740/1150 1227/755/1150 1226/754/1150 1216/739/1150
f 1218/741/1151 1228/745/1151 1227/755/1151 1217/740/1151
f 1227/755/1152 1237/757/1152 1236/756/1152 1226/754/1152
f 1228/745/1153 1238/758/1153 1237/757/1153 1227/755/1153
f 1229/746/1154 1239/759/1154 1238/758/1154 1228/745/1154
f 1230/747/1155 1240/760/1155 1239/759/1155 1229/746/1155
f 1324/749/1156 1325/762/1156 1233/761/1156 1223/748/1156
f 1231/750/1157 1241/763/1157 1240/760/1157 1230/747/1157
f 1225/752/1158 1235/765/1158 1234/764/1158 1224/751/1158
f 1232/753/1159 1242/766/1159 1241/763/1159 1231/750/1159
f 1226/754/1160 1236/756/1160 1235/765/1160 1225/752/1160
f 1241/763/1161 1251/768/1161 1250/767/1161 1240/760/1161
f 1235/765/1162 1245/770/1162 1244/769/1162 1234/764/1162
f 1242/766/1163 1252/771/1163 1251/768/1163 1241/763/1163
f 1236/756/1164 1246/772/1164 1245/770/1164 1235/765/1164
f 1237/757/1165 1247/773/1165 1246/772/1165 1236/756/1165
f 1238/758/1166 1248/774/1166 1247/773/1166 1237/757/1166
f 1239/759/1167 1249/775/1167 1248/774/1167 1238/758/1167
f 1240/760/1168 1250/767/1168 1249/775/1168 1239/759/1168
f 1325/762/1169 1326/777/1169 1243/776/1169 1233/761/1169
f 1249/775/1170 1259/779/1170 1258/778/1170 1248/774/1170
f 1250/767/1171 1260/780/1171 1259/779/1171 1249/775/1171
f 1326/777/1172 1327/782/1172 1253/781/1172 1243/776/1172
f 1251/768/1173 1261/783/1173 1260/780/1173 1250/767/1173
f 1245/770/1174 1255/785/1174 1254/784/1174 1244/769/1174
f 1252/771/1175 1262/786/1175 1261/783/1175 1251/768/1175
f 1246/772/1176 1256/787/1176 1255/785/1176 1245/770/1176
f 1247/773/1177 1257/788/1177 1256/787/1177 1246/772/1177
f 1248/774/1178 1258/778/1178 1257/788/1178 1247/773/1178
f 1257/788/1179 1267/790/1179 1266/789/1179 1256/787/1179
f 1258/778/1180 1268/791/1180 1267/790/1180 1257/788/1180
f 1259/779/1181 1269/792/1181 1268/791/1181 1258/778/1181
f 1260/780/1182 1270/793/1182 1269/792/1182 1259/779/1182
f 1327/782/1183 1328/795/1183 1263/794/1183 1253/781/1183
f 1261/783/1184 1271/796/1184 1270/793/1184 1260/780/1184
f 1255/785/1185 1265/798/1185 1264/797/1185 1254/784/1185
f 1262/786/1186 1272/799/1186 1271/796/1186 1261/783/1186
f 1256/787/1187 1266/789/1187 1265/798/1187 1255/785/1187
f 1271/796/1188 1081/588/1188 1080/580/1188 1270/793/1188
f 1265/798/1189 1075/590/1189 1074/591/1189 1264/797/1189
f 1272/799/1190 1082/594/1190 1081/588/1190 1271/796/1190
f 1266/789/1191 1076/596/1191 1075/590/1191 1265/798/1191
f 1267/790/1192 1077/598/1192 1076/596/1192 1266/789/1192
f 1268/791/1193 1078/600/1193 1077/598/1193 1267/790/1193
f 1269/792/1194 1079/581/1194 1078/600/1194 1268/791/1194
f 1270/793/1195 1080/580/1195 1079/581/1195 1269/792/1195
f 1328/795/1196 1309/584/1196 1073/585/1196 1263/794/1196
f 1306/800/1197 1300/803/1197 1291/802/1197 1287/801/1197
f 1303/804/1198 1306/800/1198 1287/801/1198 1279/805/1198
f 1288/806/1199 1280/809/1199 1295/808/1199 1294/807/1199
f 1284/810/1200 1292/813/1200 1293/812/1200 1296/811/1200
f 1292/813/1201 1288/806/1201 1294/807/1201 1293/812/1201
f 1279/805/1202 1273/815/1202 1282/814/1202 1303/804/1202
f 1278/816/1203 1276/819/1203 1281/818/1203 1304/817/1203
f 1277/820/1204 1275/821/1204 1284/810/1204 1296/811/1204
f 1297/822/1205 1285/823/1205 1277/820/1205 1296/811/1205
f 1307/824/1206 1289/825/1206 1285/823/1206 1297/822/1206
f 1307/824/1207 1304/817/1207 1281/818/1207 1289/825/1207
f 1307/824/1208 1305/827/1208 1301/826/1208 1304/817/1208
f 1297/822/1209 1298/828/1209 1305/827/1209 1307/824/1209
f 1296/811/1210 1293/812/1210 1298/828/1210 1297/822/1210
f 1293/812/1211 1294/807/1211 1299/829/1211 1298/828/1211
f 1298/828/1212 1299/829/1212 1308/830/1212 1305/827/1212
f 1305/827/1213 1308/830/1213 1302/831/1213 1301/826/1213
f 1308/830/1214 1306/800/1214 1303/804/1214 1302/831/1214
f 1299/829/1215 1300/803/1215 1306/800/1215 1308/830/1215
f 1294/807/1216 1295/808/1216 1300/803/1216 1299/829/1216
f 1280/809/1217 1274/833/1217 1283/832/1217 1295/808/1217
f 1304/817/1218 1301/826/1218 1286/834/1218 1278/816/1218
f 1302/831/1219 1303/804/1219 1282/814/1219 1290/835/1219
f 1301/826/1220 1302/831/1220 1290/835/1220 1286/834/1220
f 1285/823/1221 1289/825/1221 1243/776/1221 1253/781/1221
f 1277/820/1222 1285/823/1222 1253/781/1222 1263/794/1222
f 1275/821/1223 1277/820/1223 1263/794/1223 1073/585/1223
f 1073/585/1224 1083/586/1224 1284/810/1224 1275/821/1224
f 1292/813/1225 1284/810/1225 1083/586/1225 1093/607/1225
f 1093/607/1226 1103/613/1226 1288/806/1226 1292/813/1226
f 1280/809/1227 1288/806/1227 1103/613/1227 1113/628/1227
f 1274/833/1228 1280/809/1228 1113/628/1228 1123/643/1228
f 1289/825/1229 1281/818/1229 1233/761/1229 1243/776/1229
f 1281/818/1230 1276/819/1230 1223/748/1230 1233/761/1230
f 1276/819/1231 1278/816/1231 1213/743/1231 1223/748/1231
f 1278/816/1232 1286/834/1232 1203/728/1232 1213/743/1232
f 1286/834/1233 1290/835/1233 1193/714/1233 1203/728/1233
f 1290/835/1234 1282/814/1234 1183/709/1234 1193/714/1234
f 1282/814/1235 1273/815/1235 1173/694/1235 1183/709/1235
f 1273/815/1236 1279/805/1236 1163/681/1236 1173/694/1236
f 1153/676/1237 1163/681/1237 1279/805/1237 1287/801/1237
f 1287/801/1238 1291/802/1238 1143/661/1238 1153/676/1238
f 1291/802/1239 1283/832/1239 1133/648/1239 1143/661/1239
f 1123/643/1240 1133/648/1240 1283/832/1240 1274/833/1240
f 1300/803/1241 1295/808/1241 1283/832/1241 1291/802/1241
f 1074/591/1242 1084/592/1242 1310/587/1242 1309/584/1242
f 1084/592/1243 1094/610/1243 1311/608/1243 1310/587/1243
f 1094/610/1244 1104/617/1244 1312/614/1244 1311/608/1244
f 1104/617/1245 1114/631/1245 1313/629/1245 1312/614/1245
f 1114/631/1246 1124/645/1246 1314/644/1246 1313/629/1246
f 1124/645/1247 1134/651/1247 1315/649/1247 1314/644/1247
f 1134/651/1248 1144/664/1248 1316/662/1248 1315/649/1248
f 1144/664/1249 1154/678/1249 1317/677/1249 1316/662/1249
f 1154/678/1250 1164/684/1250 1318/682/1250 1317/677/1250
f 1164/684/1251 1174/697/1251 1319/695/1251 1318/682/1251
f 1174/697/1252 1184/711/1252 1320/710/1252 1319/695/1252
f 1184/711/1253 1194/717/1253 1321/715/1253 1320/710/1253
f 1194/717/1254 1204/731/1254 1322/729/1254 1321/715/1254
f 1204/731/1255 1214/736/1255 1323/744/1255 1322/729/1255
f 1214/736/1256 1224/751/1256 1324/749/1256 1323/744/1256
f 1224/751/1257 1234/764/1257 1325/762/1257 1324/749/1257
f 1234/764/1258 1244/769/1258 1326/777/1258 1325/762/1258
f 1244/769/1259 1254/784/1259 1327/782/1259 1326/777/1259
f 1254/784/1260 1264/797/1260 1328/795/1260 1327/782/1260
f 1264/797/1261 1074/591/1261 1309/584/1261 1328/795/1261
f 1336/1112/1262 1346/1113/1262 1345/1114/1262 1335/1115/1262
f 1565/1116/1263 1566/1117/1263 1339/1118/1263 1329/1119/1263
f 1337/1120/1264 1347/1121/1264 1346/1113/1264 1336/1112/1264
f 1585/1122/1265 1586/1123/1265 1340/1124/1265 1330/1125/1265
f 1338/1126/1266 1348/1127/1266 1347/1121/1266 1337/1120/1266
f 1332/1128/1267 1342/1129/1267 1341/1130/1267 1331/1131/1267
f 1333/1132/1268 1343/1133/1268 1342/1129/1268 1332/1128/1268
f 1334/1134/1269 1344/1135/1269 1343/1133/1269 1333/1132/1269
f 1335/1115/1270 1345/1114/1270 1344/1135/1270 1334/1134/1270
f 1343/1133/1271 1353/1136/1271 1352/1137/1271 1342/1129/1271
f 1344/1135/1272 1354/1138/1272 1353/1136/1272 1343/1133/1272
f 1345/1114/1273 1355/1139/1273 1354/1138/1273 1344/1135/1273
f 1346/1113/1274 1356/1140/1274 1355/1139/1274 1345/1114/1274
f 1566/1117/1275 1567/1141/1275 1349/1142/1275 1339/1118/1275
f 1347/1121/1276 1357/1143/1276 1356/1140/1276 1346/1113/1276
f 1586/1123/1277 1587/1144/1277 1350/1145/1277 1340/1124/1277
f 1348/1127/1278 1358/1146/1278 1357/1143/1278 1347/1121/1278
f 1342/1129/1279 1352/1137/1279 1351/1147/1279 1341/1130/1279
f 1567/1141/1280 1568/1148/1280 1359/1149/1280 1349/1142/1280
f 1357/1143/1281 1367/1150/1281 1366/1151/1281 1356/1140/1281
f 1587/1144/1282 1588/1152/1282 1360/1153/1282 1350/1145/1282
f 1358/1146/1283 1368/1154/1283 1367/1150/1283 1357/1143/1283
f 1352/1137/1284 1362/1155/1284 1361/1156/1284 1351/1147/1284
f 1353/1136/1285 1363/1157/1285 1362/1155/1285 1352/1137/1285
f 1354/1138/1286 1364/1158/1286 1363/1157/1286 1353/1136/1286
f 1355/1139/1287 1365/1159/1287 1364/1158/1287 1354/1138/1287
f 1356/1140/1288 1366/1151/1288 1365/1159/1288 1355/1139/1288
f 1364/1158/1289 1374/1160/1289 1373/1161/1289 1363/1157/1289
f 1365/1159/1290 1375/1162/1290 1374/1160/1290 1364/1158/1290
f 1366/1151/1291 1376/1163/1291 1375/1162/1291 1365/1159/1291
f 1568/1148/1292 1569/1164/1292 1369/1165/1292 1359/1149/1292
f 1367/1150/1293 1377/1166/1293 1376/1163/1293 1366/1151/1293
f 1588/1152/1294 1589/1167/1294 1370/1168/1294 1360/1153/1294
f 1368/1154/1295 1378/1169/1295 1377/1166/1295 1367/1150/1295
f 1362/1155/1296 1372/1170/1296 1371/1171/1296 1361/1156/1296
f 1363/1157/1297 1373/1161/1297 1372/1170/1297 1362/1155/1297
f 1378/1169/1298 1388/1172/1298 1387/1173/1298 1377/1166/1298
f 1372/1170/1299 1382/1174/1299 1381/1175/1299 1371/1171/1299
f 1373/1161/1300 1383/1176/1300 1382/1174/1300 1372/1170/1300
f 1374/1160/1301 1384/1177/1301 1383/1176/1301 1373/1161/1301
f 1375/1162/1302 1385/1178/1302 1384/1177/1302 1374/1160/1302
f 1376/1163/1303 1386/1179/1303 1385/1178/1303 1375/1162/1303
f 1569/1164/1304 1570/1180/1304 1379/1181/1304 1369/1165/1304
f 1377/1166/1305 1387/1173/1305 1386/1179/1305 1376/1163/1305
f 1589/1167/1306 1590/1182/1306 1380/1183/1306 1370/1168/1306
f 1386/1179/1307 1396/1184/1307 1395/1185/1307 1385/1178/1307
f 1570/1180/1308 1571/1186/1308 1389/1187/1308 1379/1181/1308
f 1387/1173/1309 1397/1188/1309 1396/1184/1309 1386/1179/1309
f 1590/1182/1310 1591/1189/1310 1390/1190/1310 1380/1183/1310
f 1388/1172/1311 1398/1191/1311 1397/1188/1311 1387/1173/1311
f 1382/1174/1312 1392/1192/1312 1391/1193/1312 1381/1175/1312
f 1383/1176/1313 1393/1194/1313 1392/1192/1313 1382/1174/1313
f 1384/1177/1314 1394/1195/1314 1393/1194/1314 1383/1176/1314
f 1385/1178/1315 1395/1185/1315 1394/1195/1315 1384/1177/1315
f 1394/1195/1316 1404/1196/1316 1403/1197/1316 1393/1194/1316
f 1395/1185/1317 1405/1198/1317 1404/1196/1317 1394/1195/1317
f 1396/1184/1318 1406/1199/1318 1405/1198/1318 1395/1185/1318
f 1571/1186/1319 1572/1200/1319 1399/1201/1319 1389/1187/1319
f 1397/1188/1320 1407/1202/1320 1406/1199/1320 1396/1184/1320
f 1591/1189/1321 1592/1203/1321 1400/1204/1321 1390/1190/1321
f 1398/1191/1322 1408/1205/1322 1407/1202/1322 1397/1188/1322
f 1392/1192/1323 1402/1206/1323 1401/1207/1323 1391/1193/1323
f 1393/1194/1324 1403/1197/1324 1402/1206/1324 1392/1192/1324
f 1408/1205/1325 1418/1208/1325 1417/1209/1325 1407/1202/1325
f 1402/1206/1326 1412/1210/1326 1411/1211/1326 1401/1207/1326
f 1403/1197/1327 1413/1212/1327 1412/1210/1327 1402/1206/1327
f 1404/1196/1328 1414/1213/1328 1413/1212/1328 1403/1197/1328
f 1405/1198/1329 1415/1214/1329 1414/1213/1329 1404/1196/1329
f 1406/1199/1330 1416/1215/1330 1415/1214/1330 1405/1198/1330
f 1572/1200/1331 1573/1216/1331 1409/1217/1331 1399/1201/1331
f 1407/1202/1332 1417/1209/1332 1416/1215/1332 1406/1199/1332
f 1592/1203/1333 1593/1218/1333 1410/1219/1333 1400/1204/1333
f 1416/1215/1334 1426/1220/1334 1425/1221/1334 1415/1214/1334
f 1573/1216/1335 1574/1222/1335 1419/1223/1335 1409/1217/1335
f 1417/1209/1336 1427/1224/1336 1426/1220/1336 1416/1215/1336
f 1593/1218/1337 1594/1225/1337 1420/1226/1337 1410/1219/1337
f 1418/1208/1338 1428/1227/1338 1427/1224/1338 1417/1209/1338
f 1412/1210/1339 1422/1228/1339 1421/1229/1339 1411/1211/1339
f 1413/1212/1340 1423/1230/1340 1422/1228/1340 1412/1210/1340
f 1414/1213/1341 1424/1231/1341 1423/1230/1341 1413/1212/1341
f 1415/1214/1342 1425/1221/1342 1424/1231/1342 1414/1213/1342
f 1424/1231/1343 1434/1232/1343 1433/1233/1343 1423/1230/1343
f 1425/1221/1344 1435/1234/1344 1434/1232/1344 1424/1231/1344
f 1426/1220/1345 1436/1235/1345 1435/1234/1345 1425/1221/1345
f 1574/1222/1346 1575/1236/1346 1429/1237/1346 1419/1223/1346
f 1427/1224/1347 1437/1238/1347 1436/1235/1347 1426/1220/1347
f 1594/1225/1348 1595/1239/1348 1430/1240/1348 1420/1226/1348
f 1428/1227/1349 1438/1241/1349 1437/1238/1349 1427/1224/1349
f 1422/1228/1350 1432/1242/1350 1431/1243/1350 1421/1229/1350
f 1423/1230/1351 1433/1233/1351 1432/1242/1351 1422/1228/1351
f 1438/1241/1352 1448/1244/1352 1447/1245/1352 1437/1238/1352
f 1432/1242/1353 1442/1246/1353 1441/1247/1353 1431/1243/1353
f 1433/1233/1354 1443/1248/1354 1442/1246/1354 1432/1242/1354
f 1434/1232/1355 1444/1249/1355 1443/1248/1355 1433/1233/1355
f 1435/1234/1356 1445/1250/1356 1444/1249/1356 1434/1232/1356
f 1436/1235/1357 1446/1251/1357 1445/1250/1357 1435/1234/1357
f 1575/1236/1358 1576/1252/1358 1439/1253/1358 1429/1237/1358
f 1437/1238/1359 1447/1245/1359 1446/1251/1359 1436/1235/1359
f 1595/1239/856 1596/1254/856 1440/1255/856 1430/1240/856
f 1446/1251/1360 1456/1256/1360 1455/1257/1360 1445/1250/1360
f 1576/1252/1361 1577/1258/1361 1449/1259/1361 1439/1253/1361
f 1447/1245/1362 1457/1260/1362 1456/1256/1362 1446/1251/1362
f 1596/1254/1363 1597/1261/1363 1450/1262/1363 1440/1255/1363
f 1448/1244/1364 1458/1263/1364 1457/1260/1364 1447/1245/1364
f 1442/1246/1365 1452/1264/1365 1451/1265/1365 1441/1247/1365
f 1443/1248/1366 1453/1266/1366 1452/1264/1366 1442/1246/1366
f 1444/1249/1367 1454/1267/1367 1453/1266/1367 1443/1248/1367
f 1445/1250/1368 1455/1257/1368 1454/1267/1368 1444/1249/1368
f 1453/1266/1369 1463/1268/1369 1462/1269/1369 1452/1264/1369
f 1454/1267/1370 1464/1270/1370 1463/1268/1370 1453/1266/1370
f 1455/1257/1371 1465/1271/1371 1464/1270/1371 1454/1267/1371
f 1456/1256/1372 1466/1272/1372 1465/1271/1372 1455/1257/1372
f 1577/1258/1373 1578/1273/1373 1459/1274/1373 1449/1259/1373
f 1457/1260/1374 1467/1275/1374 1466/1272/1374 1456/1256/1374
f 1597/1261/1375 1598/1276/1375 1460/1277/1375 1450/1262/1375
f 1458/1263/1376 1468/1278/1376 1467/1275/1376 1457/1260/1376
f 1452/1264/1377 1462/1269/1377 1461/1279/1377 1451/1265/1377
f 1467/1275/1378 1477/1280/1378 1476/1281/1378 1466/1272/1378
f 1598/1276/1379 1599/1282/1379 1470/1283/1379 1460/1277/1379
f 1468/1278/1380 1478/1284/1380 1477/1280/1380 1467/1275/1380
f 1462/1269/1381 1472/1285/1381 1471/1286/1381 1461/1279/1381
f 1463/1268/1382 1473/1287/1382 1472/1285/1382 1462/1269/1382
f 1464/1270/1383 1474/1288/1383 1473/1287/1383 1463/1268/1383
f 1465/1271/1384 1475/1289/1384 1474/1288/1384 1464/1270/1384
f 1466/1272/1385 1476/1281/1385 1475/1289/1385 1465/1271/1385
f 1578/1273/1386 1579/1290/1386 1469/1291/1386 1459/1274/1386
f 1475/1289/1387 1485/1292/1387 1484/1293/1387 1474/1288/1387
f 1476/1281/1388 1486/1294/1388 1485/1292/1388 1475/1289/1388
f 1579/1290/1389 1580/1295/1389 1479/1296/1389 1469/1291/1389
f 1477/1280/1390 1487/1297/1390 1486/1294/1390 1476/1281/1390
f 1599/1282/856 1600/1298/856 1480/1299/856 1470/1283/856
f 1478/1284/1391 1488/1300/1391 1487/1297/1391 1477/1280/1391
f 1472/1285/1392 1482/1301/1392 1481/1302/1392 1471/1286/1392
f 1473/1287/1393 1483/1303/1393 1482/1301/1393 1472/1285/1393
f 1474/1288/1394 1484/1293/1394 1483/1303/1394 1473/1287/1394
f 1483/1303/1395 1493/1304/1395 1492/1305/1395 1482/1301/1395
f 1484/1293/1396 1494/1306/1396 1493/1304/1396 1483/1303/1396
f 1485/1292/1397 1495/1307/1397 1494/1306/1397 1484/1293/1397
f 1486/1294/1398 1496/1308/1398 1495/1307/1398 1485/1292/1398
f 1580/1295/1399 1581/1309/1399 1489/1310/1399 1479/1296/1399
f 1487/1297/1400 1497/1311/1400 1496/1308/1400 1486/1294/1400
f 1600/1298/1401 1601/1312/1401 1490/1313/1401 1480/1299/1401
f 1488/1300/1402 1498/1314/1402 1497/1311/1402 1487/1297/1402
f 1482/1301/1403 1492/1305/1403 1491/1315/1403 1481/1302/1403
f 1497/1311/1404 1507/1316/1404 1506/1317/1404 1496/1308/1404
f 1601/1312/1405 1602/1318/1405 1500/1319/1405 1490/1313/1405
f 1498/1314/1406 1508/1320/1406 1507/1316/1406 1497/1311/1406
f 1492/1305/1407 1502/1321/1407 1501/1322/1407 1491/1315/1407
f 1493/1304/1408 1503/1323/1408 1502/1321/1408 1492/1305/1408
f 1494/1306/1409 1504/1324/1409 1503/1323/1409 1493/1304/1409
f 1495/1307/1410 1505/1325/1410 1504/1324/1410 1494/1306/1410
f 1496/1308/1411 1506/1317/1411 1505/1325/1411 1495/1307/1411
f 1581/1309/1412 1582/1326/1412 1499/1327/1412 1489/1310/1412
f 1505/1325/1413 1515/1328/1413 1514/1329/1413 1504/1324/1413
f 1506/1317/1414 1516/1330/1414 1515/1328/1414 1505/1325/1414
f 1582/1326/1415 1583/1331/1415 1509/1332/1415 1499/1327/1415
f 1507/1316/1416 1517/1333/1416 1516/1330/1416 1506/1317/1416
f 1602/1318/1417 1603/1334/1417 1510/1335/1417 1500/1319/1417
f 1508/1320/1418 1518/1336/1418 1517/1333/1418 1507/1316/1418
f 1502/1321/1419 1512/1337/1419 1511/1338/1419 1501/1322/1419
f 1503/1323/1420 1513/1339/1420 1512/1337/1420 1502/1321/1420
f 1504/1324/1421 1514/1329/1421 1513/1339/1421 1503/1323/1421
f 1513/1339/1422 1523/1340/1422 1522/1341/1422 1512/1337/1422
f 1514/1329/1423 1524/1342/1423 1523/1340/1423 1513/1339/1423
f 1515/1328/1424 1525/1343/1424 1524/1342/1424 1514/1329/1424
f 1516/1330/1425 1526/1344/1425 1525/1343/1425 1515/1328/1425
f 1583/1331/1426 1584/1345/1426 1519/1346/1426 1509/1332/1426
f 1517/1333/1427 1527/1347/1427 1526/1344/1427 1516/1330/1427
f 1603/1334/1428 1604/1348/1428 1520/1349/1428 1510/1335/1428
f 1518/1336/1429 1528/1350/1429 1527/1347/1429 1517/1333/1429
f 1512/1337/1430 1522/1341/1430 1521/1351/1430 1511/1338/1430
f 1527/1347/1431 1337/1120/1431 1336/1112/1431 1526/1344/1431
f 1604/1348/1432 1585/1122/1432 1330/1125/1432 1520/1349/1432
f 1528/1350/1433 1338/1126/1433 1337/1120/1433 1527/1347/1433
f 1522/1341/1434 1332/1128/1434 1331/1131/1434 1521/1351/1434
f 1523/1340/1435 1333/1132/1435 1332/1128/1435 1522/1341/1435
f 1524/1342/1436 1334/1134/1436 1333/1132/1436 1523/1340/1436
f 1525/1343/1437 1335/1115/1437 1334/1134/1437 1524/1342/1437
f 1526/1344/1438 1336/1112/1438 1335/1115/1438 1525/1343/1438
f 1584/1345/1439 1565/1116/1439 1329/1119/1439 1519/1346/1439
f 1562/1352/1440 1556/1353/1440 1547/1354/1440 1543/1355/1440
f 1559/1356/1441 1562/1352/1441 1543/1355/1441 1535/1357/1441
f 1544/1358/1442 1536/1359/1442 1551/1360/1442 1550/1361/1442
f 1540/1362/1443 1548/1363/1443 1549/1364/1443 1552/1365/1443
f 1548/1363/1444 1544/1358/1444 1550/1361/1444 1549/1364/1444
f 1535/1357/1445 1529/1366/1445 1538/1367/1445 1559/1356/1445
f 1534/1368/943 1532/1369/943 1537/1370/943 1560/1371/943
f 1533/1372/1446 1531/1373/1446 1540/1362/1446 1552/1365/1446
f 1553/1374/1447 1541/1375/1447 1533/1372/1447 1552/1365/1447
f 1563/1376/1448 1545/1377/1448 1541/1375/1448 1553/1374/1448
f 1563/1376/1449 1560/1371/1449 1537/1370/1449 1545/1377/1449
f 1563/1376/856 1561/1378/856 1557/1379/856 1560/1371/856
f 1553/1374/1450 1554/1380/1450 1561/1378/1450 1563/1376/1450
f 1552/1365/1451 1549/1364/1451 1554/1380/1451 1553/1374/1451
f 1549/1364/1452 1550/1361/1452 1555/1381/1452 1554/1380/1452
f 1554/1380/856 1555/1381/856 1564/1382/856 1561/1378/856
f 1561/1378/856 1564/1382/856 1558/1383/856 1557/1379/856
f 1564/1382/856 1562/1352/856 1559/1356/856 1558/1383/856
f 1555/1381/951 1556/1353/951 1562/1352/951 1564/1382/951
f 1550/1361/952 1551/1360/952 1556/1353/952 1555/1381/952
f 1536/1359/1453 1530/1384/1453 1539/1385/1453 1551/1360/1453
f 1560/1371/1454 1557/1379/1454 1542/1386/1454 1534/1368/1454
f 1558/1383/948 1559/1356/948 1538/1367/948 1546/1387/948
f 1557/1379/1455 1558/1383/1455 1546/1387/1455 1542/1386/1455
f 1541/1375/1456 1545/1377/1456 1499/1327/1456 1509/1332/1456
f 1533/1372/1457 1541/1375/1457 1509/1332/1457 1519/1346/1457
f 1531/1373/1458 1533/1372/1458 1519/1346/1458 1329/1119/1458
f 1329/1119/1459 1339/1118/1459 1540/1362/1459 1531/1373/1459
f 1548/1363/1460 1540/1362/1460 1339/1118/1460 1349/1142/1460
f 1349/1142/1461 1359/1149/1461 1544/1358/1461 1548/1363/1461
f 1536/1359/1462 1544/1358/1462 1359/1149/1462 1369/1165/1462
f 1530/1384/1463 1536/1359/1463 1369/1165/1463 1379/1181/1463
f 1545/1377/1464 1537/1370/1464 1489/1310/1464 1499/1327/1464
f 1537/1370/1465 1532/1369/1465 1479/1296/1465 1489/1310/1465
f 1532/1369/1466 1534/1368/1466 1469/1291/1466 1479/1296/1466
f 1534/1368/1467 1542/1386/1467 1459/1274/1467 1469/1291/1467
f 1542/1386/1468 1546/1387/1468 1449/1259/1468 1459/1274/1468
f 1546/1387/1469 1538/1367/1469 1439/1253/1469 1449/1259/1469
f 1538/1367/1470 1529/1366/1470 1429/1237/1470 1439/1253/1470
f 1529/1366/1471 1535/1357/1471 1419/1223/1471 1429/1237/1471
f 1409/1217/1472 1419/1223/1472 1535/1357/1472 1543/1355/1472
f 1543/1355/1473 1547/1354/1473 1399/1201/1473 1409/1217/1473
f 1547/1354/1474 1539/1385/1474 1389/1187/1474 1399/1201/1474
f 1379/1181/1475 1389/1187/1475 1539/1385/1475 1530/1384/1475
f 1556/1353/976 1551/1360/976 1539/1385/976 1547/1354/976
f 1330/1125/1476 1340/1124/1476 1566/1117/1476 1565/1116/1476
f 1340/1124/1477 1350/1145/1477 1567/1141/1477 1566/1117/1477
f 1350/1145/1478 1360/1153/1478 1568/1148/1478 1567/1141/1478
f 1360/1153/1479 1370/1168/1479 1569/1164/1479 1568/1148/1479
f 1370/1168/1480 1380/1183/1480 1570/1180/1480 1569/1164/1480
f 1380/1183/1481 1390/1190/1481 1571/1186/1481 1570/1180/1481
f 1390/1190/1482 1400/1204/1482 1572/1200/1482 1571/1186/1482
f 1400/1204/1483 1410/1219/1483 1573/1216/1483 1572/1200/1483
f 1410/1219/1484 1420/1226/1484 1574/1222/1484 1573/1216/1484
f 1420/1226/1485 1430/1240/1485 1575/1236/1485 1574/1222/1485
f 1430/1240/1486 1440/1255/1486 1576/1252/1486 1575/1236/1486
f 1440/1255/1487 1450/1262/1487 1577/1258/1487 1576/1252/1487
f 1450/1262/1488 1460/1277/1488 1578/1273/1488 1577/1258/1488
f 1460/1277/1489 1470/1283/1489 1579/1290/1489 1578/1273/1489
f 1470/1283/1490 1480/1299/1490 1580/1295/1490 1579/1290/1490
f 1480/1299/1491 1490/1313/1491 1581/1309/1491 1580/1295/1491
f 1490/1313/1492 1500/1319/1492 1582/1326/1492 1581/1309/1492
f 1500/1319/1493 1510/1335/1493 1583/1331/1493 1582/1326/1493
f 1510/1335/1494 1520/1349/1494 1584/1345/1494 1583/1331/1494
f 1520/1349/1495 1330/1125/1495 1565/1116/1495 1584/1345/1495
f 1331/1131/1496 1341/1130/1496 1586/1123/1496 1585/1122/1496
f 1341/1130/1497 1351/1147/1497 1587/1144/1497 1586/1123/1497
f 1351/1147/1498 1361/1156/1498 1588/1152/1498 1587/1144/1498
f 1361/1156/1499 1371/1171/1499 1589/1167/1499 1588/1152/1499
f 1371/1171/1500 1381/1175/1500 1590/1182/1500 1589/1167/1500
f 1381/1175/1501 1391/1193/1501 1591/1189/1501 1590/1182/1501
f 1391/1193/1502 1401/1207/1502 1592/1203/1502 1591/1189/1502
f 1401/1207/1503 1411/1211/1503 1593/1218/1503 1592/1203/1503
f 1411/1211/1504 1421/1229/1504 1594/1225/1504 1593/1218/1504
f 1421/1229/1505 1431/1243/1505 1595/1239/1505 1594/1225/1505
f 1431/1243/1506 1441/1247/1506 1596/1254/1506 1595/1239/1506
f 1441/1247/1507 1451/1265/1507 1597/1261/1507 1596/1254/1507
f 1451/1265/1508 1461/1279/1508 1598/1276/1508 1597/1261/1508
f 1461/1279/1509 1471/1286/1509 1599/1282/1509 1598/1276/1509
f 1471/1286/1510 1481/1302/1510 1600/1298/1510 1599/1282/1510
f 1481/1302/1511 1491/1315/1511 1601/1312/1511 1600/1298/1511
f 1491/1315/1512 1501/1322/1512 1602/1318/1512 1601/1312/1512
f 1501/1322/1513 1511/1338/1513 1603/1334/1513 1602/1318/1513
f 1511/1338/1514 1521/1351/1514 1604/1348/1514 1603/1334/1514
f 1521/1351/1515 1331/1131/1515 1585/1122/1515 1604/1348/1515
