vertex,c3_baseline_x,c3_baseline_y,c3_baseline_z,c3_deformed_x,c3_deformed_y,c3_deformed_z,c5_deformed_x,c5_deformed_y,c5_deformed_z,c3_c5_error
0,0.76227261,0.5749884,0.02005106,0.75717296,0.55525779,0.0130082,0.75717296,0.55525779,0.0130082,0.0
1,0.75509237,0.55906334,0.02672818,0.74896251,0.54015693,0.01862745,0.74896251,0.54015693,0.01862745,0.0
2,0.69056583,0.53269269,0.17304988,0.67738474,0.51825922,0.11277328,0.67738474,0.51825922,0.11277328,0.0
3,0.67612497,0.54640796,0.21602851,0.66325057,0.53094094,0.1472959,0.66325057,0.53094094,0.1472959,0.0
4,0.7363819,0.54003824,0.07542128,0.72835145,0.5223566,0.06534073,0.72835145,0.5223566,0.06534073,0.0
5,0.75337829,0.57366975,0.01797497,0.74705226,0.55427269,0.0099226,0.74705226,0.55427269,0.0099226,0.0
6,0.73279856,0.57215132,0.0444424,0.72506253,0.55332683,0.03454129,0.72506253,0.55332683,0.03454129,0.0
7,0.677505,0.53481758,0.15682862,0.66286731,0.52407908,0.10073395,0.66286731,0.52407908,0.10073395,0.0
8,0.65668195,0.54718978,0.2055304,0.64270327,0.53452576,0.1363585,0.64270327,0.53452576,0.1363585,0.0
9,0.69988055,0.55614501,0.0859086,0.69016675,0.53754,0.07013818,0.69016675,0.53754,0.07013818,0.0
10,0.65618307,0.56350293,0.17576381,0.64318638,0.54693023,0.11279646,0.64318638,0.54693023,0.11279646,0.0
11,0.67110634,0.55980871,0.15617631,0.65916437,0.54017209,0.09943526,0.65916437,0.54017209,0.09943526,0.0
12,0.70150439,0.56721786,0.09170469,0.69163979,0.54741262,0.07443638,0.69163979,0.54741262,0.07443638,0.0
13,0.73236897,0.587612,0.05072112,0.72502843,0.56777944,0.04123661,0.72502843,0.56777944,0.04123661,0.0
14,0.74815452,0.57938587,0.02711503,0.74126123,0.55947255,0.0180507,0.74126123,0.55947255,0.0180507,0.0
15,0.6517164,0.57295056,0.1915337,0.63908451,0.55611145,0.12447143,0.63908451,0.55611145,0.12447143,0.0
16,0.69770919,0.56932307,0.15286295,0.68966995,0.5397522,0.10430766,0.68966995,0.5397522,0.10430766,0.0
17,0.71504746,0.56843587,0.1064747,0.70604137,0.54571228,0.08584602,0.70604137,0.54571228,0.08584602,0.0
18,0.74431898,0.5728165,0.05918834,0.73728292,0.55333955,0.05004259,0.73728292,0.55333955,0.05004259,0.0
19,0.75981719,0.58330663,0.02642362,0.75451751,0.56215331,0.0188355,0.75451751,0.56215331,0.0188355,0.0
20,0.76837447,0.56926911,0.07534293,0.76846689,0.5484139,0.06845536,0.76846689,0.5484139,0.06845536,0.0
21,0.7486599,0.33020697,-0.01355624,0.74108414,0.35382035,-0.02034142,0.74108414,0.35382035,-0.02034142,0.0
22,0.74042723,0.33757178,-0.00331809,0.73266253,0.36023224,-0.01335794,0.73266253,0.36023224,-0.01335794,0.0
23,0.7136381,0.32962747,-0.01596036,0.70229028,0.35428505,-0.02586352,0.70229028,0.35428505,-0.02586352,0.0
24,0.7190435,0.32030932,-0.02446886,0.70767369,0.34637974,-0.03177178,0.70767369,0.34637974,-0.03177178,0.0
25,0.76280578,0.35686936,0.00334078,0.7579252,0.37550272,-0.00612044,0.7579252,0.37550272,-0.00612044,0.0
26,0.75184192,0.3533512,0.00290077,0.74576782,0.37292212,-0.0075593,0.74576782,0.37292212,-0.0075593,0.0
27,0.73833629,0.36664261,-0.00962187,0.73026007,0.38398501,-0.01888525,0.73026007,0.38398501,-0.01888525,0.0
28,0.72901543,0.35802311,-0.01313735,0.71968924,0.37713728,-0.02246714,0.71968924,0.37713728,-0.02246714,0.0
29,0.68327961,0.35989218,-0.01360925,0.66921021,0.37993294,-0.02764569,0.66921021,0.37993294,-0.02764569,0.0
30,0.6597153,0.33194397,-0.00711059,0.64332578,0.35781955,-0.02466885,0.64332578,0.35781955,-0.02466885,0.0
31,0.6750387,0.33625238,-0.01241779,0.6599654,0.36083668,-0.02724664,0.6599654,0.36083668,-0.02724664,0.0
32,0.6872327,0.35273957,-0.01665138,0.67332837,0.37392352,-0.02949203,0.67332837,0.37392352,-0.02949203,0.0
33,0.69269043,0.32004212,-0.02282968,0.6786848,0.34692067,-0.03325219,0.6786848,0.34692067,-0.03325219,0.0
34,0.69464047,0.33178451,-0.02417735,0.68086841,0.35645448,-0.03426134,0.68086841,0.35645448,-0.03426134,0.0
35,0.71310596,0.366792,-0.01832663,0.70191287,0.3846771,-0.02828582,0.70191287,0.3846771,-0.02828582,0.0
36,0.71036515,0.35594004,-0.01999433,0.69868996,0.37584754,-0.02971275,0.69868996,0.37584754,-0.02971275,0.0
37,0.44653666,0.37292496,0.25175616,0.42365892,0.40124292,0.15331374,0.42365892,0.40124292,0.15331374,0.0
38,0.45351445,0.32852814,0.24396524,0.43048628,0.36461576,0.14862626,0.43048628,0.36461576,0.14862626,0.0
39,0.46777912,0.43416377,0.22827386,0.44628889,0.45038425,0.13645508,0.44628889,0.45038425,0.13645508,0.0
40,0.53015794,0.35839512,0.14874406,0.50974419,0.38545838,0.08235288,0.50974419,0.38545838,0.08235288,0.0
41,0.53074919,0.40523755,0.14606,0.51067548,0.42371831,0.07967026,0.51067548,0.42371831,0.07967026,0.0
42,0.54287802,0.51364986,0.14359293,0.52491238,0.51202951,0.07748995,0.52491238,0.51202951,0.07748995,0.0
43,0.48869925,0.31122412,0.21564992,0.46747836,0.34905014,0.13058754,0.46747836,0.34905014,0.13058754,0.0
44,0.49276304,0.46973471,0.19029083,0.47195981,0.47820716,0.1090985,0.47195981,0.47820716,0.1090985,0.0
45,0.46490045,0.34686648,0.22946403,0.44237073,0.37907763,0.138309,0.44237073,0.37907763,0.138309,0.0
46,0.48105301,0.35056766,0.21298288,0.4592591,0.38140391,0.12716175,0.4592591,0.38140391,0.12716175,0.0
47,0.49623939,0.38886721,0.22717467,0.47718958,0.41252379,0.13922527,0.47718958,0.41252379,0.13922527,0.0
48,0.46012626,0.37895279,0.2278844,0.43731373,0.40543167,0.13613007,0.43731373,0.40543167,0.13613007,0.0
49,0.47685492,0.43844124,0.22288867,0.45602382,0.45354834,0.1331674,0.45602382,0.45354834,0.1331674,0.0
50,0.48323838,0.45122153,0.19052293,0.46129837,0.46333275,0.10854176,0.46129837,0.46333275,0.10854176,0.0
51,0.49863836,0.36528703,0.19287062,0.4776186,0.39264726,0.11319179,0.4776186,0.39264726,0.11319179,0.0
52,0.5048934,0.39362211,0.18387632,0.4842568,0.41551317,0.1064684,0.4842568,0.41551317,0.1064684,0.0
53,0.49586197,0.45224804,0.18001063,0.47461684,0.46366107,0.1016934,0.47461684,0.46366107,0.1016934,0.0
54,0.8140877,0.5396162,-0.04613108,0.81336364,0.52291058,-0.04172952,0.81336364,0.52291058,-0.04172952,0.0
55,0.78655376,0.54843524,-0.04701216,0.78299844,0.53087904,-0.04542355,0.78299844,0.53087904,-0.04542355,0.0
56,0.79336793,0.53205319,-0.04730558,0.79035337,0.51727697,-0.04471226,0.79035337,0.51727697,-0.04471226,0.0
57,0.77520706,0.58510472,-0.03822326,0.77133136,0.56133641,-0.04029684,0.77133136,0.56133641,-0.04029684,0.0
58,0.77184171,0.6068467,-0.02754138,0.76844458,0.57938266,-0.03266398,0.76844458,0.57938266,-0.03266398,0.0
59,0.72473391,0.56244277,-0.02627236,0.71610473,0.54436406,-0.03599776,0.71610473,0.54436406,-0.03599776,0.0
60,0.712062,0.56104679,-0.0254955,0.70215222,0.54358374,-0.03670403,0.70215222,0.54358374,-0.03670403,0.0
61,0.71143673,0.55174784,-0.02672587,0.70130324,0.53597209,-0.03759446,0.70130324,0.53597209,-0.03759446,0.0
62,0.72776354,0.55617442,-0.02994938,0.71917577,0.53909504,-0.0384473,0.71917577,0.53909504,-0.0384473,0.0
63,0.73409451,0.57334869,-0.02959704,0.72634538,0.55298123,-0.03775016,0.72634538,0.55298123,-0.03775016,0.0
64,0.72190906,0.57761757,-0.02603004,0.71314506,0.55686523,-0.0363195,0.71314506,0.55686523,-0.0363195,0.0
65,0.75671424,0.53198638,-0.0402027,0.75030653,0.51834356,-0.04303818,0.75030653,0.51834356,-0.04303818,0.0
66,0.75600879,0.54804569,-0.04231796,0.74955377,0.53147575,-0.04497677,0.74955377,0.53147575,-0.04497677,0.0
67,0.7455981,0.59735763,-0.02826284,0.73934774,0.57233224,-0.03584543,0.73934774,0.57233224,-0.03584543,0.0
68,0.74978236,0.57901711,-0.0343848,0.74343523,0.55711504,-0.0399006,0.74343523,0.55711504,-0.0399006,0.0
69,0.7767001,0.56156536,-0.03297473,0.77306002,0.54210832,-0.03573807,0.77306002,0.54210832,-0.03573807,0.0
70,0.75169774,0.56045666,-0.03193826,0.74551491,0.54190804,-0.03754113,0.74551491,0.54190804,-0.03754113,0.0
71,0.77466579,0.56629843,-0.0286605,0.77111083,0.54610218,-0.03266439,0.77111083,0.54610218,-0.03266439,0.0
72,0.75235999,0.56516244,-0.02634743,0.7466156,0.54582444,-0.03319494,0.7466156,0.54582444,-0.03319494,0.0
73,0.80054876,0.33561399,-0.01105549,0.79854116,0.35683976,-0.01304644,0.79854116,0.35683976,-0.01304644,0.0
74,0.78781198,0.29163915,-0.0294507,0.78300534,0.3209296,-0.0280377,0.78300534,0.3209296,-0.0280377,0.0
75,0.6919119,0.56346025,-0.01850256,0.68034595,0.54622095,-0.03342197,0.68034595,0.54622095,-0.03342197,0.0
76,0.7144389,0.58636091,-0.0224139,0.70519487,0.56428146,-0.03441923,0.70519487,0.56428146,-0.03441923,0.0
77,0.76960898,0.61585255,-0.02002827,0.76650302,0.58692676,-0.02719302,0.76650302,0.58692676,-0.02719302,0.0
78,0.74034416,0.60403674,-0.0253395,0.73378313,0.57798742,-0.03422175,0.73378313,0.57798742,-0.03422175,0.0
79,0.64497095,0.32802973,-0.00158987,0.6273419,0.35511212,-0.02187044,0.6273419,0.35511212,-0.02187044,0.0
80,0.67318603,0.37329542,-0.00796463,0.65852657,0.39126792,-0.02451071,0.65852657,0.39126792,-0.02451071,0.0
81,0.78020886,0.35977587,0.00251616,0.77710956,0.37738472,-0.004981,0.77710956,0.37738472,-0.004981,0.0
82,0.76389185,0.31571857,-0.02058428,0.75735038,0.34143312,-0.02399914,0.75735038,0.34143312,-0.02399914,0.0
83,0.72191489,0.30379076,-0.03340761,0.71016803,0.33264681,-0.03817675,0.71016803,0.33264681,-0.03817675,0.0
84,0.72345742,0.27594596,-0.03591686,0.71146331,0.30978347,-0.03956863,0.71146331,0.30978347,-0.03956863,0.0
85,0.6868734,0.30356328,-0.02887351,0.67175921,0.33350676,-0.03831874,0.67175921,0.33350676,-0.03831874,0.0
86,0.67212148,0.27790575,-0.02237332,0.65562159,0.31302656,-0.03445358,0.65562159,0.31302656,-0.03445358,0.0
87,0.63014331,0.30369172,0.0077029,0.61129839,0.33575628,-0.0158653,0.61129839,0.33575628,-0.0158653,0.0
88,0.71590312,0.38294733,-0.00952342,0.70566263,0.39795373,-0.02138874,0.70566263,0.39795373,-0.02138874,0.0
89,0.74725806,0.37951126,-0.00332423,0.74059212,0.3943638,-0.01324542,0.74059212,0.3943638,-0.01324542,0.0
90,0.80299518,0.45991167,-0.06380638,0.79936173,0.45771354,-0.05553143,0.79936173,0.45771354,-0.05553143,0.0
91,0.80455242,0.43377785,-0.04891932,0.80169598,0.43650241,-0.04343403,0.80169598,0.43650241,-0.04343403,0.0
92,0.80172299,0.47955224,-0.06044729,0.79833472,0.47387505,-0.05332969,0.79833472,0.47387505,-0.05332969,0.0
93,0.80400977,0.48807277,-0.05173737,0.80144206,0.48091604,-0.04644155,0.80144206,0.48091604,-0.04644155,0.0
94,0.7864915,0.47723125,-0.0550397,0.78181268,0.47247854,-0.05069147,0.78181268,0.47247854,-0.05069147,0.0
95,0.78943797,0.47989027,-0.04734446,0.78553506,0.47468849,-0.04444177,0.78553506,0.47468849,-0.04444177,0.0
96,0.76787022,0.47886012,-0.03818674,0.76224857,0.47458044,-0.03957156,0.76224857,0.47458044,-0.03957156,0.0
97,0.77798966,0.48197178,-0.03319928,0.77373577,0.47692149,-0.034681,0.77373577,0.47692149,-0.034681,0.0
98,0.75767382,0.48502333,-0.0269348,0.75170301,0.48007623,-0.03198458,0.75170301,0.48007623,-0.03198458,0.0
99,0.77499914,0.49450423,-0.02963901,0.77075661,0.48731563,-0.03240173,0.77075661,0.48731563,-0.03240173,0.0
100,0.79066538,0.5218917,-0.04131008,0.78762472,0.509124,-0.0402006,0.78762472,0.509124,-0.0402006,0.0
101,0.79570069,0.50401521,-0.03602964,0.79332516,0.4944309,-0.03532751,0.79332516,0.4944309,-0.03532751,0.0
102,0.81947242,0.49572529,-0.04752162,0.8188259,0.48681382,-0.04165136,0.8188259,0.48681382,-0.04165136,0.0
103,0.79852744,0.49014638,-0.03969262,0.79610608,0.4829457,-0.03768697,0.79610608,0.4829457,-0.03768697,0.0
104,0.77780163,0.45915559,-0.05034459,0.77232368,0.45799477,-0.0477002,0.77232368,0.45799477,-0.0477002,0.0
105,0.78086746,0.43944002,-0.0378348,0.77624747,0.4419602,-0.03738356,0.77624747,0.4419602,-0.03738356,0.0
106,0.76256369,0.46345522,-0.03604445,0.75637231,0.46215095,-0.03824687,0.75637231,0.46215095,-0.03824687,0.0
107,0.72702809,0.68473772,0.01098211,0.72197219,0.64494102,-0.0085669,0.72197219,0.64494102,-0.0085669,0.0
108,0.69807785,0.68596278,0.04956032,0.69227899,0.6473179,0.01832289,0.69227899,0.6473179,0.01832289,0.0
109,0.68093434,0.66919214,0.03508997,0.67236058,0.63385313,0.00553074,0.67236058,0.63385313,0.00553074,0.0
110,0.70601707,0.67716688,0.01663966,0.69904284,0.63941082,-0.00627246,0.69904284,0.63941082,-0.00627246,0.0
111,0.74588186,0.69044358,0.01110164,0.74283955,0.64909046,-0.00657603,0.74283955,0.64909046,-0.00657603,0.0
112,0.72763336,0.69848365,0.05880933,0.72554939,0.65688314,0.02842625,0.72554939,0.65688314,0.02842625,0.0
113,0.67442882,0.64502159,0.01849011,0.66398546,0.61400564,-0.00769384,0.66398546,0.61400564,-0.00769384,0.0
114,0.70293188,0.65107391,0.00184742,0.69452802,0.61792227,-0.01770873,0.69452802,0.61792227,-0.01770873,0.0
115,0.732609,0.65167019,-0.01041873,0.72657096,0.6174067,-0.02412483,0.72657096,0.6174067,-0.02412483,0.0
116,0.76275872,0.65564039,-0.01512568,0.75960841,0.61975147,-0.02466972,0.75960841,0.61975147,-0.02466972,0.0
117,0.69201477,0.53150786,-0.01957085,0.68009831,0.52005186,-0.03379066,0.68009831,0.52005186,-0.03379066,0.0
118,0.71256236,0.49389815,-0.02244279,0.70225741,0.48865775,-0.03334123,0.70225741,0.48865775,-0.03334123,0.0
119,0.73132047,0.51439726,-0.02877811,0.7227812,0.50482107,-0.03658362,0.7227812,0.50482107,-0.03658362,0.0
120,0.60977524,0.62163083,0.08029007,0.59602509,0.59757543,0.03382987,0.59602509,0.59757543,0.03382987,0.0
121,0.6592177,0.49431562,-0.00964598,0.64414001,0.49067065,-0.02899669,0.64414001,0.49067065,-0.02899669,0.0
122,0.63148294,0.55594972,0.02311926,0.61602503,0.54236943,-0.00734005,0.61602503,0.54236943,-0.00734005,0.0
123,0.69147698,0.43721863,-0.01885404,0.67867127,0.44290771,-0.03196202,0.67867127,0.44290771,-0.03196202,0.0
124,0.64088426,0.42737998,-0.01066115,0.62323196,0.43638568,-0.03075605,0.62323196,0.43638568,-0.03075605,0.0
125,0.59744474,0.37956084,0.02815373,0.57712287,0.3990563,-0.00449016,0.57712287,0.3990563,-0.00449016,0.0
126,0.5876924,0.32651104,0.05207243,0.56726621,0.35629048,0.01380609,0.56726621,0.35629048,0.01380609,0.0
127,0.56010217,0.56623041,0.12639712,0.54339516,0.55431182,0.06519945,0.54339516,0.55431182,0.06519945,0.0
128,0.59081618,0.52588636,0.05830507,0.57293065,0.5194252,0.01614061,0.57293065,0.5194252,0.01614061,0.0
129,0.6125427,0.47079904,0.01467915,0.59384133,0.47308809,-0.01466579,0.59384133,0.47308809,-0.01466579,0.0
130,0.56894339,0.4309336,0.0713924,0.54868247,0.44254019,0.0253592,0.54868247,0.44254019,0.0253592,0.0
131,0.55389793,0.46992268,0.1060227,0.53447068,0.47538197,0.05010785,0.53447068,0.47538197,0.05010785,0.0
132,0.75878917,0.45385534,-0.02416004,0.75280505,0.45457646,-0.02927562,0.75280505,0.45457646,-0.02927562,0.0
133,0.76516882,0.51645513,-0.03747393,0.75965387,0.50543785,-0.03981904,0.75965387,0.50543785,-0.03981904,0.0
134,0.57601479,0.26310885,0.09680736,0.55640508,0.3054372,0.04819403,0.55640508,0.3054372,0.04819403,0.0
135,0.60974596,0.22944773,0.0539061,0.59080092,0.27630168,0.01890359,0.59080092,0.27630168,0.01890359,0.0
136,0.55279084,0.36864742,0.10560836,0.53228491,0.39255493,0.05110519,0.53228491,0.39255493,0.05110519,0.0
137,0.80038118,0.39025068,-0.02205168,0.79823513,0.40139489,-0.02238227,0.79823513,0.40139489,-0.02238227,0.0
138,0.78039091,0.39794944,-0.01620756,0.77658384,0.40833908,-0.02004618,0.77658384,0.40833908,-0.02004618,0.0
139,0.75649318,0.40916385,-0.01228419,0.75054177,0.41824032,-0.01965937,0.75054177,0.41824032,-0.01965937,0.0
140,0.54468897,0.31612743,0.13462148,0.52455239,0.3502618,0.07351194,0.52455239,0.3502618,0.07351194,0.0
141,0.78148852,0.20499158,-0.0166015,0.77595561,0.25041524,-0.01749655,0.77595561,0.25041524,-0.01749655,0.0
142,0.71525085,0.19836055,-0.01057891,0.70315704,0.24693273,-0.01966407,0.70315704,0.24693273,-0.01966407,0.0
143,0.66201268,0.20903725,0.01162179,0.64580955,0.25749495,-0.00815583,0.64580955,0.25749495,-0.00815583,0.0
144,0.65095506,0.80216896,0.18636351,0.64933344,0.74574027,0.11791465,0.64933344,0.74574027,0.11791465,0.0
145,0.68117288,0.73392534,0.1635865,0.6807043,0.68872578,0.10437478,0.6807043,0.68872578,0.10437478,0.0
146,0.5888542,0.77624797,0.19869411,0.5812916,0.72643502,0.12133683,0.5812916,0.72643502,0.12133683,0.0
147,0.62692374,0.70622115,0.17197982,0.62107805,0.6676849,0.10559069,0.62107805,0.6676849,0.10559069,0.0
148,0.54107788,0.74043703,0.22810725,0.52995824,0.69889757,0.13966335,0.52995824,0.69889757,0.13966335,0.0
149,0.5740068,0.66719897,0.19916076,0.56391365,0.63762876,0.12169174,0.56391365,0.63762876,0.12169174,0.0
150,0.51240682,0.6886608,0.27084381,0.50033323,0.65797385,0.17056055,0.50033323,0.65797385,0.17056055,0.0
151,0.5333739,0.62267241,0.24287135,0.52122017,0.60298455,0.15198803,0.52122017,0.60298455,0.15198803,0.0
152,0.61540909,0.65376202,0.13880779,0.60595005,0.62458502,0.07938223,0.60595005,0.62458502,0.07938223,0.0
153,0.65965462,0.68231189,0.12283055,0.6541079,0.64648343,0.07121549,0.6541079,0.64648343,0.07121549,0.0
154,0.70200883,0.70215831,0.12704495,0.70127165,0.66161249,0.07864929,0.70127165,0.66161249,0.07864929,0.0
155,0.55926544,0.59137219,0.18070642,0.54587019,0.57572087,0.10690399,0.54587019,0.57572087,0.10690399,0.0
156,0.52147746,0.471512,0.16941371,0.50242642,0.47854469,0.09588269,0.50242642,0.47854469,0.09588269,0.0
157,0.51987806,0.56463337,0.27711123,0.5077877,0.55639769,0.17796737,0.5077877,0.55639769,0.17796737,0.0
158,0.53878614,0.54077323,0.20759288,0.52437826,0.53529938,0.12634229,0.52437826,0.53529938,0.12634229,0.0
159,0.75968003,0.11740292,0.02692034,0.75359531,0.18004911,0.015234,0.75359531,0.18004911,0.015234,0.0
160,0.73907773,0.03178661,0.12430969,0.7357114,0.11208999,0.08986507,0.7357114,0.11208999,0.08986507,0.0
161,0.70429037,-0.00128592,0.24253562,0.70388139,0.08782039,0.17843449,0.70388139,0.08782039,0.17843449,0.0
162,0.65334174,0.01669602,0.39473016,0.65667345,0.10627587,0.29094592,0.65667345,0.10627587,0.29094592,0.0
163,0.69388904,0.11743075,0.0385268,0.68168908,0.18208709,0.0173502,0.68168908,0.18208709,0.0173502,0.0
164,0.66664061,0.05472798,0.11465472,0.65546532,0.13272756,0.07445903,0.65546532,0.13272756,0.07445903,0.0
165,0.63442971,0.01862928,0.2284659,0.6262013,0.1058421,0.159914,0.6262013,0.1058421,0.159914,0.0
166,0.5885553,0.0348401,0.3736849,0.58417568,0.12260039,0.26756931,0.58417568,0.12260039,0.26756931,0.0
167,0.63400544,0.13760931,0.06673442,0.61745613,0.20069884,0.03268763,0.61745613,0.20069884,0.03268763,0.0
168,0.60295377,0.08438502,0.14672983,0.58735692,0.15925585,0.09226323,0.58735692,0.15925585,0.09226323,0.0
169,0.56952979,0.06359043,0.24713186,0.55612552,0.14471518,0.16696762,0.55612552,0.14471518,0.16696762,0.0
170,0.55037072,0.06348577,0.34901339,0.54090295,0.14671949,0.24402049,0.54090295,0.14671949,0.24402049,0.0
171,0.5479512,0.09221018,0.44068411,0.5438177,0.17167973,0.31449657,0.5438177,0.17167973,0.31449657,0.0
172,0.52326404,0.10210598,0.37634743,0.512957,0.1794819,0.26184737,0.512957,0.1794819,0.26184737,0.0
173,0.59870318,0.08248522,0.48525335,0.60227661,0.16299064,0.3545368,0.60227661,0.16299064,0.3545368,0.0
174,0.50345893,0.31287166,0.22080212,0.48406977,0.3500647,0.13610925,0.48406977,0.3500647,0.13610925,0.0
175,0.48416326,0.34840948,0.25072616,0.46486257,0.38012624,0.15680443,0.46486257,0.38012624,0.15680443,0.0
176,0.51481458,0.32549485,0.1752418,0.49405986,0.35937897,0.10176968,0.49405986,0.35937897,0.10176968,0.0
177,0.48666043,0.38955421,0.25439615,0.46821356,0.41376659,0.15933337,0.46821356,0.41376659,0.15933337,0.0
178,0.50454248,0.45107943,0.23045696,0.48711366,0.46322927,0.14176393,0.48711366,0.46322927,0.14176393,0.0
179,0.52475489,0.48683111,0.20608526,0.5083176,0.49154056,0.12446603,0.5083176,0.49154056,0.12446603,0.0
180,0.52512797,0.27654848,0.17433814,0.50492345,0.31903993,0.1028383,0.50492345,0.31903993,0.1028383,0.0
181,0.58754228,0.15867872,0.11416476,0.56915908,0.2199591,0.06433564,0.56915908,0.2199591,0.06433564,0.0
182,0.50152906,0.26129486,0.2308333,0.48204122,0.3080834,0.14441734,0.48204122,0.3080834,0.14441734,0.0
183,0.54920345,0.13199153,0.19256126,0.53118122,0.20039957,0.12153098,0.53118122,0.20039957,0.12153098,0.0
184,0.4800351,0.27837091,0.32591609,0.46401943,0.32409653,0.21570326,0.46401943,0.32409653,0.21570326,0.0
185,0.52493584,0.11249917,0.28230349,0.50944385,0.18650277,0.18890113,0.50944385,0.18650277,0.18890113,0.0
186,0.47812604,0.34314943,0.34864005,0.46383922,0.37747936,0.23222251,0.46383922,0.37747936,0.23222251,0.0
187,0.50092806,0.43785541,0.32997205,0.48878379,0.45402348,0.21879188,0.48878379,0.45402348,0.21879188,0.0
188,0.51201626,0.48875999,0.30990684,0.50031959,0.49504828,0.20366578,0.50031959,0.49504828,0.20366578,0.0
189,0.4901007,0.32399761,0.4283737,0.48148765,0.36269175,0.29561688,0.48148765,0.36269175,0.29561688,0.0
190,0.51803417,0.44720204,0.38888994,0.51115383,0.46208696,0.26617114,0.51115383,0.46208696,0.26617114,0.0
191,0.52736858,0.51042661,0.36691167,0.52076263,0.51320902,0.24920349,0.52076263,0.51320902,0.24920349,0.0
192,0.48740693,0.25580006,0.42092814,0.47744614,0.30687321,0.29051818,0.47744614,0.30687321,0.29051818,0.0
193,0.51893869,0.30993453,0.48914635,0.51667769,0.35130924,0.34599396,0.51667769,0.35130924,0.34599396,0.0
194,0.54461188,0.45654823,0.43166557,0.54303055,0.46964182,0.30201732,0.54303055,0.46964182,0.30201732,0.0
195,0.54617629,0.53042526,0.40355989,0.54381682,0.52960073,0.27933065,0.54381682,0.52960073,0.27933065,0.0
196,0.51799515,0.23635635,0.48939863,0.51496165,0.29115808,0.34712745,0.51496165,0.29115808,0.34712745,0.0
197,0.55426615,0.29980838,0.52907022,0.55785161,0.34264987,0.38081827,0.55785161,0.34264987,0.38081827,0.0
198,0.57385955,0.45989076,0.4637163,0.57717272,0.47204879,0.32990619,0.57717272,0.47204879,0.32990619,0.0
199,0.57782921,0.5370131,0.43967285,0.58087926,0.53465705,0.31057868,0.58087926,0.53465705,0.31057868,0.0
200,0.55880568,0.23013749,0.53135032,0.56233603,0.28557281,0.38404484,0.56233603,0.28557281,0.38404484,0.0
201,0.6307915,0.22211013,0.5794954,0.64442829,0.27773513,0.42906154,0.64442829,0.27773513,0.42906154,0.0
202,0.51640435,0.598415,0.34120795,0.50799549,0.58509911,0.2268643,0.50799549,0.58509911,0.2268643,0.0
203,0.51840658,0.37231556,0.16596675,0.49791773,0.39743545,0.09428902,0.49791773,0.39743545,0.09428902,0.0
204,0.5271135,0.607988,0.38440625,0.52240507,0.59328667,0.26137362,0.52240507,0.59328667,0.26137362,0.0
205,0.56714389,0.63139974,0.44409771,0.57023489,0.61222932,0.31155983,0.57023489,0.61222932,0.31155983,0.0
206,0.50898476,0.33836942,0.17783372,0.48790184,0.37011205,0.10298828,0.48790184,0.37011205,0.10298828,0.0
207,0.72579009,0.35605125,-0.00426626,0.71662745,0.37574821,-0.01588871,0.71662745,0.37574821,-0.01588871,0.0
208,0.74991026,0.35249257,0.00671062,0.74384961,0.37233115,-0.00479105,0.74384961,0.37233115,-0.00479105,0.0
209,0.73933711,0.33680092,-0.0009479,0.73159009,0.35966784,-0.01162074,0.73159009,0.35966784,-0.01162074,0.0
210,0.71237937,0.32917596,-0.01121085,0.70117317,0.35402301,-0.02230125,0.70117317,0.35402301,-0.02230125,0.0
211,0.68049074,0.33554904,-0.00882674,0.6661837,0.36016383,-0.02387795,0.6661837,0.36016383,-0.02387795,0.0
212,0.68954421,0.34941108,-0.00522247,0.67651284,0.3713094,-0.0203294,0.67651284,0.3713094,-0.0203294,0.0
213,0.69366955,0.33171934,-0.01238228,0.68048284,0.35660817,-0.02520463,0.68048284,0.35660817,-0.02520463,0.0
214,0.70840185,0.35444846,-0.00789784,0.69721322,0.37486558,-0.02050505,0.69721322,0.37486558,-0.02050505,0.0
215,0.80420909,0.59095604,-0.03424872,0.80362761,0.56538084,-0.03424683,0.80362761,0.56538084,-0.03424683,0.0
216,0.82870542,0.4620892,-0.06421492,0.82773934,0.458777,-0.05318602,0.82773934,0.458777,-0.05318602,0.0
217,0.81448041,0.50279526,-0.03548165,0.81407625,0.49291947,-0.03291701,0.81407625,0.49291947,-0.03291701,0.0
218,0.82210111,0.39462269,-0.022722,0.82220879,0.40436022,-0.02068806,0.82220879,0.40436022,-0.02068806,0.0
219,0.80519431,0.03025242,0.14222821,0.80966267,0.10926905,0.11072576,0.80966267,0.10926905,0.11072576,0.0
220,0.72828827,0.56252975,-0.01949605,0.72042195,0.54443801,-0.03036478,0.72042195,0.54443801,-0.03036478,0.0
221,0.72324869,0.55869171,-0.0158221,0.71503729,0.54149102,-0.02798736,0.71503729,0.54149102,-0.02798736,0.0
222,0.73092492,0.56413846,-0.01957019,0.7233428,0.54568053,-0.03016845,0.7233428,0.54568053,-0.03016845,0.0
223,0.80098948,0.57022908,-0.01839742,0.80079762,0.54874228,-0.02198622,0.80079762,0.54874228,-0.02198622,0.0
224,0.7468356,0.56393364,-0.01512457,0.7411588,0.54513877,-0.02504435,0.7411588,0.54513877,-0.02504435,0.0
225,0.77001495,0.5687808,-0.02012766,0.76649683,0.54838953,-0.02656303,0.76649683,0.54838953,-0.02656303,0.0
226,0.74521592,0.55846317,-0.02072569,0.73899418,0.5406231,-0.02948699,0.73899418,0.5406231,-0.02948699,0.0
227,0.77257037,0.56410343,-0.02495335,0.76899159,0.54441965,-0.02997793,0.76899159,0.54441965,-0.02997793,0.0
228,0.80078176,0.56428433,-0.01590135,0.80065856,0.54392147,-0.01998987,0.80065856,0.54392147,-0.01998987,0.0
229,0.73897431,0.56862101,-0.02807577,0.73177461,0.54899966,-0.0359905,0.73177461,0.54899966,-0.0359905,0.0
230,0.72843775,0.56186517,-0.02570697,0.72021982,0.54379729,-0.03516211,0.72021982,0.54379729,-0.03516211,0.0
231,0.73129484,0.55986508,-0.02825618,0.72320603,0.54204324,-0.03681373,0.72320603,0.54204324,-0.03681373,0.0
232,0.53045834,0.48004418,0.1589431,0.5117995,0.48511516,0.0885781,0.5117995,0.48511516,0.0885781,0.0
233,0.45665152,0.40663622,0.24497333,0.43473312,0.42843183,0.14863519,0.43473312,0.42843183,0.14863519,0.0
234,0.55620838,0.37475318,0.51153113,0.55967985,0.40362876,0.36635669,0.55967985,0.40362876,0.36635669,0.0
235,0.52609218,0.37887549,0.47458545,0.52436803,0.40727751,0.33447394,0.52436803,0.40727751,0.33447394,0.0
236,0.50014047,0.39096272,0.41716742,0.49253552,0.41701432,0.28703003,0.49253552,0.41701432,0.28703003,0.0
237,0.4894568,0.40106775,0.34761957,0.4768154,0.42452094,0.23180188,0.4768154,0.42452094,0.23180188,0.0
238,0.46555594,0.41050702,0.22322273,0.44332393,0.43101933,0.13263664,0.44332393,0.43101933,0.13263664,0.0
239,0.49368682,0.41653632,0.2116504,0.47372843,0.43499127,0.12652097,0.47372843,0.43499127,0.12652097,0.0
240,0.50269504,0.42665993,0.18460535,0.48218223,0.44260985,0.1063368,0.48218223,0.44260985,0.1063368,0.0
241,0.51839412,0.42733242,0.1643966,0.49832392,0.4424151,0.09229172,0.49832392,0.4424151,0.09229172,0.0
242,0.49284165,0.42051477,0.24477377,0.47475908,0.43877219,0.15207796,0.47475908,0.43877219,0.15207796,0.0
243,0.52878898,0.15312764,0.46910447,0.52490615,0.22247345,0.33368384,0.52490615,0.22247345,0.33368384,0.0
244,0.57423202,0.14678165,0.5168107,0.5777223,0.21674311,0.37555382,0.5777223,0.21674311,0.37555382,0.0
245,0.51988101,0.19177856,0.21847502,0.50090871,0.25051917,0.1377285,0.50090871,0.25051917,0.1377285,0.0
246,0.50070541,0.16691579,0.40026333,0.4900768,0.23348654,0.27712918,0.4900768,0.23348654,0.27712918,0.0
247,0.49832277,0.17881751,0.30036549,0.48176695,0.24176757,0.19919604,0.48176695,0.24176757,0.19919604,0.0
248,0.54920622,0.2168487,0.15043008,0.52952866,0.26916759,0.08764708,0.52952866,0.26916759,0.08764708,0.0
249,0.54222381,0.72065289,0.46596295,0.54485328,0.68626436,0.32465264,0.54485328,0.68626436,0.32465264,0.0
250,0.48854818,0.71456384,0.41983812,0.48291887,0.682078,0.28331657,0.48291887,0.682078,0.28331657,0.0
251,0.45736154,0.72371685,0.34837906,0.44445214,0.689352,0.22446241,0.44445214,0.689352,0.22446241,0.0
252,0.46956474,0.74661658,0.29410697,0.45496891,0.70692675,0.18329981,0.45496891,0.70692675,0.18329981,0.0
253,0.49833537,0.80232367,0.24183458,0.48418515,0.75092203,0.14495542,0.48418515,0.75092203,0.14495542,0.0
254,0.55783102,0.83711018,0.20915225,0.54824777,0.7772487,0.1253351,0.54824777,0.7772487,0.1253351,0.0
255,0.68485904,0.88573914,0.21239389,0.68903965,0.81356598,0.14049432,0.68903965,0.81356598,0.14049432,0.0
256,0.61273592,0.86290178,0.19849274,0.60844626,0.7966723,0.12245697,0.60844626,0.7966723,0.12245697,0.0
257,0.7861859,0.57105858,0.02574406,0.78638912,0.54942216,0.02146154,0.78638912,0.54942216,0.02146154,0.0
258,0.76637651,0.53747469,0.09123363,0.76650757,0.51667714,0.08388896,0.76650757,0.51667714,0.08388896,0.0
259,0.80512505,0.56504807,-0.02858795,0.80472375,0.54423714,-0.02939589,0.80472375,0.54423714,-0.02939589,0.0
260,0.82340192,0.33979161,-0.00891482,0.82392266,0.35965613,-0.00904799,0.82392266,0.35965613,-0.00904799,0.0
261,0.8260287,0.43253062,-0.04709472,0.82549462,0.43491305,-0.03974816,0.82549462,0.43491305,-0.03974816,0.0
262,0.62956261,0.46815734,0.50333676,0.64097333,0.47786186,0.36637357,0.64097333,0.47786186,0.36637357,0.0
263,0.63217023,0.54115854,0.47452103,0.6428654,0.53706456,0.34325934,0.6428654,0.53706456,0.34325934,0.0
264,0.62015222,0.64428,0.4749745,0.63060548,0.62175859,0.34089681,0.63060548,0.62175859,0.34089681,0.0
265,0.80476672,0.56731597,-0.02828666,0.80436481,0.54610647,-0.02922627,0.80436481,0.54610647,-0.02922627,0.0
266,0.75481576,0.70482177,0.07083859,0.75630268,0.66149505,0.04052822,0.75630268,0.66149505,0.04052822,0.0
267,0.76584575,-0.00264675,0.26547174,0.77308592,0.0853446,0.20270635,0.77308592,0.0853446,0.20270635,0.0
268,0.66941254,0.07853748,0.51576657,0.68198214,0.15825827,0.38568174,0.68198214,0.15825827,0.38568174,0.0
269,0.78347752,0.56354005,0.03390871,0.78338078,0.54262441,0.02932478,0.78338078,0.54262441,0.02932478,0.0
270,0.80593665,0.57986239,0.03529297,0.8110475,0.55663596,0.03032731,0.8110475,0.55663596,0.03032731,0.0
271,0.81044115,0.56524164,0.04604892,0.8167387,0.54208003,0.04047626,0.8167387,0.54208003,0.04047626,0.0
272,0.7331546,0.53809953,0.18620579,0.73564247,0.50912696,0.13575369,0.73564247,0.50912696,0.13575369,0.0
273,0.77481898,0.54209743,0.20246034,0.79636917,0.51571376,0.14922317,0.79636917,0.51571376,0.14922317,0.0
274,0.7566882,0.55540082,0.24415092,0.77925916,0.52772953,0.18260231,0.77925916,0.52772953,0.18260231,0.0
275,0.79849554,0.54697166,0.09710344,0.80697324,0.52363612,0.09038051,0.80697324,0.52363612,0.09038051,0.0
276,0.81426196,0.58046588,0.03922778,0.82071583,0.55669298,0.03377521,0.82071583,0.55669298,0.03377521,0.0
277,0.81397678,0.58121282,0.07277948,0.822093,0.55695938,0.06610275,0.822093,0.55695938,0.06610275,0.0
278,0.79435244,0.54786065,0.19761684,0.81679246,0.52436455,0.14904023,0.81679246,0.52436455,0.14904023,0.0
279,0.77783429,0.56071339,0.24782135,0.80165396,0.53503458,0.18631011,0.80165396,0.53503458,0.18631011,0.0
280,0.81672799,0.56918808,0.12669683,0.82767354,0.54350192,0.11512626,0.82767354,0.54350192,0.11512626,0.0
281,0.79332507,0.57881138,0.2236363,0.81503746,0.55029353,0.16770602,0.81503746,0.55029353,0.16770602,0.0
282,0.79471863,0.57360691,0.19932596,0.81428716,0.54313519,0.14897362,0.81428716,0.54313519,0.14897362,0.0
283,0.80974202,0.57929986,0.12948747,0.82101556,0.55224838,0.11651599,0.82101556,0.55224838,0.11651599,0.0
284,0.80739733,0.59598703,0.07691145,0.8150246,0.57102862,0.07047152,0.8150246,0.57102862,0.07047152,0.0
285,0.81149813,0.58645659,0.04922654,0.81862926,0.56174076,0.04301498,0.81862926,0.56174076,0.04301498,0.0
286,0.78516848,0.58784712,0.23811815,0.80717793,0.55908304,0.17807798,0.80717793,0.55908304,0.17807798,0.0
287,0.77458251,0.57790404,0.1796973,0.78867042,0.54073032,0.1356326,0.78867042,0.54073032,0.1356326,0.0
288,0.79007582,0.5768109,0.13266503,0.80093675,0.54727519,0.11607424,0.80093675,0.54727519,0.11607424,0.0
289,0.79597785,0.57858291,0.07722103,0.80327786,0.55419673,0.07099145,0.80327786,0.55419673,0.07099145,0.0
290,0.80225125,0.58804333,0.04123618,0.80757405,0.56325275,0.03580896,0.80757405,0.56325275,0.03580896,0.0
291,0.72143861,0.61097671,0.19646465,0.72421708,0.57104934,0.14166772,0.72421708,0.57104934,0.14166772,0.0
292,0.73479636,0.58301913,0.16613918,0.73753835,0.54337284,0.12127734,0.73753835,0.54337284,0.12127734,0.0
293,0.88518691,0.34544678,0.03410158,0.89462819,0.36321929,0.03077152,0.89462819,0.36321929,0.03077152,0.0
294,0.88371908,0.35356671,0.04670115,0.89381225,0.37009616,0.040287,0.89381225,0.37009616,0.040287,0.0
295,0.91350872,0.351938,0.05380897,0.92707281,0.3680447,0.04896364,0.92707281,0.3680447,0.04896364,0.0
296,0.91645417,0.34234525,0.04444176,0.92969121,0.3599708,0.04213479,0.92969121,0.3599708,0.04213479,0.0
297,0.85874368,0.36757842,0.03683006,0.8658218,0.38210638,0.02979753,0.8658218,0.38210638,0.02979753,0.0
298,0.86807437,0.36632562,0.04347431,0.8764873,0.38092279,0.03595608,0.8764873,0.38092279,0.03595608,0.0
299,0.88347311,0.38284348,0.0410414,0.89349508,0.39397579,0.0354542,0.89349508,0.39397579,0.0354542,0.0
300,0.8944468,0.37648936,0.04461019,0.90574697,0.38852538,0.0394696,0.90574697,0.38852538,0.0394696,0.0
301,0.92927422,0.38735129,0.07226069,0.94586781,0.39686619,0.06445015,0.94586781,0.39686619,0.06445015,0.0
302,0.94875896,0.36420843,0.09378659,0.9683823,0.37771637,0.08353742,0.9683823,0.37771637,0.08353742,0.0
303,0.9394829,0.36577092,0.07989239,0.9573633,0.37904056,0.07175285,0.9573633,0.37904056,0.07175285,0.0
304,0.92953739,0.37978679,0.06793051,0.94583634,0.39060325,0.06122244,0.94583634,0.39060325,0.06122244,0.0
305,0.93561011,0.34715799,0.06196689,0.9518809,0.36364448,0.05769084,0.9518809,0.36364448,0.05769084,0.0
306,0.93264025,0.3583512,0.05890182,0.94853448,0.37283925,0.05484112,0.94853448,0.37283925,0.05484112,0.0
307,0.90805669,0.38855334,0.0497253,0.92117303,0.39809715,0.0447036,0.92117303,0.39809715,0.0447036,0.0
308,0.9133107,0.3785938,0.05084837,0.92693888,0.38981828,0.04626879,0.92693888,0.38981828,0.04626879,0.0
309,0.94406075,0.428461,0.42542812,0.98292599,0.43546081,0.33947092,0.98292599,0.43546081,0.33947092,0.0
310,0.95226852,0.38420148,0.41806655,0.99113446,0.39892073,0.33524301,0.99113446,0.39892073,0.33524301,0.0
311,0.93024898,0.48578689,0.38970935,0.96617554,0.48219045,0.30950563,0.96617554,0.48219045,0.30950563,0.0
312,0.94650381,0.40486966,0.29407894,0.97781865,0.41410041,0.23815906,0.97781865,0.41410041,0.23815906,0.0
313,0.93848525,0.45075102,0.28838943,0.9690826,0.45176653,0.23225929,0.9690826,0.45176653,0.23225929,0.0
314,0.90940998,0.55456393,0.27153914,0.93703375,0.53724224,0.21467392,0.93703375,0.53724224,0.21467392,0.0
315,0.94624922,0.36229806,0.37536801,0.9818249,0.38052398,0.30179322,0.9818249,0.38052398,0.30179322,0.0
316,0.92755851,0.51826868,0.34206595,0.96076844,0.50811154,0.27180625,0.96076844,0.50811154,0.27180625,0.0
317,0.94889484,0.40089228,0.39841314,0.98643704,0.41236742,0.31940693,0.98643704,0.41236742,0.31940693,0.0
318,0.94598282,0.40246537,0.37527707,0.98190515,0.4133834,0.30113035,0.98190515,0.4133834,0.30113035,0.0
319,0.91812014,0.43595958,0.37444162,0.95144511,0.44154028,0.29708689,0.95144511,0.44154028,0.29708689,0.0
320,0.94719558,0.43332182,0.39790689,0.98484044,0.43893146,0.31838009,0.98484044,0.43893146,0.31838009,0.0
321,0.92579508,0.48855411,0.37960132,0.96070659,0.48442431,0.30115752,0.96070659,0.48442431,0.30115752,0.0
322,0.9383284,0.50202088,0.34938232,0.97291371,0.49463303,0.27884054,0.97291371,0.49463303,0.27884054,0.0
323,0.94204364,0.41478208,0.34765119,0.97608326,0.42314704,0.27911224,0.97608326,0.42314704,0.27911224,0.0
324,0.93722892,0.44188149,0.33479274,0.97028833,0.44525104,0.26825102,0.97028833,0.44525104,0.26825102,0.0
325,0.93496235,0.50126254,0.33328847,0.96826593,0.49386239,0.26601238,0.96826593,0.49386239,0.26601238,0.0
326,0.83390772,0.55372112,-0.0304822,0.83628043,0.53413874,-0.02768662,0.83628043,0.53413874,-0.02768662,0.0
327,0.83211208,0.536378,-0.03378106,0.83394587,0.51994407,-0.03020091,0.83394587,0.51994407,-0.03020091,0.0
328,0.82994086,0.59121437,-0.0191172,0.83290857,0.56510347,-0.01979839,0.83290857,0.56510347,-0.01979839,0.0
329,0.82165561,0.61240717,-0.01015272,0.82448546,0.58281097,-0.01400856,0.82448546,0.58281097,-0.01400856,0.0
330,0.86556583,0.57816311,0.02288818,0.87453803,0.55405667,0.016743,0.87453803,0.55405667,0.016743,0.0
331,0.87503343,0.57923845,0.03139334,0.88548843,0.55479996,0.02432659,0.88548843,0.55479996,0.02432659,0.0
332,0.87809807,0.57035138,0.03145101,0.88879015,0.54744242,0.02481786,0.88879015,0.54744242,0.02481786,0.0
333,0.8667505,0.57168881,0.01856714,0.8755345,0.54866082,0.01360285,0.8755345,0.54866082,0.01360285,0.0
334,0.85832179,0.58721554,0.01376728,0.86610054,0.56153104,0.00877288,0.86610054,0.56153104,0.00877288,0.0
335,0.86458594,0.59354385,0.02377452,0.873653,0.5666846,0.01711187,0.873653,0.5666846,0.01711187,0.0
336,0.85572707,0.54303867,-0.00564005,0.86170125,0.52515887,-0.00595622,0.86170125,0.52515887,-0.00595622,0.0
337,0.85440664,0.55902934,-0.00796998,0.86025835,0.53824856,-0.00812444,0.86025835,0.53824856,-0.00812444,0.0
338,0.84399594,0.60834127,0.00608514,0.85004438,0.57910417,0.00100431,0.85004438,0.57910417,0.00100431,0.0
339,0.84818021,0.59000076,-3.682e-05,0.85413416,0.56388723,-0.00305004,0.85413416,0.56388723,-0.00305004,0.0
340,0.83020393,0.56753772,-0.01429802,0.83325821,0.54579106,-0.01569874,0.83325821,0.54579106,-0.01569874,0.0
341,0.84886561,0.57130301,0.00198037,0.85483295,0.54859585,-0.00115029,0.85483295,0.54859585,-0.00115029,0.0
342,0.82816962,0.57227079,-0.00998379,0.83130407,0.5497846,-0.01262663,0.83130407,0.5497846,-0.01262663,0.0
343,0.84399298,0.57539096,0.00563912,0.84970386,0.55213107,0.00112212,0.84970386,0.55213107,0.00112212,0.0
344,0.82988477,0.30160544,-0.01527548,0.83034628,0.32813072,-0.01276448,0.83034628,0.32813072,-0.01276448,0.0
345,0.84298283,0.34035068,0.00375707,0.84626602,0.3597611,0.00284062,0.84626602,0.3597611,0.00284062,0.0
346,0.87268012,0.30111254,0.00017443,0.87845168,0.32677317,0.0037348,0.87845168,0.32677317,0.0037348,0.0
347,0.88563265,0.5850843,0.04912002,0.8982649,0.55955292,0.03912066,0.8982649,0.55955292,0.03912066,0.0
348,0.86634057,0.6033169,0.03061079,0.87607722,0.57473543,0.02246559,0.87607722,0.57473543,0.02246559,0.0
349,0.81696294,0.62113842,-0.0034983,0.81977522,0.59018566,-0.00945931,0.81977522,0.59018566,-0.00945931,0.0
350,0.84489186,0.61570686,0.01115522,0.85139658,0.58518245,0.00493047,0.85139658,0.58518245,0.00493047,0.0
351,0.9573841,0.3629028,0.10746495,0.97867293,0.37661708,0.09508182,0.97867293,0.37661708,0.09508182,0.0
352,0.93086538,0.40205884,0.08198413,0.9483242,0.40900452,0.07195914,0.9483242,0.40900452,0.07195914,0.0
353,0.84539743,0.36705253,0.02527169,0.85042536,0.38187177,0.01942539,0.85042536,0.38187177,0.01942539,0.0
354,0.88073928,0.32876164,0.02020394,0.88876092,0.34947777,0.01974551,0.88876092,0.34947777,0.01974551,0.0
355,0.92301548,0.32623858,0.03679107,0.93633577,0.34649282,0.03711107,0.93633577,0.34649282,0.03711107,0.0
356,0.92886292,0.29887431,0.03578454,0.94246871,0.32392652,0.03732912,0.94246871,0.32392652,0.03732912,0.0
357,0.9470127,0.33260129,0.06193396,0.96432024,0.351417,0.05907021,0.96432024,0.351417,0.05907021,0.0
358,0.95932019,0.30996425,0.07787984,0.97860072,0.33279942,0.07306024,0.97860072,0.33279942,0.07306024,0.0
359,0.96777091,0.34137934,0.12555939,0.99096818,0.35899655,0.11051924,0.99096818,0.35899655,0.11051924,0.0
360,0.89732414,0.40319842,0.05380567,0.90970762,0.41044156,0.04653572,0.90970762,0.41044156,0.04653572,0.0
361,0.87025536,0.39324081,0.03961074,0.87892883,0.40283014,0.03280573,0.87892883,0.40283014,0.03280573,0.0
362,0.84911917,0.46506026,-0.04770577,0.85125292,0.46088914,-0.03825801,0.85125292,0.46088914,-0.03825801,0.0
363,0.84391156,0.43817131,-0.03518013,0.84597364,0.43921218,-0.02869476,0.84597364,0.43921218,-0.02869476,0.0
364,0.84415706,0.48428894,-0.04563472,0.84607654,0.47679662,-0.03743769,0.84607654,0.47679662,-0.03743769,0.0
365,0.83537409,0.49157381,-0.04078895,0.83672945,0.48307539,-0.03469524,0.83672945,0.48307539,-0.03469524,0.0
366,0.85291004,0.48464521,-0.03185482,0.85653618,0.47705117,-0.02581764,0.85653618,0.47705117,-0.02581764,0.0
367,0.84540175,0.48613722,-0.02780905,0.84849642,0.47854127,-0.02348326,0.84849642,0.47854127,-0.02348326,0.0
368,0.85642828,0.4887454,-0.00727356,0.8618757,0.48067675,-0.00640744,0.8618757,0.48067675,-0.00640744,0.0
369,0.84502319,0.48945439,-0.00979972,0.84914909,0.48153608,-0.00957728,0.84914909,0.48153608,-0.00957728,0.0
370,0.85607166,0.49600697,0.00741318,0.86239728,0.4868495,0.00486381,0.86239728,0.4868495,0.00486381,0.0
371,0.84264765,0.50205549,-0.00602477,0.84686237,0.49197244,-0.00706741,0.84686237,0.49197244,-0.00706741,0.0
372,0.83248446,0.52655975,-0.02671219,0.83467545,0.51200279,-0.02453809,0.83467545,0.51200279,-0.02453809,0.0
373,0.82890996,0.50772219,-0.0244372,0.83068784,0.49671707,-0.02289016,0.83068784,0.49671707,-0.02289016,0.0
374,0.83173671,0.49385336,-0.02810018,0.83346826,0.48523193,-0.02524987,0.83346826,0.48523193,-0.02524987,0.0
375,0.86020983,0.46835439,-0.02157816,0.86503199,0.4636681,-0.01683932,0.86503199,0.4636681,-0.01683932,0.0
376,0.85405085,0.4476091,-0.01228849,0.85857412,0.44699831,-0.00997828,0.85857412,0.44699831,-0.00997828,0.0
377,0.86219151,0.47457616,-0.00126712,0.86844877,0.46900924,-0.00093843,0.86844877,0.46900924,-0.00093843,0.0
378,0.81681612,0.69476029,0.04232464,0.82296925,0.65111921,0.02505345,0.82296925,0.65111921,0.02505345,0.0
379,0.81492529,0.69900585,0.09034854,0.82370591,0.65535758,0.0620728,0.82370591,0.65535758,0.0620728,0.0
380,0.84021585,0.68697191,0.09069076,0.85151734,0.64481264,0.06516914,0.85151734,0.64481264,0.06516914,0.0
381,0.83085934,0.69110238,0.06021865,0.83946718,0.64800092,0.04047259,0.83946718,0.64800092,0.04047259,0.0
382,0.80123065,0.69662188,0.03042238,0.80509863,0.65289893,0.01414904,0.80509863,0.65289893,0.01414904,0.0
383,0.78421212,0.70479925,0.07855942,0.78918772,0.66077604,0.04961046,0.78918772,0.66077604,0.04961046,0.0
384,0.86015475,0.66575321,0.08332192,0.87289093,0.62678521,0.06184761,0.87289093,0.62678521,0.06184761,0.0
385,0.84745371,0.66720614,0.05229602,0.85709378,0.62786698,0.03640707,0.85709378,0.62786698,0.03640707,0.0
386,0.83223681,0.66279113,0.0243586,0.83864133,0.62426243,0.01318184,0.83864133,0.62426243,0.01318184,0.0
387,0.81134266,0.66106356,0.00183364,0.81426105,0.62309474,-0.00647662,0.81426105,0.62309474,-0.00647662,0.0
388,0.89250037,0.55388703,0.05041315,0.9056227,0.53384999,0.04128366,0.9056227,0.53384999,0.04128366,0.0
389,0.88598856,0.51325683,0.03809552,0.89734298,0.50059449,0.0316003,0.89734298,0.50059449,0.0316003,0.0
390,0.87153739,0.53004895,0.02016776,0.88051967,0.51447221,0.01592553,0.88051967,0.51447221,0.01592553,0.0
391,0.8760644,0.65135531,0.17324428,0.89550577,0.61589626,0.13352145,0.89550577,0.61589626,0.13352145,0.0
392,0.91874201,0.52328498,0.08094681,0.93604912,0.50853159,0.06817584,0.93604912,0.50853159,0.06817584,0.0
393,0.90761189,0.58677257,0.11950827,0.92659682,0.56137004,0.0960444,0.92659682,0.56137004,0.0960444,0.0
394,0.91102717,0.46172588,0.05778488,0.92561622,0.45801934,0.05024287,0.92561622,0.45801934,0.05024287,0.0
395,0.94653256,0.46149792,0.09603225,0.96698898,0.45742199,0.08367558,0.96698898,0.45742199,0.08367558,0.0
396,0.96520668,0.4206122,0.15652929,0.99067971,0.42436554,0.1331746,0.99067971,0.42436554,0.1331746,0.0
397,0.96836905,0.36900401,0.18495616,0.99531168,0.38248838,0.15629199,0.99531168,0.38248838,0.15629199,0.0
398,0.8964998,0.60378074,0.24382427,0.9216682,0.57745334,0.19111765,0.9216682,0.57745334,0.19111765,0.0
399,0.9229089,0.56295616,0.1742295,0.94639933,0.54227436,0.14046097,0.94639933,0.54227436,0.14046097,0.0
400,0.94402043,0.50780019,0.13038889,0.96663802,0.49589899,0.1094319,0.96663802,0.49589899,0.1094319,0.0
401,0.95023503,0.47349522,0.20449081,0.97742952,0.4687749,0.16807891,0.97742952,0.4687749,0.16807891,0.0
402,0.93272962,0.5122097,0.23826241,0.96043365,0.50144357,0.19189986,0.96043365,0.50144357,0.19189986,0.0
403,0.85964696,0.46511358,0.01104663,0.86626134,0.46151915,0.00849235,0.86626134,0.46151915,0.00849235,0.0
404,0.85065195,0.52599717,-0.00763413,0.85582598,0.5113221,-0.00780465,0.85582598,0.5113221,-0.00780465,0.0
405,0.96222632,0.30621965,0.23162317,0.99062851,0.33201499,0.19273318,0.99062851,0.33201499,0.19273318,0.0
406,0.96951307,0.26960667,0.17949089,0.99531582,0.30106441,0.15355467,0.99531582,0.30106441,0.15355467,0.0
407,0.95376205,0.41340577,0.24557636,0.98311151,0.42014256,0.20117217,0.98311151,0.42014256,0.20117217,0.0
408,0.83912533,0.39457549,-0.00852717,0.84181631,0.40406211,-0.00787459,0.84181631,0.40406211,-0.00787459,0.0
409,0.8492694,0.40563799,0.00783603,0.85405981,0.41308057,0.00574481,0.85405981,0.41308057,0.00574481,0.0
410,0.86288585,0.42103992,0.02485456,0.87021254,0.42556387,0.02017786,0.87021254,0.42556387,0.02017786,0.0
411,0.95242503,0.3616409,0.27695091,0.98295355,0.37831478,0.22609823,0.98295355,0.37831478,0.22609823,0.0
412,0.88665121,0.21673035,0.0201079,0.89421654,0.25765648,0.02186979,0.89421654,0.25765648,0.02186979,0.0
413,0.93480104,0.2228678,0.06606001,0.95004378,0.26204934,0.06251852,0.95004378,0.26204934,0.06251852,0.0
414,0.95966615,0.24226277,0.11552442,0.98050866,0.27798643,0.10325676,0.98050866,0.27798643,0.10325676,0.0
415,0.74381802,0.81253477,0.21877942,0.75376486,0.75212925,0.15267823,0.75376486,0.75212925,0.15267823,0.0
416,0.74820641,0.74140795,0.18698606,0.75609064,0.69333773,0.12946978,0.75609064,0.69333773,0.12946978,0.0
417,0.78872482,0.79855849,0.26846343,0.80605268,0.7401857,0.1961559,0.80605268,0.7401857,0.1961559,0.0
418,0.78989517,0.72441281,0.22886866,0.8043485,0.67889701,0.16659832,0.8043485,0.67889701,0.16659832,0.0
419,0.81413189,0.77091664,0.32342289,0.83699734,0.71768205,0.24187054,0.83699734,0.71768205,0.24187054,0.0
420,0.82123138,0.69479537,0.28546006,0.84190938,0.65463637,0.21423103,0.84190938,0.65463637,0.21423103,0.0
421,0.81990008,0.72298468,0.37818124,0.84606774,0.67912539,0.28564708,0.84606774,0.67912539,0.28564708,0.0
422,0.83410231,0.65624117,0.34784735,0.85934391,0.62367002,0.26454059,0.85934391,0.62367002,0.26454059,0.0
423,0.8294244,0.67765145,0.21351463,0.84662721,0.63930859,0.15949916,0.84662721,0.63930859,0.15949916,0.0
424,0.79987154,0.69796359,0.17177642,0.81180002,0.65613026,0.12370855,0.81180002,0.65613026,0.12370855,0.0
425,0.76104754,0.70874849,0.14765374,0.7676694,0.66567445,0.10075223,0.7676694,0.66567445,0.10075223,0.0
426,0.73123068,0.7083785,0.13526784,0.73404953,0.66601454,0.08801186,0.73404953,0.66601454,0.08801186,0.0
427,0.85876387,0.62480365,0.28525307,0.88263228,0.59632267,0.21900379,0.88263228,0.59632267,0.21900379,0.0
428,0.91814376,0.51578981,0.30787899,0.94839023,0.50582823,0.24432997,0.94839023,0.50582823,0.24432997,0.0
429,0.83475116,0.59978103,0.38702475,0.8617843,0.57805385,0.29580172,0.8617843,0.57805385,0.29580172,0.0
430,0.86780393,0.57749978,0.32244392,0.89429769,0.55792952,0.2494776,0.89429769,0.55792952,0.2494776,0.0
431,0.82923184,0.11196961,0.04623671,0.83139295,0.17396383,0.03759521,0.83139295,0.17396383,0.03759521,0.0
432,0.89374709,0.13236814,0.07371946,0.90434301,0.18928007,0.06541323,0.90434301,0.18928007,0.06541323,0.0
433,0.86637993,0.0459967,0.16874738,0.87883275,0.12085303,0.13750466,0.87883275,0.12085303,0.13750466,0.0
434,0.82667269,0.01237499,0.28525591,0.84145705,0.09624268,0.2242275,0.84145705,0.09624268,0.2242275,0.0
435,0.76834422,0.02953315,0.43487436,0.78594311,0.11418846,0.33397385,0.78594311,0.11418846,0.33397385,0.0
436,0.93680871,0.14454662,0.12332337,0.95482103,0.19881102,0.10826686,0.95482103,0.19881102,0.10826686,0.0
437,0.92308999,0.0833541,0.20417414,0.94378055,0.15038,0.17042809,0.94378055,0.15038,0.17042809,0.0
438,0.88472922,0.04656893,0.31583857,0.90757649,0.12306755,0.25357182,0.90757649,0.12306755,0.25357182,0.0
439,0.82717006,0.06147543,0.45697874,0.85239552,0.13901826,0.35684751,0.85239552,0.13901826,0.35684751,0.0
440,0.96117826,0.17412992,0.18094144,0.98530449,0.22321996,0.15513173,0.98530449,0.22321996,0.15513173,0.0
441,0.94611625,0.12269047,0.2665184,0.97314645,0.18287404,0.22067731,0.97314645,0.18287404,0.22067731,0.0
442,0.91392224,0.10203318,0.36734978,0.94326908,0.16841399,0.29583112,0.94326908,0.16841399,0.29583112,0.0
443,0.8658588,0.09870207,0.45914159,0.89553605,0.16842645,0.36206192,0.89553605,0.16842645,0.36206192,0.0
444,0.80563055,0.1209736,0.53063287,0.83345791,0.18940698,0.41090437,0.83345791,0.18940698,0.41090437,0.0
445,0.86212162,0.1399309,0.49463328,0.89385195,0.20279478,0.38863003,0.89385195,0.20279478,0.38863003,0.0
446,0.74138005,0.09841151,0.53505791,0.76264825,0.17280595,0.407917,0.76264825,0.17280595,0.407917,0.0
447,0.93148955,0.36065051,0.37021582,0.96523444,0.37950816,0.29627013,0.96523444,0.37950816,0.29627013,0.0
448,0.92080369,0.3971494,0.40314531,0.95569572,0.41015859,0.32018314,0.95569572,0.41015859,0.32018314,0.0
449,0.94838008,0.37389153,0.32658757,0.98146967,0.38920507,0.26401053,0.98146967,0.38920507,0.26401053,0.0
450,0.90854118,0.43664658,0.4016631,0.94246025,0.44278199,0.3171915,0.94246025,0.44278199,0.3171915,0.0
451,0.89751887,0.49494535,0.3676342,0.92889258,0.49025643,0.2888163,0.92889258,0.49025643,0.2888163,0.0
452,0.89005688,0.52760788,0.33360212,0.9190091,0.51666538,0.26117186,0.9190091,0.51666538,0.26117186,0.0
453,0.95069864,0.32405274,0.32289314,0.98334376,0.34831876,0.2620864,0.98334376,0.34831876,0.2620864,0.0
454,0.96329904,0.20062251,0.24533109,0.99160689,0.24582013,0.20495297,0.99160689,0.24582013,0.20495297,0.0
455,0.93693951,0.30989748,0.38282309,0.97149465,0.33803658,0.30733651,0.97149465,0.33803658,0.30733651,0.0
456,0.94955967,0.17668122,0.33231459,0.98124842,0.22794935,0.27133997,0.98124842,0.22794935,0.27133997,0.0
457,0.89146108,0.32429627,0.46953357,0.92648422,0.35239516,0.36963774,0.92648422,0.35239516,0.36963774,0.0
458,0.91668225,0.1562278,0.41905137,0.94980722,0.21345683,0.33547897,0.94980722,0.21345683,0.33547897,0.0
459,0.86618253,0.38646617,0.48409988,0.90003471,0.40416753,0.37741329,0.90003471,0.40416753,0.37741329,0.0
460,0.84163059,0.47588628,0.44890192,0.87176983,0.47745365,0.34627286,0.87176983,0.47745365,0.34627286,0.0
461,0.83549917,0.52486872,0.42282581,0.86396523,0.51729478,0.32471014,0.86396523,0.51729478,0.32471014,0.0
462,0.81173865,0.35990039,0.54064864,0.84301386,0.38481141,0.41595286,0.84301386,0.38481141,0.41595286,0.0
463,0.7904732,0.477613,0.4839909,0.817396,0.48082202,0.36810677,0.817396,0.48082202,0.36810677,0.0
464,0.78443295,0.53912138,0.45664576,0.80973396,0.53088716,0.34539117,0.80973396,0.53088716,0.34539117,0.0
465,0.83179938,0.29424281,0.54114606,0.86454756,0.33055991,0.41936667,0.86454756,0.33055991,0.41936667,0.0
466,0.75509351,0.33629527,0.57158149,0.78211491,0.36754981,0.43434596,0.78211491,0.36754981,0.43434596,0.0
467,0.74202255,0.47858416,0.5005762,0.76493222,0.48321709,0.37587934,0.76493222,0.48321709,0.37587934,0.0
468,0.74358696,0.55246119,0.47247052,0.76572758,0.54317634,0.35319632,0.76572758,0.54317634,0.35319632,0.0
469,0.77013962,0.26450194,0.57741532,0.79837004,0.30849985,0.44146096,0.79837004,0.30849985,0.44146096,0.0
470,0.70555284,0.31669573,0.58188023,0.72789584,0.35305388,0.43741821,0.72789584,0.35305388,0.43741821,0.0
471,0.6993168,0.4738949,0.50750997,0.71819335,0.48067597,0.37684617,0.71819335,0.48067597,0.37684617,0.0
472,0.69590662,0.55019347,0.48089042,0.71360954,0.54277694,0.35475949,0.71360954,0.54277694,0.35475949,0.0
473,0.71439727,0.24750538,0.58566306,0.73721814,0.29627371,0.44225492,0.73721814,0.29627371,0.44225492,0.0
474,0.79130332,0.62910055,0.43716761,0.81703874,0.6040053,0.32973467,0.81703874,0.6040053,0.32973467,0.0
475,0.94213229,0.41961387,0.31387773,0.97427854,0.42658322,0.25285297,0.97427854,0.42658322,0.25285297,0.0
476,0.75465851,0.63338767,0.46383595,0.77820354,0.6089355,0.34652012,0.77820354,0.6089355,0.34652012,0.0
477,0.68276135,0.64430552,0.48445659,0.70020426,0.62018038,0.35482197,0.70020426,0.62018038,0.35482197,0.0
478,0.94870012,0.38745257,0.33132624,0.98222421,0.40036029,0.26753008,0.98222421,0.40036029,0.26753008,0.0
479,0.89183645,0.37458615,0.05369595,0.90337214,0.38717813,0.04627663,0.90337214,0.38717813,0.04627663,0.0
480,0.86737269,0.3656043,0.04771352,0.87595048,0.38041627,0.03918415,0.87595048,0.38041627,0.03918415,0.0
481,0.88324396,0.3528645,0.04928601,0.89343028,0.36957398,0.04225403,0.89343028,0.36957398,0.04225403,0.0
482,0.911635,0.35141784,0.0583438,0.9252619,0.36774005,0.05229489,0.9252619,0.36774005,0.05229489,0.0
483,0.9332502,0.36376327,0.07940462,0.95043985,0.37756321,0.07074672,0.95043985,0.37756321,0.07074672,0.0
484,0.92139413,0.37529129,0.07570995,0.93725723,0.38726889,0.06646889,0.93725723,0.38726889,0.06646889,0.0
485,0.92613445,0.35766819,0.06876481,0.94191848,0.3726111,0.06182356,0.94191848,0.3726111,0.06182356,0.0
486,0.90765748,0.37669034,0.06165681,0.92130607,0.38858162,0.05409281,0.92130607,0.38858162,0.05409281,0.0
487,0.7745146,0.69659062,0.01703877,0.77484058,0.65341617,0.00095254,0.77484058,0.65341617,0.00095254,0.0
488,0.62424832,0.29813427,0.57293001,0.63754635,0.33999895,0.42221055,0.63754635,0.33999895,0.42221055,0.0
489,0.85866541,0.57708308,0.02601502,0.86709351,0.55341103,0.01846065,0.86709351,0.55341103,0.01846065,0.0
490,0.86100567,0.57406881,0.03226507,0.87001002,0.55097193,0.02360142,0.87001002,0.55097193,0.02360142,0.0
491,0.85638217,0.57814261,0.02422348,0.86448004,0.55431496,0.01681466,0.86448004,0.55431496,0.01681466,0.0
492,0.84154352,0.57450539,0.01793536,0.84770515,0.55165696,0.01042386,0.84770515,0.55165696,0.01042386,0.0
493,0.82597872,0.57502774,-0.00059224,0.82945709,0.55224123,-0.00560416,0.82945709,0.55224123,-0.00560416,0.0
494,0.84730368,0.5698587,0.01491034,0.85384385,0.54764932,0.00874527,0.85384385,0.54764932,0.00874527,0.0
495,0.82791915,0.57028173,-0.00563261,0.83126396,0.54822925,-0.00924809,0.83126396,0.54822925,-0.00924809,0.0
496,0.85459178,0.58152679,0.0122831,0.86184432,0.55695696,0.00730837,0.86184432,0.55695696,0.00730837,0.0
497,0.86250481,0.57683038,0.02109214,0.87104331,0.55302434,0.01504544,0.87104331,0.55302434,0.01504544,0.0
498,0.86228697,0.57448705,0.01746956,0.87057117,0.55105875,0.01224257,0.87057117,0.55105875,0.01224257,0.0
499,0.91605488,0.52308633,0.29354423,0.94532961,0.51163797,0.23288719,0.94532961,0.51163797,0.23288719,0.0
500,0.93388105,0.45990689,0.41156102,0.97119667,0.46125302,0.32720258,0.97119667,0.46125302,0.32720258,0.0
501,0.70011523,0.39081676,0.56176505,0.72143219,0.41352476,0.42019692,0.72143219,0.41352476,0.42019692,0.0
502,0.74502738,0.40331409,0.55100969,0.77045485,0.42233312,0.41638548,0.77045485,0.42233312,0.41638548,0.0
503,0.79779394,0.42418824,0.52107005,0.82710956,0.43748349,0.39839541,0.82710956,0.43748349,0.39839541,0.0
504,0.84676396,0.44095211,0.47234566,0.87845523,0.44909308,0.36549121,0.87845523,0.44909308,0.36549121,0.0
505,0.93971055,0.46343445,0.38873704,0.97634183,0.46362999,0.31005781,0.97634183,0.46362999,0.31005781,0.0
506,0.92417738,0.46458976,0.3619228,0.95767481,0.46459972,0.28760898,0.95767481,0.46459972,0.28760898,0.0
507,0.93195563,0.47457607,0.3344484,0.96476305,0.47213497,0.2669712,0.96476305,0.47213497,0.2669712,0.0
508,0.93228005,0.47353237,0.30887278,0.96363619,0.4708843,0.24717884,0.96363619,0.4708843,0.24717884,0.0
509,0.90365264,0.46637148,0.38817658,0.93657182,0.46702572,0.30579793,0.93657182,0.46702572,0.30579793,0.0
510,0.62196763,0.36834609,0.56000917,0.63494217,0.39729424,0.41095688,0.63494217,0.39729424,0.41095688,0.0
511,0.64730592,0.14478003,0.55791342,0.66066463,0.21369736,0.41513558,0.66066463,0.21369736,0.41513558,0.0
512,0.79077324,0.18237159,0.56055596,0.81937883,0.24049465,0.43170006,0.81937883,0.24049465,0.43170006,0.0
513,0.72797865,0.16394359,0.57047941,0.75053289,0.22731869,0.43307431,0.75053289,0.22731869,0.43307431,0.0
514,0.94422171,0.23914552,0.36660067,0.97792573,0.27971512,0.29650786,0.97792573,0.27971512,0.29650786,0.0
515,0.85186272,0.20611367,0.52284267,0.88478834,0.25764243,0.40851065,0.88478834,0.25764243,0.40851065,0.0
516,0.91282369,0.2250861,0.44505634,0.94769812,0.27028343,0.35428422,0.94769812,0.27028343,0.35428422,0.0
517,0.95878724,0.26256811,0.29340353,0.9899859,0.29735117,0.240916,0.9899859,0.29735117,0.240916,0.0
518,0.60045652,0.74035877,0.49367943,0.61086907,0.70118364,0.3519899,0.61086907,0.70118364,0.3519899,0.0
519,0.67075599,0.73500027,0.51082999,0.68934522,0.69510402,0.37274918,0.68934522,0.69510402,0.37274918,0.0
520,0.74130764,0.74277808,0.50806949,0.76707417,0.69946203,0.37790288,0.76707417,0.69946203,0.37790288,0.0
521,0.80728887,0.76277743,0.47052905,0.8378728,0.71342088,0.35542107,0.8378728,0.71342088,0.35542107,0.0
522,0.8268719,0.78650093,0.41883306,0.85671277,0.73150504,0.3170305,0.85671277,0.73150504,0.3170305,0.0
523,0.82612318,0.83891293,0.35625627,0.85277191,0.77347196,0.26765057,0.85277191,0.77347196,0.26765057,0.0
524,0.79398584,0.86347092,0.29158739,0.81381156,0.79349568,0.21373665,0.81381156,0.79349568,0.21373665,0.0
525,0.75356783,0.87862212,0.24765328,0.76682011,0.80636146,0.17517703,0.76682011,0.80636146,0.17517703,0.0
526,0.72169578,0.55115786,0.22984453,0.72768977,0.51876733,0.16867916,0.72768977,0.51876733,0.16867916,0.0
527,0.75166026,0.57089119,0.12370521,0.75352588,0.5408234,0.10014432,0.75352588,0.5408234,0.10014432,0.0
528,0.78153332,0.58506671,0.03259462,0.78141467,0.56095013,0.02735704,0.78141467,0.56095013,0.02735704,0.0
529,0.79710208,0.61229517,-0.02071273,0.79677246,0.58324354,-0.02478591,0.79677246,0.58324354,-0.02478591,0.0
530,0.79439098,0.61728963,-0.01454326,0.79418611,0.58749786,-0.02035184,0.79418611,0.58749786,-0.02035184,0.0
531,0.82642982,0.48161159,-0.06293951,0.82548406,0.4748383,-0.05270607,0.82548406,0.4748383,-0.05270607,0.0
532,0.81180148,0.52424484,-0.03566547,0.81130509,0.5105483,-0.0336319,0.81130509,0.5105483,-0.0336319,0.0
533,0.7878663,0.66172468,-0.01006102,0.7876692,0.62411047,-0.01818704,0.7876692,0.62411047,-0.01818704,0.0
534,0.83556816,0.20804892,-0.00163978,0.83652072,0.25163872,-0.00025593,0.83652072,0.25163872,-0.00025593,0.0
535,0.71514693,0.74330726,0.17217257,0.71877519,0.69558857,0.11447273,0.71877519,0.69558857,0.11447273,0.0
536,0.81240386,0.5499792,-0.04462116,0.81168825,0.53146201,-0.04087533,0.81168825,0.53146201,-0.04087533,0.0
537,0.82257482,0.49109911,-0.05492986,0.82177983,0.48283023,-0.0470186,0.82177983,0.48283023,-0.0470186,0.0
538,0.69869044,0.82097582,0.19447953,0.70264783,0.75992615,0.12895884,0.70264783,0.75992615,0.12895884,0.0
539,0.70901288,0.00153935,0.42694422,0.71979037,0.09282095,0.32199312,0.71979037,0.09282095,0.32199312,0.0
540,0.89213814,0.360744,0.04326927,0.90305179,0.37507881,0.03726167,0.90305179,0.37507881,0.03726167,0.0
541,0.88645764,0.36012226,0.04475322,0.89710175,0.37473633,0.03858436,0.89710175,0.37473633,0.03858436,0.0
542,0.87506457,0.3585358,0.04492506,0.88481775,0.37340937,0.03854004,0.88481775,0.37340937,0.03854004,0.0
543,0.86579807,0.35719412,0.04791933,0.87526054,0.3719163,0.04137972,0.87526054,0.3719163,0.04137972,0.0
544,0.85712069,0.35592561,0.05319936,0.86626216,0.37085153,0.0469771,0.86626216,0.37085153,0.0469771,0.0
545,0.8499099,0.35449251,0.05932664,0.8590855,0.36942076,0.05325742,0.8590855,0.36942076,0.05325742,0.0
546,0.8437734,0.3535138,0.06722705,0.85301568,0.36843396,0.06124186,0.85301568,0.36843396,0.06124186,0.0
547,0.8395178,0.35241551,0.07577264,0.84883311,0.36732814,0.06983292,0.84883311,0.36732814,0.06983292,0.0
548,0.83665691,0.35180367,0.08516316,0.84604395,0.366703,0.07924784,0.84604395,0.366703,0.07924784,0.0
549,0.8353335,0.35136345,0.09509037,0.84523853,0.36564397,0.08887544,0.84523853,0.36564397,0.08887544,0.0
550,0.8935986,0.3569515,0.04329579,0.90451226,0.37190184,0.03758271,0.90451226,0.37190184,0.03758271,0.0
551,0.88806182,0.3550277,0.04478438,0.89865717,0.37039603,0.03885192,0.89865717,0.37039603,0.03885192,0.0
552,0.87764305,0.35025475,0.04518247,0.88760951,0.36579163,0.03913531,0.88760951,0.36579163,0.03913531,0.0
553,0.86873488,0.34664516,0.04787546,0.87851454,0.36189977,0.04186013,0.87851454,0.36189977,0.04186013,0.0
554,0.86068739,0.34346858,0.05296038,0.86998964,0.3589026,0.04724225,0.86998964,0.3589026,0.04724225,0.0
555,0.85331283,0.34069911,0.05898496,0.86257773,0.35609688,0.05333421,0.86257773,0.35609688,0.05333421,0.0
556,0.84759161,0.33877818,0.06699618,0.85690639,0.35388461,0.06114701,0.85690639,0.35388461,0.06114701,0.0
557,0.84295763,0.33730937,0.075745,0.85232028,0.35237446,0.06990815,0.85232028,0.35237446,0.06990815,0.0
558,0.84036831,0.33705736,0.0852417,0.84979172,0.3520803,0.07940209,0.84979172,0.3520803,0.07940209,0.0
559,0.83897303,0.33726817,0.09516659,0.8484553,0.35225465,0.08932267,0.8484553,0.35225465,0.08932267,0.0
560,0.89549537,0.35386798,0.04384407,0.90671817,0.36914698,0.03849382,0.90671817,0.36914698,0.03849382,0.0
561,0.89106073,0.35041959,0.04566046,0.90182218,0.3661275,0.04010767,0.90182218,0.3661275,0.04010767,0.0
562,0.88215937,0.34317982,0.04649718,0.89269397,0.35904026,0.04101677,0.89269397,0.35904026,0.04101677,0.0
563,0.87500426,0.33778877,0.04973381,0.885194,0.35365601,0.04426859,0.885194,0.35365601,0.04426859,0.0
564,0.86775141,0.33305327,0.0550392,0.87746462,0.34913851,0.04985816,0.87746462,0.34913851,0.04985816,0.0
565,0.86140712,0.32941023,0.06138926,0.87109417,0.34507783,0.05587584,0.87109417,0.34507783,0.05587584,0.0
566,0.85606526,0.32687259,0.06951014,0.86576151,0.3424815,0.06398725,0.86576151,0.3424815,0.06398725,0.0
567,0.85188152,0.32512328,0.07805805,0.86160441,0.34068744,0.07252771,0.86160441,0.34068744,0.07252771,0.0
568,0.84853447,0.32511745,0.08764832,0.85829395,0.34063544,0.08210277,0.85829395,0.34063544,0.08210277,0.0
569,0.84675983,0.32594496,0.09746356,0.85721031,0.34119783,0.09159799,0.85721031,0.34119783,0.09159799,0.0
570,0.89858619,0.35124727,0.04482054,0.91042753,0.36656511,0.03939517,0.91042753,0.36656511,0.03939517,0.0
571,0.89534657,0.34727446,0.047378,0.90672582,0.36297852,0.04205956,0.90672582,0.36297852,0.04205956,0.0
572,0.88895599,0.33800705,0.04866479,0.89987864,0.35401528,0.04337063,0.89987864,0.35401528,0.04337063,0.0
573,0.88355393,0.33083454,0.05244506,0.89444978,0.34681788,0.04718185,0.89444978,0.34681788,0.04718185,0.0
574,0.87767478,0.32493428,0.05818443,0.88857215,0.34083869,0.05288645,0.88857215,0.34083869,0.05288645,0.0
575,0.87266825,0.32045199,0.06496733,0.88375758,0.33693556,0.05996427,0.88375758,0.33693556,0.05996427,0.0
576,0.86770575,0.31729765,0.07319786,0.87839832,0.33322763,0.06779726,0.87839832,0.33322763,0.06779726,0.0
577,0.863522,0.31554834,0.08174577,0.87422946,0.33142381,0.07630788,0.87422946,0.33142381,0.07630788,0.0
578,0.86048245,0.31557684,0.09144338,0.87121675,0.33140201,0.08597101,0.87121675,0.33140201,0.08597101,0.0
579,0.85802097,0.31698673,0.10104162,0.86957819,0.33226476,0.09487052,0.86957819,0.33226476,0.09487052,0.0
580,0.90214827,0.34999726,0.04600704,0.91456475,0.36543391,0.04088075,0.91456475,0.36543391,0.04088075,0.0
581,0.90024642,0.3451852,0.04899733,0.91254595,0.36111493,0.04405113,0.91254595,0.36111493,0.04405113,0.0
582,0.896767,0.33492466,0.05125479,0.90871914,0.35115173,0.04632156,0.90871914,0.35115173,0.04632156,0.0
583,0.8930102,0.32694723,0.05557523,0.90492475,0.34379559,0.05108356,0.90492475,0.34379559,0.05108356,0.0
584,0.8890838,0.32027637,0.06196211,0.90101232,0.33714303,0.05748116,0.90101232,0.33714303,0.05748116,0.0
585,0.8849648,0.31523533,0.06937873,0.89720937,0.33241132,0.0649853,0.89720937,0.33241132,0.0649853,0.0
586,0.88096071,0.31185845,0.07793243,0.89311843,0.32886444,0.07331973,0.89311843,0.32886444,0.07331973,0.0
587,0.87712039,0.30981795,0.08658884,0.88929645,0.32677905,0.08193225,0.88929645,0.32677905,0.08193225,0.0
588,0.87373741,0.31013764,0.09617795,0.88593297,0.32676128,0.09114339,0.88593297,0.32676128,0.09114339,0.0
589,0.87066094,0.31147888,0.10556152,0.88301654,0.32731852,0.09987114,0.88301654,0.32731852,0.09987114,0.0
590,0.90611073,0.34978176,0.04771415,0.91896864,0.36510417,0.0427679,0.91896864,0.36510417,0.0427679,0.0
591,0.90543885,0.34510699,0.05113378,0.91835216,0.36094498,0.04624469,0.91835216,0.36094498,0.04624469,0.0
592,0.90499942,0.33452797,0.05477634,0.91795078,0.35077005,0.05030724,0.91795078,0.35077005,0.05030724,0.0
593,0.90359576,0.32681444,0.06026488,0.91682647,0.34380824,0.05597554,0.91682647,0.34380824,0.05597554,0.0
594,0.90155025,0.32002401,0.06729694,0.91482346,0.33705626,0.06301655,0.91482346,0.33705626,0.06301655,0.0
595,0.89907553,0.31516529,0.07494085,0.91267384,0.33273896,0.07076213,0.91267384,0.33273896,0.07076213,0.0
596,0.89561554,0.31152085,0.08401979,0.90948561,0.32905104,0.07969297,0.90948561,0.32905104,0.07969297,0.0
597,0.89215359,0.30985087,0.09247297,0.90659128,0.32694343,0.08767415,0.90659128,0.32694343,0.08767415,0.0
598,0.88846312,0.31013624,0.10195474,0.90293684,0.32716861,0.09708637,0.90293684,0.32716861,0.09708637,0.0
599,0.88442824,0.31170002,0.11101514,0.89886429,0.32756121,0.10470494,0.89886429,0.32756121,0.10470494,0.0
600,0.90972879,0.35084467,0.04899988,0.92297486,0.36624768,0.04395445,0.92297486,0.36624768,0.04395445,0.0
601,0.91048757,0.34633084,0.0532656,0.92394801,0.36198591,0.0481073,0.92394801,0.36198591,0.0481073,0.0
602,0.91305121,0.33674608,0.05797922,0.92687403,0.35267724,0.05302857,0.92687403,0.35267724,0.05302857,0.0
603,0.91379999,0.32927282,0.06421911,0.92800421,0.34582026,0.05948332,0.92800421,0.34582026,0.05948332,0.0
604,0.91376419,0.32303748,0.07231078,0.928351,0.34013163,0.06765089,0.928351,0.34013163,0.06765089,0.0
605,0.91251945,0.31831605,0.08038404,0.92768034,0.33523187,0.07532579,0.92768034,0.33523187,0.07532579,0.0
606,0.91005282,0.31511079,0.08947443,0.92527686,0.33198737,0.08431341,0.92527686,0.33198737,0.08431341,0.0
607,0.90672068,0.31312825,0.09865491,0.92197498,0.32995005,0.0934072,0.92197498,0.32995005,0.0934072,0.0
608,0.90272271,0.31337929,0.10802935,0.91918783,0.32956252,0.10140485,0.91918783,0.32956252,0.10140485,0.0
609,0.89780129,0.31451459,0.11676889,0.91412216,0.33044426,0.10966933,0.91412216,0.33044426,0.10966933,0.0
610,0.91282475,0.35283912,0.0504842,0.92622079,0.36827026,0.045411,0.92622079,0.36827026,0.045411,0.0
611,0.91470571,0.34943912,0.05517579,0.92850693,0.36492942,0.04985379,0.92850693,0.36492942,0.04985379,0.0
612,0.91978626,0.34145464,0.06116021,0.93442285,0.35698412,0.05590344,0.93442285,0.35698412,0.05590344,0.0
613,0.9221654,0.33515318,0.06835005,0.93761118,0.35098448,0.0628762,0.93761118,0.35098448,0.0628762,0.0
614,0.92325178,0.33003168,0.07686759,0.93902525,0.34623688,0.07163493,0.93902525,0.34623688,0.07163493,0.0
615,0.92347264,0.32613289,0.08547522,0.93972376,0.3424326,0.07990941,0.93972376,0.3424326,0.07990941,0.0
616,0.92147826,0.32331111,0.09508853,0.93832368,0.33921616,0.0885428,0.93832368,0.33921616,0.0885428,0.0
617,0.91852449,0.32169909,0.10406579,0.93548269,0.33755464,0.09733993,0.93548269,0.33755464,0.09733993,0.0
618,0.91394746,0.32155597,0.11322671,0.93098673,0.336928,0.10596956,0.93098673,0.336928,0.10596956,0.0
619,0.90882535,0.32266763,0.12154951,0.92588799,0.33798415,0.11421366,0.92588799,0.33798415,0.11421366,0.0
620,0.915162,0.35606697,0.0517492,0.92899269,0.37081259,0.04616209,0.92899269,0.37081259,0.04616209,0.0
621,0.91789358,0.35342097,0.05676049,0.93215179,0.36847824,0.05123216,0.93215179,0.36847824,0.05123216,0.0
622,0.92476825,0.34794467,0.06379756,0.9402413,0.36289083,0.05817368,0.9402413,0.36289083,0.05817368,0.0
623,0.92897745,0.34382586,0.07204122,0.94471661,0.35868606,0.06626003,0.94471661,0.35868606,0.06626003,0.0
624,0.93115008,0.34014371,0.08098347,0.94747758,0.35554376,0.07480678,0.94747758,0.35554376,0.07480678,0.0
625,0.93177133,0.33727943,0.09011169,0.94883441,0.35244866,0.08304751,0.94883441,0.35244866,0.08304751,0.0
626,0.93032007,0.33517732,0.09993736,0.94757528,0.35033778,0.0926128,0.94757528,0.35033778,0.0926128,0.0
627,0.92767379,0.33359962,0.10902196,0.94504339,0.34875788,0.10152961,0.94504339,0.34875788,0.10152961,0.0
628,0.92289609,0.33343287,0.11776614,0.9403143,0.3482874,0.10994233,0.9403143,0.3482874,0.10994233,0.0
629,0.91712404,0.33381417,0.12618599,0.93452685,0.34862974,0.11833636,0.93452685,0.34862974,0.11833636,0.0
630,0.91623335,0.35948303,0.0525837,0.93015257,0.3738747,0.04685766,0.93015257,0.3738747,0.04685766,0.0
631,0.91940026,0.35853325,0.05780387,0.9340804,0.37255513,0.05188912,0.9340804,0.37255513,0.05188912,0.0
632,0.92783244,0.35586701,0.06547569,0.94351906,0.37021514,0.05931969,0.94351906,0.37021514,0.05931969,0.0
633,0.93274854,0.35380426,0.07403441,0.94896938,0.36805805,0.06736646,0.94896938,0.36805805,0.06736646,0.0
634,0.93555718,0.35184196,0.08360228,0.95207041,0.3659278,0.07658124,0.95207041,0.3659278,0.07658124,0.0
635,0.93688631,0.3500465,0.09335844,0.95421992,0.36454817,0.08559398,0.95421992,0.36454817,0.08559398,0.0
636,0.93577749,0.34864043,0.10297972,0.95330039,0.36321339,0.09499328,0.95330039,0.36321339,0.09499328,0.0
637,0.93329596,0.34741188,0.1124799,0.9510758,0.36183765,0.10426464,0.9510758,0.36183765,0.10426464,0.0
638,0.9282467,0.34688529,0.1211179,0.9460075,0.36132236,0.11290282,0.9460075,0.36132236,0.11290282,0.0
639,0.92193153,0.34654691,0.1293254,0.93963559,0.36076306,0.12102684,0.93963559,0.36076306,0.12102684,0.0
640,0.91631036,0.36344716,0.05309387,0.93050378,0.37720026,0.04722485,0.93050378,0.37720026,0.04722485,0.0
641,0.91964103,0.36383376,0.05841674,0.93439195,0.37742807,0.05234015,0.93439195,0.37742807,0.05234015,0.0
642,0.9276071,0.36441196,0.06638638,0.94333596,0.3782048,0.0599685,0.94333596,0.3782048,0.0599685,0.0
643,0.93247236,0.36465144,0.07535371,0.94907424,0.37811424,0.0678511,0.94907424,0.37811424,0.0678511,0.0
644,0.93506542,0.36464222,0.08491463,0.95195357,0.37801405,0.07716868,0.95195357,0.37801405,0.07716868,0.0
645,0.93625082,0.36414882,0.09466616,0.95362085,0.37768431,0.08643633,0.95362085,0.37768431,0.08643633,0.0
646,0.93534171,0.36375361,0.1043913,0.95284852,0.37733611,0.09599503,0.95284852,0.37733611,0.09599503,0.0
647,0.93282425,0.36285058,0.11389032,0.95035539,0.37649349,0.10544433,0.95035539,0.37649349,0.10544433,0.0
648,0.92791772,0.36200916,0.12222008,0.94538265,0.37568437,0.11382253,0.94538265,0.37568437,0.11382253,0.0
649,0.92171035,0.36069425,0.13043105,0.93959433,0.37414098,0.12080162,0.93959433,0.37414098,0.12080162,0.0
650,0.9152642,0.36728468,0.05286529,0.92940586,0.38068369,0.04693071,0.92940586,0.38068369,0.04693071,0.0
651,0.91803685,0.36892832,0.05838559,0.93270137,0.38210651,0.05219964,0.93270137,0.38210651,0.05219964,0.0
652,0.92533612,0.37272733,0.06623629,0.94097663,0.38526993,0.05920918,0.94097663,0.38526993,0.05920918,0.0
653,0.92964237,0.37521108,0.07508818,0.94560925,0.38758348,0.06770161,0.94560925,0.38758348,0.06770161,0.0
654,0.93201984,0.37715495,0.08464214,0.94848218,0.38964396,0.07693268,0.94848218,0.38964396,0.07693268,0.0
655,0.93291878,0.37827843,0.09469728,0.9495402,0.39082799,0.08685719,0.9495402,0.39082799,0.08685719,0.0
656,0.93163031,0.37849992,0.10431277,0.94871895,0.39143245,0.09601142,0.94871895,0.39143245,0.09601142,0.0
657,0.92907692,0.37792241,0.11381063,0.94622573,0.39095916,0.1054458,0.94622573,0.39095916,0.1054458,0.0
658,0.92440701,0.37677911,0.12255828,0.9421004,0.38931035,0.11332574,0.9421004,0.38931035,0.11332574,0.0
659,0.9183783,0.37482385,0.13046217,0.93675296,0.38745425,0.11995874,0.93675296,0.38745425,0.11995874,0.0
660,0.91326061,0.37035751,0.05262641,0.927294,0.38325021,0.04671142,0.927294,0.38325021,0.04671142,0.0
661,0.91507387,0.37321092,0.05751066,0.92952965,0.38601855,0.0513181,0.92952965,0.38601855,0.0513181,0.0
662,0.92040548,0.37975725,0.06512365,0.9354184,0.39157209,0.05815249,0.9354184,0.39157209,0.05815249,0.0
663,0.92357367,0.38409111,0.07364657,0.9392681,0.39560143,0.066176,0.9392681,0.39560143,0.066176,0.0
664,0.92488494,0.38723406,0.08287389,0.94074988,0.39876818,0.07528975,0.94074988,0.39876818,0.07528975,0.0
665,0.92482448,0.38956731,0.09229297,0.94094296,0.4010891,0.08433316,0.94094296,0.4010891,0.08433316,0.0
666,0.92304985,0.39039482,0.10210821,0.93919016,0.40209012,0.09413525,0.93919016,0.40209012,0.09413525,0.0
667,0.92053141,0.39047902,0.11129435,0.93667133,0.40228932,0.10332512,0.93667133,0.40228932,0.10332512,0.0
668,0.91593336,0.3886847,0.12004432,0.93320668,0.40020319,0.11085269,0.93320668,0.40020319,0.11085269,0.0
669,0.91028401,0.38611274,0.12805787,0.92753852,0.39780286,0.11864807,0.92753852,0.39780286,0.11864807,0.0
670,0.9101698,0.37297821,0.05164995,0.92365524,0.38539422,0.04573702,0.92365524,0.38539422,0.04573702,0.0
671,0.91126027,0.37673952,0.05631604,0.92508888,0.38886122,0.05015011,0.92508888,0.38886122,0.05015011,0.0
672,0.91391636,0.38496434,0.06306338,0.92849276,0.39661494,0.05625541,0.92849276,0.39661494,0.05625541,0.0
673,0.91482331,0.39102171,0.07051859,0.92971478,0.40248221,0.06345709,0.92971478,0.40248221,0.06345709,0.0
674,0.91465408,0.39531873,0.07962132,0.92996357,0.40656428,0.07217558,0.92996357,0.40656428,0.07217558,0.0
675,0.91356335,0.39852555,0.08871491,0.92894831,0.4097928,0.08120115,0.92894831,0.4097928,0.08120115,0.0
676,0.91120868,0.39994613,0.09800375,0.92693265,0.41124726,0.0902275,0.92693265,0.41124726,0.0902275,0.0
677,0.90824,0.40031083,0.1073908,0.92399021,0.41173987,0.09961112,0.92399021,0.41173987,0.09961112,0.0
678,0.90394944,0.39855083,0.11624811,0.91959734,0.41017109,0.10837632,0.91959734,0.41017109,0.10837632,0.0
679,0.89929444,0.39543081,0.12458598,0.91569034,0.40668489,0.11574678,0.91569034,0.40668489,0.11574678,0.0
680,0.90671453,0.37423891,0.05015404,0.91977876,0.38688001,0.04423852,0.91977876,0.38688001,0.04423852,0.0
681,0.90619568,0.37847962,0.05428113,0.9194616,0.39060042,0.04806117,0.9194616,0.39060042,0.04806117,0.0
682,0.90631897,0.38806811,0.05985457,0.92018516,0.3994563,0.05332164,0.92018516,0.3994563,0.05332164,0.0
683,0.90513043,0.3952109,0.06697052,0.91890986,0.40628145,0.06010909,0.91890986,0.40628145,0.06010909,0.0
684,0.90342275,0.40032353,0.07522368,0.91753313,0.41127428,0.06809454,0.91753313,0.41127428,0.06809454,0.0
685,0.90133768,0.4040784,0.08399295,0.915551,0.41507059,0.07679244,0.915551,0.41507059,0.07679244,0.0
686,0.89822528,0.40574516,0.09337536,0.91275083,0.41668635,0.0859612,0.91275083,0.41668635,0.0859612,0.0
687,0.89464162,0.40604121,0.10254773,0.90919477,0.4170563,0.09512099,0.90919477,0.4170563,0.09512099,0.0
688,0.89100198,0.40402435,0.11162087,0.90557744,0.41510918,0.10418771,0.90557744,0.41510918,0.10418771,0.0
689,0.88669039,0.40061314,0.12006724,0.90194941,0.41197676,0.11233357,0.90194941,0.41197676,0.11233357,0.0
690,0.90275206,0.37445441,0.04844693,0.91555514,0.38713893,0.04249218,0.91555514,0.38713893,0.04249218,0.0
691,0.9008605,0.37887266,0.05245292,0.91329668,0.39090994,0.04610592,0.91329668,0.39090994,0.04610592,0.0
692,0.89787293,0.38844342,0.05695183,0.91014787,0.40005567,0.05037487,0.91014787,0.40005567,0.05037487,0.0
693,0.89463875,0.39535663,0.06300701,0.90706712,0.40641804,0.0561244,0.90706712,0.40641804,0.0561244,0.0
694,0.89074268,0.40055451,0.07050765,0.90320283,0.41171436,0.06353077,0.90320283,0.41171436,0.06353077,0.0
695,0.88722695,0.40414845,0.07843083,0.89972277,0.41541465,0.07139685,0.89972277,0.41541465,0.07139685,0.0
696,0.88349957,0.40574656,0.08759857,0.89635859,0.41697266,0.08041745,0.89635859,0.41697266,0.08041745,0.0
697,0.87967929,0.40634449,0.09635304,0.89255739,0.41763244,0.08914507,0.89255739,0.41763244,0.08914507,0.0
698,0.87634715,0.40436195,0.10553352,0.88924152,0.41570809,0.09830621,0.88924152,0.41570809,0.09830621,0.0
699,0.87295804,0.40105371,0.1143019,0.88585491,0.41245146,0.10706332,0.88585491,0.41245146,0.10706332,0.0
700,0.89924082,0.37340219,0.0468518,0.91080066,0.38632854,0.04092289,0.91080066,0.38632854,0.04092289,0.0
701,0.89584772,0.3773233,0.05032226,0.9074401,0.38991114,0.04402831,0.9074401,0.38991114,0.04402831,0.0
702,0.89003476,0.38624668,0.05313015,0.90141431,0.39849675,0.04663133,0.90141431,0.39849675,0.04663133,0.0
703,0.88437657,0.39255979,0.05832779,0.89588769,0.40428655,0.05159546,0.89588769,0.40428655,0.05159546,0.0
704,0.87897897,0.39726054,0.06529291,0.89009735,0.40876914,0.05858823,0.89009735,0.40876914,0.05858823,0.0
705,0.87388984,0.40100837,0.07267824,0.88498373,0.41256941,0.0659525,0.88498373,0.41256941,0.0659525,0.0
706,0.86923998,0.40250351,0.08152396,0.8803925,0.41400395,0.0746618,0.8803925,0.41400395,0.0746618,0.0
707,0.8650054,0.40305643,0.0904805,0.87653449,0.41422086,0.08351875,0.87653449,0.41422086,0.08351875,0.0
708,0.86167325,0.40107389,0.09966098,0.87338696,0.41293176,0.0925838,0.87338696,0.41293176,0.0925838,0.0
709,0.85920663,0.39786862,0.10875137,0.87094979,0.4097558,0.10165926,0.87094979,0.4097558,0.10165926,0.0
710,0.89603805,0.37139706,0.04567688,0.90744323,0.38445616,0.03972669,0.90744323,0.38445616,0.03972669,0.0
711,0.89159364,0.37454053,0.04841091,0.90273505,0.38736394,0.0421573,0.90273505,0.38736394,0.0421573,0.0
712,0.8831929,0.38152744,0.05025856,0.89397311,0.39424407,0.04391985,0.89397311,0.39424407,0.04391985,0.0
713,0.87590436,0.38666875,0.05450625,0.88600506,0.3989405,0.04809026,0.88600506,0.3989405,0.04809026,0.0
714,0.86907708,0.39022133,0.06093816,0.87907768,0.40251463,0.05450588,0.87907768,0.40251463,0.05450588,0.0
715,0.86286577,0.39285533,0.06789762,0.87310047,0.40494258,0.0612333,0.87310047,0.40494258,0.0612333,0.0
716,0.85805116,0.39400132,0.07632776,0.86832143,0.40611773,0.06966063,0.86832143,0.40611773,0.06966063,0.0
717,0.85354501,0.3941944,0.08517812,0.86384823,0.40633802,0.07850822,0.86384823,0.40633802,0.07850822,0.0
718,0.85048443,0.39257169,0.09446478,0.86082859,0.40474768,0.08778881,0.86082859,0.40474768,0.08778881,0.0
719,0.84859686,0.38976059,0.10376869,0.85951449,0.40209185,0.09680519,0.85951449,0.40209185,0.09680519,0.0
720,0.89370079,0.36816921,0.04441188,0.90479134,0.38181843,0.03841308,0.90479134,0.38181843,0.03841308,0.0
721,0.88844171,0.37023317,0.04682737,0.89934609,0.38346751,0.0405224,0.89934609,0.38346751,0.0405224,0.0
722,0.87793935,0.37467757,0.04751503,0.8880776,0.38789225,0.04099421,0.8880776,0.38789225,0.04099421,0.0
723,0.86929299,0.3780197,0.05123183,0.87917693,0.3912908,0.04459286,0.87917693,0.3912908,0.04459286,0.0
724,0.86148627,0.38014362,0.05692962,0.87113938,0.39296964,0.05037699,0.87113938,0.39296964,0.05037699,0.0
725,0.85446028,0.38169811,0.06357054,0.86414941,0.39444356,0.05708163,0.86414941,0.39444356,0.05708163,0.0
726,0.84879504,0.38209009,0.07168099,0.85854517,0.39479012,0.06523629,0.85854517,0.39479012,0.06523629,0.0
727,0.84432483,0.38195766,0.08053251,0.85413474,0.39462592,0.07411816,0.85413474,0.39462592,0.07411816,0.0
728,0.84167855,0.38037997,0.08961711,0.85165384,0.3930773,0.08299198,0.85165384,0.3930773,0.08299198,0.0
729,0.8399198,0.37824353,0.09933544,0.85028108,0.39153409,0.09264294,0.85028108,0.39153409,0.09264294,0.0
730,0.89232195,0.36471881,0.04347004,0.90329672,0.37870992,0.03744845,0.90329672,0.37870992,0.03744845,0.0
731,0.88669841,0.36542276,0.04536609,0.89744601,0.37949165,0.03919666,0.89744601,0.37949165,0.03919666,0.0
732,0.87525353,0.36712576,0.04563367,0.88505925,0.38122394,0.03896282,0.88505925,0.38122394,0.03896282,0.0
733,0.86562871,0.36805199,0.04892924,0.87490181,0.38212478,0.04172681,0.87490181,0.38212478,0.04172681,0.0
734,0.85715005,0.36878157,0.05400025,0.86671977,0.38249862,0.04727019,0.86671977,0.38249862,0.04727019,0.0
735,0.8493453,0.36893104,0.0603238,0.85834786,0.38248484,0.05402492,0.85834786,0.38248484,0.05402492,0.0
736,0.84375192,0.368672,0.06843656,0.85319464,0.3825144,0.06206443,0.85319464,0.3825144,0.06206443,0.0
737,0.83904608,0.36785421,0.07718306,0.84875367,0.38099617,0.07068782,0.84875367,0.38099617,0.07068782,0.0
738,0.83652862,0.36695118,0.08668208,0.8466122,0.38058651,0.08020216,0.8466122,0.38058651,0.08020216,0.0
739,0.8350055,0.3655001,0.09650543,0.84528646,0.37891176,0.08982324,0.84528646,0.37891176,0.08982324,0.0
740,0.91509332,0.3633076,0.05162898,0.92896078,0.37735071,0.04581394,0.92896078,0.37735071,0.04581394,0.0
741,0.90621558,0.35176691,0.04677899,0.91905038,0.36699705,0.04179781,0.91905038,0.36699705,0.04179781,0.0
742,0.89430353,0.36098201,0.0429851,0.90532073,0.37523721,0.03702783,0.90532073,0.37523721,0.03702783,0.0
743,0.90325215,0.37285891,0.04752453,0.91607215,0.38564569,0.04158681,0.91607215,0.38564569,0.04158681,0.0
744,0.89535286,0.3637341,0.04309577,0.90644688,0.37775064,0.03714269,0.90644688,0.37775064,0.03714269,0.0
745,0.9059267,0.37216765,0.0480773,0.91890551,0.38498466,0.04216665,0.91890551,0.38498466,0.04216665,0.0
746,0.91432848,0.36091309,0.05058894,0.92814805,0.37516366,0.04483806,0.92814805,0.37516366,0.04483806,0.0
747,0.90386146,0.35249023,0.04529801,0.91653712,0.36763794,0.040265,0.91653712,0.36763794,0.040265,0.0
748,0.90142111,0.37166348,0.04615784,0.91331138,0.38480774,0.04016174,0.91331138,0.38480774,0.04016174,0.0
749,0.91368271,0.36578511,0.05088096,0.92745504,0.37942701,0.04506068,0.92745504,0.37942701,0.04506068,0.0
750,0.90836705,0.3529944,0.04721748,0.92151425,0.36824005,0.04211348,0.92151425,0.36824005,0.04211348,0.0
751,0.89599864,0.35886209,0.04280376,0.90733063,0.3734123,0.03689758,0.90733063,0.3734123,0.03689758,0.0
752,0.89656695,0.36683535,0.04362203,0.90793864,0.3803153,0.03767146,0.90793864,0.3803153,0.03767146,0.0
753,0.90890972,0.37052348,0.04905029,0.92204483,0.38344745,0.04316578,0.92204483,0.38344745,0.04316578,0.0
754,0.91332802,0.35783322,0.04944388,0.92680227,0.37249267,0.04398099,0.92680227,0.37249267,0.04398099,0.0
755,0.90102118,0.35381958,0.04401678,0.91298724,0.36857411,0.03839191,0.91298724,0.36857411,0.03839191,0.0
756,0.89863264,0.36970336,0.04478086,0.91011786,0.38292264,0.03885427,0.91011786,0.38292264,0.03885427,0.0
757,0.91196461,0.36822829,0.0500256,0.92538784,0.38170308,0.04427239,0.92538784,0.38170308,0.04427239,0.0
758,0.91126233,0.35496521,0.04828506,0.92454009,0.37016034,0.0431577,0.92454009,0.37016034,0.0431577,0.0
759,0.89785948,0.35610408,0.04335087,0.90962034,0.37077899,0.03762296,0.90962034,0.37077899,0.03762296,0.0
760,0.90035241,0.35901485,0.0432721,0.91226373,0.37348956,0.03756259,0.91226373,0.37348956,0.03756259,0.0
761,0.90344323,0.35639414,0.04424857,0.91574202,0.3712405,0.03899808,0.91574202,0.3712405,0.03899808,0.0
762,0.90635537,0.35441377,0.04553212,0.91915336,0.36949529,0.04050464,0.91915336,0.36949529,0.04050464,0.0
763,0.89749821,0.36133368,0.04271353,0.9092532,0.37568833,0.03692617,0.9092532,0.37568833,0.03692617,0.0
764,0.89963478,0.36453789,0.0435618,0.91151919,0.37863679,0.03778344,0.91151919,0.37863679,0.03778344,0.0
765,0.90263172,0.36190424,0.04381213,0.91467127,0.3761819,0.03811033,0.91467127,0.3761819,0.03811033,0.0
766,0.90603003,0.35931785,0.04489593,0.91886451,0.37374888,0.03938496,0.91886451,0.37374888,0.03938496,0.0
767,0.9088713,0.35700128,0.04649004,0.92178508,0.37196836,0.04143315,0.92178508,0.37196836,0.04143315,0.0
768,0.90743603,0.36804737,0.04706944,0.92035434,0.38159357,0.04134461,0.92035434,0.38159357,0.04134461,0.0
769,0.91049091,0.36575218,0.04804475,0.92383395,0.37943607,0.0423168,0.92383395,0.37943607,0.0423168,0.0
770,0.91285993,0.36305213,0.04911594,0.92630423,0.37725006,0.04352683,0.92630423,0.37725006,0.04352683,0.0
771,0.90396684,0.37029755,0.04629619,0.91654537,0.38354507,0.04051595,0.91654537,0.38354507,0.04051595,0.0
772,0.90527646,0.36516641,0.04518447,0.91806323,0.37894845,0.03948429,0.91806323,0.37894845,0.03948429,0.0
773,0.91120855,0.36022913,0.04775505,0.9245695,0.37465185,0.04222322,0.9245695,0.37465185,0.04222322,0.0
774,0.90180728,0.36741659,0.04441123,0.91381109,0.38129165,0.03864907,0.91381109,0.38129165,0.03864907,0.0
775,0.90836728,0.3625457,0.04616094,0.92131271,0.37653328,0.04051398,0.92131271,0.37653328,0.04051398,0.0
776,0.88842234,0.36033663,0.0440523,0.89915756,0.37484551,0.03794478,0.89915756,0.37484551,0.03794478,0.0
777,0.8899906,0.35556759,0.0440823,0.9007002,0.37076578,0.03825361,0.9007002,0.37076578,0.03825361,0.0
778,0.89261015,0.35157618,0.04484873,0.9034422,0.36684302,0.03917068,0.9034422,0.36684302,0.03917068,0.0
779,0.89665938,0.34873292,0.04614837,0.90809113,0.36439652,0.04085339,0.90809113,0.36439652,0.04085339,0.0
780,0.9012158,0.34693486,0.0476592,0.91356145,0.36259147,0.04243612,0.91356145,0.36259147,0.04243612,0.0
781,0.90579325,0.34678801,0.04958098,0.91887188,0.36222952,0.04454241,0.91887188,0.36222952,0.04454241,0.0
782,0.91022698,0.3479432,0.05149813,0.92365649,0.363588,0.04636251,0.92365649,0.363588,0.04636251,0.0
783,0.91417356,0.35069164,0.05330214,0.92775566,0.36645125,0.04819167,0.92775566,0.36645125,0.04819167,0.0
784,0.91708986,0.35431366,0.05478066,0.93102145,0.36950901,0.04936418,0.93102145,0.36950901,0.04936418,0.0
785,0.9186684,0.35877491,0.05582636,0.9332611,0.37281369,0.04996331,0.9332611,0.37281369,0.04996331,0.0
786,0.91863762,0.36371558,0.05633305,0.93328913,0.37732578,0.05031832,0.93328913,0.37732578,0.05031832,0.0
787,0.91717618,0.36849531,0.05599366,0.93174225,0.38169676,0.04989458,0.93174225,0.38169676,0.04989458,0.0
788,0.91444981,0.37247604,0.05553663,0.92864313,0.3850929,0.04946897,0.92864313,0.3850929,0.04946897,0.0
789,0.91070808,0.37535361,0.05434433,0.92426122,0.38759917,0.0483723,0.92426122,0.38759917,0.0483723,0.0
790,0.90656596,0.37719668,0.05263143,0.91980912,0.38936426,0.04648326,0.91980912,0.38936426,0.04648326,0.0
791,0.9015742,0.37729853,0.05091171,0.91396241,0.38975209,0.0445748,0.91396241,0.38975209,0.0445748,0.0
792,0.89714048,0.37614333,0.04899457,0.908748,0.38874881,0.04278944,0.908748,0.38874881,0.04278944,0.0
793,0.8931939,0.37339489,0.04719055,0.90436,0.38622535,0.04105252,0.90436,0.38622535,0.04105252,0.0
794,0.89031352,0.36944737,0.04571319,0.90127081,0.38269103,0.03946203,0.90127081,0.38269103,0.03946203,0.0
795,0.88884179,0.3649968,0.04435809,0.89967244,0.37904866,0.03824984,0.89967244,0.37904866,0.03824984,0.0
796,0.89364298,0.36126989,0.05177972,0.9050151,0.37565502,0.04570815,0.9050151,0.37565502,0.04570815,0.0
797,0.88827672,0.36033272,0.04746833,0.89903584,0.37486544,0.04130889,0.89903584,0.37486544,0.04130889,0.0
798,0.87588024,0.35862808,0.04555647,0.88568325,0.3735256,0.03918242,0.88568325,0.3735256,0.03918242,0.0
799,0.86661374,0.3572864,0.04855074,0.87610777,0.37201493,0.04200716,0.87610777,0.37201493,0.04200716,0.0
800,0.85817298,0.35571601,0.05424867,0.86735902,0.37064492,0.048021,0.86735902,0.37064492,0.048021,0.0
801,0.85061876,0.35457411,0.06026745,0.85982144,0.36949698,0.05419157,0.85982144,0.36949698,0.05419157,0.0
802,0.84489657,0.35364041,0.0679658,0.85416188,0.36855485,0.06197174,0.85416188,0.36855485,0.06197174,0.0
803,0.84074777,0.35255281,0.07620199,0.85007976,0.36746085,0.07025485,0.85007976,0.36746085,0.07025485,0.0
804,0.8379937,0.35195166,0.08528311,0.84739351,0.36684727,0.07936155,0.84739351,0.36684727,0.07936155,0.0
805,0.83677709,0.35152213,0.09490092,0.84668882,0.36580249,0.08868368,0.84668882,0.36580249,0.08868368,0.0
806,0.89420199,0.35902562,0.05189517,0.90589727,0.3735568,0.04595938,0.90589727,0.3735568,0.04595938,0.0
807,0.88980904,0.35588919,0.04749716,0.90054225,0.37108327,0.04157185,0.90054225,0.37108327,0.04157185,0.0
808,0.8782221,0.35064891,0.04539599,0.8882084,0.3662151,0.03932267,0.8882084,0.3662151,0.03932267,0.0
809,0.86951462,0.34706296,0.04850572,0.879317,0.36232238,0.04247457,0.879317,0.36232238,0.04247457,0.0
810,0.86136032,0.34387569,0.05390004,0.87068831,0.35930011,0.04816448,0.87068831,0.35930011,0.04816448,0.0
811,0.85425732,0.34146605,0.06003079,0.86356575,0.35660646,0.05413699,0.86356575,0.35660646,0.05413699,0.0
812,0.84867885,0.3392303,0.06773377,0.85801535,0.3543285,0.06187297,0.85801535,0.3543285,0.06187297,0.0
813,0.84411574,0.33809769,0.07617203,0.85349404,0.35315376,0.07032383,0.85349404,0.35315376,0.07032383,0.0
814,0.84152642,0.33784569,0.08566873,0.85096388,0.35286039,0.07982034,0.85096388,0.35286039,0.07982034,0.0
815,0.84003727,0.33804355,0.09486748,0.84952689,0.3530249,0.08901714,0.84952689,0.3530249,0.08901714,0.0
816,0.89616965,0.35627831,0.05213289,0.90798583,0.37093076,0.04627518,0.90798583,0.37093076,0.04627518,0.0
817,0.89249948,0.35223398,0.04795303,0.90337513,0.3674506,0.04218657,0.90337513,0.3674506,0.04218657,0.0
818,0.8827025,0.34389949,0.04670954,0.89324151,0.35975802,0.04119066,0.89324151,0.35975802,0.04119066,0.0
819,0.87544057,0.33849776,0.05025557,0.885641,0.35435354,0.04476315,0.885641,0.35435354,0.04476315,0.0
820,0.8682816,0.3337752,0.0562871,0.87845767,0.34952173,0.05079782,0.87845767,0.34952173,0.05079782,0.0
821,0.86204412,0.33014285,0.06232776,0.87175223,0.3457962,0.05679719,0.87175223,0.3457962,0.05679719,0.0
822,0.85680907,0.3276159,0.07013924,0.86652146,0.34321527,0.06460494,0.86652146,0.34321527,0.06460494,0.0
823,0.8526962,0.32620279,0.07837659,0.86243098,0.34175787,0.07283514,0.86243098,0.34175787,0.07283514,0.0
824,0.84979939,0.32591646,0.08776595,0.86020666,0.34120311,0.08190866,0.86020666,0.34120311,0.08190866,0.0
825,0.84813157,0.32675466,0.09727179,0.8585907,0.34200555,0.09140339,0.8585907,0.34200555,0.09140339,0.0
826,0.89863058,0.35556567,0.05330447,0.91064132,0.37022206,0.04751246,0.91064132,0.37022206,0.04751246,0.0
827,0.89582691,0.34931139,0.0493474,0.90727238,0.3649168,0.04394648,0.90727238,0.3649168,0.04394648,0.0
828,0.88949912,0.33872673,0.04887715,0.90043913,0.3547228,0.04356581,0.90043913,0.3547228,0.04356581,0.0
829,0.88364682,0.33183472,0.05285832,0.89454299,0.34780129,0.04756635,0.89454299,0.34780129,0.04756635,0.0
830,0.87786154,0.3259474,0.05932384,0.88876942,0.34182862,0.05399797,0.88876942,0.34182862,0.05399797,0.0
831,0.87265433,0.32144148,0.06568999,0.8833404,0.33742604,0.06031872,0.8833404,0.33742604,0.06031872,0.0
832,0.86841363,0.31836647,0.0738258,0.8791178,0.3342879,0.06841518,0.8791178,0.3342879,0.06841518,0.0
833,0.86433669,0.31662785,0.08206431,0.87505339,0.33249758,0.0766196,0.87505339,0.33249758,0.0766196,0.0
834,0.86106052,0.31695823,0.09134402,0.87179766,0.33277711,0.08586359,0.87179766,0.33277711,0.08586359,0.0
835,0.85874178,0.31805329,0.10063402,0.87030153,0.33332849,0.09445952,0.87030153,0.33332849,0.09445952,0.0
836,0.90061926,0.35446956,0.05395313,0.91278525,0.36918675,0.04822012,0.91278525,0.36918675,0.04822012,0.0
837,0.90038333,0.34751333,0.05085823,0.91274137,0.36311793,0.04554374,0.91274137,0.36311793,0.04554374,0.0
838,0.89700263,0.33561001,0.05135981,0.90896569,0.35182611,0.04641386,0.90896569,0.35182611,0.04641386,0.0
839,0.89341058,0.32798173,0.05609583,0.90533969,0.34480334,0.0515771,0.90533969,0.34480334,0.0515771,0.0
840,0.88927056,0.32128949,0.06310151,0.90132305,0.33811897,0.05847453,0.90132305,0.33811897,0.05847453,0.0
841,0.88525838,0.31625915,0.07020873,0.89751133,0.33341502,0.06579528,0.89751133,0.33341502,0.06579528,0.0
842,0.8813611,0.31289295,0.07845303,0.8935245,0.32988375,0.07382578,0.8935245,0.32988375,0.07382578,0.0
843,0.87759165,0.31118865,0.08679888,0.88977009,0.32813474,0.08212766,0.88977009,0.32813474,0.08212766,0.0
844,0.87400799,0.31148471,0.09597125,0.8863288,0.32737286,0.09032742,0.8863288,0.32737286,0.09032742,0.0
845,0.87103833,0.31283664,0.10504542,0.88339452,0.32867124,0.09934864,0.88339452,0.32867124,0.09934864,0.0
846,0.903187,0.35376761,0.0548153,0.91612935,0.36853538,0.04922791,0.91612935,0.36853538,0.04922791,0.0
847,0.90461735,0.34765766,0.05267152,0.91770715,0.36302532,0.04749772,0.91770715,0.36302532,0.04749772,0.0
848,0.90492756,0.335179,0.05477402,0.9178781,0.35140854,0.05028824,0.9178781,0.35140854,0.05028824,0.0
849,0.90338115,0.32778029,0.0605708,0.91661029,0.34474259,0.05624775,0.91661029,0.34474259,0.05624775,0.0
850,0.9011929,0.32130469,0.0679111,0.91446584,0.33829869,0.06359179,0.91446584,0.33829869,0.06359179,0.0
851,0.89875412,0.31612045,0.07555617,0.91245588,0.3336329,0.07134677,0.91245588,0.3336329,0.07134677,0.0
852,0.89547182,0.31282291,0.08401515,0.90933698,0.33033032,0.0796708,0.90933698,0.33033032,0.0796708,0.0
853,0.89200987,0.31115293,0.09246834,0.90644255,0.32822651,0.08765523,0.90644255,0.32822651,0.08765523,0.0
854,0.88842621,0.31144898,0.10164071,0.90289506,0.32846616,0.09676143,0.90289506,0.32846616,0.09676143,0.0
855,0.88453407,0.31269794,0.11039286,0.89874821,0.32861073,0.10443927,0.89874821,0.32861073,0.10443927,0.0
856,0.90512485,0.35497373,0.05587259,0.91840911,0.36973054,0.05023887,0.91840911,0.36973054,0.05023887,0.0
857,0.9088504,0.34878922,0.05417192,0.9222935,0.36438533,0.0488716,0.9222935,0.36438533,0.0488716,0.0
858,0.91267185,0.33736279,0.05786956,0.92648103,0.35328529,0.05290344,0.92648103,0.35328529,0.05290344,0.0
859,0.9132779,0.33020435,0.0644177,0.92747409,0.34672045,0.05964798,0.92747409,0.34672045,0.05964798,0.0
860,0.91279186,0.32424951,0.07271027,0.92735938,0.34129743,0.06801253,0.92735938,0.34129743,0.06801253,0.0
861,0.91189054,0.31923689,0.08089203,0.92704538,0.33611956,0.07580679,0.92704538,0.33611956,0.07580679,0.0
862,0.90922323,0.316008,0.08956568,0.92443437,0.33286028,0.08438871,0.92443437,0.33286028,0.08438871,0.0
863,0.90626946,0.31439598,0.09854294,0.92151728,0.33119419,0.09327964,0.92151728,0.33119419,0.09327964,0.0
864,0.90207081,0.31462339,0.10750064,0.91833485,0.33058307,0.10049955,0.91833485,0.33058307,0.10049955,0.0
865,0.89756369,0.3158037,0.11603812,0.91387031,0.33172405,0.10894359,0.91387031,0.33172405,0.10894359,0.0
866,0.90713358,0.35651605,0.05661931,0.92051823,0.37123754,0.05097314,0.92051823,0.37123754,0.05097314,0.0
867,0.91252542,0.35117783,0.05586976,0.92626127,0.36676745,0.05043126,0.92626127,0.36676745,0.05043126,0.0
868,0.9189926,0.34202634,0.06125262,0.93359924,0.3575451,0.055971,0.93359924,0.3575451,0.055971,0.0
869,0.9216433,0.33608471,0.06854864,0.93707585,0.35188253,0.06304721,0.93707585,0.35188253,0.06304721,0.0
870,0.92231538,0.33091819,0.07726824,0.93807788,0.34707458,0.07200059,0.93807788,0.34707458,0.07200059,0.0
871,0.92253624,0.32701941,0.08587587,0.93878081,0.34267394,0.07986601,0.93878081,0.34267394,0.07986601,0.0
872,0.92034118,0.32417399,0.09507244,0.93716651,0.34005211,0.08852616,0.93716651,0.34005211,0.08852616,0.0
873,0.91780171,0.32260698,0.10384764,0.93474546,0.33844347,0.09712404,0.93474546,0.33844347,0.09712404,0.0
874,0.9133315,0.32247455,0.11269916,0.93035432,0.33783173,0.1054499,0.93035432,0.33783173,0.1054499,0.0
875,0.9083162,0.3235969,0.12071256,0.92536273,0.33890138,0.11338671,0.92536273,0.33890138,0.11338671,0.0
876,0.90907143,0.35772217,0.0576766,0.9228228,0.37224778,0.05182096,0.9228228,0.37224778,0.05182096,0.0
877,0.91513423,0.35476552,0.05724094,0.929174,0.36976487,0.05145989,0.929174,0.36976487,0.05145989,0.0
878,0.9240814,0.34852705,0.06358057,0.93952278,0.3634572,0.05793845,0.93952278,0.3634572,0.05793845,0.0
879,0.92798311,0.34437392,0.07171689,0.94369681,0.35921959,0.06592324,0.94369681,0.35921959,0.06592324,0.0
880,0.92994212,0.34067039,0.08127794,0.94625069,0.35603649,0.0750791,0.94625069,0.35603649,0.0750791,0.0
881,0.93056336,0.33780611,0.09040617,0.94760761,0.35294611,0.0833351,0.94760761,0.35294611,0.0833351,0.0
882,0.92932573,0.33572537,0.09961303,0.94655363,0.35086524,0.09230417,0.94655363,0.35086524,0.09230417,0.0
883,0.92664352,0.33447319,0.10869647,0.94398752,0.34960649,0.1012183,0.94398752,0.34960649,0.1012183,0.0
884,0.92200855,0.33399161,0.11713241,0.93940143,0.34882969,0.10932805,0.93940143,0.34882969,0.10932805,0.0
885,0.91634332,0.3343836,0.12524286,0.93372361,0.34918548,0.1174115,0.93372361,0.34918548,0.1174115,0.0
886,0.91007189,0.36080203,0.05882166,0.92389365,0.37502053,0.05287818,0.92389365,0.37502053,0.05287818,0.0
887,0.91660596,0.35921609,0.05859604,0.93118713,0.37321432,0.05264008,0.93118713,0.37321432,0.05264008,0.0
888,0.92676722,0.35607886,0.06546192,0.94242786,0.3704288,0.05926441,0.94242786,0.3704288,0.05926441,0.0
889,0.93168332,0.35401611,0.07402064,0.94787555,0.36826793,0.06734842,0.94787555,0.36826793,0.06734842,0.0
890,0.93438515,0.35204312,0.08389791,0.95087808,0.36611898,0.07687515,0.95087808,0.36611898,0.07687515,0.0
891,0.93537085,0.35053885,0.09354557,0.95266528,0.3650176,0.08579832,0.95266528,0.3650176,0.08579832,0.0
892,0.93440478,0.34881796,0.10285862,0.95188223,0.3633789,0.09490982,0.95188223,0.3633789,0.09490982,0.0
893,0.93188732,0.34791493,0.11235764,0.94962684,0.36231787,0.1041768,0.94962684,0.36231787,0.1041768,0.0
894,0.92698079,0.34707351,0.12068739,0.94470692,0.36149573,0.11250605,0.94470692,0.36149573,0.11250605,0.0
895,0.92115081,0.34711635,0.12838226,0.93883138,0.36131383,0.12010286,0.93883138,0.36131383,0.12010286,0.0
896,0.9101638,0.36278944,0.05892204,0.92399371,0.37682298,0.0529295,0.92399371,0.37682298,0.0529295,0.0
897,0.91664704,0.36350572,0.05910505,0.93129085,0.37710727,0.05301308,0.93129085,0.37710727,0.05301308,0.0
898,0.9268853,0.36433262,0.0664811,0.94259636,0.37812888,0.06005626,0.94259636,0.37812888,0.06005626,0.0
899,0.93144307,0.36453778,0.0753411,0.94779271,0.37810107,0.06812909,0.94779271,0.37810107,0.06812909,0.0
900,0.93392932,0.36451787,0.08521142,0.95077225,0.37788862,0.07748517,0.95077225,0.37788862,0.07748517,0.0
901,0.93491404,0.36400084,0.09454621,0.95221994,0.37753279,0.08636782,0.95221994,0.37753279,0.08636782,0.0
902,0.93400492,0.36360563,0.10427135,0.95145628,0.3771825,0.0959243,0.95145628,0.3771825,0.0959243,0.0
903,0.93159428,0.36271329,0.11346097,0.94908149,0.37634796,0.10505656,0.94908149,0.37634796,0.10505656,0.0
904,0.92668775,0.36187187,0.12179073,0.94411926,0.37553931,0.11342502,0.94411926,0.37553931,0.11342502,0.0
905,0.92100149,0.36061265,0.12949024,0.93885297,0.37405294,0.11990716,0.93885297,0.37405294,0.11990716,0.0
906,0.90960479,0.36503371,0.05880659,0.92340636,0.37886239,0.05276007,0.92340636,0.37886239,0.05276007,0.0
907,0.91552902,0.36799427,0.05887415,0.9301091,0.3812105,0.0526869,0.9301091,0.3812105,0.0526869,0.0
908,0.92475706,0.37233317,0.06602278,0.94010243,0.38486775,0.05917362,0.94010243,0.38486775,0.05917362,0.0
909,0.9289565,0.37480623,0.07518407,0.94490793,0.38720259,0.06777909,0.94490793,0.38720259,0.06777909,0.0
910,0.93084879,0.37636889,0.08525065,0.94729796,0.38889223,0.0775401,0.94729796,0.38889223,0.0775401,0.0
911,0.93165385,0.37747942,0.09457965,0.94824891,0.39004543,0.08675933,0.94824891,0.39004543,0.08675933,0.0
912,0.93036539,0.37770091,0.10419514,0.94742749,0.39064285,0.09591724,0.94742749,0.39064285,0.09591724,0.0
913,0.92788288,0.3774596,0.11338244,0.94500364,0.39049372,0.10504264,0.94500364,0.39049372,0.10504264,0.0
914,0.92335571,0.37600147,0.12182185,0.9410173,0.38854573,0.11263005,0.9410173,0.38854573,0.11263005,0.0
915,0.9177413,0.37409123,0.12952367,0.93608022,0.38673531,0.11907907,0.93608022,0.38673531,0.11907907,0.0
916,0.90767307,0.36745551,0.05857003,0.92140198,0.38078739,0.05231941,0.92140198,0.38078739,0.05231941,0.0
917,0.91294539,0.37166017,0.05810888,0.92734805,0.38454622,0.05187921,0.92734805,0.38454622,0.05187921,0.0
918,0.91986236,0.37903757,0.0649113,0.93483424,0.39089453,0.05795666,0.93483424,0.39089453,0.05795666,0.0
919,0.92261624,0.38332642,0.07363628,0.93826301,0.39492786,0.06616246,0.93826301,0.39492786,0.06616246,0.0
920,0.9238207,0.38645868,0.083173,0.93965894,0.39805427,0.07560079,0.93965894,0.39805427,0.07560079,0.0
921,0.92376024,0.38879193,0.09259208,0.93985793,0.40035848,0.08464946,0.93985793,0.40035848,0.08464946,0.0
922,0.92209242,0.38963013,0.10209792,0.93821786,0.40134452,0.09413663,0.93821786,0.40134452,0.09413663,0.0
923,0.91926649,0.38968001,0.11117672,0.9353884,0.40150003,0.10322011,0.9353884,0.40150003,0.10322011,0.0
924,0.91518955,0.38794138,0.11941523,0.9324399,0.39947014,0.11025363,0.9324399,0.39947014,0.11025363,0.0
925,0.90964701,0.38538011,0.12711937,0.92675946,0.39717523,0.11764341,0.92675946,0.39717523,0.11764341,0.0
926,0.90559051,0.36853868,0.05719523,0.91891643,0.38169038,0.05106309,0.91891643,0.38169038,0.05106309,0.0
927,0.90951115,0.37457206,0.05702391,0.92321192,0.38678621,0.05060605,0.92321192,0.38678621,0.05060605,0.0
928,0.91368072,0.38427899,0.06295836,0.92823791,0.39595451,0.05615608,0.92823791,0.39595451,0.05615608,0.0
929,0.91448087,0.39032567,0.07072297,0.92936511,0.40181205,0.0636631,0.92936511,0.40181205,0.0636631,0.0
930,0.91389734,0.39457768,0.08002776,0.92918718,0.40586194,0.07259505,0.92918718,0.40586194,0.07259505,0.0
931,0.91315003,0.39749331,0.08922985,0.92852898,0.40879837,0.08172519,0.92852898,0.40879837,0.08172519,0.0
932,0.91059467,0.39889025,0.09810196,0.92631064,0.41021271,0.09033339,0.92631064,0.41021271,0.09033339,0.0
933,0.90776874,0.39894012,0.10718076,0.92351537,0.41038322,0.09940509,0.92351537,0.41038322,0.09940509,0.0
934,0.90358499,0.39719081,0.11572867,0.91922911,0.40882084,0.10786016,0.91922911,0.40882084,0.10786016,0.0
935,0.89903679,0.39408148,0.12375714,0.91541451,0.40535472,0.11494421,0.91541451,0.40535472,0.11494421,0.0
936,0.90329434,0.36960047,0.05643924,0.91633435,0.38260423,0.05031218,0.91633435,0.38260423,0.05031218,0.0
937,0.90499066,0.37604461,0.05551424,0.91823036,0.38832575,0.04918369,0.91823036,0.38832575,0.04918369,0.0
938,0.90597653,0.38737207,0.06005895,0.91983767,0.39879483,0.05351697,0.91983767,0.39879483,0.05351697,0.0
939,0.90482392,0.39418935,0.06717606,0.91860222,0.40529529,0.06031809,0.91860222,0.40529529,0.06031809,0.0
940,0.90304536,0.39896577,0.07573978,0.91716087,0.40994952,0.0686108,0.91716087,0.40994952,0.0686108,0.0
941,0.90061686,0.40301184,0.08440055,0.91482,0.41402575,0.07720596,0.91482,0.41402575,0.07720596,0.0
942,0.8976472,0.40436377,0.09347472,0.91216576,0.41532033,0.08606509,0.91216576,0.41532033,0.08606509,0.0
943,0.89417035,0.40467051,0.10233769,0.90871751,0.41569555,0.09491457,0.90871751,0.41569555,0.09491457,0.0
944,0.89060159,0.40298985,0.11110028,0.90517016,0.41407938,0.10367056,0.90517016,0.41407938,0.10367056,0.0
945,0.88639682,0.39958933,0.11923724,0.90164735,0.4109552,0.1115085,0.90164735,0.4109552,0.1115085,0.0
946,0.90061979,0.37029173,0.05588646,0.91350258,0.38326371,0.04973568,0.91350258,0.38326371,0.04973568,0.0
947,0.90061389,0.37621511,0.0540092,0.91302089,0.38875853,0.04755601,0.91302089,0.38875853,0.04755601,0.0
948,0.89798072,0.38746688,0.0569553,0.91044814,0.39918328,0.05047982,0.91044814,0.39918328,0.05047982,0.0
949,0.89463973,0.3943694,0.06331989,0.9070692,0.40548765,0.05644022,0.9070692,0.40548765,0.05644022,0.0
950,0.89067279,0.39923108,0.07113109,0.90313506,0.41043135,0.06415289,0.90313506,0.41043135,0.06415289,0.0
951,0.88715706,0.40282502,0.07905427,0.89965409,0.41411442,0.07201836,0.89965409,0.41411442,0.07201836,0.0
952,0.88353648,0.40443382,0.0879126,0.89639696,0.41567311,0.08073017,0.89639696,0.41567311,0.08073017,0.0
953,0.87971621,0.40503175,0.09666708,0.89259532,0.41633043,0.0894578,0.89259532,0.41633043,0.0894578,0.0
954,0.87659768,0.40307058,0.10522876,0.88949148,0.41442372,0.09800134,0.88949148,0.41442372,0.09800134,0.0
955,0.87320857,0.39976235,0.11399714,0.88610488,0.41116684,0.10675828,0.88610488,0.41116684,0.10675828,0.0
956,0.89878875,0.3690963,0.05451977,0.91084405,0.38271648,0.04832429,0.91084405,0.38271648,0.04832429,0.0
957,0.89659447,0.37510492,0.05188999,0.90823923,0.38780241,0.04550004,0.90823923,0.38780241,0.04550004,0.0
958,0.89030731,0.38561929,0.05354921,0.90170413,0.39789578,0.04704511,0.90170413,0.39789578,0.04704511,0.0
959,0.88464912,0.3919324,0.05874685,0.89617283,0.40367896,0.05201338,0.89617283,0.40367896,0.05201338,0.0
960,0.87918063,0.39629694,0.06602252,0.89031202,0.40783846,0.05931249,0.89031202,0.40783846,0.05931249,0.0
961,0.874399,0.4000791,0.07351519,0.88551288,0.4116609,0.06678404,0.88551288,0.4116609,0.06678404,0.0
962,0.86954845,0.4015506,0.08194418,0.8807084,0.41306696,0.07507834,0.8807084,0.41306696,0.07507834,0.0
963,0.86576411,0.40182302,0.09069981,0.87745212,0.41364591,0.08364141,0.87745212,0.41364591,0.08364141,0.0
964,0.86253877,0.39985117,0.09957089,0.87425743,0.41171287,0.09249281,0.87425743,0.41171287,0.09249281,0.0
965,0.86017896,0.39665659,0.10835188,0.87192585,0.40854722,0.10125914,0.87192585,0.40854722,0.10125914,0.0
966,0.89678002,0.36755397,0.05377305,0.90870871,0.38129582,0.04757304,0.90870871,0.38129582,0.04757304,0.0
967,0.89291945,0.37271632,0.05019215,0.90413426,0.38563332,0.04381379,0.90413426,0.38563332,0.04381379,0.0
968,0.88377294,0.38093437,0.05078495,0.89459133,0.39367937,0.04443753,0.89459133,0.39367937,0.04443753,0.0
969,0.87652033,0.38575016,0.0550338,0.88664941,0.39806213,0.0486149,0.88664941,0.39806213,0.0486149,0.0
970,0.86958624,0.38929206,0.06177511,0.87960679,0.40161986,0.0553392,0.87960679,0.40161986,0.0553392,0.0
971,0.86337493,0.39192606,0.06873457,0.87362766,0.40403668,0.06206473,0.87362766,0.40403668,0.06206473,0.0
972,0.85866712,0.39308274,0.07685531,0.86895014,0.40521492,0.07018395,0.86895014,0.40521492,0.07018395,0.0
973,0.85426779,0.39328651,0.08539627,0.86458014,0.40544151,0.07872305,0.86458014,0.40544151,0.07872305,0.0
974,0.85165744,0.3913833,0.09448203,0.86201282,0.40357069,0.08780236,0.86201282,0.40357069,0.08780236,0.0
975,0.84953326,0.38887408,0.10336804,0.86045367,0.40120876,0.09640394,0.86045367,0.40120876,0.09640394,0.0
976,0.89457061,0.36598802,0.05260958,0.9063592,0.37987807,0.04641219,0.9063592,0.37987807,0.04641219,0.0
977,0.89000315,0.3690943,0.04871363,0.90099544,0.38236818,0.04238478,0.90099544,0.38236818,0.04238478,0.0
978,0.87848345,0.37441002,0.04804026,0.88865799,0.38762584,0.04152464,0.88865799,0.38762584,0.04152464,0.0
979,0.87018052,0.37746095,0.05186556,0.88009937,0.39074462,0.04522838,0.88009937,0.39074462,0.04522838,0.0
980,0.8619595,0.37953986,0.05776541,0.87163234,0.39238526,0.05120988,0.87163234,0.39238526,0.05120988,0.0
981,0.855241,0.38112867,0.06451367,0.86495236,0.39388439,0.05802317,0.86495236,0.39388439,0.05802317,0.0
982,0.84968257,0.38153135,0.07231472,0.85944749,0.39423969,0.06586809,0.85944749,0.39423969,0.06586809,0.0
983,0.84531917,0.38140961,0.08085684,0.85513915,0.39408497,0.07444055,0.85513915,0.39408497,0.07444055,0.0
984,0.84267289,0.37983191,0.08994144,0.85265847,0.3925347,0.08331387,0.85265847,0.3925347,0.08331387,0.0
985,0.84143526,0.37775118,0.0991483,0.85180543,0.39104214,0.09245435,0.85180543,0.39104214,0.09245435,0.0
986,0.89359215,0.36357213,0.05218835,0.90530444,0.37768221,0.04601235,0.90530444,0.37768221,0.04601235,0.0
987,0.88842461,0.36463305,0.04766793,0.89927363,0.37872214,0.04150881,0.89927363,0.37872214,0.04150881,0.0
988,0.87579763,0.36685821,0.04615891,0.88565637,0.38095752,0.03951432,0.88565637,0.38095752,0.03951432,0.0
989,0.86658712,0.36782945,0.04925241,0.87585441,0.38193668,0.04199351,0.87585441,0.38193668,0.04199351,0.0
990,0.85793077,0.36821214,0.05494338,0.86753439,0.38193605,0.0482105,0.86753439,0.38193605,0.0482105,0.0
991,0.85043351,0.36839593,0.06137427,0.85980388,0.38228689,0.05491811,0.85980388,0.38228689,0.05491811,0.0
992,0.84463945,0.36811325,0.0690703,0.85409914,0.3819576,0.06269458,0.85409914,0.3819576,0.06269458,0.0
993,0.84034792,0.36734048,0.07761473,0.85034578,0.38100704,0.07110958,0.85034578,0.38100704,0.07110958,0.0
994,0.83762977,0.36641382,0.08669701,0.84771915,0.38005402,0.08021653,0.84771915,0.38005402,0.08021653,0.0
995,0.83662777,0.36501843,0.09600889,0.84691358,0.37843442,0.08932532,0.84691358,0.37843442,0.08932532,0.0
996,0.90756112,0.36282967,0.05837158,0.9212758,0.37683607,0.05236714,0.9212758,0.37683607,0.05236714,0.0
997,0.90261505,0.35601414,0.05573539,0.91553177,0.37063826,0.05009208,0.91553177,0.37063826,0.05009208,0.0
998,0.8957825,0.36151242,0.05356662,0.90762838,0.37572851,0.04743714,0.90762838,0.37572851,0.04743714,0.0
999,0.90076449,0.36800244,0.05620397,0.9135273,0.38141898,0.05003218,0.9135273,0.38141898,0.05003218,0.0
1000,0.89625376,0.36288312,0.05377666,0.90813828,0.37699072,0.04763591,0.90813828,0.37699072,0.04763591,0.0
1001,0.90237382,0.36752304,0.05674298,0.91527044,0.38107528,0.05078331,0.91527044,0.38107528,0.05078331,0.0
1002,0.90708985,0.36145897,0.05816155,0.92078353,0.37557969,0.05218653,0.92078353,0.37557969,0.05218653,0.0
1003,0.90100572,0.35649354,0.05519639,0.91351243,0.37099609,0.0493596,0.91351243,0.37099609,0.0493596,0.0
1004,0.89960638,0.36721412,0.05577694,0.91172949,0.38096934,0.04960139,0.91172949,0.38096934,0.04960139,0.0
1005,0.90680241,0.36406308,0.05815227,0.92047846,0.37795773,0.05211814,0.92047846,0.37795773,0.05211814,0.0
1006,0.90377316,0.35680246,0.05616242,0.91675708,0.37140585,0.05051689,0.91675708,0.37140585,0.05051689,0.0
1007,0.89654121,0.36027901,0.05378593,0.90842895,0.37456859,0.04768241,0.90842895,0.37456859,0.04768241,0.0
1008,0.8972332,0.36431178,0.05451078,0.90919271,0.37829899,0.0483581,0.90919271,0.37829899,0.0483581,0.0
1009,0.90405501,0.3663926,0.0572843,0.9173121,0.37971652,0.05118143,0.9173121,0.37971652,0.05118143,0.0
1010,0.90614634,0.3597048,0.05742859,0.91949268,0.37411765,0.05169716,0.91949268,0.37411765,0.05169716,0.0
1011,0.89963203,0.3576583,0.0547624,0.91173423,0.37219213,0.04895707,0.91173423,0.37219213,0.04895707,0.0
1012,0.89828352,0.36607665,0.05493433,0.91031334,0.37992325,0.0487672,0.91031334,0.37992325,0.0487672,0.0
1013,0.90542871,0.36522784,0.05771829,0.91878324,0.37880623,0.05160729,0.91878324,0.37880623,0.05160729,0.0
1014,0.90506009,0.35826545,0.05700388,0.91835335,0.37277598,0.05129431,0.91835335,0.37277598,0.05129431,0.0
1015,0.89795084,0.35878874,0.05422108,0.90993292,0.3732579,0.04836617,0.90993292,0.3732579,0.04836617,0.0
1016,0.89913096,0.36024104,0.05537193,0.91152181,0.3744974,0.04944321,0.91152181,0.3744974,0.04944321,0.0
1017,0.90050465,0.35907628,0.05580592,0.91298599,0.37341025,0.04991321,0.91298599,0.37341025,0.04991321,0.0
1018,0.90229265,0.35795653,0.05603784,0.9151861,0.37244912,0.05035503,0.9151861,0.37244912,0.05035503,0.0
1019,0.89782814,0.361742,0.05462739,0.90981417,0.37591098,0.04851825,0.90981417,0.37591098,0.04851825,0.0
1020,0.89880758,0.36317066,0.0553615,0.91086726,0.37722801,0.04923921,0.91086726,0.37722801,0.04923921,0.0
1021,0.90007447,0.36199521,0.05610489,0.91253193,0.37612639,0.0501555,0.91253193,0.37612639,0.0501555,0.0
1022,0.90179159,0.36053926,0.05664737,0.91466266,0.37462002,0.05081233,0.91466266,0.37462002,0.05081233,0.0
1023,0.90327209,0.35938519,0.05677195,0.91622283,0.37379211,0.05106806,0.91622283,0.37379211,0.05106806,0.0
1024,0.90255446,0.36490824,0.05706165,0.91546719,0.37865923,0.05114796,0.91546719,0.37865923,0.05114796,0.0
1025,0.90392816,0.36374348,0.05749564,0.91691735,0.37758592,0.05160836,0.91691735,0.37758592,0.05160836,0.0
1026,0.90560935,0.36261304,0.05803696,0.91895614,0.3765119,0.05214402,0.91895614,0.3765119,0.05214402,0.0
1027,0.90118076,0.366073,0.05662767,0.91401415,0.37974042,0.05068777,0.91401415,0.37974042,0.05068777,0.0
1028,0.90146821,0.36346889,0.05663694,0.91431865,0.37733148,0.05074704,0.91431865,0.37733148,0.05074704,0.0
1029,0.90425153,0.36081385,0.05750607,0.91726168,0.3748933,0.05167841,0.91726168,0.3748933,0.05167841,0.0
1030,0.89978702,0.36459932,0.05609562,0.91222601,0.37854206,0.05009933,0.91222601,0.37854206,0.05009933,0.0
1031,0.90284191,0.36230413,0.05707092,0.91577138,0.37625701,0.0512087,0.91577138,0.37625701,0.0512087,0.0
1032,0.89092441,0.36063321,0.0497793,0.90185931,0.37500095,0.04366813,0.90185931,0.37500095,0.04366813,0.0
1033,0.89200552,0.3574574,0.04969617,0.90318581,0.37220519,0.04362151,0.90318581,0.37220519,0.04362151,0.0
1034,0.89420979,0.35440821,0.05035178,0.90583755,0.36922794,0.04446671,0.90583755,0.36922794,0.04446671,0.0
1035,0.89706399,0.35208938,0.05091035,0.90891432,0.36692876,0.04513771,0.90891432,0.36692876,0.04513771,0.0
1036,0.90051926,0.35082869,0.05240626,0.91291157,0.36632423,0.04700169,0.91291157,0.36632423,0.04700169,0.0
1037,0.90386674,0.35054453,0.05389869,0.91695046,0.36580102,0.04861512,0.91695046,0.36580102,0.04861512,0.0
1038,0.9071773,0.35157312,0.05507708,0.9204572,0.36692072,0.04977085,0.9204572,0.36692072,0.04977085,0.0
1039,0.90996577,0.35353324,0.05645406,0.923586,0.36882696,0.05077517,0.923586,0.36882696,0.05077517,0.0
1040,0.91203146,0.35640126,0.05761289,0.92585986,0.37115744,0.05183191,0.92585986,0.37115744,0.05183191,0.0
1041,0.9134103,0.35985165,0.05855473,0.92734942,0.37419193,0.05266758,0.92734942,0.37419193,0.05266758,0.0
1042,0.91325167,0.36313042,0.05895988,0.92746339,0.37687685,0.05292191,0.92746339,0.37687685,0.05292191,0.0
1043,0.91227738,0.36631691,0.05873361,0.92644529,0.37976503,0.05261876,0.92644529,0.37976503,0.05261876,0.0
1044,0.91023786,0.36971525,0.05849358,0.92406514,0.38285272,0.05221191,0.92406514,0.38285272,0.05221191,0.0
1045,0.90763321,0.37172995,0.05731736,0.92106167,0.38461173,0.05112236,0.92106167,0.38461173,0.05112236,0.0
1046,0.9040352,0.37330547,0.0561297,0.9172351,0.38575512,0.04976879,0.9172351,0.38575512,0.04976879,0.0
1047,0.90061684,0.37325342,0.05494783,0.91303197,0.3859503,0.04845072,0.91303197,0.3859503,0.04845072,0.0
1048,0.89772058,0.37226984,0.05356737,0.90967212,0.38529128,0.04715502,0.90967212,0.38529128,0.04715502,0.0
1049,0.89442394,0.37025176,0.05166632,0.90586077,0.38342979,0.04545927,0.90586077,0.38342979,0.04545927,0.0
1050,0.892523,0.3677329,0.05092307,0.9038476,0.38115662,0.04475573,0.9038476,0.38115662,0.04475573,0.0
1051,0.89118009,0.36395699,0.04998239,0.90218493,0.37801332,0.04385755,0.90218493,0.37801332,0.04385755,0.0
1052,0.8853086,0.36000017,0.04608555,0.89590753,0.3746852,0.03986621,0.89590753,0.3746852,0.03986621,0.0
1053,0.88674803,0.35455646,0.04570113,0.89725087,0.37010768,0.03965522,0.89725087,0.37010768,0.03965522,0.0
1054,0.89005443,0.34998267,0.04668455,0.90077389,0.36572333,0.04106469,0.90077389,0.36572333,0.04106469,0.0
1055,0.8943762,0.34651203,0.04840324,0.9057217,0.36222972,0.04305678,0.9057217,0.36222972,0.04305678,0.0
1056,0.89989104,0.34449142,0.05023725,0.91219719,0.36041926,0.04527596,0.91219719,0.36041926,0.04527596,0.0
1057,0.9051194,0.3440877,0.05237486,0.91803467,0.35992524,0.04747216,0.91803467,0.35992524,0.04747216,0.0
1058,0.91013219,0.34563706,0.05450552,0.92359915,0.36127344,0.04930581,0.92359915,0.36127344,0.04930581,0.0
1059,0.91465782,0.34877966,0.05652305,0.92849319,0.36422495,0.05112186,0.92849319,0.36422495,0.05112186,0.0
1060,0.91811725,0.35312135,0.05821393,0.9326597,0.36820234,0.05276379,0.9326597,0.36820234,0.05276379,0.0
1061,0.91993143,0.35826796,0.05936465,0.93468512,0.37227699,0.05340497,0.93468512,0.37227699,0.05340497,0.0
1062,0.91972197,0.36384896,0.06017842,0.93452888,0.37743022,0.05404366,0.93452888,0.37743022,0.05404366,0.0
1063,0.91853209,0.36898853,0.0599452,0.93326508,0.38216429,0.05370175,0.93326508,0.38216429,0.05370175,0.0
1064,0.91508294,0.37387715,0.05927003,0.92955412,0.38629326,0.05281233,0.92955412,0.38629326,0.05281233,0.0
1065,0.91096186,0.37737143,0.05796807,0.92494701,0.38936702,0.05148187,0.92494701,0.38936702,0.05148187,0.0
1066,0.90586133,0.37943705,0.055932,0.91915485,0.39153689,0.0496279,0.91915485,0.39153689,0.0496279,0.0
1067,0.90025459,0.37947024,0.05399761,0.91271013,0.39150791,0.04756818,0.91271013,0.39150791,0.04756818,0.0
1068,0.8952418,0.37792088,0.05186695,0.90704721,0.39031278,0.04538281,0.90704721,0.39031278,0.04538281,0.0
1069,0.89051549,0.37475464,0.04943268,0.90164131,0.3876077,0.04307599,0.90164131,0.3876077,0.04307599,0.0
1070,0.88736355,0.37044728,0.04784914,0.89823812,0.38369843,0.04150426,0.89823812,0.38369843,0.04150426,0.0
1071,0.88534869,0.36527704,0.04628168,0.89603992,0.37939346,0.04007008,0.89603992,0.37939346,0.04007008,0.0
1072,0.73470159,0.34317017,-0.01168749,0.725988,0.36424198,-0.02168059,0.725988,0.36424198,-0.02168059,0.0
1073,0.73824589,0.34357815,-0.00698342,0.72982811,0.36473541,-0.01702292,0.72982811,0.36473541,-0.01702292,0.0
1074,0.74714737,0.34425706,0.00027269,0.7396264,0.36506046,-0.00961996,0.7396264,0.36506046,-0.00961996,0.0
1075,0.75264056,0.34456293,0.00841916,0.74541471,0.36501388,-0.00150918,0.74541471,0.36501388,-0.00150918,0.0
1076,0.75626291,0.34466737,0.01799269,0.74930231,0.36512071,0.00850073,0.74930231,0.36512071,0.00850073,0.0
1077,0.75827691,0.344264,0.02734009,0.75125948,0.36475079,0.01798269,0.75125948,0.36475079,0.01798269,0.0
1078,0.75829028,0.34397176,0.03738724,0.75119546,0.36449986,0.02808462,0.75119546,0.36449986,0.02808462,0.0
1079,0.75649462,0.34314807,0.04679154,0.7493225,0.36372021,0.03750386,0.7493225,0.36372021,0.03750386,0.0
1080,0.75301875,0.34246758,0.05596738,0.74577367,0.36307606,0.04667473,0.74577367,0.36307606,0.04667473,0.0
1081,0.74800541,0.34161547,0.06460654,0.74028522,0.36194592,0.05481256,0.74028522,0.36194592,0.05481256,0.0
1082,0.73431709,0.33917172,-0.01230499,0.72558493,0.36086555,-0.02200721,0.72558493,0.36086555,-0.02200721,0.0
1083,0.73800511,0.33827764,-0.00759629,0.72963097,0.36015766,-0.01738045,0.72963097,0.36015766,-0.01738045,0.0
1084,0.74665092,0.33563277,-0.00054327,0.73890309,0.35725064,-0.01018728,0.73890309,0.35725064,-0.01018728,0.0
1085,0.75250243,0.33367074,0.00730191,0.74491486,0.35488704,-0.00223988,0.74491486,0.35488704,-0.00223988,0.0
1086,0.75613968,0.33179846,0.01646566,0.74896872,0.35288717,0.00740254,0.74896872,0.35288717,0.00740254,0.0
1087,0.7586049,0.33012735,0.02592503,0.75145719,0.35115895,0.01694159,0.75145719,0.35115895,0.01694159,0.0
1088,0.75841857,0.32882425,0.03586833,0.75124147,0.34959176,0.02667034,0.75124147,0.34959176,0.02667034,0.0
1089,0.75685952,0.32769868,0.04569052,0.74963286,0.34845826,0.03648506,0.74963286,0.34845826,0.03648506,0.0
1090,0.75304023,0.32730938,0.05475787,0.74575407,0.34806807,0.04552524,0.74575407,0.34806807,0.04552524,0.0
1091,0.74795503,0.3271083,0.06339471,0.7406117,0.34787035,0.0541342,0.7406117,0.34787035,0.0541342,0.0
1092,0.73313893,0.33574497,-0.01283009,0.724069,0.35798938,-0.02230075,0.724069,0.35798938,-0.02230075,0.0
1093,0.73608413,0.33312035,-0.0084376,0.72750656,0.35546666,-0.01791707,0.72750656,0.35546666,-0.01791707,0.0
1094,0.74378741,0.32773407,-0.00180466,0.73542191,0.35008228,-0.01112262,0.73542191,0.35008228,-0.01112262,0.0
1095,0.74831704,0.32364733,0.00551079,0.74027859,0.34577168,-0.00365557,0.74027859,0.34577168,-0.00365557,0.0
1096,0.75151896,0.32007884,0.01446565,0.74390011,0.34211349,0.0057654,0.74390011,0.34211349,0.0057654,0.0
1097,0.75316949,0.31732822,0.02360649,0.74560937,0.33891618,0.01459103,0.74560937,0.33891618,0.01459103,0.0
1098,0.75274753,0.31533977,0.03344477,0.74517741,0.33687561,0.02441593,0.74517741,0.33687561,0.02441593,0.0
1099,0.75102373,0.31386504,0.04285138,0.7434273,0.3353743,0.03380433,0.7434273,0.3353743,0.03380433,0.0
1100,0.74767668,0.31385922,0.05244165,0.74004562,0.33534674,0.04336493,0.74004562,0.33534674,0.04336493,0.0
1101,0.74282711,0.31434349,0.06118351,0.73457521,0.3360163,0.05152048,0.73457521,0.3360163,0.05152048,0.0
1102,0.73069487,0.33250643,-0.0137857,0.72104807,0.35520009,-0.02357407,0.72104807,0.35520009,-0.02357407,0.0
1103,0.73237514,0.3290828,-0.00951084,0.72317029,0.35185249,-0.01900868,0.72317029,0.35185249,-0.01900868,0.0
1104,0.7382843,0.32118835,-0.00393055,0.72952546,0.34395251,-0.01322081,0.72952546,0.34395251,-0.01322081,0.0
1105,0.74149205,0.3149769,0.00285517,0.73275273,0.33770024,-0.00639476,0.73275273,0.33770024,-0.00639476,0.0
1106,0.74360772,0.30996906,0.01138532,0.73486884,0.33261384,0.00210039,0.73486884,0.33261384,0.00210039,0.0
1107,0.74413607,0.3061046,0.02010028,0.73519356,0.32946432,0.01103009,0.73519356,0.32946432,0.01103009,0.0
1108,0.74347847,0.3034308,0.02983354,0.73495254,0.32595784,0.02053084,0.73495254,0.32595784,0.02053084,0.0
1109,0.74175467,0.30195608,0.03924015,0.73321796,0.32443742,0.02989494,0.73321796,0.32443742,0.02989494,0.0
1110,0.73810013,0.30191593,0.04872308,0.72954096,0.3243639,0.03933338,0.72954096,0.3243639,0.03933338,0.0
1111,0.73379369,0.30311988,0.0576773,0.72453516,0.32554371,0.04727993,0.72453516,0.32554371,0.04727993,0.0
1112,0.7274921,0.3305013,-0.01496062,0.71725402,0.35371397,-0.02468667,0.71725402,0.35371397,-0.02468667,0.0
1113,0.72805019,0.32596383,-0.01111163,0.71791779,0.34959331,-0.02061228,0.71791779,0.34959331,-0.02061228,0.0
1114,0.73133563,0.31645841,-0.00649274,0.72154648,0.3401483,-0.01584015,0.72154648,0.3401483,-0.01584015,0.0
1115,0.73311371,0.30909881,-0.00024023,0.72331865,0.333399,-0.00913956,0.72331865,0.333399,-0.00913956,0.0
1116,0.73349221,0.30290848,0.00764937,0.72368295,0.32723664,-0.00124495,0.72368295,0.32723664,-0.00124495,0.0
1117,0.73306313,0.29827933,0.01635404,0.72295232,0.32312885,0.00742197,0.72295232,0.32312885,0.00742197,0.0
1118,0.73151899,0.29517704,0.02576644,0.72151823,0.31978907,0.01665506,0.72151823,0.31978907,0.01665506,0.0
1119,0.72952363,0.29334249,0.03506688,0.71951028,0.31792026,0.02590532,0.71951028,0.31792026,0.02590532,0.0
1120,0.72614065,0.29366217,0.04465599,0.71615349,0.31790046,0.03511784,0.71615349,0.31790046,0.03511784,0.0
1121,0.72244919,0.29493477,0.05382488,0.71237771,0.31847321,0.04358127,0.71237771,0.31847321,0.04358127,0.0
1122,0.72345974,0.32939337,-0.01604428,0.71276633,0.35279944,-0.02577237,0.71276633,0.35279944,-0.02577237,0.0
1123,0.72278786,0.32471861,-0.01262465,0.7120562,0.34867267,-0.02231441,0.7120562,0.34867267,-0.02231441,0.0
1124,0.72296342,0.31420823,-0.00876741,0.71214704,0.33860833,-0.01806207,0.71214704,0.33860833,-0.01806207,0.0
1125,0.72217473,0.30656335,-0.00306421,0.71109757,0.33190082,-0.0122885,0.71109757,0.33190082,-0.0122885,0.0
1126,0.72074421,0.29984157,0.00418253,0.70962682,0.3252459,-0.00504959,0.70962682,0.3252459,-0.00504959,0.0
1127,0.71888448,0.29505149,0.01204111,0.70746539,0.32121262,0.00278364,0.70746539,0.32121262,0.00278364,0.0
1128,0.71665447,0.29154435,0.0215494,0.70499757,0.31783707,0.01204046,0.70499757,0.31783707,0.01204046,0.0
1129,0.71442249,0.29001167,0.03043194,0.70227871,0.31622896,0.02023697,0.70227871,0.31622896,0.02023697,0.0
1130,0.711347,0.29036568,0.04012839,0.69917713,0.31654416,0.02985126,0.69917713,0.31654416,0.02985126,0.0
1131,0.7085421,0.29206676,0.04961813,0.69658412,0.31698923,0.03794988,0.69658412,0.31698923,0.03794988,0.0
1132,0.71969796,0.32963251,-0.01733465,0.70865346,0.35337308,-0.0273119,0.70865346,0.35337308,-0.0273119,0.0
1133,0.7173818,0.32477544,-0.0141423,0.70616219,0.34890202,-0.02431134,0.70616219,0.34890202,-0.02431134,0.0
1134,0.71441056,0.31457285,-0.01136076,0.70282455,0.33922566,-0.02146999,0.70282455,0.33922566,-0.02146999,0.0
1135,0.71146943,0.3066877,-0.00640891,0.69951341,0.33221489,-0.01645561,0.69951341,0.33221489,-0.01645561,0.0
1136,0.70774371,0.30004048,0.0003947,0.69543547,0.32636685,-0.00972502,0.69543547,0.32636685,-0.00972502,0.0
1137,0.70465401,0.29511311,0.00782394,0.691853,0.32162775,-0.00291056,0.691853,0.32162775,-0.00291056,0.0
1138,0.7015724,0.2918392,0.01669966,0.68872568,0.31835207,0.00584031,0.68872568,0.31835207,0.00584031,0.0
1139,0.69885524,0.2899253,0.02609481,0.68599093,0.3163999,0.01513908,0.68599093,0.3163999,0.01513908,0.0
1140,0.69608724,0.29031364,0.0358986,0.68225746,0.31689827,0.02312486,0.68225746,0.31689827,0.02312486,0.0
1141,0.69424075,0.29179218,0.04571151,0.68061273,0.3180048,0.03253298,0.68061273,0.3180048,0.03253298,0.0
1142,0.71602907,0.33087183,-0.01821176,0.70484708,0.35473923,-0.0282751,0.70484708,0.35473923,-0.0282751,0.0
1143,0.71237514,0.326854,-0.01545223,0.70084865,0.35103818,-0.02591645,0.70084865,0.35103818,-0.02591645,0.0
1144,0.70638593,0.31763387,-0.01333196,0.69405332,0.34242081,-0.02406401,0.69405332,0.34242081,-0.02406401,0.0
1145,0.70138524,0.31050863,-0.00871822,0.68832858,0.3361242,-0.01997826,0.68832858,0.3361242,-0.01997826,0.0
1146,0.69632175,0.30470065,-0.00234743,0.68293106,0.33091728,-0.01350049,0.68293106,0.33091728,-0.01350049,0.0
1147,0.69162272,0.30025269,0.0045428,0.67783358,0.32686511,-0.007121,0.67783358,0.32686511,-0.007121,0.0
1148,0.68778338,0.29722495,0.01351209,0.67356519,0.32379511,0.000661,0.67356519,0.32379511,0.000661,0.0
1149,0.68482961,0.29561294,0.02248935,0.67053025,0.32220039,0.00941884,0.67053025,0.32220039,0.00941884,0.0
1150,0.68271253,0.29574441,0.03250896,0.66839826,0.32188159,0.0188877,0.66839826,0.32188159,0.0188877,0.0
1151,0.68128034,0.29726796,0.04211982,0.66695378,0.32336195,0.02841263,0.66695378,0.32336195,0.02841263,0.0
1152,0.71283144,0.33348185,-0.01887882,0.70128489,0.35693829,-0.02961835,0.70128489,0.35693829,-0.02961835,0.0
1153,0.70818318,0.33001208,-0.01644363,0.69623342,0.35406549,-0.02729285,0.69623342,0.35406549,-0.02729285,0.0
1154,0.69968319,0.32281958,-0.01477343,0.68658375,0.3475738,-0.02619798,0.68658375,0.3475738,-0.02619798,0.0
1155,0.69220764,0.31739647,-0.0106086,0.6788753,0.34223619,-0.02229168,0.6788753,0.34223619,-0.02229168,0.0
1156,0.68577046,0.31275325,-0.0046718,0.67196437,0.33849822,-0.01696554,0.67196437,0.33849822,-0.01696554,0.0
1157,0.68024184,0.30920249,0.00230968,0.66586464,0.33516631,-0.01113639,0.66586464,0.33516631,-0.01113639,0.0
1158,0.67571565,0.30675714,0.01106197,0.66119625,0.33282733,-0.0027122,0.66119625,0.33282733,-0.0027122,0.0
1159,0.67245439,0.3051108,0.01993189,0.65785251,0.3312466,0.00595007,0.65785251,0.3312466,0.00595007,0.0
1160,0.67075161,0.30528728,0.02974945,0.65614223,0.33113881,0.01542478,0.65614223,0.33113881,0.01542478,0.0
1161,0.66989946,0.30621776,0.0398867,0.65530712,0.33201921,0.02554279,0.65530712,0.33201921,0.02554279,0.0
1162,0.71082785,0.33655468,-0.0191177,0.69920268,0.35971453,-0.03003013,0.69920268,0.35971453,-0.03003013,0.0
1163,0.70538495,0.33464383,-0.01690298,0.69304645,0.35794011,-0.02830333,0.69304645,0.35794011,-0.02830333,0.0
1164,0.69475255,0.3298495,-0.01588608,0.68150656,0.35412957,-0.02791586,0.68150656,0.35412957,-0.02791586,0.0
1165,0.68613895,0.3262765,-0.01205021,0.67246031,0.35079479,-0.02478795,0.67246031,0.35079479,-0.02478795,0.0
1166,0.67849282,0.32314719,-0.00613181,0.66458371,0.34767742,-0.01932865,0.66458371,0.34767742,-0.01932865,0.0
1167,0.67182712,0.32045931,0.00083358,0.65727268,0.34590976,-0.01340361,0.65727268,0.34590976,-0.01340361,0.0
1168,0.66702838,0.31864135,0.00916681,0.65233202,0.34427716,-0.00535943,0.65233202,0.34427716,-0.00535943,0.0
1169,0.66331688,0.31727551,0.01823764,0.64840509,0.34292657,0.0033868,0.64840509,0.34292657,0.0033868,0.0
1170,0.66195754,0.3171608,0.02816369,0.64706443,0.34281023,0.0133207,0.64706443,0.34281023,0.0133207,0.0
1171,0.66179223,0.31750891,0.03851793,0.64695646,0.3428982,0.02361456,0.64695646,0.3428982,0.02361456,0.0
1172,0.70967489,0.34038151,-0.01903688,0.69778145,0.36308892,-0.03020252,0.69778145,0.36308892,-0.03020252,0.0
1173,0.70378077,0.33973839,-0.01693413,0.6913809,0.36265246,-0.02852322,0.6913809,0.36265246,-0.02852322,0.0
1174,0.69268225,0.33818851,-0.01561942,0.67941226,0.3619361,-0.0279246,0.67941226,0.3619361,-0.0279246,0.0
1175,0.68340282,0.33684909,-0.0115896,0.66945727,0.36079943,-0.02529346,0.66945727,0.36079943,-0.02529346,0.0
1176,0.67554111,0.33567286,-0.00567816,0.66135696,0.35971273,-0.01973177,0.66135696,0.35971273,-0.01973177,0.0
1177,0.66873169,0.33428704,0.0012826,0.65417238,0.35878557,-0.0134285,0.65417238,0.35878557,-0.0134285,0.0
1178,0.66351767,0.3334113,0.00950502,0.64885657,0.35803901,-0.00542083,0.64885657,0.35803901,-0.00542083,0.0
1179,0.65977024,0.33237097,0.01857469,0.64509668,0.35707184,0.00359172,0.64509668,0.35707184,0.00359172,0.0
1180,0.65855363,0.33194144,0.02819249,0.64393706,0.35663228,0.01328297,0.64393706,0.35663228,0.01328297,0.0
1181,0.65849612,0.331313,0.03855021,0.6436663,0.35599418,0.02228111,0.6436663,0.35599418,0.02228111,0.0
1182,0.7098587,0.34435632,-0.01883611,0.6980089,0.36667681,-0.03004805,0.6980089,0.36667681,-0.03004805,0.0
1183,0.70402154,0.34503889,-0.01632126,0.69170251,0.36747935,-0.02798586,0.69170251,0.36747935,-0.02798586,0.0
1184,0.69287121,0.34677847,-0.0149108,0.67972541,0.36920295,-0.0277823,0.67972541,0.36920295,-0.0277823,0.0
1185,0.68364776,0.34775198,-0.01078176,0.67023993,0.37020859,-0.02413204,0.67023993,0.37020859,-0.02413204,0.0
1186,0.67557047,0.34852883,-0.00487727,0.66174656,0.37141553,-0.01873521,0.66174656,0.37141553,-0.01873521,0.0
1187,0.66847457,0.34875989,0.00238709,0.65452245,0.371806,-0.01165969,0.65452245,0.371806,-0.01165969,0.0
1188,0.66349619,0.3485695,0.01071453,0.64918934,0.3722816,-0.00395992,0.64918934,0.3722816,-0.00395992,0.0
1189,0.65971282,0.34785468,0.01978304,0.6453635,0.37170642,0.00502436,0.6453635,0.37170642,0.00502436,0.0
1190,0.65811785,0.34705463,0.02960407,0.64336432,0.37072764,0.01378547,0.64336432,0.37072764,0.01378547,0.0
1191,0.658239,0.34578585,0.03965471,0.64304316,0.36994572,0.02233798,0.64304316,0.36994572,0.02233798,0.0
1192,0.71093005,0.34777239,-0.01800161,0.69915727,0.3695227,-0.02915652,0.69915727,0.3695227,-0.02915652,0.0
1193,0.70597846,0.34987068,-0.01547879,0.69384278,0.37180579,-0.02707055,0.69384278,0.37180579,-0.02707055,0.0
1194,0.6959354,0.35470081,-0.01323267,0.68334649,0.37599042,-0.02580811,0.68334649,0.37599042,-0.02580811,0.0
1195,0.68741885,0.35773037,-0.00878857,0.67424503,0.37915071,-0.02212032,0.67424503,0.37915071,-0.02212032,0.0
1196,0.68012031,0.35991225,-0.0025667,0.66680293,0.38146436,-0.01607568,0.66680293,0.38146436,-0.01607568,0.0
1197,0.67390998,0.36155902,0.00470563,0.66040998,0.38324903,-0.00926736,0.66040998,0.38324903,-0.00926736,0.0
1198,0.66906042,0.36204329,0.01344749,0.65554963,0.38391812,-0.0005452,0.65554963,0.38391812,-0.0005452,0.0
1199,0.665312,0.3619902,0.02220429,0.65180626,0.38397821,0.00821646,0.65180626,0.38397821,0.00821646,0.0
1200,0.66378889,0.36053911,0.03202763,0.64938343,0.38293511,0.01640547,0.64938343,0.38293511,0.01640547,0.0
1201,0.66367441,0.35858498,0.04197325,0.64932962,0.38112566,0.0261492,0.64932962,0.38112566,0.0261492,0.0
1202,0.71337411,0.35101093,-0.01704601,0.70210228,0.37192418,-0.02798615,0.70210228,0.37192418,-0.02798615,0.0
1203,0.70892971,0.3541544,-0.01431198,0.6973571,0.37499455,-0.02563582,0.6973571,0.37499455,-0.02563582,0.0
1204,0.70113102,0.36121221,-0.01121412,0.68892529,0.38205585,-0.02346015,0.68892529,0.38205585,-0.02346015,0.0
1205,0.69465814,0.36644581,-0.00633501,0.68218336,0.38730011,-0.01895305,0.68218336,0.38730011,-0.01895305,0.0
1206,0.68833904,0.37005635,0.00062097,0.67551665,0.39095894,-0.01253659,0.67551665,0.39095894,-0.01253659,0.0
1207,0.6829434,0.37278263,0.00821184,0.67006081,0.3937536,-0.00504124,0.67006081,0.3937536,-0.00504124,0.0
1208,0.67874377,0.37399727,0.01685666,0.665581,0.39521509,0.00321558,0.665581,0.39521509,0.00321558,0.0
1209,0.67516011,0.37429332,0.02602903,0.6619787,0.39565453,0.01237547,0.6619787,0.39565453,0.01237547,0.0
1210,0.6733295,0.37280791,0.03574504,0.66026923,0.39428377,0.0220448,0.66026923,0.39428377,0.0220448,0.0
1211,0.67236441,0.37009978,0.04537096,0.65872805,0.39166532,0.03043503,0.65872805,0.39166532,0.03043503,0.0
1212,0.71668369,0.35302675,-0.01618049,0.70582469,0.37387883,-0.02695391,0.70582469,0.37387883,-0.02695391,0.0
1213,0.7137049,0.35699287,-0.0129121,0.70267801,0.37745158,-0.02406503,0.70267801,0.37745158,-0.02406503,0.0
1214,0.70829331,0.36596353,-0.00927073,0.69670971,0.38608687,-0.02097151,0.69670971,0.38608687,-0.02097151,0.0
1215,0.70341486,0.37269443,-0.00344283,0.69195191,0.39242911,-0.01542998,0.69195191,0.39242911,-0.01542998,0.0
1216,0.69863224,0.37746382,0.00373696,0.68689054,0.3972883,-0.00864156,0.68689054,0.3972883,-0.00864156,0.0
1217,0.69408722,0.38094411,0.01164752,0.68226053,0.40087465,-0.00084046,0.68226053,0.40087465,-0.00084046,0.0
1218,0.69035984,0.38254221,0.02081526,0.67826682,0.40262067,0.0079963,0.67826682,0.40262067,0.0079963,0.0
1219,0.68739116,0.38290692,0.0302023,0.67527719,0.40307599,0.01736095,0.67527719,0.40307599,0.01736095,0.0
1220,0.68498149,0.38102734,0.0397048,0.67285044,0.40127973,0.02684905,0.67285044,0.40127973,0.02684905,0.0
1221,0.68374484,0.37795938,0.04922454,0.67102201,0.39892896,0.03580968,0.67102201,0.39892896,0.03580968,0.0
1222,0.72071606,0.35413467,-0.01509682,0.71011461,0.37485213,-0.02580418,0.71011461,0.37485213,-0.02580418,0.0
1223,0.71882449,0.35855292,-0.01109084,0.70860611,0.37836572,-0.02203832,0.70860611,0.37836572,-0.02203832,0.0
1224,0.7164519,0.36819233,-0.00637726,0.7064046,0.38746602,-0.0174873,0.7064046,0.38746602,-0.0174873,0.0
1225,0.71383271,0.37517419,-0.0001074,0.70366245,0.39399201,-0.01157924,0.70366245,0.39399201,-0.01157924,0.0
1226,0.71116662,0.38050936,0.0078226,0.70098556,0.3994404,-0.00375209,0.70098556,0.3994404,-0.00375209,0.0
1227,0.70826588,0.38417195,0.01596045,0.69806475,0.40322861,0.00431741,0.69806475,0.40322861,0.00431741,0.0
1228,0.70515348,0.38583871,0.02534286,0.69462721,0.40509175,0.01341305,0.69462721,0.40509175,0.01341305,0.0
1229,0.70256318,0.38657393,0.03452668,0.69202581,0.40589925,0.02256392,0.69202581,0.40589925,0.02256392,0.0
1230,0.69984602,0.38466004,0.04392184,0.68929886,0.40405255,0.03193447,0.68929886,0.40405255,0.03193447,0.0
1231,0.69768688,0.3814891,0.05311957,0.6871415,0.40093349,0.0411208,0.6871415,0.40093349,0.0411208,0.0
1232,0.72458465,0.35390622,-0.01411586,0.71517703,0.37402891,-0.02430271,0.71517703,0.37402891,-0.02430271,0.0
1233,0.72426648,0.35817057,-0.00957203,0.7148704,0.37796211,-0.02012819,0.7148704,0.37796211,-0.02012819,0.0
1234,0.72521838,0.36784908,-0.00440271,0.71604258,0.38715415,-0.01507587,0.71604258,0.38715415,-0.01507587,0.0
1235,0.72509506,0.37478002,0.002727,0.71580689,0.39364557,-0.00822924,0.71580689,0.39364557,-0.00822924,0.0
1236,0.72400237,0.3799613,0.01119484,0.7150747,0.39835,0.00041913,0.7150747,0.39835,0.00041913,0.0
1237,0.72260316,0.38412102,0.01986822,0.71370462,0.40254381,0.00908237,0.71370462,0.40254381,0.00908237,0.0
1238,0.72041324,0.38589075,0.02957265,0.71147773,0.4042859,0.018631,0.71147773,0.4042859,0.018631,0.0
1239,0.71802362,0.38664961,0.03917321,0.70872908,0.40496127,0.02798263,0.70872908,0.40496127,0.02798263,0.0
1240,0.71530646,0.38473572,0.04856837,0.7058859,0.40384785,0.03719945,0.7058859,0.40384785,0.03719945,0.0
1241,0.71222485,0.38146181,0.05744408,0.70277989,0.40062177,0.04604932,0.70277989,0.40062177,0.04604932,0.0
1242,0.72814673,0.35265622,-0.01292935,0.71889623,0.3728047,-0.02307417,0.71889623,0.3728047,-0.02307417,0.0
1243,0.7292372,0.35641752,-0.00826325,0.720276,0.37614058,-0.01859924,0.720276,0.37614058,-0.01859924,0.0
1244,0.73313619,0.36477738,-0.00212211,0.72452846,0.38414833,-0.01239813,0.72452846,0.38414833,-0.01239813,0.0
1245,0.73507244,0.37094841,0.00534571,0.72710524,0.38942123,-0.0047397,0.72710524,0.38942123,-0.0047397,0.0
1246,0.73562501,0.37532476,0.01435371,0.72775694,0.39375077,0.00429248,0.72775694,0.39375077,0.00429248,0.0
1247,0.73556356,0.37864524,0.02345992,0.72749949,0.39701297,0.01307937,0.72749949,0.39701297,0.01307937,0.0
1248,0.73382388,0.38013447,0.03296344,0.72572763,0.39855465,0.02256634,0.72572763,0.39855465,0.02256634,0.0
1249,0.73177768,0.38060214,0.0426725,0.72365169,0.39907107,0.03225992,0.72365169,0.39907107,0.03225992,0.0
1250,0.7287171,0.37897944,0.05195916,0.72055446,0.39750739,0.04152477,0.72055446,0.39750739,0.04152477,0.0
1251,0.72498457,0.37596239,0.06061904,0.71632748,0.3950126,0.04968045,0.71632748,0.3950126,0.04968045,0.0
1252,0.73134435,0.35004619,-0.01226228,0.72242901,0.37056206,-0.02232364,0.72242901,0.37056206,-0.02232364,0.0
1253,0.7334651,0.35293393,-0.0072707,0.7247572,0.37289984,-0.01755839,0.7247572,0.37289984,-0.01755839,0.0
1254,0.74018237,0.35930047,-0.00057214,0.73223924,0.37872135,-0.01076489,0.73223924,0.37872135,-0.01076489,0.0
1255,0.74383574,0.36401555,0.00743816,0.73615675,0.38331499,-0.00276746,0.73615675,0.38331499,-0.00276746,0.0
1256,0.74586881,0.36723784,0.01657075,0.73837602,0.3859488,0.00653603,0.73837602,0.3859488,0.00653603,0.0
1257,0.74683764,0.36968475,0.02600244,0.73929663,0.38834398,0.01601432,0.73929663,0.38834398,0.01601432,0.0
1258,0.74609229,0.37062592,0.03583029,0.73848394,0.38928374,0.02586031,0.73848394,0.38928374,0.02586031,0.0
1259,0.74408203,0.37076807,0.04554051,0.73641033,0.38943636,0.03557588,0.73641033,0.38943636,0.03557588,0.0
1260,0.74082076,0.36912173,0.05441043,0.73302611,0.38791829,0.04417658,0.73302611,0.38791829,0.04417658,0.0
1261,0.73660207,0.36671071,0.06327006,0.72847689,0.38634675,0.05282353,0.72847689,0.38634675,0.05282353,0.0
1262,0.73365543,0.34700769,-0.01191607,0.72486994,0.3677813,-0.02195025,0.72486994,0.3677813,-0.02195025,0.0
1263,0.7366417,0.34867271,-0.00701457,0.72810017,0.36936252,-0.01710092,0.72810017,0.36936252,-0.01710092,0.0
1264,0.74487639,0.35257243,0.0001226,0.73731507,0.37263213,-0.01007491,0.73731507,0.37263213,-0.01007491,0.0
1265,0.75001124,0.35514621,0.00857036,0.74304178,0.3747949,-0.0019304,0.74304178,0.3747949,-0.0019304,0.0
1266,0.75321733,0.3571801,0.0177202,0.74587322,0.37670296,0.00755539,0.74587322,0.37670296,0.00755539,0.0
1267,0.75525236,0.35842793,0.02747855,0.74837359,0.37743286,0.01795446,0.74837359,0.37743286,0.01795446,0.0
1268,0.75457888,0.35871807,0.03730871,0.74730481,0.37829849,0.02754182,0.74730481,0.37829849,0.02754182,0.0
1269,0.75294797,0.35824353,0.04712858,0.74540854,0.37730525,0.03713083,0.74540854,0.37730525,0.03713083,0.0
1270,0.74920054,0.3572032,0.05619825,0.74132238,0.37700383,0.04607083,0.74132238,0.37700383,0.04607083,0.0
1271,0.74460249,0.35540888,0.06494823,0.73655789,0.37511084,0.05454469,0.73655789,0.37511084,0.05454469,0.0
1272,0.71153278,0.34058519,-0.01942839,0.69995522,0.36336231,-0.03040974,0.69995522,0.36336231,-0.03040974,0.0
1273,0.72356458,0.33137852,-0.01697944,0.71289457,0.35467634,-0.02673305,0.71289457,0.35467634,-0.02673305,0.0
1274,0.73317706,0.34299629,-0.01325972,0.72435295,0.36406189,-0.02324596,0.72435295,0.36406189,-0.02324596,0.0
1275,0.72121614,0.35253917,-0.01601923,0.71060051,0.37336961,-0.02671584,0.71060051,0.37336961,-0.02671584,0.0
1276,0.73176645,0.3454738,-0.01400774,0.72285737,0.36635615,-0.0240227,0.72285737,0.36635615,-0.0240227,0.0
1277,0.7189708,0.35129873,-0.01718385,0.70820064,0.37226696,-0.02791699,0.70820064,0.37226696,-0.02791699,0.0
1278,0.71322789,0.33846527,-0.01960973,0.70169535,0.36141798,-0.03050802,0.70169535,0.36141798,-0.03050802,0.0
1279,0.72613036,0.33265103,-0.01674302,0.71561676,0.35575811,-0.02648443,0.71561676,0.35575811,-0.02648443,0.0
1280,0.72369001,0.35182427,-0.01588319,0.71398767,0.37237967,-0.02626403,0.71398767,0.37237967,-0.02626403,0.0
1281,0.71258212,0.34333729,-0.01931772,0.70107782,0.36565522,-0.03027026,0.70107782,0.36565522,-0.03027026,0.0
1282,0.72141115,0.33212548,-0.01804368,0.71046316,0.35564162,-0.02803987,0.71046316,0.35564162,-0.02803987,0.0
1283,0.73241222,0.34060178,-0.01429975,0.723293,0.36217189,-0.02435862,0.723293,0.36217189,-0.02435862,0.0
1284,0.72990561,0.3482318,-0.01455486,0.72070647,0.36877221,-0.0246827,0.72070647,0.36877221,-0.0246827,0.0
1285,0.71641894,0.34903673,-0.01814294,0.70550031,0.37021658,-0.02891175,0.70550031,0.37021658,-0.02891175,0.0
1286,0.71530236,0.33572864,-0.01968142,0.70407238,0.35886772,-0.0301602,0.70407238,0.35886772,-0.0301602,0.0
1287,0.72882495,0.3345982,-0.01609218,0.71906498,0.35681012,-0.02612846,0.71906498,0.35681012,-0.02612846,0.0
1288,0.7270514,0.35055063,-0.01511343,0.7177281,0.37091181,-0.02526561,0.7177281,0.37091181,-0.02526561,0.0
1289,0.71393895,0.3461237,-0.0190997,0.70274957,0.36804639,-0.0298505,0.70274957,0.36804639,-0.0298505,0.0
1290,0.71815656,0.33340981,-0.01912285,0.70708532,0.35696255,-0.02919392,0.70708532,0.35696255,-0.02919392,0.0
1291,0.73119813,0.33750054,-0.01482601,0.72164683,0.35949081,-0.02488134,0.72164683,0.35949081,-0.02488134,0.0
1292,0.72877117,0.33986212,-0.01662218,0.7190641,0.36175721,-0.02672133,0.7190641,0.36175721,-0.02672133,0.0
1293,0.72632711,0.33662358,-0.01757779,0.71619411,0.35916934,-0.02738298,0.71619411,0.35916934,-0.02738298,0.0
1294,0.72370438,0.33402538,-0.01822631,0.71307006,0.35714966,-0.02801153,0.71307006,0.35714966,-0.02801153,0.0
1295,0.73083686,0.34273013,-0.01546336,0.72128592,0.3643979,-0.02557696,0.72128592,0.3643979,-0.02557696,0.0
1296,0.72805354,0.34538516,-0.01633249,0.71836585,0.36688842,-0.02649119,0.71836585,0.36688842,-0.02649119,0.0
1297,0.72613059,0.34220233,-0.01779956,0.71629081,0.36398984,-0.02794401,0.71629081,0.36398984,-0.02794401,0.0
1298,0.72337904,0.33892946,-0.0188625,0.71275703,0.3614117,-0.0291362,0.71275703,0.3614117,-0.0291362,0.0
1299,0.72068542,0.33599506,-0.01920046,0.70993998,0.35908277,-0.02906118,0.70993998,0.35908277,-0.02906118,0.0
1300,0.71925015,0.34704115,-0.01862107,0.70854161,0.36869687,-0.0291434,0.70854161,0.36869687,-0.0291434,0.0
1301,0.71677016,0.34412813,-0.01957783,0.70566289,0.36620426,-0.03027037,0.70566289,0.36620426,-0.03027037,0.0
1302,0.71483427,0.34094755,-0.02000936,0.70363184,0.36360529,-0.03060279,0.70363184,0.36360529,-0.03060279,0.0
1303,0.72193083,0.34997781,-0.01724756,0.7115418,0.37110837,-0.0276916,0.7115418,0.37110837,-0.0276916,0.0
1304,0.72262547,0.34477802,-0.01857396,0.71204942,0.36657902,-0.029018,0.71204942,0.36657902,-0.029018,0.0
1305,0.71748779,0.33860508,-0.01986753,0.70636611,0.36143133,-0.03037032,0.70636611,0.36143133,-0.03037032,0.0
1306,0.72530614,0.34771468,-0.01720046,0.71549162,0.36907851,-0.027393,0.71549162,0.36907851,-0.027393,0.0
1307,0.72018141,0.34153948,-0.01952957,0.70945483,0.36365221,-0.02998309,0.70945483,0.36365221,-0.02998309,0.0
1308,0.73713566,0.34344928,-0.00875771,0.72861632,0.36456739,-0.01877502,0.72861632,0.36456739,-0.01877502,0.0
1309,0.73685895,0.33847429,-0.00937174,0.7283514,0.36026903,-0.01910247,0.7283514,0.36026903,-0.01910247,0.0
1310,0.7351736,0.33400235,-0.01010803,0.72652833,0.35595496,-0.01974094,0.72652833,0.35595496,-0.01974094,0.0
1311,0.73184299,0.33033532,-0.01138449,0.72258243,0.35310165,-0.02088086,0.72258243,0.35310165,-0.02088086,0.0
1312,0.7277896,0.32757619,-0.0128791,0.71764463,0.35095273,-0.02266859,0.71764463,0.35095273,-0.02266859,0.0
1313,0.72314225,0.32639962,-0.01417745,0.71225832,0.35006613,-0.02408126,0.71225832,0.35006613,-0.02408126,0.0
1314,0.71835118,0.3265251,-0.01548043,0.70715702,0.35062203,-0.02561535,0.70715702,0.35062203,-0.02561535,0.0
1315,0.71368795,0.32831247,-0.01668186,0.70234932,0.35262615,-0.02685194,0.70234932,0.35262615,-0.02685194,0.0
1316,0.70983941,0.33117936,-0.01756476,0.69818998,0.35515554,-0.02817491,0.69818998,0.35515554,-0.02817491,0.0
1317,0.70711304,0.33516008,-0.01802179,0.69485057,0.3584171,-0.02933728,0.69485057,0.3584171,-0.02933728,0.0
1318,0.70585228,0.33996345,-0.01794445,0.69353819,0.36282977,-0.02943411,0.69353819,0.36282977,-0.02943411,0.0
1319,0.7062358,0.34494913,-0.01763982,0.69399798,0.36735109,-0.02918111,0.69399798,0.36735109,-0.02918111,0.0
1320,0.70781434,0.34941039,-0.01659412,0.69590057,0.37098817,-0.0279628,0.69590057,0.37098817,-0.0279628,0.0
1321,0.71083746,0.35304309,-0.015425,0.6995026,0.37383076,-0.02645081,0.6995026,0.37383076,-0.02645081,0.0
1322,0.71469017,0.35577858,-0.01434713,0.7036757,0.37627195,-0.02542113,0.7036757,0.37627195,-0.02542113,0.0
1323,0.7195382,0.35697879,-0.01263205,0.70938306,0.37716986,-0.02354676,0.70938306,0.37716986,-0.02354676,0.0
1324,0.72432927,0.35685331,-0.01132907,0.71490541,0.37667716,-0.02180514,0.71490541,0.37667716,-0.02180514,0.0
1325,0.7289925,0.35506594,-0.01012763,0.71998963,0.37481873,-0.02036153,0.71998963,0.37481873,-0.02036153,0.0
1326,0.73287697,0.35187354,-0.00924357,0.72411043,0.37188702,-0.0195001,0.72411043,0.37188702,-0.0195001,0.0
1327,0.73571015,0.3479035,-0.00909595,0.72707882,0.36863557,-0.01915622,0.72707882,0.36863557,-0.01915622,0.0
1328,0.72821161,0.34280364,-0.00596781,0.71907283,0.3642292,-0.0162042,0.71907283,0.3642292,-0.0162042,0.0
1329,0.73514508,0.34323943,-0.00598571,0.72661228,0.36439425,-0.0160625,0.72661228,0.36439425,-0.0160625,0.0
1330,0.74611808,0.3441434,0.00026007,0.7385489,0.36500441,-0.0096415,0.7385489,0.36500441,-0.0096415,0.0
1331,0.75161127,0.34444927,0.00840655,0.74435623,0.36492742,-0.00153809,0.74435623,0.36492742,-0.00153809,0.0
1332,0.75485524,0.34418319,0.0181833,0.7478531,0.36466909,0.00866845,0.7478531,0.36466909,0.00866845,0.0
1333,0.75714081,0.34413965,0.02763688,0.75009835,0.36463895,0.01826224,0.75009835,0.36463895,0.01826224,0.0
1334,0.75695349,0.34382378,0.0372673,0.74983784,0.36436122,0.0279469,0.74983784,0.36436122,0.0279469,0.0
1335,0.75526464,0.34301077,0.04636219,0.74807757,0.36358918,0.03706067,0.74807757,0.36358918,0.03706067,0.0
1336,0.75189558,0.34234097,0.05522863,0.74463914,0.36295403,0.04592484,0.74463914,0.36295403,0.04592484,0.0
1337,0.74698906,0.34149955,0.06355839,0.73926283,0.36183423,0.05375952,0.73926283,0.36183423,0.05375952,0.0
1338,0.72815563,0.34049072,-0.00606704,0.71869343,0.36228426,-0.01629886,0.71869343,0.36228426,-0.01629886,0.0
1339,0.73483244,0.33858995,-0.0066009,0.72631754,0.36039127,-0.01643453,0.72631754,0.36039127,-0.01643453,0.0
1340,0.746,0.33588964,-0.0007591,0.73823875,0.35754826,-0.010436,0.73823875,0.35754826,-0.010436,0.0
1341,0.75143721,0.33388259,0.00728814,0.74383069,0.35511802,-0.00227792,0.74383069,0.35511802,-0.00227792,0.0
1342,0.75496765,0.33199963,0.01676129,0.74777445,0.35309521,0.00767102,0.74777445,0.35309521,0.00767102,0.0
1343,0.75708945,0.33061971,0.02611217,0.74992708,0.35141399,0.01687384,0.74992708,0.35141399,0.01687384,0.0
1344,0.75704585,0.32900178,0.03574722,0.74984949,0.34977513,0.02652928,0.74984949,0.34977513,0.02652928,0.0
1345,0.75555769,0.32821241,0.04525885,0.74831749,0.348973,0.03603612,0.74831749,0.348973,0.03603612,0.0
1346,0.75173839,0.32782311,0.0543262,0.74443985,0.34858264,0.04507942,0.74443985,0.34858264,0.04507942,0.0
1347,0.74717431,0.32767773,0.06245158,0.73982474,0.34843932,0.05318189,0.73982474,0.34843932,0.05318189,0.0
1348,0.72704835,0.33740017,-0.0069027,0.71746386,0.35939846,-0.01710577,0.71746386,0.35939846,-0.01710577,0.0
1349,0.73321797,0.33445421,-0.00764776,0.72454283,0.35638186,-0.01738398,0.72454283,0.35638186,-0.01738398,0.0
1350,0.74310056,0.32831645,-0.00202166,0.73473688,0.35066366,-0.0113786,0.73473688,0.35066366,-0.0113786,0.0
1351,0.74752338,0.32421902,0.0056032,0.73947854,0.34633779,-0.00359382,0.73947854,0.34633779,-0.00359382,0.0
1352,0.75020419,0.32059483,0.01506952,0.74217704,0.34258985,0.00588415,0.74217704,0.34258985,0.00588415,0.0
1353,0.75196153,0.3178549,0.02390096,0.74438337,0.33944205,0.01486042,0.74438337,0.33944205,0.01486042,0.0
1354,0.75164638,0.31587713,0.03342984,0.74406223,0.3374138,0.02438347,0.74406223,0.3374138,0.02438347,0.0
1355,0.74999345,0.31473861,0.04252589,0.74238703,0.3362463,0.03346329,0.74238703,0.3362463,0.03346329,0.0
1356,0.74648165,0.31438364,0.05170058,0.73827123,0.33606116,0.04206302,0.73827123,0.33606116,0.04206302,0.0
1357,0.7417389,0.3148786,0.06013304,0.73347908,0.33655511,0.05046382,0.73347908,0.33655511,0.05046382,0.0
1358,0.72458939,0.33613835,-0.00744852,0.71480886,0.35827461,-0.01766518,0.71480886,0.35827461,-0.01766518,0.0
1359,0.73039553,0.33084514,-0.00840014,0.72113606,0.35355768,-0.01800501,0.72113606,0.35355768,-0.01800501,0.0
1360,0.73759745,0.32177073,-0.00414754,0.72882421,0.34453364,-0.01346143,0.72882421,0.34453364,-0.01346143,0.0
1361,0.74096995,0.31590843,0.00305375,0.73223413,0.33861392,-0.00622428,0.73223413,0.33861392,-0.00622428,0.0
1362,0.74256451,0.31084489,0.01209537,0.73381898,0.33347237,0.00277907,0.73381898,0.33347237,0.00277907,0.0
1363,0.74350717,0.30702545,0.02060827,0.73498529,0.32960345,0.01133705,0.73498529,0.32960345,0.01133705,0.0
1364,0.74234139,0.30429368,0.02981745,0.73380558,0.32681954,0.02050037,0.73380558,0.32681954,0.02050037,0.0
1365,0.7407244,0.30282965,0.03891466,0.73217968,0.32531117,0.02955913,0.73217968,0.32531117,0.02955913,0.0
1366,0.73744823,0.30316003,0.04819437,0.72888734,0.32560327,0.03879568,0.72888734,0.32560327,0.03879568,0.0
1367,0.73328453,0.30404915,0.05684035,0.724024,0.32647169,0.04643866,0.724024,0.32647169,0.04643866,0.0
1368,0.72288815,0.33463035,-0.00808791,0.7129528,0.35693383,-0.01830849,0.7129528,0.35693383,-0.01830849,0.0
1369,0.72634214,0.32808601,-0.00989475,0.71619751,0.35141473,-0.01977808,0.71619751,0.35141473,-0.01977808,0.0
1370,0.73095628,0.31707511,-0.0066024,0.72115822,0.34076083,-0.01596654,0.72115822,0.34076083,-0.01596654,0.0
1371,0.73228412,0.30999601,-0.00014898,0.72247824,0.33427817,-0.00908053,0.72247824,0.33427817,-0.00908053,0.0
1372,0.732449,0.30378431,0.00835942,0.72254294,0.32815118,-0.00072571,0.72254294,0.32815118,-0.00072571,0.0
1373,0.73212674,0.29916585,0.01675469,0.72201018,0.32400011,0.00779974,0.72201018,0.32400011,0.00779974,0.0
1374,0.7306894,0.29607425,0.02585769,0.72068483,0.32067435,0.01672983,0.72068483,0.32067435,0.01672983,0.0
1375,0.72876492,0.29457589,0.03484757,0.71875093,0.31913968,0.02567077,0.71875093,0.31913968,0.02567077,0.0
1376,0.72579624,0.29494059,0.04423461,0.71575279,0.31850596,0.03405031,0.71575279,0.31850596,0.03405031,0.0
1377,0.7222116,0.29622388,0.0530941,0.71214035,0.31975741,0.04284403,0.71214035,0.31975741,0.04284403,0.0
1378,0.720536,0.33337922,-0.00894313,0.70983863,0.3562613,-0.01933031,0.70983863,0.3562613,-0.01933031,0.0
1379,0.72196636,0.32726928,-0.01108692,0.7110899,0.35086327,-0.02112669,0.7110899,0.35086327,-0.02112669,0.0
1380,0.72289155,0.31485926,-0.00876973,0.71207804,0.33924557,-0.01808032,0.71207804,0.33924557,-0.01808032,0.0
1381,0.72196013,0.3075292,-0.00275828,0.7108884,0.33283278,-0.01201487,0.7108884,0.33283278,-0.01201487,0.0
1382,0.72038687,0.30112225,0.0047967,0.70927418,0.32648664,-0.00447334,0.70927418,0.32648664,-0.00447334,0.0
1383,0.71856307,0.29600665,0.01265644,0.7070473,0.32217526,0.00332766,0.7070473,0.32217526,0.00332766,0.0
1384,0.71651074,0.29284641,0.02154477,0.70486027,0.31911247,0.01202059,0.70486027,0.31911247,0.01202059,0.0
1385,0.71427877,0.29131372,0.0304273,0.70214117,0.3175082,0.02022031,0.70214117,0.3175082,0.02022031,0.0
1386,0.71131009,0.29167843,0.03981435,0.69914591,0.31783808,0.02952846,0.69914591,0.31783808,0.02952846,0.0
1387,0.70864793,0.29306468,0.04899585,0.69684725,0.31790816,0.03776104,0.69684725,0.31790816,0.03776104,0.0
1388,0.71816895,0.3341048,-0.00938857,0.70715203,0.35720306,-0.01995631,0.70715203,0.35720306,-0.01995631,0.0
1389,0.71758959,0.32743977,-0.01259196,0.70640644,0.35148899,-0.02289209,0.70640644,0.35148899,-0.02289209,0.0
1390,0.7146462,0.3152582,-0.01125574,0.70307528,0.3398925,-0.02137461,0.70307528,0.3398925,-0.02137461,0.0
1391,0.71156232,0.30768788,-0.00599565,0.69961792,0.33317701,-0.01607229,0.69961792,0.33317701,-0.01607229,0.0
1392,0.70800135,0.30138981,0.00122354,0.69571543,0.32765568,-0.00892559,0.69571543,0.32765568,-0.00892559,0.0
1393,0.70464009,0.2961026,0.0085466,0.69184763,0.32257909,-0.00221193,0.69184763,0.32257909,-0.00221193,0.0
1394,0.70197278,0.2928737,0.01722025,0.68913981,0.31935312,0.00635036,0.68913981,0.31935312,0.00635036,0.0
1395,0.69901901,0.29126168,0.02619751,0.68616229,0.31770785,0.01522905,0.68616229,0.31770785,0.01522905,0.0
1396,0.69666532,0.29169503,0.03579923,0.6830772,0.31790433,0.02273877,0.6830772,0.31790433,0.02273877,0.0
1397,0.69461814,0.29314993,0.04519541,0.68100249,0.31934408,0.03202731,0.68100249,0.31934408,0.03202731,0.0
1398,0.71587277,0.33516659,-0.01014457,0.70476036,0.35829676,-0.02076453,0.70476036,0.35829676,-0.02076453,0.0
1399,0.71326978,0.32893595,-0.0136849,0.7018288,0.35316776,-0.02423494,0.7018288,0.35316776,-0.02423494,0.0
1400,0.70682225,0.31834286,-0.01281021,0.69452169,0.34309782,-0.02355451,0.69452169,0.34309782,-0.02355451,0.0
1401,0.70147813,0.31150881,-0.00830496,0.68843697,0.33708105,-0.01958675,0.68843697,0.33708105,-0.01958675,0.0
1402,0.69661533,0.30572446,-0.00151743,0.68323844,0.33188378,-0.01270046,0.68323844,0.33188378,-0.01270046,0.0
1403,0.6919163,0.3012765,0.0053728,0.67817451,0.32722536,-0.00672419,0.67817451,0.32722536,-0.00672419,0.0
1404,0.68849126,0.29829378,0.01414002,0.67429109,0.32482391,0.0012961,0.67429109,0.32482391,0.0012961,0.0
1405,0.6853368,0.29665813,0.02270054,0.67105,0.32321723,0.00963777,0.67105,0.32321723,0.00963777,0.0
1406,0.68332654,0.29680028,0.03241076,0.66902602,0.32291223,0.01880351,0.66902602,0.32291223,0.01880351,0.0
1407,0.68200116,0.29833452,0.04171222,0.66768782,0.32440638,0.02802096,0.66768782,0.32440638,0.02802096,0.0
1408,0.71350571,0.33589218,-0.01059,0.70206757,0.3590643,-0.02155996,0.70206757,0.3590643,-0.02155996,0.0
1409,0.70972873,0.33183716,-0.01446046,0.6980251,0.35567334,-0.0254681,0.6980251,0.35567334,-0.0254681,0.0
1410,0.70022631,0.32353926,-0.01456108,0.68715929,0.34825547,-0.02599086,0.68715929,0.34825547,-0.02599086,0.0
1411,0.69305826,0.31815047,-0.01028891,0.67975154,0.34295813,-0.02197408,0.67975154,0.34295813,-0.02197408,0.0
1412,0.68640746,0.31348588,-0.0037333,0.67262141,0.33918353,-0.01604129,0.67262141,0.33918353,-0.01604129,0.0
1413,0.68087884,0.30993512,0.00324818,0.66651938,0.33585713,-0.01019737,0.66651938,0.33585713,-0.01019737,0.0
1414,0.67656627,0.30751114,0.01138167,0.66206948,0.33354355,-0.00236669,0.66206948,0.33354355,-0.00236669,0.0
1415,0.67326907,0.30619031,0.02025043,0.65868821,0.33228511,0.00629223,0.65868821,0.33228511,0.00629223,0.0
1416,0.67170904,0.30605197,0.02975974,0.65711998,0.33187133,0.01546378,0.65711998,0.33187133,0.01546378,0.0
1417,0.6709637,0.30699314,0.03958759,0.6563893,0.33276697,0.02527016,0.6563893,0.33276697,0.02527016,0.0
1418,0.71143125,0.3386288,-0.01051832,0.69992583,0.36154104,-0.02160411,0.69992583,0.36154104,-0.02160411,0.0
1419,0.70689556,0.3358072,-0.01460809,0.69465704,0.35901155,-0.02600927,0.69465704,0.35901155,-0.02600927,0.0
1420,0.69553229,0.3302673,-0.01525582,0.68231779,0.35452948,-0.02731544,0.68231779,0.35452948,-0.02731544,0.0
1421,0.68691868,0.3266943,-0.01141996,0.67326795,0.35119121,-0.0241505,0.67326795,0.35119121,-0.0241505,0.0
1422,0.67916575,0.3235543,-0.00519216,0.66527584,0.34806098,-0.01838271,0.66527584,0.34806098,-0.01838271,0.0
1423,0.67277161,0.32122626,0.00187941,0.65825078,0.34662875,-0.01232582,0.65825078,0.34662875,-0.01232582,0.0
1424,0.66811562,0.31909347,0.00990441,0.65345606,0.34468896,-0.00456752,0.65345606,0.34468896,-0.00456752,0.0
1425,0.66436818,0.31805315,0.01897407,0.64948834,0.34365651,0.0041723,0.64948834,0.34365651,0.0041723,0.0
1426,0.66315158,0.31762361,0.02859188,0.64828551,0.34323695,0.01379513,0.64828551,0.34323695,0.01379513,0.0
1427,0.66285647,0.31828428,0.03821883,0.6480392,0.34364046,0.02334311,0.6480392,0.34364046,0.02334311,0.0
1428,0.71090817,0.34054756,-0.01063261,0.6993943,0.36328051,-0.02177087,0.6993943,0.36328051,-0.02177087,0.0
1429,0.70570666,0.33995954,-0.01452843,0.69341182,0.36280803,-0.02608984,0.69341182,0.36280803,-0.02608984,0.0
1430,0.69319043,0.33824647,-0.01509534,0.67993869,0.3619851,-0.02740017,0.67993869,0.3619851,-0.02740017,0.0
1431,0.68421849,0.33694138,-0.01095819,0.67047201,0.36083696,-0.02427993,0.67047201,0.36083696,-0.02427993,0.0
1432,0.67624997,0.33575446,-0.00473734,0.66210579,0.35976396,-0.01875398,0.66210579,0.35976396,-0.01875398,0.0
1433,0.66985485,0.33441365,0.00202135,0.65534839,0.35886841,-0.0126146,0.65534839,0.35886841,-0.0126146,0.0
1434,0.66464083,0.3335379,0.01024377,0.65002456,0.35812549,-0.00461253,0.65002456,0.35812549,-0.00461253,0.0
1435,0.66100021,0.33250827,0.01900404,0.64636156,0.35717377,0.00407862,0.64636156,0.35717377,0.00407862,0.0
1436,0.6597836,0.33207873,0.02862184,0.64519349,0.35674121,0.01375628,0.64519349,0.35674121,0.01375628,0.0
1437,0.65963222,0.33143735,0.03825342,0.64482571,0.35609285,0.02204197,0.64482571,0.35609285,0.02204197,0.0
1438,0.71096415,0.34286048,-0.01053339,0.69947654,0.36536978,-0.02171459,0.69947654,0.36536978,-0.02171459,0.0
1439,0.70581861,0.34458538,-0.01432998,0.69358214,0.36700655,-0.02596198,0.69358214,0.36700655,-0.02596198,0.0
1440,0.69352213,0.34652161,-0.01469497,0.68062933,0.36874964,-0.02727734,0.68062933,0.36874964,-0.02727734,0.0
1441,0.68419187,0.34748442,-0.01025653,0.67080281,0.36995327,-0.02361825,0.67080281,0.36995327,-0.02361825,0.0
1442,0.67624438,0.34794871,-0.00362474,0.66243479,0.37086032,-0.01747818,0.66243479,0.37086032,-0.01747818,0.0
1443,0.6696696,0.34823547,0.00312816,0.65574025,0.37128113,-0.01088888,0.65574025,0.37128113,-0.01088888,0.0
1444,0.66469121,0.34804508,0.0114556,0.65040639,0.3717499,-0.00318556,0.65040639,0.3717499,-0.00318556,0.0
1445,0.66097873,0.34766647,0.02021355,0.64665206,0.37149812,0.00549017,0.64665206,0.37149812,0.00549017,0.0
1446,0.65952649,0.34655158,0.02972634,0.6447974,0.37021826,0.01395987,0.6447974,0.37021826,0.01395987,0.0
1447,0.65944697,0.34525917,0.03936024,0.64427646,0.36941167,0.02211469,0.64427646,0.36941167,0.02211469,0.0
1448,0.71210736,0.34562552,-0.00969657,0.70069889,0.36758591,-0.02105116,0.70069889,0.36758591,-0.02105116,0.0
1449,0.7075399,0.34873181,-0.01359252,0.69546444,0.37070649,-0.02519837,0.69546444,0.37070649,-0.02519837,0.0
1450,0.69662225,0.35411843,-0.01301568,0.6840718,0.37542285,-0.02555845,0.6840718,0.37542285,-0.02555845,0.0
1451,0.68830638,0.35717162,-0.00815484,0.67518274,0.37864952,-0.02146996,0.67518274,0.37864952,-0.02146996,0.0
1452,0.68090103,0.35934282,-0.00162357,0.66761005,0.38093817,-0.01510983,0.66761005,0.38093817,-0.01510983,0.0
1453,0.6746907,0.36098959,0.00564876,0.66120985,0.38271064,-0.00829893,0.66120985,0.38271064,-0.00829893,0.0
1454,0.66994795,0.36148455,0.01408123,0.65645037,0.38336881,0.0001059,0.65645037,0.38336881,0.0001059,0.0
1455,0.66650703,0.36146578,0.02294535,0.65301691,0.38345195,0.00897697,0.65301691,0.38345195,0.00897697,0.0
1456,0.66489004,0.36000174,0.03204256,0.65050218,0.38239403,0.01645865,0.65050218,0.38239403,0.01645865,0.0
1457,0.66488238,0.3580583,0.04167878,0.65068855,0.38060344,0.02584806,0.65068855,0.38060344,0.02584806,0.0
1458,0.71432971,0.34718922,-0.00956864,0.70327881,0.36870809,-0.02065051,0.70327881,0.36870809,-0.02065051,0.0
1459,0.71025552,0.35233019,-0.01253074,0.69884931,0.37316202,-0.0240467,0.69884931,0.37316202,-0.0240467,0.0
1460,0.70151038,0.36059551,-0.01110446,0.68932322,0.3814511,-0.02333712,0.68932322,0.3814511,-0.02333712,0.0
1461,0.69493069,0.36581841,-0.00591596,0.68246373,0.38669343,-0.0185293,0.68246373,0.38669343,-0.0185293,0.0
1462,0.68881227,0.36945259,0.00145676,0.67600832,0.39038082,-0.01168003,0.67600832,0.39038082,-0.01168003,0.0
1463,0.68314507,0.37181904,0.00894146,0.67026849,0.3928237,-0.00430007,0.67026849,0.3928237,-0.00430007,0.0
1464,0.67935974,0.37307869,0.01738421,0.66620436,0.39431255,0.00375395,0.66620436,0.39431255,0.00375395,0.0
1465,0.67591882,0.37305992,0.02624834,0.66274083,0.39443277,0.01260021,0.66274083,0.39443277,0.01260021,0.0
1466,0.67419502,0.37158519,0.03565495,0.66113828,0.39306832,0.02195947,0.66113828,0.39306832,0.02195947,0.0
1467,0.67333674,0.36888775,0.04497147,0.65971442,0.39046136,0.03006834,0.65971442,0.39046136,0.03006834,0.0
1468,0.71633844,0.34873154,-0.00882192,0.70555289,0.3699131,-0.01978688,0.70555289,0.3699131,-0.01978688,0.0
1469,0.71434484,0.3547638,-0.01103497,0.70336795,0.37535685,-0.02228294,0.70336795,0.37535685,-0.02228294,0.0
1470,0.70856585,0.36533614,-0.00885167,0.69699009,0.38548964,-0.02055888,0.69699009,0.38548964,-0.02055888,0.0
1471,0.70372333,0.37174153,-0.00302262,0.69226252,0.39151048,-0.01500564,0.69226252,0.39151048,-0.01500564,0.0
1472,0.69886984,0.37617472,0.00446773,0.68712473,0.39603513,-0.00791236,0.68712473,0.39603513,-0.00791236,0.0
1473,0.69459638,0.38001484,0.01248448,0.68277946,0.39996026,6.47e-06,0.68277946,0.39996026,6.47e-06,0.0
1474,0.69101174,0.38129812,0.02134397,0.67892538,0.40138725,0.00853231,0.67892538,0.40138725,0.00853231,0.0
1475,0.68814987,0.38167351,0.03042161,0.6760415,0.40184855,0.01758623,0.6760415,0.40184855,0.01758623,0.0
1476,0.68581108,0.38013014,0.03961355,0.67368628,0.40038271,0.02676391,0.67368628,0.40038271,0.02676391,0.0
1477,0.68468124,0.37707286,0.04882389,0.67196583,0.39803924,0.03541719,0.67196583,0.39803924,0.03541719,0.0
1478,0.71858378,0.34997199,-0.0076573,0.70795065,0.37101546,-0.01858315,0.70795065,0.37101546,-0.01858315,0.0
1479,0.71857789,0.35589537,-0.00953456,0.70842746,0.37618128,-0.02056835,0.70842746,0.37618128,-0.02056835,0.0
1480,0.7165597,0.36721579,-0.00637378,0.70631726,0.38672665,-0.01746102,0.70631726,0.38672665,-0.01746102,0.0
1481,0.7138337,0.37418696,0.00020548,0.70366452,0.39306165,-0.0112634,0.70366452,0.39306165,-0.0112634,0.0
1482,0.71109672,0.37918593,0.00844603,0.70091569,0.39815814,-0.00313038,0.70091569,0.39815814,-0.00313038,0.0
1483,0.70819598,0.38284852,0.01658389,0.69799505,0.40192874,0.00493872,0.69799505,0.40192874,0.00493872,0.0
1484,0.70519039,0.38452596,0.02565689,0.69466355,0.40379289,0.01372536,0.69466355,0.40379289,0.01372536,0.0
1485,0.70260009,0.38526119,0.03484072,0.69206245,0.40459769,0.0228764,0.69206245,0.40459769,0.0228764,0.0
1486,0.70009655,0.38336867,0.04361707,0.68955028,0.40276767,0.0316299,0.68955028,0.40276767,0.0316299,0.0
1487,0.69793742,0.38019773,0.0528148,0.68739293,0.39964837,0.04081606,0.68739293,0.39964837,0.04081606,0.0
1488,0.72105765,0.34925709,-0.00752126,0.71125132,0.37038118,-0.01815588,0.71125132,0.37038118,-0.01815588,0.0
1489,0.72316827,0.35574625,-0.00864832,0.71374252,0.37567574,-0.01931708,0.71374252,0.37567574,-0.01931708,0.0
1490,0.72487593,0.36715304,-0.00419833,0.7156857,0.38649544,-0.0148832,0.7156857,0.38649544,-0.0148832,0.0
1491,0.72475262,0.37408398,0.00293139,0.71545352,0.39297742,-0.00803077,0.71545352,0.39297742,-0.00803077,0.0
1492,0.72358904,0.37892906,0.01170979,0.71465132,0.3973586,0.00092405,0.71465132,0.3973586,0.00092405,0.0
1493,0.72188234,0.38305446,0.02027583,0.71296654,0.4015108,0.00947699,0.71296654,0.4015108,0.00947699,0.0
1494,0.72010673,0.3848692,0.02977819,0.71116544,0.4032848,0.01883019,0.71116544,0.4032848,0.01883019,0.0
1495,0.71755236,0.38527891,0.03896317,0.70815173,0.40434035,0.02762228,0.70815173,0.40434035,0.02762228,0.0
1496,0.71494201,0.3833757,0.04804893,0.70551704,0.40249487,0.03667722,0.70551704,0.40249487,0.03667722,0.0
1497,0.71196721,0.38011248,0.05661524,0.70251894,0.3992783,0.04521843,0.70251894,0.3992783,0.04521843,0.0
1498,0.72335382,0.3481953,-0.00676526,0.71367467,0.36935398,-0.01735286,0.71367467,0.36935398,-0.01735286,0.0
1499,0.72748808,0.35425007,-0.00755538,0.71848096,0.37410782,-0.01804028,0.71848096,0.37410782,-0.01804028,0.0
1500,0.73248626,0.36404702,-0.00202506,0.72384475,0.38347105,-0.01232439,0.72384475,0.38347105,-0.01232439,0.0
1501,0.73445844,0.36989253,0.00544391,0.72646646,0.38842384,-0.0046552,0.72646646,0.38842384,-0.0046552,0.0
1502,0.73490419,0.3742582,0.01476132,0.72701924,0.39273137,0.00468898,0.72701924,0.39273137,0.00468898,0.0
1503,0.73484275,0.37757868,0.02386752,0.72676342,0.39598123,0.01347469,0.72676342,0.39598123,0.01347469,0.0
1504,0.73320988,0.37907859,0.03306164,0.72510287,0.39752262,0.02265554,0.72510287,0.39752262,0.02265554,0.0
1505,0.73127049,0.37955695,0.0424613,0.72313682,0.39804304,0.03204198,0.72313682,0.39804304,0.03204198,0.0
1506,0.72804515,0.3775851,0.05133238,0.71987292,0.39613161,0.04089007,0.71987292,0.39613161,0.04089007,0.0
1507,0.724691,0.37493858,0.05978904,0.71603151,0.39399399,0.04884879,0.71603151,0.39399399,0.04884879,0.0
1508,0.7260643,0.34717853,-0.00621133,0.71652528,0.36838928,-0.0167394,0.71652528,0.36838928,-0.0167394,0.0
1509,0.73133663,0.35138318,-0.00667248,0.72255043,0.37144571,-0.01701777,0.72255043,0.37144571,-0.01701777,0.0
1510,0.7394965,0.35889562,-0.00047626,0.73151797,0.37834224,-0.01067836,0.73151797,0.37834224,-0.01067836,0.0
1511,0.74287831,0.36325086,0.00742786,0.73516629,0.3825862,-0.00278975,0.73516629,0.3825862,-0.00278975,0.0
1512,0.74511206,0.36649678,0.01697719,0.73760179,0.38523991,0.00693202,0.73760179,0.38523991,0.00693202,0.0
1513,0.7457734,0.36890937,0.02630155,0.7382119,0.38759354,0.01630317,0.7382119,0.38759354,0.01630317,0.0
1514,0.74513486,0.36986123,0.03582,0.73751309,0.38853705,0.02584236,0.73751309,0.38853705,0.02584236,0.0
1515,0.74323141,0.37001408,0.04522081,0.73555073,0.38869601,0.03525038,0.73555073,0.38869601,0.03525038,0.0
1516,0.73997014,0.36836773,0.05409074,0.73216632,0.38717645,0.0438505,0.73216632,0.38717645,0.0438505,0.0
1517,0.73565758,0.36594376,0.06222423,0.72752416,0.38558609,0.05177276,0.72752416,0.38558609,0.05177276,0.0
1518,0.72754579,0.34503723,-0.00577386,0.71808631,0.3664146,-0.01624885,0.71808631,0.3664146,-0.01624885,0.0
1519,0.73406299,0.34740246,-0.00621545,0.72542393,0.36818077,-0.01633187,0.72542393,0.36818077,-0.01633187,0.0
1520,0.74419052,0.35216758,0.00021849,0.73657447,0.37226538,-0.00997464,0.73657447,0.37226538,-0.00997464,0.0
1521,0.7491247,0.35471773,0.00824951,0.74217136,0.37439339,-0.00230324,0.74217136,0.37439339,-0.00230324,0.0
1522,0.75215309,0.35640473,0.01801931,0.7447774,0.37595693,0.00783838,0.7447774,0.37595693,0.00783838,0.0
1523,0.75388063,0.35761823,0.02767032,0.74669122,0.37719338,0.0178513,0.74669122,0.37719338,0.0178513,0.0
1524,0.75362145,0.35795338,0.03729842,0.74633184,0.37754691,0.02752135,0.74633184,0.37754691,0.02752135,0.0
1525,0.75178986,0.3574552,0.04670155,0.74399896,0.37722772,0.03658402,0.74399896,0.37722772,0.03658402,0.0
1526,0.74845673,0.35645989,0.05556916,0.74057335,0.37626918,0.04543893,0.74057335,0.37626918,0.04543893,0.0
1527,0.74376481,0.35465262,0.06359299,0.735716,0.37436203,0.05318624,0.735716,0.37436203,0.05318624,0.0
1528,0.71322538,0.34113698,-0.00946567,0.70182216,0.36376523,-0.02057,0.70182216,0.36376523,-0.02057,0.0
1529,0.71996405,0.33562575,-0.00802304,0.70929346,0.35834619,-0.01845553,0.70929346,0.35834619,-0.01845553,0.0
1530,0.72543123,0.34249699,-0.00589831,0.71584168,0.36407089,-0.01638027,0.71584168,0.36407089,-0.01638027,0.0
1531,0.71872849,0.3476827,-0.00733978,0.70823359,0.36908231,-0.01823411,0.70823359,0.36908231,-0.01823411,0.0
1532,0.72467252,0.34373039,-0.00611762,0.71504289,0.36522279,-0.01662686,0.71504289,0.36522279,-0.01662686,0.0
1533,0.71726288,0.34686006,-0.00787415,0.70661274,0.36849452,-0.01861502,0.70661274,0.36849452,-0.01861502,0.0
1534,0.71398409,0.33990357,-0.00924636,0.70260148,0.36263187,-0.02031279,0.70260148,0.36263187,-0.02031279,0.0
1535,0.72112217,0.33641407,-0.00759601,0.71084746,0.35874512,-0.01805872,0.71084746,0.35874512,-0.01805872,0.0
1536,0.72003032,0.34716897,-0.00690811,0.71016229,0.3684726,-0.01754905,0.71016229,0.3684726,-0.01754905,0.0
1537,0.71369664,0.34250768,-0.00925563,0.70232991,0.36499838,-0.02037443,0.70232991,0.36499838,-0.02037443,0.0
1538,0.71866222,0.33613948,-0.00845471,0.70792688,0.35888446,-0.01891621,0.70792688,0.35888446,-0.01891621,0.0
1539,0.72495997,0.34112628,-0.00610835,0.71532969,0.36280204,-0.01658109,0.71532969,0.36280204,-0.01658109,0.0
1540,0.72319202,0.34488447,-0.00624221,0.71348716,0.36630799,-0.01679388,0.71348716,0.36630799,-0.01679388,0.0
1541,0.71586914,0.34538638,-0.0084062,0.70488719,0.36703022,-0.01943079,0.70488719,0.36703022,-0.01943079,0.0
1542,0.71550052,0.33842399,-0.00912062,0.70442413,0.36121996,-0.01981081,0.70442413,0.36121996,-0.01981081,0.0
1543,0.72251591,0.33788775,-0.00706396,0.71264455,0.35996397,-0.01733097,0.71264455,0.35996397,-0.01733097,0.0
1544,0.72178239,0.34637474,-0.00667735,0.71200626,0.3677062,-0.01727226,0.71200626,0.3677062,-0.01727226,0.0
1545,0.71467608,0.34393634,-0.00852152,0.70361258,0.36589634,-0.01959766,0.70361258,0.36589634,-0.01959766,0.0
1546,0.71687422,0.33725923,-0.00868663,0.70584951,0.36011694,-0.01933368,0.70584951,0.36011694,-0.01933368,0.0
1547,0.72390965,0.33936142,-0.00653191,0.7141579,0.3612907,-0.01679985,0.7141579,0.3612907,-0.01679985,0.0
1548,0.72201484,0.34047048,-0.00645443,0.71187488,0.36246055,-0.01695796,0.71187488,0.36246055,-0.01695796,0.0
1549,0.72092859,0.33903113,-0.00687914,0.71070008,0.36116027,-0.01738298,0.71070008,0.36116027,-0.01738298,0.0
1550,0.71964166,0.33756814,-0.00772059,0.70899355,0.36014131,-0.01818333,0.70899355,0.36014131,-0.01818333,0.0
1551,0.72317197,0.34224603,-0.00634027,0.71344321,0.36386869,-0.0168586,0.71344321,0.36386869,-0.0168586,0.0
1552,0.72169146,0.3434001,-0.00646486,0.71188937,0.36496155,-0.01702619,0.71188937,0.36496155,-0.01702619,0.0
1553,0.7204984,0.34195006,-0.00658017,0.7102924,0.36386045,-0.01713133,0.7102924,0.36386045,-0.01713133,0.0
1554,0.71914059,0.34015088,-0.00711106,0.70851924,0.36229533,-0.01771614,0.70851924,0.36229533,-0.01771614,0.0
1555,0.71816115,0.33872221,-0.00784518,0.70745778,0.36124833,-0.01835187,0.70745778,0.36124833,-0.01835187,0.0
1556,0.71744352,0.34424526,-0.00755548,0.70677978,0.36608872,-0.01825634,0.70677978,0.36608872,-0.01825634,0.0
1557,0.71635727,0.34280591,-0.00798019,0.70562052,0.36479216,-0.01868496,0.70562052,0.36479216,-0.01868496,0.0
1558,0.71496353,0.34133223,-0.00851224,0.70388881,0.36361367,-0.01936382,0.70388881,0.36361367,-0.01936382,0.0
1559,0.71852977,0.34568461,-0.00713076,0.70794213,0.36739112,-0.01782631,0.70794213,0.36739112,-0.01782631,0.0
1560,0.71881721,0.3430805,-0.00712149,0.70821428,0.36499334,-0.01777356,0.70821428,0.36499334,-0.01777356,0.0
1561,0.71668065,0.33987629,-0.00796976,0.70592527,0.36211317,-0.01862288,0.70592527,0.36211317,-0.01862288,0.0
1562,0.72021096,0.34455417,-0.00658944,0.71002142,0.36626408,-0.01718045,0.71002142,0.36626408,-0.01718045,0.0
1563,0.71773096,0.34164115,-0.00754621,0.70705231,0.36369742,-0.01820198,0.70705231,0.36369742,-0.01820198,0.0
1564,0.7316429,0.34285343,-0.00582148,0.72292703,0.36396634,-0.0159229,0.72292703,0.36396634,-0.0159229,0.0
1565,0.73149404,0.33954034,-0.00633397,0.72255553,0.36119413,-0.01649375,0.72255553,0.36119413,-0.01649375,0.0
1566,0.73000839,0.33607926,-0.00696641,0.72061581,0.35811437,-0.01711959,0.72061581,0.35811437,-0.01711959,0.0
1567,0.7279427,0.33321124,-0.00812523,0.71832063,0.3554211,-0.01825775,0.71832063,0.3554211,-0.01825775,0.0
1568,0.72463312,0.33119542,-0.00899075,0.71446509,0.3544349,-0.01897588,0.71446509,0.3544349,-0.01897588,0.0
1569,0.72121574,0.33015615,-0.00985974,0.71035745,0.35363068,-0.02000437,0.71035745,0.35363068,-0.02000437,0.0
1570,0.71776145,0.33042961,-0.01104277,0.70672364,0.35412427,-0.0212863,0.70672364,0.35412427,-0.0212863,0.0
1571,0.71440006,0.33170325,-0.01181254,0.7030942,0.3555532,-0.02255211,0.7030942,0.3555532,-0.02255211,0.0
1572,0.71154585,0.33402208,-0.01237111,0.70003284,0.35747694,-0.02329719,0.70003284,0.35747694,-0.02329719,0.0
1573,0.70923477,0.33706059,-0.01271732,0.69761391,0.36017453,-0.023794,0.69761391,0.36017453,-0.023794,0.0
1574,0.70846116,0.34027071,-0.01252685,0.69657687,0.36297475,-0.02386325,0.69657687,0.36297475,-0.02386325,0.0
1575,0.70871684,0.3435945,-0.01232376,0.69687294,0.36597126,-0.02372004,0.69687294,0.36597126,-0.02372004,0.0
1576,0.70975226,0.34733608,-0.01149043,0.69824591,0.36916938,-0.02291594,0.69824591,0.36916938,-0.02291594,0.0
1577,0.7120675,0.34989996,-0.01094924,0.70091635,0.37121847,-0.02213519,0.70091635,0.37121847,-0.02213519,0.0
1578,0.71523434,0.3522306,-0.00977548,0.704308,0.37296125,-0.02103542,0.704308,0.37296125,-0.02103542,0.0
1579,0.71858083,0.35293368,-0.00859593,0.70843668,0.37337379,-0.01967397,0.70843668,0.37337379,-0.01967397,0.0
1580,0.72183444,0.35263658,-0.00782964,0.71213425,0.37308974,-0.01863866,0.71213425,0.37308974,-0.01863866,0.0
1581,0.72591763,0.35144227,-0.0071546,0.71668328,0.37171527,-0.01755932,0.71668328,0.37171527,-0.01755932,0.0
1582,0.7283216,0.34940394,-0.00639512,0.71919935,0.36984571,-0.01671454,0.71919935,0.36984571,-0.01671454,0.0
1583,0.73066861,0.34603992,-0.00604775,0.72187384,0.36689238,-0.01619312,0.72187384,0.36689238,-0.01619312,0.0
1584,0.73832682,0.34359335,-0.00522174,0.72996348,0.36478745,-0.01529147,0.72996348,0.36478745,-0.01529147,0.0
1585,0.73853628,0.33801235,-0.00603551,0.73027692,0.36000427,-0.01589099,0.73027692,0.36000427,-0.01589099,0.0
1586,0.7363078,0.33282073,-0.00698417,0.7277825,0.35516749,-0.01651154,0.7277825,0.35516749,-0.01651154,0.0
1587,0.73263475,0.32845766,-0.00805624,0.72346722,0.35121662,-0.01756768,0.72346722,0.35121662,-0.01756768,0.0
1588,0.72769481,0.32527005,-0.00987171,0.71755842,0.34890129,-0.01938959,0.71755842,0.34890129,-0.01938959,0.0
1589,0.72246841,0.32369931,-0.01138357,0.71173703,0.34765353,-0.02108728,0.71173703,0.34765353,-0.02108728,0.0
1590,0.71702642,0.32408166,-0.01290238,0.70580632,0.34819198,-0.02311426,0.70580632,0.34819198,-0.02311426,0.0
1591,0.71171227,0.3261259,-0.01431965,0.70016373,0.35028441,-0.02487444,0.70016373,0.35028441,-0.02487444,0.0
1592,0.70717688,0.32957516,-0.01541954,0.69494436,0.35384687,-0.02630564,0.69494436,0.35384687,-0.02630564,0.0
1593,0.70407116,0.33417259,-0.01598623,0.69166901,0.35750318,-0.02745933,0.69166901,0.35750318,-0.02745933,0.0
1594,0.70263173,0.3396163,-0.0156018,0.69018707,0.36255197,-0.02726949,0.69018707,0.36255197,-0.02726949,0.0
1595,0.70267182,0.34489317,-0.01540567,0.69029648,0.3673741,-0.02715308,0.69029648,0.3673741,-0.02715308,0.0
1596,0.70475756,0.35039961,-0.01414877,0.69263146,0.37194525,-0.0260069,0.69263146,0.37194525,-0.0260069,0.0
1597,0.7080163,0.35471767,-0.01287463,0.69633947,0.37552148,-0.0245716,0.69633947,0.37552148,-0.0245716,0.0
1598,0.71275556,0.35788165,-0.01147591,0.70171476,0.37833373,-0.02272138,0.70171476,0.37833373,-0.02272138,0.0
1599,0.71821858,0.3591505,-0.00954615,0.70799486,0.37897225,-0.02058106,0.70799486,0.37897225,-0.02058106,0.0
1600,0.72366057,0.35876816,-0.00802734,0.71408241,0.37849946,-0.01885389,0.71408241,0.37849946,-0.01885389,0.0
1601,0.72938902,0.35676893,-0.00681213,0.72046046,0.37650517,-0.01724138,0.72046046,0.37650517,-0.01724138,0.0
1602,0.73361692,0.35328534,-0.00581958,0.7249446,0.37324565,-0.01613389,0.7249446,0.37324565,-0.01613389,0.0
1603,0.73713694,0.34873293,-0.00545496,0.72865812,0.36942945,-0.01555929,0.72865812,0.36942945,-0.01555929,0.0
