global_vertex,is_face_component,baseline_x,baseline_y,baseline_z,deformed_x,deformed_y,deformed_z,dx,dy,dz,displacement_magnitude
0,0,0.762272605709189,0.5749883952370727,0.020051059565544038,0.7571729573403845,0.5552577890065697,0.013008197369025705,-0.005099648368804482,-0.019730606230502906,-0.007042862196518333,0.02156165911120379
1,0,0.7550923668340067,0.5590633362897837,0.026728184090274942,0.7489625056298138,0.5401569275714334,0.018627453954347464,-0.006129861204192908,-0.018906408718350268,-0.00810073013592748,0.02146274254942979
2,0,0.6905658317994402,0.5326926886456969,0.17304988061565407,0.6773847401643646,0.5182592184184528,0.11277327618972517,-0.013181091635075609,-0.01443347022724405,-0.0602766044259289,0.06336667326452378
3,0,0.6761249700350282,0.5464079599147311,0.21602851079773908,0.6632505706094581,0.5309409439484772,0.14729589784896235,-0.012874399425570119,-0.015467015966253838,-0.06873261294877672,0.07161809007671051
4,0,0.7363818983226263,0.5400382359711005,0.07542127559056883,0.7283514531139457,0.522356595846403,0.0653407283613496,-0.008030445208680726,-0.017681640124697452,-0.010080547229219217,0.02188026234279318
5,0,0.7533782946416222,0.5736697476985411,0.01797497312509666,0.7470522644428927,0.5542726855003981,0.00992260151531297,-0.006326030198729514,-0.019397062198142946,-0.00805237160978369,0.02193411426376534
6,0,0.7327985628955506,0.5721513173434349,0.044442403176068235,0.7250625276084901,0.5533268339439152,0.03454128987215811,-0.0077360352870604245,-0.018824483399519712,-0.009901113303910119,0.022632707789354396
7,0,0.6775049975487086,0.5348175775328494,0.15682861943048304,0.662867308692608,0.5240790786408942,0.10073394667522506,-0.014637688856100667,-0.010738498891955212,-0.056094672755257986,0.05895921984745066
8,0,0.6566819498093928,0.5471897788767413,0.2055304006498225,0.6427032741379112,0.5345257619533589,0.13635850057257465,-0.013978675671481594,-0.012664016923382326,-0.06917190007724787,0.07169750664047495
9,0,0.6998805508406001,0.5561450050445274,0.08590860432080316,0.6901667518444383,0.537539999190853,0.07013817527328532,-0.009713798996161713,-0.018605005853674358,-0.01577042904751784,0.026252820155097317
10,0,0.6561830723152701,0.5635029303641792,0.17576380559879654,0.6431863816110293,0.5469302298020741,0.11279645520581294,-0.012996690704240813,-0.016572700562105115,-0.0629673503929836,0.06639620161346332
11,0,0.6711063442184967,0.5598087088018504,0.1561763113992129,0.6591643710014597,0.5401720946611736,0.09943526178542968,-0.011941973217036949,-0.0196366141406769,-0.05674104961378322,0.061218902722117365
12,0,0.7015043948508634,0.5672178555651097,0.09170469495842681,0.6916397873310388,0.5474126201321363,0.0744363760115055,-0.00986460751982457,-0.019805235432973384,-0.017268318946921313,0.02806693198994656
13,0,0.7323689711465766,0.5876119994614015,0.05072112138348506,0.7250284322482222,0.567779436547417,0.041236612719118146,-0.0073405388983544375,-0.019832562913984476,-0.009484508664366915,0.023176927485321647
14,0,0.7481545180894666,0.5793858742274027,0.027115029919560385,0.7412612304220306,0.5594725523444434,0.01805069571868934,-0.006893287667436023,-0.01991332188295931,-0.009064334200871046,0.022939484688751233
15,0,0.6517164047169729,0.572950556498041,0.19153370363171815,0.6390845129053287,0.556111454494402,0.12447143465966135,-0.012631891811644102,-0.016839102003639007,-0.0670622689720568,0.07028846254336862
16,0,0.6977091932435373,0.5693230673988285,0.15286294519460886,0.6896699510681923,0.5397522020772447,0.1043076641202594,-0.008039242175345074,-0.029570865321583806,-0.04855528107434946,0.05741672936375054
17,0,0.7150474649268991,0.568435869563765,0.10647469979706792,0.7060413658003116,0.5457122836619784,0.08584601576262119,-0.009006099126587404,-0.022723585901786594,-0.02062868403444674,0.03198458664273826
18,0,0.7443189838173959,0.5728164976138821,0.0591883441137922,0.7372829213750136,0.5533395474693925,0.05004259421634012,-0.007036062442382354,-0.019476950144489587,-0.009145749897452076,0.022638518123118862
19,0,0.7598171852435486,0.583306632973958,0.02642361886007888,0.754517507753745,0.5621533139608532,0.018835504058100836,-0.00529967748980352,-0.021153319013104792,-0.007588114801978042,0.023089585812961416
20,0,0.7683744685002549,0.569269111150021,0.07534292771545575,0.768466891930574,0.5484138952317524,0.06845535796524821,9.242343031907243e-05,-0.020855215918268596,-0.006887569750207547,0.02196331464401605
21,1,0.7486599015676171,0.3302069706776978,-0.013556237847448971,0.7410841447317045,0.35382035386984895,-0.02034142057625271,-0.007575756835912606,0.02361338319215117,-0.00678518272880374,0.025710360986954277
22,1,0.7404272256598595,0.3375717822954467,-0.003318091601646478,0.7326625326833973,0.36023223565607904,-0.013357940836510596,-0.007764692976462206,0.022660453360632327,-0.010039849234864118,0.02597277759861113
23,1,0.7136381008790893,0.329627474117439,-0.01596035835799353,0.7022902804108303,0.35428504505173547,-0.02586351503717299,-0.011347820468258996,0.02465757093429649,-0.009903156679179459,0.028893621198667323
24,1,0.7190434964195297,0.3203093199002218,-0.024468864997890583,0.7076736876866282,0.34637973612369644,-0.03177177837603351,-0.011369808732901499,0.026070416223474613,-0.007302913378142928,0.02936446315696288
25,1,0.7628057838803329,0.3568693632204978,0.003340779588058229,0.7579251966000794,0.3755027230843457,-0.006120440761799628,-0.004880587280253534,0.018633359863847898,-0.009461220349857857,0.02146012400999572
26,1,0.7518419200532523,0.353351195471614,0.0029007657008554566,0.745767818105954,0.37292212195646823,-0.007559298650126001,-0.006074101947298294,0.019570926484854256,-0.010460064350981457,0.023007147240986132
27,1,0.7383362938155916,0.36664261091455685,-0.009621866637048726,0.7302600705763499,0.3839850143555408,-0.018885253066456997,-0.008076223239241731,0.017342403440983922,-0.009263386429408271,0.021255462052387018
28,1,0.7290154260574789,0.3580231070014115,-0.013137345896533592,0.7196892433027302,0.3771372779478368,-0.022467142793942796,-0.009326182754748724,0.019114170946425313,-0.009329796897409204,0.0232244338120663
29,1,0.6832796109735775,0.35989217911991833,-0.013609249109687749,0.6692102076050983,0.37993294115974197,-0.027645690929387623,-0.014069403368479172,0.020040762039823634,-0.014036441819699874,0.028224137776726298
30,1,0.6597152986220558,0.33194397462883707,-0.0071105913834228485,0.6433257813260262,0.3578195532957326,-0.024668847323321197,-0.016389517296029554,0.02587557866689555,-0.01755825593989835,0.03530515826610224
31,1,0.6750386992698499,0.33625237857465606,-0.012417792434391561,0.6599653955641919,0.3608366819687128,-0.02724664050217196,-0.01507330370565807,0.02458430339405676,-0.014828848067780398,0.032426643258150395
32,1,0.6872327030711461,0.3527395668690998,-0.016651378986624332,0.6733283682506638,0.3739235178142069,-0.029492026804387228,-0.013904334820482367,0.02118395094510711,-0.012840647817762896,0.02840726211419541
33,1,0.6926904312426282,0.3200421235035167,-0.022829679656319213,0.6786848021733886,0.34692067419913764,-0.033252188412689065,-0.014005629069239633,0.02687855069562095,-0.010422508756369853,0.03205062904061014
34,1,0.6946404688571352,0.3317845134465429,-0.02417734945814215,0.6808684121264472,0.3564544836356516,-0.03426134131789188,-0.013772056730687932,0.02466997018910866,-0.01008399185974973,0.029999397786493905
35,1,0.7131059621641387,0.36679199979400057,-0.018326628773833842,0.7019128694262171,0.3846771018618109,-0.02828581914654482,-0.011193092737921573,0.017885102067810354,-0.00995919037271098,0.023331259586563385
36,1,0.7103651475366268,0.3559400383801332,-0.019994329804206123,0.6986899632881104,0.37584753628299733,-0.029712747887572555,-0.011675184248516435,0.019907497902864113,-0.009718418083366431,0.025041286908472755
37,1,0.44653665665824194,0.3729249560575063,0.25175616121140043,0.4236589152250214,0.40124292363313135,0.15331374360042072,-0.022877741433220522,0.028317967575625047,-0.09844241761097972,0.10495812462974925
38,1,0.4535144536664007,0.3285281363733983,0.24396524100898875,0.4304862808663325,0.36461576108588395,0.14862626008467913,-0.023028172800068192,0.036087624712485666,-0.09533898092430962,0.10450901723576239
39,1,0.46777912060459736,0.4341637675118388,0.22827386129851018,0.44628889186667065,0.4503842451333537,0.13645507868576046,-0.02149022873792672,0.01622047762151485,-0.09181878261274973,0.0956850179806947
40,1,0.5301579356903781,0.3583951175679152,0.14874406251866173,0.5097441928988322,0.3854583822536507,0.0823528838812205,-0.02041374279154584,0.0270632646857355,-0.06639117863744123,0.07454481733211371
41,1,0.530749192301196,0.4052375496708862,0.1460600045671257,0.5106754835145451,0.423718311317916,0.07967025918064985,-0.020073708786650934,0.018480761647029775,-0.06638974538647585,0.0717780650894595
42,1,0.5428780182910427,0.5136498615676093,0.14359292797406764,0.5249123817533747,0.5120295116392799,0.07748994880709445,-0.017965636537667917,-0.0016203499283293787,-0.06610297916697319,0.06852002251052694
43,1,0.48869925364570416,0.31122411798197724,0.21564992292532778,0.46747835974717106,0.34905013562667614,0.13058754392900904,-0.0212208938985331,0.037826017644698895,-0.08506237899631874,0.09548163315121522
44,1,0.4927630433134634,0.46973470682940643,0.19029083244280637,0.47195981012350535,0.4782071603889556,0.10909849741077263,-0.020803233189958026,0.008472453559549176,-0.08119233503203374,0.0842422236674015
45,1,0.4649004499413908,0.3468664824615759,0.22946402680873598,0.4423707347444131,0.37907763023546415,0.13830899798534743,-0.022529715196977718,0.03221114777388823,-0.09115502882338855,0.09926925701122674
46,1,0.4810530106400793,0.35056765942662516,0.21298287856094417,0.4592590980203366,0.38140391359139963,0.12716174885560416,-0.021793912619742728,0.03083625416477448,-0.08582112970534,0.09376094870516374
47,1,0.4962393882303715,0.3888672114131593,0.22717467391798793,0.4771895755862111,0.4125237935800642,0.13922526603847507,-0.01904981264416039,0.023656582166904916,-0.08794940787951286,0.09304637331972727
48,1,0.4601262592753873,0.37895278703527513,0.22788440112397068,0.43731373434060034,0.4054316677993602,0.1361300661493255,-0.02281252493478697,0.026478880764085055,-0.09175433497464519,0.0981855407229512
49,1,0.4768549194933138,0.43844123890726205,0.22288867379827232,0.45602382403514424,0.4535483432400852,0.1331674039617013,-0.02083109545816958,0.01510710433282314,-0.08972126983657103,0.09333844545736214
50,1,0.48323837855021334,0.4512215309525729,0.19052293193579398,0.4612983698821001,0.46333275050926764,0.10854176289298564,-0.021940008668113242,0.012111219556694752,-0.08198116904280833,0.08572606194811976
51,1,0.49863835903099074,0.3652870334212981,0.1928706235649544,0.47761859993900435,0.39264725936862843,0.11319178866907173,-0.02101975909198639,0.02736022594733034,-0.07967883489588268,0.08682815768251359
52,1,0.5048934036185828,0.39362210852968893,0.18387631554681733,0.4842567982107927,0.41551316550178774,0.10646840133522711,-0.02063660540779011,0.02189105697209881,-0.07740791421159021,0.0830486185357795
53,1,0.49586197410048355,0.45224803712905004,0.18001062717614438,0.4746168417048113,0.4636610747133027,0.10169340069507227,-0.021245132395672273,0.011413037584252661,-0.07831722648107212,0.08194633024789305
54,1,0.8140876990493688,0.5396162037431127,-0.046131078009724935,0.8133636429071838,0.5229105803579659,-0.041729515032984665,-0.00072405614218507,-0.016705623385146806,0.00440156297674027,0.017290918617054746
55,1,0.7865537616614027,0.5484352384696161,-0.047012161522673845,0.7829984430469199,0.5308790361480903,-0.04542354561101092,-0.003555318614482772,-0.01755620232152577,0.0015886159116629273,0.017982887168628493
56,1,0.7933679333525707,0.5320531891388613,-0.04730557731652696,0.7903533673406885,0.5172769658124139,-0.044712263470265246,-0.0030145660118822137,-0.014776223326447457,0.0025933138462617134,0.015301949573118392
57,1,0.775207056086343,0.5851047150048538,-0.03822326156571976,0.7713313556723195,0.5613364114654247,-0.04029683979730975,-0.0038757004140235196,-0.02376830353942916,-0.0020735782315899898,0.02417132668109524
58,1,0.7718417071546347,0.6068466986923937,-0.027541384356815135,0.7684445762719456,0.5793826630278958,-0.032663981883238935,-0.0033971308826891145,-0.027464035664497954,-0.0051225975264238,0.028143467423767436
59,1,0.7247339144306109,0.5624427712005202,-0.02627236151049228,0.7161047305619214,0.5443640557200337,-0.03599776413298206,-0.008629183868689494,-0.018078715480486562,-0.009725402622489776,0.02226850295447735
60,1,0.7120620036536164,0.561046786152767,-0.02549549604347462,0.7021522229975415,0.543583737634343,-0.036704026297249503,-0.00990978065607484,-0.017463048518424062,-0.011208530253774884,0.022995498834731436
61,1,0.71143672862862,0.5517478351858349,-0.026725871737651674,0.7013032364925381,0.5359720886333835,-0.0375944613057258,-0.010133492136081834,-0.015775746552451397,-0.010868589568074127,0.021672288327688524
62,1,0.7277635444075592,0.5561744168226106,-0.029949381372677553,0.719175765959491,0.5390950360593826,-0.03844730231627902,-0.00858777844806824,-0.017079380763228014,-0.008497920943601467,0.020920560372325807
63,1,0.7340945112644461,0.5733486948238102,-0.029597036580857772,0.7263453830666082,0.5529812347504814,-0.03775016027769623,-0.007749128197837907,-0.02036746007332879,-0.00815312369683846,0.023267054899172735
64,1,0.721909063804689,0.5776175680150528,-0.026030042696754907,0.7131450566380876,0.5568652257974794,-0.03631950330288469,-0.008764007166601417,-0.020752342217573383,-0.010289460606129786,0.024765712763750943
65,1,0.7567142405082324,0.5319863774066063,-0.040202703763002834,0.7503065340981369,0.5183435606044269,-0.04303817691135298,-0.006407706410095582,-0.01364281680217938,-0.0028354731483501427,0.015337048598437143
66,1,0.7560087932848153,0.5480456923324448,-0.042317960844598435,0.7495537696332173,0.5314757457108457,-0.04497677072343825,-0.006455023651598002,-0.016569946621599163,-0.0026588098788398185,0.017980537571417363
67,1,0.7455981011390395,0.5973576285995827,-0.02826284070680163,0.7393477395490305,0.5723322386796807,-0.03584543104908727,-0.006250361590008913,-0.025025389919901997,-0.0075825903422856444,0.02688555070940364
68,1,0.7497823647595078,0.5790171130999218,-0.03438479771877739,0.7434352283556557,0.5571150437503619,-0.03990059785460737,-0.006347136403852094,-0.02190206934955985,-0.0055158001358299735,0.02346083616285778
69,1,0.776700100760289,0.5615653608969815,-0.03297472866389389,0.7730600221532805,0.5421083223828362,-0.03573807007478358,-0.0036400786070084346,-0.019457038514145264,-0.002763341410889686,0.019986559878059817
70,1,0.7516977386320667,0.5604566600134735,-0.03193825676152939,0.745514907741262,0.5419080410868566,-0.037541125272739506,-0.006182830890804736,-0.018548618926616856,-0.005602868511210113,0.020338898629548456
71,1,0.7746657946225635,0.5662984299482892,-0.028660500917852827,0.7711108292566158,0.5461021757827469,-0.0326643860985098,-0.003554965365947682,-0.02019625416554227,-0.004003885180656974,0.02089395983561172
72,1,0.7523599924458213,0.5651624419538726,-0.02634743236639836,0.7466155989524466,0.5458244386895279,-0.03319493558751507,-0.005744393493374744,-0.01933800326434465,-0.006847503221116713,0.02130363178478576
73,1,0.800548761378869,0.3356139869064272,-0.011055491080835311,0.7985411602973626,0.35683975578992627,-0.013046440819020289,-0.0020076010815064382,0.021225768883499085,-0.0019909497381849772,0.021413257754441816
74,1,0.7878119757624499,0.2916391485727665,-0.02945069990893473,0.7830053392995171,0.320929595147228,-0.02803770126984595,-0.0048066364629327785,0.029290446574461504,0.0014129986390887805,0.029715830457388286
75,1,0.6919118994306241,0.5634602502316266,-0.01850255844290616,0.680345945926353,0.5462209485545653,-0.03342197054758833,-0.011565953504271143,-0.017239301677061336,-0.014919412104682173,0.025564695584438878
76,1,0.7144388960670455,0.5863609059318478,-0.022413899078742694,0.7051948739219879,0.5642814607938466,-0.03441923017489407,-0.009244022145057595,-0.022079445138001197,-0.012005331096151373,0.02677838340431586
77,1,0.769608980790835,0.6158525466128255,-0.020028265538396373,0.7665030209248358,0.5869267628859702,-0.027193021400415185,-0.0031059598659991527,-0.02892578372685528,-0.007164755862018812,0.02996133637647587
78,1,0.7403441566357825,0.6040367432381561,-0.025339500732746545,0.7337831341650528,0.5779874154932652,-0.03422174608486861,-0.006561022470729649,-0.026049327744890993,-0.008882245352122065,0.028293263762200732
79,1,0.6449709536314479,0.3280297321792993,-0.0015898744276081067,0.6273419034209149,0.35511211668959736,-0.021870442914181665,-0.01762905021053296,0.02708238451029804,-0.020280568486573558,0.03815154545005646
80,1,0.6731860254573219,0.3732954206283088,-0.007964632590616638,0.6585265656090608,0.39126791856283766,-0.02451070926291332,-0.014659459848261114,0.017972497934528875,-0.016546076672296683,0.028490052620080312
81,1,0.7802088588549091,0.35977586556747543,0.0025161569716068977,0.7771095561355855,0.37738471503631776,-0.004980995427158408,-0.003099302719323571,0.017608849468842336,-0.0074971523987653055,0.01938774228869024
82,1,0.7638918458256798,0.31571856615515603,-0.020584280773055685,0.7573503849707699,0.3414331231538015,-0.023999136819382816,-0.00654146085490992,0.025714556998645444,-0.0034148560463271305,0.026752390427213064
83,1,0.7219148869588308,0.30379076187901344,-0.03340760626093292,0.7101680265520381,0.3326468131627575,-0.038176751883283955,-0.011746860406792625,0.028856051283744077,-0.004769145622351034,0.031518330778674344
84,1,0.7234574185838238,0.27594595798327504,-0.0359168626963387,0.7114633077398662,0.3097834724004191,-0.03956863182552628,-0.011994110843957628,0.033837514417144055,-0.0036517691291875765,0.03608561340258
85,1,0.6868734035784136,0.30356327930809,-0.028873506608980637,0.6717592098432199,0.33350675923675316,-0.03831874491824672,-0.015114193735193737,0.02994347992866314,-0.00944523830926608,0.03484628199997884
86,1,0.6721214845921558,0.2779057458458034,-0.02237331928101166,0.6556215915712269,0.3130265602160893,-0.03445358315087338,-0.016499893020928913,0.03512081437028591,-0.012080263869861718,0.040640507463609095
87,1,0.6301433091265984,0.30369171850633503,0.007702896233281853,0.6112983943421106,0.3357562784846567,-0.015865299791823273,-0.0188449147844878,0.032064559978321694,-0.023568196025105126,0.04403097413998215
88,1,0.7159031177267292,0.3829473288693226,-0.009523416966368325,0.7056626322651904,0.3979537260177083,-0.02138874138096175,-0.010240485461538773,0.015006397148385697,-0.011865324414593426,0.02169897281731585
89,1,0.747258058321401,0.37951125815863396,-0.003324234588374775,0.7405921164558337,0.39436380449110936,-0.01324542042095217,-0.006665941865567349,0.014852546332475403,-0.009921185832577395,0.019064701462073473
90,1,0.8029951766192707,0.459911672488869,-0.06380638250173187,0.7993617346872499,0.4577135362988687,-0.055531431706055845,-0.0036334419320207534,-0.0021981361900003105,0.008274950795676028,0.009300995304483016
91,1,0.8045524209954089,0.4337778498259448,-0.04891931719061704,0.8016959780851213,0.43650241169429393,-0.043434029047918155,-0.0028564429102876376,0.002724561868349129,0.005485288142698885,0.00675802408124058
92,1,0.8017229925225223,0.4795522442891702,-0.060447287192470944,0.7983347208756846,0.4738750479722391,-0.05332969274563165,-0.0033882716468377483,-0.005677196316931088,0.007117594446839293,0.009714478549228365
93,1,0.8040097745840533,0.4880727737616448,-0.05173736840320914,0.8014420592270737,0.48091603670686656,-0.046441554016604936,-0.0025677153569796385,-0.007156737054778262,0.005295814386604203,0.0092659428793334
94,1,0.7864914999771643,0.4772312465891426,-0.055039702410248637,0.7818126832206135,0.47247853873617046,-0.050691465637703825,-0.0046788167565507965,-0.00475270785297216,0.004348236772544811,0.007961577808901617
95,1,0.7894379749439189,0.4798902701332608,-0.047344462528939535,0.7855350619426621,0.4746884850923041,-0.04444176730363347,-0.0039029130012567803,-0.005201785040956697,0.0029026952253060623,0.007121582484161416
96,1,0.7678702176830908,0.4788601185172974,-0.038186740867649005,0.762248565684272,0.47458043826579716,-0.03957156321168609,-0.005621651998818811,-0.0042796802515002175,-0.0013848223440370844,0.00719974771609734
97,1,0.7779896556377544,0.48197178345739733,-0.03319928119139909,0.7737357674526911,0.4769214901716084,-0.03468100177215383,-0.004253888185063226,-0.0050502932857889316,-0.0014817205807547418,0.006767312822896355
98,1,0.7576738169019451,0.4850233277982845,-0.026934800628740208,0.7517030124960703,0.4800762308263137,-0.0319845843011935,-0.00597080440587483,-0.004947096971970821,-0.00504978367245329,0.009253355544983289
99,1,0.7749991360825833,0.494504234761334,-0.029639007367945447,0.7707566135720375,0.4873156338569991,-0.03240173233785065,-0.004242522510545799,-0.007188600904334874,-0.002762724969905206,0.008792475730625006
100,1,0.7906653779680823,0.5218917026328418,-0.04131007799440334,0.7876247182367289,0.5091239983516872,-0.04020060006526166,-0.003040659731353479,-0.01276770428115459,0.0011094779291416779,0.013171591608007757
101,1,0.7957006889201911,0.504015208157222,-0.03602964258099273,0.7933251619765943,0.49443089545758934,-0.035327508971933264,-0.002375526943596773,-0.009584312699632669,0.0007021336090594632,0.009899250971112166
102,1,0.8194724162151183,0.49572529235159646,-0.04752162413431693,0.8188258962675261,0.4868138188259512,-0.04165136157448873,-0.000646519947592239,-0.008911473525645253,0.005870262559828199,0.010690759138724977
103,1,0.7985274386543235,0.49014637806118433,-0.03969261803430707,0.7961060849174908,0.48294570080493215,-0.03768696712863617,-0.002421353736832721,-0.007200677256252175,0.002005650905670897,0.007857184128108468
104,1,0.7778016343781424,0.4591555914738592,-0.05034458960367505,0.7723236842604788,0.45799477436081115,-0.04770019557922306,-0.00547795011766361,-0.0011608171130480516,0.0026443940244519903,0.006192596678140226
105,1,0.780867457548663,0.4394400202786146,-0.037834802326053185,0.7762474655126853,0.4419601984243249,-0.03738355554011713,-0.004619992035977738,0.0025201781457102612,0.0004512467859360547,0.005281973869722469
106,1,0.7625636946870714,0.4634552223794728,-0.03604445070685486,0.7563723147537618,0.4621509537890881,-0.03824687498444618,-0.006191379933309649,-0.001304268590384683,-0.0022024242775913194,0.006699624969576811
107,1,0.7270280853459897,0.6847377163379873,0.010982113312991537,0.7219721896108707,0.6449410245732033,-0.008566903457033648,-0.005055895735118998,-0.039796691764783954,-0.019549016770025185,0.044626256999443094
108,1,0.6980778483302907,0.6859627753456321,0.04956032003669836,0.6922789911606568,0.6473178990089197,0.018322892852592143,-0.005798857169633909,-0.03864487633671243,-0.031237427184106215,0.050028292681601166
109,1,0.6809343375163709,0.6691921415621493,0.03508997059658209,0.6723605803724761,0.6338531330534325,0.005530739777348276,-0.008573757143894745,-0.03533900850871685,-0.02955923081923381,0.046862596605036624
110,1,0.7060170745583599,0.6771668781115086,0.016639655690915245,0.6990428446380148,0.6394108173186546,-0.006272460882824099,-0.006974229920345132,-0.037756060792853985,-0.022912116573739344,0.04471157674992176
111,1,0.745881862763603,0.6904435834615104,0.011101644520674303,0.7428395501757399,0.6490904568498761,-0.006576028601700701,-0.0030423125878631385,-0.04135312661163426,-0.017677673122375004,0.04507590124957752
112,1,0.7276333645057975,0.6984836537857877,0.058809333885067594,0.7255493944114013,0.6568831395608992,0.028426253233182652,-0.0020839700943962036,-0.04160051422488853,-0.03038308065188494,0.051556544735158846
113,1,0.674428817470857,0.6450215854277808,0.018490113244478967,0.6639854575286567,0.6140056422745531,-0.00769383821583508,-0.010443359942200359,-0.031015943153227643,-0.026183951460314048,0.04191243026409571
114,1,0.7029318759046066,0.6510739119280666,0.0018474243939867185,0.6945280208406309,0.6179222669290588,-0.017708727222968512,-0.008403855063975674,-0.0331516449990078,-0.01955615161695523,0.039396692908693354
115,1,0.7326089957117643,0.6516701882219653,-0.010418727482530754,0.7265709592505768,0.6174067031529279,-0.02412483370364865,-0.0060380364611875015,-0.034263485069037425,-0.013706106221117897,0.037393871705499376
116,1,0.7627587246360372,0.6556403853544372,-0.015125676602945115,0.7596084098583333,0.6197514749366804,-0.024669723947394806,-0.0031503147777038887,-0.03588891041775688,-0.009544047344449691,0.037269655403363945
117,1,0.6920147669421696,0.5315078559957094,-0.019570852058285237,0.6800983070293589,0.520051863169195,-0.03379066421953536,-0.01191645991281065,-0.011455992826514327,-0.014219812161250123,0.021804697805656647
118,1,0.7125623600807185,0.49389815463816245,-0.022442793804115846,0.7022574098495158,0.4886577473164183,-0.03334122620450941,-0.010304950231202703,-0.005240407321744134,-0.010898432400393565,0.01588803628367277
119,1,0.7313204669535798,0.5143972586308356,-0.028778107291518973,0.7227812020485769,0.5048210721043384,-0.03658362336461218,-0.008539264905002897,-0.009576186526497277,-0.0078055160730932105,0.015018271361092081
120,1,0.6097752367623928,0.6216308252883671,0.08029006751076245,0.5960250920360446,0.5975754303263764,0.033829868737340396,-0.013750144726348168,-0.024055394961990717,-0.04646019877342206,0.05409508828755876
121,1,0.6592176967185498,0.49431562040028343,-0.009645976581097726,0.6441400078595348,0.49067064724192677,-0.028996694572359483,-0.015077688859014948,-0.003644973158356657,-0.019350717991261757,0.02480066163294329
122,1,0.6314829434092084,0.5559497177775157,0.023119258133599663,0.6160250300742371,0.5423694308038587,-0.007340047615284839,-0.015457913334971263,-0.013580286973656985,-0.030459305748884502,0.03675786426960071
123,1,0.6914769789126107,0.43721862953329627,-0.01885404252342432,0.6786712691324228,0.44290771069184115,-0.031962018301941286,-0.012805709780187913,0.005689081158544884,-0.013107975778516967,0.019187779350750785
124,1,0.6408842565283043,0.42737998123426113,-0.010661151764401022,0.6232319602915841,0.43638568072395195,-0.03075604807726323,-0.017652296236720155,0.009005699489690822,-0.02009489631286221,0.02822252723538814
125,1,0.5974447428918069,0.3795608352166777,0.02815372743803246,0.5771228702146444,0.3990563011892948,-0.004490155684192143,-0.020321872677162567,0.019495465972617088,-0.032643883122224604,0.04311235099010187
126,1,0.5876924007490596,0.3265110436877485,0.05207242737298623,0.5672662124286062,0.35629047891591614,0.013806089696311363,-0.020426188320453398,0.029779435228167617,-0.038266337676674866,0.052615173961477725
127,1,0.5601021723176427,0.5662304068029416,0.12639712206778686,0.543395156930019,0.5543118249166713,0.06519944551545656,-0.016707015387623647,-0.011918581886270263,-0.0611976765523303,0.06454713450452824
128,1,0.5908161802923997,0.525886363327829,0.05830507445198507,0.5729306487464244,0.5194251971926895,0.016140607269610086,-0.017885531545975275,-0.006461166135139473,-0.04216446718237499,0.04625452625723808
129,1,0.6125426960151581,0.470799043948225,0.014679147489706446,0.5938413298476654,0.47308808861558077,-0.01466578893649323,-0.01870136616749274,0.002289044667355744,-0.029344936426199675,0.0348727130558764
130,1,0.5689433850875538,0.4309335993964307,0.0713924041121567,0.5486824730677963,0.44254019335069505,0.025359195545846563,-0.02026091201975755,0.011606593954264333,-0.04603320856631013,0.05161660459581712
131,1,0.5538979266728363,0.46992267687283373,0.10602269808475956,0.5344706834519222,0.4753819727000932,0.05010785062035816,-0.01942724322091416,0.005459295827259458,-0.055914847464401396,0.059444864009108166
132,1,0.758789173182447,0.4538553447438165,-0.024160041592064585,0.75280504631162,0.45457646436011534,-0.02927561902239767,-0.005984126870826945,0.0007211196162988376,-0.005115577430333085,0.007905625867247785
133,1,0.7651688249226448,0.5164551281815992,-0.03747393204606814,0.7596538734714935,0.5054378454289097,-0.03981903940929732,-0.005514951451151329,-0.011017282752689539,-0.002345107363229182,0.012541719870350248
134,1,0.5760147897266512,0.26310884741203644,0.09680735779641986,0.5564050766193323,0.3054372033294816,0.04819402802869205,-0.01960971310731896,0.04232835591744516,-0.04861332976772781,0.06737571071188135
135,1,0.6097459626624427,0.22944772868649288,0.05390609659039791,0.5908009239712181,0.2763016766816504,0.018903585066342293,-0.018945038691224658,0.04685394799515752,-0.03500251152405562,0.06147668457827383
136,1,0.5527908408614157,0.368647419416126,0.10560835670739338,0.5322849080278258,0.39255493330186825,0.0511051931486155,-0.020505932833589924,0.02390751388574225,-0.05450316355877788,0.06294964129752888
137,1,0.8003811768688589,0.39025067769259003,-0.022051683778986864,0.7982351275631858,0.40139488539067664,-0.022382265064291862,-0.002146049305673081,0.011144207698086606,-0.0003305812853049983,0.011353773682202169
138,1,0.7803909130833483,0.3979494386718061,-0.016207555364655735,0.7765838376088582,0.40833908298203947,-0.020046175385204368,-0.003807075474490107,0.01038964431023337,-0.003838620020548633,0.011712110664768563
139,1,0.7564931803513267,0.4091638544496039,-0.012284185179091467,0.7505417654403483,0.4182403225342329,-0.019659368404905675,-0.005951414910978392,0.009076468084628975,-0.007375183225814208,0.013122306959838868
140,1,0.5446889674256132,0.31612743195637627,0.1346214830932712,0.524552386734222,0.35026179805274177,0.07351193774297607,-0.020136580691391237,0.0341343660963655,-0.06110954535029514,0.0728355226772033
141,1,0.7814885204532828,0.20499158365098502,-0.01660150471625721,0.77595560573436,0.25041524124393544,-0.017496553521466396,-0.00553291471892281,0.04542365759295042,-0.0008950488052091865,0.04576814314315342
142,1,0.7152508532121133,0.1983605474388579,-0.010578912137199803,0.70315704321502,0.24693272877783157,-0.019664070163868785,-0.012093809997093308,0.048572181338973675,-0.009085158026668982,0.05087295093309886
143,1,0.6620126795363903,0.20903725222482983,0.011621786468340611,0.6458095522132254,0.2574949457346322,-0.008155834209781387,-0.016203127323164868,0.04845769350980239,-0.019777620678122,0.054789083538861236
144,1,0.650955060271895,0.8021689555954366,0.18636351342717658,0.6493334424817548,0.7457402696425791,0.1179146521212106,-0.0016216177901401396,-0.05642868595285744,-0.06844886130596597,0.08872470262957703
145,1,0.6811728842358227,0.7339253428689947,0.16358650116904871,0.6807042956057453,0.6887257845697241,0.10437478312405882,-0.00046858863007737117,-0.04519955829927058,-0.0592117180449899,0.0744932694918996
146,1,0.5888541999754933,0.776247968844765,0.19869410578716465,0.5812915974836727,0.7264350219557646,0.1213368339414096,-0.007562602491820614,-0.0498129468890004,-0.07735727184575505,0.09231830881051555
147,1,0.6269237438704975,0.7062211548124946,0.1719798225446469,0.6210780516314065,0.6676848958230321,0.10559068731547228,-0.005845692239091038,-0.038536258989462446,-0.06638913522917461,0.07698527554756641
148,1,0.5410778806055121,0.7404370348390312,0.22810725068198587,0.5299582393107068,0.6988975651693056,0.1396633526383098,-0.01111964129480525,-0.04153946966972566,-0.08844389804367606,0.09834376982873577
149,1,0.5740068029585548,0.6671989694135956,0.19916076449043732,0.5639136517509595,0.6376287585838841,0.12169173581282561,-0.010093151207595241,-0.029570210829711452,-0.07746902867761171,0.08353274492117203
150,1,0.5124068188941484,0.6886607953169674,0.2708438136726008,0.5003332338485315,0.6579738527136345,0.17056055036497453,-0.012073585045616952,-0.030686942603332934,-0.10028326330762627,0.10556605894803829
151,1,0.533373904651596,0.622672409511881,0.24287134654543768,0.52122016642267,0.6029845534560312,0.15198802739482414,-0.012153738228925959,-0.019687856055849773,-0.09088331915061354,0.09378220902092994
152,1,0.6154090949571326,0.6537620240954469,0.13880778560649698,0.6059500487621733,0.6245850193673848,0.07938223281014192,-0.009459046194959297,-0.029177004728062172,-0.05942555279635506,0.06687426623875674
153,1,0.6596546156540523,0.682311894821491,0.12283055288702088,0.6541078974940219,0.6464834322992322,0.07121549093890028,-0.005546718160030384,-0.0358284625222588,-0.0516150619481206,0.0630758228560202
154,1,0.7020088336388337,0.7021583061280339,0.12704495419727924,0.7012716525054621,0.6616124939815187,0.0786492868036732,-0.0007371811333716227,-0.0405458121465152,-0.04839566739360604,0.06313989975535629
155,1,0.5592654365430878,0.5913721894146375,0.18070642024285088,0.5458701911327501,0.5757208694458726,0.10690398572365403,-0.013395245410337653,-0.0156513199687649,-0.07380243451919685,0.07662372842225944
156,1,0.5214774594110878,0.47151199561543056,0.16941371252452,0.5024264191273168,0.478544689063207,0.09588269464621552,-0.019051040283771026,0.007032693447776461,-0.07353101787830449,0.0762837564835647
157,1,0.5198780601340798,0.5646333742557674,0.2771112260243629,0.5077876954503902,0.5563976919510804,0.1779673725277929,-0.012090364683689625,-0.008235682304687075,-0.09914385349656998,0.10021729924198555
158,1,0.5387861425671665,0.5407732254096107,0.20759287747061148,0.5243782569216072,0.5352993827494216,0.12634228563801775,-0.014407885645559282,-0.005473842660189132,-0.08125059183259373,0.0826995090395993
159,1,0.759680033680572,0.11740292375805428,0.026920337634608937,0.753595306432532,0.18004910517302986,0.015233996859651183,-0.006084727248039989,0.06264618141497558,-0.011686340774957754,0.06401670494698639
160,1,0.7390777258592259,0.03178661244787673,0.1243096878508268,0.7357114047816733,0.11208998649821839,0.08986506591849758,-0.0033663210775526364,0.08030337405034166,-0.03444462193232922,0.08744367319324685
161,1,0.7042903713287206,-0.0012859152241349037,0.24253561717189717,0.7038813901355047,0.0878203907720777,0.17843449087211077,-0.0004089811932159737,0.08910630599621261,-0.0641011262997864,0.10976818950319008
162,1,0.6533417370533787,0.0166960191665968,0.3947301576291119,0.6566734534985239,0.1062758650575128,0.2909459175751424,0.003331716445145183,0.089579845890916,-0.10378424005396952,0.1371379510124425
163,1,0.6938890350973494,0.11743075184740004,0.03852680091297611,0.681689077355143,0.18208709040559226,0.017350197404968598,-0.012199957742206502,0.06465633855819222,-0.021176603508007513,0.06912112282651776
164,1,0.666640611109105,0.0547279764264319,0.11465472288738304,0.6554653212187511,0.1327275558421785,0.07445903481712574,-0.011175289890353879,0.07799957941574659,-0.04019568807025731,0.08845628769402562
165,1,0.6344297051683205,0.018629284453303363,0.22846590371393025,0.6262012986585165,0.10584209892923041,0.15991400262278654,-0.008228406509804054,0.08721281447592705,-0.0685519010911437,0.11123463860557559
166,1,0.5885552955161615,0.034840098612312076,0.37368489740294625,0.584175683905243,0.12260038943151219,0.2675693129106029,-0.004379611610918488,0.08776029081920012,-0.10611558449234337,0.13777360746777567
167,1,0.6340054368645106,0.13760931134828702,0.0667344175099785,0.6174561346726617,0.20069884264255625,0.03268763226060267,-0.016549302191848914,0.06308953129426922,-0.03404678524937582,0.07357548469282976
168,1,0.6029537708160463,0.0843850153424377,0.1467298332825745,0.5873569198093994,0.15925584592630096,0.0922632281302539,-0.015596851006646872,0.07487083058386326,-0.0544666051523206,0.09389096926999899
169,1,0.5695297944377493,0.06359042742897891,0.24713186097851808,0.5561255179021498,0.1447151775239186,0.16696761848409358,-0.013404276535599502,0.08112475009493969,-0.0801642424944245,0.11483555843951009
170,1,0.5503707206580957,0.06348576618207069,0.3490133932681521,0.5409029472013152,0.1467194852826922,0.2440204874410018,-0.009467773456780515,0.08323371910062152,-0.10499290582715032,0.13431679345330927
171,1,0.5479512009219101,0.09221018209806253,0.44068410883782927,0.543817700214964,0.17167972650731733,0.31449656562892714,-0.004133500706946069,0.0794695444092548,-0.12618754320890213,0.14918374702965262
172,1,0.5232640449073702,0.10210597679959044,0.3763474307506809,0.5129570047733193,0.17948190342751752,0.26184736874877595,-0.010307040134050927,0.07737592662792708,-0.11450006200190493,0.1385768137037916
173,1,0.5987031822714854,0.08248522400298874,0.48525334595106556,0.6022766148861953,0.16299063792322788,0.35453680387926034,0.0035734326147098816,0.08050541392023913,-0.13071654207180522,0.1535601037455072
174,1,0.5034589300414026,0.31287166444844594,0.2208021194249149,0.484069771076987,0.3500646953094612,0.13610925010201352,-0.01938915896441562,0.037193030861015275,-0.08469286932290138,0.0945100161047593
175,1,0.4841632628001423,0.34840948357705237,0.2507261625488797,0.4648625675188159,0.38012624342857354,0.15680442657518062,-0.01930069528132644,0.03171675985152117,-0.09392173597369907,0.10099387200288402
176,1,0.5148145840517808,0.325494851825435,0.17524179607522222,0.49405985819948484,0.35937896611104214,0.10176967690533653,-0.020754725852295985,0.033884114285607114,-0.07347211916988569,0.0835287025006251
177,1,0.486660433516571,0.3895542055530292,0.25439615450949027,0.46821355629815453,0.41376659440650027,0.15933336649544094,-0.01844687721841648,0.024212388853471045,-0.09506278801404933,0.09981713639504543
178,1,0.5045424826978573,0.451079428920818,0.23045696413947334,0.4871136564323384,0.4632292748637097,0.14176393119808078,-0.017428826265518893,0.012149845942891702,-0.08869303294139255,0.09120217559780353
179,1,0.5247548934794737,0.48683110844489796,0.20608525505417244,0.5083176013025442,0.4915405649711762,0.12446602843743618,-0.016437292176929463,0.004709456526278244,-0.08161922661673626,0.08339101695264785
180,1,0.525127968878865,0.2765484826184599,0.17433813607242027,0.504923447809163,0.3190399287097438,0.10283830190689416,-0.020204521069702053,0.04249144609128391,-0.0714998341655261,0.08559189183726608
181,1,0.5875422795837926,0.15867871815500578,0.11416475873270465,0.5691590846229667,0.21995909847164483,0.06433564357658259,-0.018383194960825855,0.061280380316639044,-0.04982911515612207,0.08109357302500445
182,1,0.501529056640952,0.2612948559689565,0.2308332972114688,0.4820412166959927,0.30808340056313943,0.14441733611691585,-0.01948783994495934,0.04678854459418291,-0.08641596109455296,0.10018314300748149
183,1,0.5492034465979079,0.13199152709128548,0.1925612577340609,0.5311812229165556,0.20039957388742413,0.12153098056969408,-0.018022223681352312,0.06840804679613866,-0.07103027716436683,0.10024849967421041
184,1,0.48003509566065883,0.27837090975112666,0.3259160895052542,0.4640194320626853,0.32409652516837184,0.21570326121351346,-0.016015663597973517,0.04572561541724518,-0.11021282829174073,0.120391863951988
185,1,0.5249358407727973,0.11249916892123313,0.28230349106934216,0.5094438491158277,0.18650276770572177,0.1889011330644303,-0.015491991656969573,0.07400359878448864,-0.09340235800491187,0.12016877680759219
186,1,0.47812603603866644,0.3431494324208568,0.3486400509442431,0.4638392159402983,0.3774793594202495,0.2322225120986659,-0.014286820098368125,0.03432992699939269,-0.1164175388455772,0.12221170347871044
187,1,0.5009280562723322,0.43785541286221097,0.32997205339821517,0.48878379492402124,0.4540234773547557,0.2187918839661191,-0.012144261348310925,0.01616806449254471,-0.11118016943209608,0.1130040683695979
188,1,0.5120162649177475,0.48875999203098,0.30990683665904784,0.5003195909942693,0.49504828476416274,0.20366578269914698,-0.011696673923478285,0.006288292733182765,-0.10624105395990086,0.10706781193655235
189,1,0.4901007010217355,0.32399761094324564,0.42837369521948687,0.48148765277236727,0.36269174808100485,0.29561688356412896,-0.008613048249368205,0.03869413713775921,-0.1327568116553579,0.13854887906395286
190,1,0.5180341737665215,0.4472020373844501,0.3888899410481399,0.5111538287499353,0.4620869569610768,0.2661711366679518,-0.006880345016586187,0.014884919576626743,-0.12271880438018812,0.12380955103243363
191,1,0.5273685811438297,0.5104266082518283,0.3669116676736447,0.5207626256866947,0.5132090196125205,0.24920349482806833,-0.006605955457134938,0.0027824113606922385,-0.11770817284557636,0.1179262244588787
192,1,0.4874069302669629,0.25580005963681174,0.42092814370088383,0.47744613929968416,0.30687320569793325,0.2905181819489168,-0.009960790967278754,0.05107314606112151,-0.130409961751967,0.14040812558190488
193,1,0.5189386851224055,0.309934528110281,0.48914634860081385,0.5166776943119801,0.35130924310693745,0.34599395515320874,-0.0022609908104254117,0.04137471499665646,-0.1431523934476051,0.1490288122152133
194,1,0.5446118826721189,0.4565482308635511,0.4316655693014209,0.5430305522637837,0.46964182264716536,0.3020173247905965,-0.001581330408335191,0.013093591783614245,-0.1296482445108244,0.13031734365154457
195,1,0.5461762910699501,0.5304252568643681,0.40355988760718114,0.5438168225043369,0.5296007321457541,0.27933065310648575,-0.0023594685656131986,-0.0008245247186140503,-0.1242292345006954,0.12425437472198912
196,1,0.5179951499441272,0.23635635090231055,0.4893986288965841,0.514961646373983,0.2911580765764472,0.34712745094338343,-0.0030335035701442026,0.05480172567413666,-0.14227117795320066,0.15249104680919695
197,1,0.5542661529168038,0.29980837787835046,0.5290702177024018,0.5578516145244862,0.34264987396637725,0.38081826690980514,0.003585461607682361,0.04284149608802679,-0.14825195079259668,0.15435961335728685
198,1,0.5738595492697078,0.45989075954437997,0.4637163022043379,0.5771727203119323,0.47204878978242987,0.3299061874932987,0.0033131710422245053,0.0121580302380499,-0.1338101147110392,0.1344021636753138
199,1,0.5778292069446196,0.5370131005846837,0.43967284679628793,0.5808792629144892,0.5346570506530238,0.3105786833578579,0.003050055969869625,-0.0023560499316598316,-0.12909416343843005,0.1291516815475815
200,1,0.5588056810521431,0.23013749174847842,0.5313503196195566,0.5623360255737988,0.285572808328045,0.3840448372781576,0.0035303445216556817,0.055435316579566574,-0.147305482341399,0.15743075552302532
201,1,0.6307914984583244,0.2221101305181854,0.5794953979740051,0.6444282875435162,0.27773513367930686,0.42906154452534584,0.013636789085191836,0.055625003161121456,-0.15043385344865923,0.16096722416890172
202,1,0.5164043504891672,0.5984149965200789,0.3412079453870211,0.5079954870012247,0.5850991112581816,0.22686429824590038,-0.008408863487942564,-0.013315885261897309,-0.11434364714112072,0.11542309745887082
203,1,0.5184065831427112,0.37231556159458545,0.16596675309263414,0.4979177342025018,0.39743545199843217,0.09428901970466641,-0.02048884894020936,0.025119890403846712,-0.07167773338796773,0.07866701525056466
204,1,0.5271135036737394,0.6079879956569849,0.3844062502800536,0.5224050686931996,0.5932866657033162,0.26137361561620076,-0.004708434980539855,-0.014701329953668685,-0.12303263466385284,0.12399728890061142
205,1,0.5671438875320105,0.6313997400573923,0.4440977131921555,0.5702348858595006,0.6122293242011168,0.31155982731380555,0.0030909983274900465,-0.019170415856275547,-0.13253788587834997,0.1339527913403286
206,1,0.5089847634538138,0.3383694156206012,0.1778337151563963,0.4879018426003158,0.3701120457295739,0.10298828261977785,-0.021082920853498,0.031742630108972714,-0.07484543253661843,0.0839876353372532
207,1,0.7257900903673153,0.3560512524331889,-0.0042662637497886124,0.7166274497138162,0.37574821037048267,-0.015888709264302803,-0.009162640653499143,0.019696957937293758,-0.01162244551451419,0.02463747908099621
208,1,0.7499102622391762,0.352492571743638,0.006710619874793378,0.7438496070069086,0.3723311466494278,-0.00479105457882284,-0.00606065523226762,0.019838574905789774,-0.011501674453616217,0.023718961009580763
209,1,0.7393371122641007,0.3368009241848231,-0.0009479042812031713,0.7315900944004659,0.35966784114304706,-0.011620740324502887,-0.007747017863634853,0.02286691695822396,-0.010672836043299716,0.02639737877443413
210,1,0.7123793715164137,0.3291759590774097,-0.011210849139907275,0.7011731748408097,0.3540230106768993,-0.022301252411388972,-0.011206196675604074,0.024847051599489578,-0.011090403271481697,0.029427060027194515
211,1,0.6804907434536124,0.3355490357442834,-0.00882674124218824,0.6661836976736962,0.3601638330687686,-0.023877954085350983,-0.01430704577991615,0.024614797324485183,-0.015051212843162742,0.032204329123959194
212,1,0.689544210721148,0.3494110831716757,-0.005222467744485204,0.6765128367507909,0.3713094024938408,-0.02032940379817061,-0.01303137397035714,0.021898319322165127,-0.015106936053685405,0.02962385210638468
213,1,0.6936695500608141,0.33171933628056927,-0.012382282650484355,0.6804828359994738,0.35660816824223884,-0.025204627912418287,-0.01318671406134031,0.024888831961669577,-0.012822345261933932,0.03094763193150673
214,1,0.7084018519387503,0.3544484579595686,-0.007897837768330584,0.6972132228206119,0.3748655805541026,-0.020505049689788113,-0.011188629118138338,0.020417122594533987,-0.012607211921457528,0.026476142260835965
215,1,0.8042090933718881,0.5909560407970114,-0.03424871756054643,0.8036276090117986,0.5653808411272063,-0.03424683109013693,-0.0005814843600894237,-0.025575199669805038,1.886470409495633e-06,0.025581809274759965
216,1,0.8287054157123054,0.46208919786054103,-0.064214918114669,0.8277393363679305,0.45877700436370056,-0.05318602025088315,-0.0009660793443748705,-0.0033121934968404765,0.011028897863785858,0.011555973483439654
217,1,0.8144804074026148,0.5027952625544989,-0.03548164657985753,0.8140762477312559,0.49291947451193047,-0.03291700803072323,-0.00040415967135898345,-0.009875788042568445,0.0025646385491343016,0.010211361583520416
218,1,0.8221011125507582,0.3946226851075467,-0.02272200011583264,0.8222087864629622,0.4043602180202042,-0.02068806164886572,0.00010767391220400935,0.009737532912657498,0.0020339384669669225,0.009948268521901945
219,1,0.8051943067650169,0.030252422811066992,0.14222821490089765,0.8096626684567995,0.10926905060086617,0.11072576290429675,0.004468361691782552,0.07901662778979918,-0.0315024519966009,0.08518214722157688
220,1,0.7282882669678201,0.5625297499694533,-0.019496052603096392,0.7204219453093932,0.5444380143442861,-0.0303647786710195,-0.007866321658426934,-0.018091735625167193,-0.010868726067923107,0.022523745707682185
221,1,0.7232486927496733,0.558691712539952,-0.015822098537136065,0.7150372862612435,0.5414910246776419,-0.027987363126531384,-0.008211406488429773,-0.017200687862310104,-0.01216526458939532,0.02261160149093479
222,1,0.7309249202926087,0.56413846099416,-0.01957019155205425,0.7233427988725051,0.5456805337443045,-0.030168449593574065,-0.007582121420103616,-0.01845792724985551,-0.010598258041519815,0.022594395701252823
223,1,0.8009894848158191,0.5702290840597204,-0.01839741904192016,0.8007976230225016,0.5487422786213182,-0.021986223726215393,-0.00019186179331753817,-0.0214868054384022,-0.0035888046842952326,0.0217852963706603
224,1,0.7468355990566466,0.5639336379085735,-0.015124569070838145,0.7411587982023773,0.545138773596987,-0.025044351720370395,-0.005676800854269359,-0.0187948643115865,-0.00991978264953225,0.021997160731420367
225,1,0.7700149471274504,0.5687807959017501,-0.020127656342581568,0.7664968320401465,0.5483895316766576,-0.026563028217818585,-0.00351811508730393,-0.02039126422509252,-0.006435371875237017,0.021670136170260795
226,1,0.7452159169547486,0.5584631685138017,-0.020725686992472347,0.7389941795752727,0.5406230990980386,-0.02948698843631481,-0.006221737379475956,-0.017840069415763105,-0.008761301443842462,0.020826389407871217
227,1,0.7725703669874491,0.5641034274282131,-0.024953348373775608,0.7689915928414356,0.5444196501963537,-0.029977925014782858,-0.003578774146013486,-0.019683777231859323,-0.00502457664100725,0.020627774502427393
228,1,0.8007817584271248,0.5642843302042859,-0.015901351105545636,0.8006585551453141,0.543921470031104,-0.01998986598864061,-0.00012320328181070206,-0.020362860173181896,-0.004088514883094974,0.02076962222647527
229,1,0.7389743106286791,0.568621009580335,-0.02807576941295492,0.7317746078541534,0.5489996579449969,-0.0359905018203453,-0.007199702774525751,-0.01962135163533807,-0.007914732407390379,0.022348963043499204
230,1,0.728437753313225,0.5618651694449355,-0.025706974676987238,0.7202198199489872,0.5437972898316157,-0.03516211051063106,-0.008217933364237817,-0.018067879613319793,-0.009455135833643824,0.021985956793670037
231,1,0.7312948379396998,0.5598650762458757,-0.028256183457627482,0.7232060331888829,0.5420432428941044,-0.036813730133519906,-0.00808880475081697,-0.017821833351771232,-0.008557546675892425,0.02136066739184949
232,1,0.5304583375761328,0.4800441751188762,0.1589430961333293,0.5117995039673758,0.4851151565348698,0.08857809711367023,-0.018658833608756975,0.005070981415993603,-0.07036499901965906,0.07297328285884672
233,1,0.4566515167659408,0.4066362186462982,0.24497333207205904,0.43473312149601917,0.42843182767837085,0.14863519355289206,-0.02191839526992162,0.02179560903207267,-0.09633813851916698,0.10117559763908338
234,1,0.5562083808752147,0.37475318128051693,0.5115311339685642,0.5596798542101356,0.40362875518170277,0.36635669247988206,0.003471473334920816,0.028875573901185836,-0.14517444148868214,0.14805900295756658
235,1,0.5260921814706832,0.3788754857449197,0.4745854461106981,0.5243680254152823,0.4072775062033298,0.33447393532322683,-0.0017241560554008828,0.028402020458410115,-0.14011151078747125,0.14297161583814808
236,1,0.5001404676017003,0.3909627167961762,0.41716742306511495,0.4925355172780711,0.41701432097709223,0.28703002829223057,-0.007604950323629178,0.02605160418091601,-0.13013739477288438,0.13293706356053434
237,1,0.48945679579132223,0.40106775460473276,0.34761956589549425,0.47681540283790963,0.4245209351429883,0.2318018775177174,-0.0126413929534126,0.023453180538255514,-0.11581768837777687,0.11884272562649524
238,1,0.4655559420285063,0.41050702256142735,0.22322272702350268,0.4433239285563756,0.43101932828137474,0.13263663672596485,-0.02223201347213072,0.020512305719947388,-0.09058609029753784,0.0955031772474993
239,1,0.4936868200150102,0.41653631940268454,0.21165040072301725,0.47372843484746036,0.4349912711952037,0.12652096980202812,-0.01995838516754983,0.01845495179251916,-0.08512943092098912,0.08936410013585958
240,1,0.502695042888355,0.4266599260181536,0.18460534965864775,0.4821822290115732,0.44260985158703614,0.10633679903087412,-0.020512813876781777,0.015949925568882528,-0.07826855062777363,0.08246903465039922
241,1,0.51839412409144,0.42733241959855217,0.16439659883100072,0.4983239212405022,0.4424151012483407,0.09229172138139044,-0.020070202850937857,0.015082681649788543,-0.07210487744961028,0.07635059711783516
242,1,0.49284165169378213,0.4205147671692373,0.24477377318469717,0.4747590811908513,0.43877219110016225,0.15207796100534643,-0.018082570502930828,0.018257423930924943,-0.09269581217935075,0.09619161335676019
243,1,0.5287889819462583,0.15312764381249178,0.46910446886214785,0.5249061477431508,0.22247344925931278,0.33368383819394065,-0.0038828342031075325,0.06934580544682101,-0.1354206306682072,0.15219285247702058
244,1,0.5742320238953311,0.14678165085629136,0.5168106988715138,0.5777223027152341,0.21674311234008842,0.3755538222887767,0.0034902788199029366,0.06996146148379706,-0.14125687658273706,0.15767147275617135
245,1,0.5198810126624129,0.19177855945515532,0.21847502266032967,0.5009087099367775,0.2505191743769758,0.13772850345209803,-0.018972302725635437,0.05874061492182048,-0.08074651920823164,0.10163861705253606
246,1,0.5007054147237802,0.16691578992694556,0.40026332932094333,0.4900767971360057,0.23348654277192693,0.2771291776928467,-0.010628617587774447,0.06657075284498137,-0.12313415162809666,0.1403803830431654
247,1,0.4983227730594474,0.1788175068743021,0.3003654885540327,0.4817669472669629,0.24176757282289948,0.19919603515020054,-0.01655582579248449,0.0629500659485974,-0.10116945340383218,0.12029989390117526
248,1,0.5492062161864272,0.21684869539515095,0.15043007611282538,0.5295286551553444,0.269167588689159,0.08764708261417115,-0.019677561031082758,0.05231889329400807,-0.06278299349865424,0.08406055719714121
249,1,0.5422238110346673,0.7206528888926069,0.4659629480008949,0.5448532761320911,0.6862643601150897,0.32465264332430394,0.0026294650974237888,-0.03438852877751719,-0.14131030467659095,0.14545819745195407
250,1,0.48854818119859755,0.7145638435551662,0.41983812009880384,0.4829188654755894,0.6820779959743646,0.2833165676047855,-0.005629315723008177,-0.03248584758080164,-0.13652155249401832,0.14044626653610048
251,1,0.45736154371792687,0.7237168541053993,0.34837905692211835,0.444452140645584,0.6893519962353729,0.2244624102946981,-0.01290940307234284,-0.03436485787002641,-0.12391664662742025,0.12923982147734603
252,1,0.4695647375796304,0.7466165807166716,0.2941069707477175,0.4549689063574648,0.7069267542825911,0.18329981004465207,-0.014595831222165623,-0.03968982643408048,-0.11080716070306545,0.1186024766794874
253,1,0.4983353694098404,0.8023236675858865,0.2418345769776741,0.48418514551535075,0.7509220342974305,0.1449554180513219,-0.014150223894489666,-0.05140163328845593,-0.09687915892635221,0.11057996281091116
254,1,0.5578310174145509,0.837110177322308,0.2091522495618285,0.5482477675431425,0.7772486964863377,0.12533510034423453,-0.00958324987140835,-0.059861480835970315,-0.08381714921759398,0.10344346315228191
255,1,0.6848590434010522,0.8857391447643925,0.2123938900086882,0.6890396465834311,0.8135659810535112,0.14049432155234595,0.004180603182378895,-0.07217316371088134,-0.07189956845634224,0.10196073237876647
256,1,0.612735921301543,0.8629017775587045,0.1984927384621798,0.6084462618273206,0.7966723038726113,0.12245697346359274,-0.004289659474222329,-0.06622947368609311,-0.07603576499858705,0.10092661651943971
257,0,0.7861859023711095,0.571058582710271,0.02574406473527313,0.7863891179770796,0.5494221623915284,0.021461537606669197,0.00020321560597006847,-0.02163642031874256,-0.004282527128603935,0.022057108137719106
258,0,0.7663765091604302,0.5374746876999801,0.09123363051040223,0.7665075667816871,0.5166771406184268,0.0838889608809965,0.0001310576212568949,-0.020797547081553267,-0.00734466962940574,0.022056729419264075
259,1,0.8051250470804264,0.56504806613873,-0.028587945155517547,0.8047237452950209,0.544237141779201,-0.029395886965725537,-0.00040130178540553896,-0.020810924359529026,-0.0008079418102079905,0.02083046772853866
260,1,0.823401915845429,0.3397916054771599,-0.0089148179131322,0.8239226603586759,0.35965612891741616,-0.009047988714592725,0.0005207445132469068,0.019864523440256243,-0.00013317080146052485,0.019871794101664
261,1,0.8260286994293128,0.4325306171123131,-0.04709472454039182,0.8254946219812083,0.4349130527476554,-0.03974815601109766,-0.0005340774481045196,0.002382435635342295,0.007346568529294162,0.00774166050874992
262,1,0.6295626088222784,0.4681573425199561,0.5033367584322166,0.6409733321778573,0.47786185580934026,0.36637357058639347,0.011410723355578911,0.009704513289384153,-0.13696318784582312,0.13777988608854203
263,1,0.6321702270105451,0.5411585401492527,0.47452102587169537,0.6428654045395903,0.5370645587165229,0.3432593386505852,0.010695177529045141,-0.004093981432729765,-0.13126168722111015,0.13176030524585877
264,1,0.620152220657744,0.6442800026349964,0.47497450408374137,0.6306054815925525,0.6217585894924746,0.3408968051082765,0.010453260934808473,-0.022521413142521762,-0.13407769897546484,0.13635730298250515
265,1,0.8047667208333026,0.5673159738801221,-0.028286656944528477,0.804364810874093,0.5461064706280175,-0.029226274997228352,-0.00040190995920963424,-0.021209503252104578,-0.0009396180526998754,0.02123411033929385
266,1,0.7548157640471037,0.7048217700226225,0.07083859367570461,0.7563026796365812,0.6614950476494855,0.040528215879638674,0.0014869155894774444,-0.04332672237313695,-0.030310377796065935,0.0528973987234662
267,1,0.7658457500416798,-0.002646747069006139,0.26547174317292654,0.7730859177283734,0.08534459566688712,0.20270635128160547,0.007240167686693666,0.08799134273589326,-0.06276539189132108,0.10832539334739567
268,1,0.6694125449426104,0.07853748085366608,0.5157665666173802,0.6819821410737641,0.15825827285795335,0.38568173592198063,0.012569596131153715,0.07972079200428728,-0.13008483069539956,0.15308645466448662
269,0,0.7834775184948538,0.5635400475940093,0.0339087098808758,0.7833807814001429,0.5426244109026556,0.02932477690488389,-9.673709471093891e-05,-0.02091563669135375,-0.004583932975991908,0.02141227820197053
270,0,0.8059366483797972,0.5798623868670436,0.03529297421015598,0.8110475007512016,0.5566359592553983,0.030327309390131358,0.005110852371404402,-0.023226427611645298,-0.004965664820024623,0.024294970233900662
271,0,0.8104411533178761,0.5652416355390413,0.0460489209637267,0.8167386996782735,0.5420800348334267,0.040476255943798146,0.006297546360397324,-0.023161600705614523,-0.005572665019928559,0.024640889448881754
272,0,0.7331545976203007,0.5380995300384015,0.18620578594571593,0.7356424666042486,0.5091269646534395,0.13575368766480805,0.0024878689839479573,-0.028972565384961926,-0.050452098280907895,0.058232407283346735
273,0,0.7748189845582192,0.5420974330584567,0.2024603356341306,0.7963691671550603,0.5157137557404982,0.149223168501249,0.021550182596841116,-0.026383677317958595,-0.05323716713288159,0.06320367681638249
274,0,0.7566882036948827,0.5554008177108729,0.24415091669131883,0.7792591620647253,0.5277295286769885,0.18260230779758063,0.02257095836984274,-0.02767128903388441,-0.06154860889373821,0.07115742867251666
275,0,0.7984955364878576,0.5469716606841573,0.09710343585966469,0.8069732374893097,0.5236361247266346,0.09038051087567825,0.008477701001452077,-0.0233355359575227,-0.006722924983986441,0.025721904537478666
276,0,0.8142619597738785,0.5804658768727249,0.03922778368589358,0.8207158335414501,0.5566929755219887,0.033775209873832895,0.006453873767571512,-0.02377290135073612,-0.005452573812060681,0.025229623192103937
277,0,0.8139767830718924,0.5812128229090137,0.07277948392379746,0.8220930047906403,0.5569593848878335,0.06610274722316169,0.008116221718747943,-0.024253438021180147,-0.006676736700635776,0.02643257694218858
278,0,0.794352435681322,0.5478606537257278,0.19761684171888114,0.8167924602894264,0.5243645475116566,0.14904022857827276,0.02244002460810447,-0.023496106214071215,-0.04857661314060837,0.05844064558034567
279,0,0.777834293557418,0.5607133894556728,0.24782134691726684,0.801653962506559,0.5350345804117372,0.18631011257906652,0.02381966894914099,-0.025678809043935578,-0.06151123433820033,0.07078424833655136
280,0,0.8167279889732133,0.5691880812374057,0.12669682660920129,0.827673543936707,0.5435019155791636,0.11512625923873061,0.010945554963493701,-0.02568616565824216,-0.01157056737047067,0.03022353898794979
281,0,0.7933250654919688,0.5788113829484516,0.22363629807412697,0.8150374607914839,0.550293530947606,0.16770602474249843,0.021712395299515123,-0.028517852000845542,-0.05593027333162854,0.06642959782608363
282,0,0.7947186340324718,0.5736069104585271,0.19932595708325507,0.8142871626515134,0.543135187186342,0.1489736244547364,0.01956852861904158,-0.030471723272185086,-0.050352332628518695,0.06202266225037316
283,0,0.8097420217526524,0.5792998629858817,0.12948746928873245,0.821015555139135,0.5522483833658848,0.11651598678469723,0.011273533386482626,-0.027051479619996915,-0.012971482504035218,0.03204893856276271
284,0,0.807397326158044,0.595987027332618,0.07691145358971962,0.8150246021830606,0.5710286164909519,0.07047151888284853,0.007627276025016553,-0.024958410841666074,-0.006439934706871095,0.026880669082668868
285,0,0.8114981292876727,0.5864565944793316,0.049226539896955135,0.8186292579952799,0.5617407555870787,0.04301497962564859,0.007131128707607104,-0.024715838892252907,-0.006211560271306543,0.026463355225600806
286,0,0.7851684787947469,0.5878471224656971,0.23811814698215178,0.807177925144132,0.5590830384118454,0.17807797919772708,0.022009446349385026,-0.028764084053851807,-0.0600401677844247,0.0701185425379434
287,0,0.774582507804467,0.5779040385783532,0.1796973019632918,0.7886704178284547,0.5407303186377989,0.13563259751231035,0.014087910023987666,-0.037173719940554274,-0.04406470445098146,0.05934688569263833
288,0,0.7900758199383665,0.5768108974349815,0.13266503200330249,0.8009367484609522,0.5472751933069593,0.11607424128055717,0.01086092852258571,-0.02953570412802218,-0.016590790722745316,0.03557487770206265
289,0,0.7959778512023408,0.5785829102465234,0.07722103186234719,0.8032778587063126,0.5541967308522151,0.07099144705204273,0.007300007503971816,-0.0243861793943083,-0.006229584810304463,0.026206556086563675
290,0,0.8022512548811818,0.588043329065056,0.04123618379639188,0.8075740542664128,0.5632527505886955,0.03580895530037863,0.00532279938523111,-0.024790578476360414,-0.005427228496013252,0.025929901342580136
291,0,0.7214386063890074,0.6109767147967418,0.19646465146029174,0.7242170804452559,0.5710493436025067,0.14166771597221142,0.002778474056248525,-0.03992737119423503,-0.05479693548808031,0.06785734320947373
292,0,0.7347963623460206,0.5830191271823946,0.16613917662207306,0.7375383481137343,0.5433728381420351,0.12127734294952672,0.0027419857677136996,-0.039646289040359516,-0.044861833672546335,0.05993271928659076
293,1,0.8851869082278283,0.3454467754925341,0.034101579773732016,0.8946281858312992,0.36321928545597604,0.030771523551593877,0.00944127760347091,0.01777250996344193,-0.003330056222138139,0.020398262367884307
294,1,0.8837190840014325,0.35356671257408134,0.046701149415178556,0.8938122475609077,0.37009616158232356,0.040286999010706814,0.010093163559475204,0.016529449008242214,-0.006414150404471741,0.020401861693619596
295,1,0.9135087187375066,0.3519379991842042,0.053808969240582205,0.92707281176945,0.3680447019945438,0.048963641520349904,0.013564093031943392,0.0161067028103396,-0.004845327720232301,0.021607584222126
296,1,0.9164541682119973,0.342345253889242,0.04444176318408727,0.929691210373568,0.3599707950911636,0.0421347875645946,0.013237042161570733,0.017625541201921613,-0.0023069756194926683,0.02216305764908739
297,1,0.8587436804523733,0.3675784152525452,0.03683005683537455,0.8658218044399704,0.38210637768051925,0.029797528836014886,0.007078123987597107,0.01452796242797405,-0.007032527999359661,0.017624357621036882
298,1,0.8680743716693782,0.3663256238950554,0.04347431313510408,0.8764873048396544,0.3809227938317024,0.03595607671797002,0.008412933170276249,0.014597169936647003,-0.007518236417134061,0.018449354826410767
299,1,0.883473111706627,0.38284348450149963,0.041041398942224694,0.8934950773507848,0.39397578795309857,0.03545420430446533,0.010021965644157804,0.011132303451598935,-0.005587194637759363,0.015987017214958137
300,1,0.8944467989925997,0.37648935697974917,0.04461018986967219,0.9057469748172723,0.3885253751686648,0.03946959687810356,0.011300175824672576,0.012036018188915643,-0.005140592991568632,0.01729119440112184
301,1,0.9292742175685528,0.3873512868943987,0.07226069255009776,0.9458678135789063,0.39686619486921665,0.06445014559238121,0.016593596010353484,0.009514907974817965,-0.0078105469577165465,0.020661208728019007
302,1,0.9487589613711518,0.3642084262638514,0.0937865900668251,0.9683822997968119,0.3777163669908724,0.08353742173511966,0.01962333842566011,0.013507940727020995,-0.010249168331705444,0.025934250040136785
303,1,0.9394829013594483,0.3657709194322223,0.07989239484987781,0.9573633009652603,0.3790405590782331,0.07175284813984506,0.017880399605812003,0.0132696396460108,-0.008139546710032752,0.023707472388327454
304,1,0.9295373905671968,0.379786788026963,0.0679305135482644,0.9458363389353311,0.39060325082542535,0.061222442498792856,0.01629894836813439,0.010816462798462378,-0.006708071049471548,0.02067969541802755
305,1,0.9356101052551662,0.3471579924308159,0.06196688773271897,0.9518808952732781,0.36364448368088553,0.05769083865906277,0.016270790018111936,0.016486491250069624,-0.004276049073656196,0.023554778649616498
306,1,0.9326402507377738,0.35835120021835287,0.05890181909770026,0.9485344803422401,0.372839251652885,0.054841120774526936,0.015894229604466292,0.014488051434532134,-0.004060698323173323,0.021886512740977353
307,1,0.9080566878906565,0.3885533427052765,0.049725299991546124,0.9211730340578357,0.39809715470004897,0.04470360193294273,0.01311634616717916,0.009543811994772444,-0.005021698058603391,0.01698058702049546
308,1,0.9133106979774813,0.3785938022940796,0.05084837206511689,0.9269388762184212,0.3898182809795072,0.04626879472951434,0.01362817824093987,0.011224478685427641,-0.004579577335602547,0.01823975582345364
309,1,0.9440607484965794,0.4284610015313923,0.42542811821831655,0.9829259937000699,0.43546081204026593,0.3394709206219897,0.03886524520349055,0.006999810508873605,-0.08595719759632686,0.09459463224994093
310,1,0.952268518537713,0.3842014773861564,0.4180665477242039,0.9911344624296132,0.39892072949149665,0.33524301182629357,0.038865943891900234,0.014719252105340253,-0.0828235358979103,0.09266583014132737
311,1,0.9302489810031509,0.48578689012786125,0.3897093516189069,0.9661755390575573,0.48219044720016063,0.3095056289540701,0.035926558054406366,-0.003596442927700616,-0.08020372266483683,0.08795617718311148
312,1,0.9465038073523735,0.4048696574762225,0.2940789387778487,0.9778186522452881,0.41410041051662094,0.23815906472312154,0.031314844892914584,0.009230753040398443,-0.05591987405472715,0.06475228665195285
313,1,0.9384852527323675,0.45075102080708707,0.2883894328682201,0.9690825993960771,0.45176652651665716,0.23225929432552211,0.030597346663709613,0.001015505709570097,-0.056130138542697994,0.06393607219346417
314,1,0.9094099821175557,0.5545639321515843,0.27153914104714805,0.9370337544296038,0.5372422405998956,0.21467392135590782,0.027623772312048045,-0.017321691551688723,-0.056865219691240226,0.06554972925567834
315,1,0.946249221912358,0.3622980584425095,0.37536801441252876,0.9818249009410529,0.38052397681538885,0.30179321949822757,0.03557567902869485,0.018225918372879346,-0.07357479491430119,0.08373209352195285
316,1,0.9275585104700821,0.5182686798208005,0.3420659543264772,0.9607684413761024,0.508111542359339,0.271806252637263,0.03320993090602031,-0.010157137461461518,-0.0702597016892142,0.078374055870875
317,1,0.9488948384170046,0.40089227700786534,0.39841313702436393,0.9864370419255882,0.41236742183962644,0.319406929732696,0.037542203508583616,0.011475144831761097,-0.07900620729166791,0.08822174779386203
318,1,0.9459828171045824,0.40246537312039177,0.3752770682979387,0.9819051508542305,0.4133834018635142,0.30113035441130853,0.03592233374964804,0.010918028743122421,-0.07414671388663019,0.08311048425946362
319,1,0.918120138540754,0.4359595812463928,0.37444162386452007,0.9514451114208711,0.4415402817189379,0.2970868905839331,0.03332497288011704,0.005580700472545108,-0.07735473328058695,0.08441239717088686
320,1,0.9471955803334383,0.4333218204287457,0.39790688561034593,0.9848404355910605,0.4389314622707639,0.31838008955677255,0.03764485525762218,0.0056096418420182315,-0.07952679605357338,0.08816526810206897
321,1,0.9257950765291435,0.4885541105956879,0.37960131732738084,0.960706592665853,0.48442431056494606,0.30115752322884126,0.03491151613670951,-0.004129800030741815,-0.07844379409853958,0.08596102628419297
322,1,0.9383284007509175,0.502020880335361,0.3493823240063971,0.9729137116864323,0.49463303025884814,0.27884054351007154,0.03458531093551476,-0.007387850076512825,-0.07054178049632559,0.07891049902801939
323,1,0.9420436374184336,0.4147820751847986,0.34765119340671774,0.976083259023615,0.42314704112320295,0.2791122384796814,0.03403962160518148,0.008364965938404356,-0.06853895492703632,0.07698218519024333
324,1,0.9372289247092518,0.4418814904433379,0.3347927380138903,0.9702883322048135,0.4452510418087174,0.2682510205653878,0.03305940749556169,0.003369551365379475,-0.06654171744850251,0.07437794337945809
325,1,0.9349623468725144,0.5012625445064964,0.3332884730388615,0.9682659309184442,0.49386239461996506,0.2660123810901954,0.0333035840459297,-0.007400149886531371,-0.06727609194866607,0.0754318465671682
326,1,0.8339077234309353,0.5537211167162033,-0.03048219775316513,0.836280434992541,0.5341387354955767,-0.027686623004816557,0.002372711561605678,-0.01958238122062661,0.0027955747483485727,0.019922716998394853
327,1,0.8321120838912793,0.5363779986133412,-0.03378106150511073,0.8339458733969152,0.5199440738354041,-0.030200909735210668,0.001833789505635841,-0.016433924777937148,0.003580151769900064,0.016919047084673393
328,1,0.8299408560537249,0.5912143664846754,-0.019117199546417496,0.8329085702479385,0.56510347162148,-0.01979838962822067,0.0029677141942136,-0.0261108948631954,-0.0006811900818031735,0.0262878332698404
329,1,0.8216556149901172,0.612407168016726,-0.01015272117070859,0.8244854552856766,0.5828109662644171,-0.014008564457298145,0.002829840295559438,-0.029596201752308926,-0.0038558432865895553,0.029980171475701794
330,1,0.8655658267062342,0.5781631104014098,0.022888180089734922,0.8745380294149572,0.5540566688547315,0.016742999449326584,0.00897220270872301,-0.024106441546678292,-0.0061451806404083376,0.026445872846118792
331,1,0.8750334305227875,0.5792384450533596,0.03139334030613322,0.8854884292845209,0.5547999571357985,0.024326587123932708,0.010454998761733392,-0.02443848791756109,-0.007066753182200514,0.027504284963306487
332,1,0.8780980745967157,0.5703513807030456,0.031451013736852995,0.8887901473223232,0.5474424173820894,0.0248178562409217,0.01069207272560746,-0.022908963320956155,-0.006633157495931297,0.02613694316434925
333,1,0.8667504971337202,0.571688812715192,0.018567135665101264,0.8755345024948418,0.5486608207855974,0.013602845680275089,0.00878400536112156,-0.023027991929594593,-0.004964289984826176,0.025141426720596657
334,1,0.8583217875949087,0.587215544249923,0.013767283957333898,0.8661005390471259,0.5615310386390969,0.008772883957881339,0.007778751452217181,-0.025684505610826025,-0.004994399999452559,0.0272973777858324
335,1,0.8645859356297746,0.5935438505242514,0.023774523465920683,0.873652996616505,0.5666845975901692,0.01711187291169422,0.00906706098673038,-0.0268592529340822,-0.0066626505542264625,0.029120816875936456
336,1,0.8557270696627101,0.5430386682858348,-0.0056400522449391866,0.8617012538358979,0.5251588729557405,-0.005956215042529189,0.0059741841731878464,-0.017879795330094317,-0.00031616279759000276,0.01885412200278259
337,1,0.8544066359228054,0.5590293354422364,-0.007969984180684231,0.8602583456704481,0.5382485552775744,-0.008124444952400778,0.005851709747642708,-0.020780780164662005,-0.00015446077171654693,0.021589515727608755
338,1,0.8439959437770295,0.6083412717093744,0.006085135957112575,0.8500443849126605,0.579104170371914,0.001004309049103591,0.0060484411356310774,-0.02923710133746038,-0.005080826908008984,0.030285417891408893
339,1,0.8481802073974979,0.5900007562097143,-3.682105486318976e-05,0.8541341567634482,0.5638872280450934,-0.003050039561321549,0.005953949365950284,-0.02611352816462087,-0.0030132185064583594,0.026952650185545952
340,1,0.8302039276946961,0.567537716837931,-0.014298016352890575,0.8332582069407527,0.5457910564720877,-0.015698736752713605,0.0030542792460566126,-0.021746660365843273,-0.00140072039982303,0.02200472395688506
341,1,0.8488656082370819,0.571303007584393,0.0019803701940858676,0.8548329472366228,0.5485958527000765,-0.0011502930238078135,0.005967338999540939,-0.022707154884316516,-0.003130663217893681,0.02368596778389378
342,1,0.8281696215569706,0.5722707858892386,-0.009983788606849509,0.8313040703727623,0.5497846031466939,-0.012626632446496977,0.003134448815791724,-0.02248618274254477,-0.0026428438396474685,0.02285689846131139
343,1,0.8439929834024495,0.5753909595998667,0.005639120901871741,0.8497038627495475,0.5521310720481876,0.0011221230389478198,0.005710879347097908,-0.02325988755167918,-0.004516997862923922,0.02437293132816668
344,1,0.8298847721152917,0.3016054409864468,-0.015275479873706088,0.8303462759943143,0.32813071803516114,-0.012764484435826062,0.0004615038790226622,0.026525277048714324,0.002510995437880026,0.02664785932172523
345,1,0.8429828310165023,0.34035068299752513,0.0037570738554776884,0.8462660171853341,0.3597610991625377,0.0028406207472728706,0.003283186168831831,0.019410416165012545,-0.0009164531082048177,0.019707446648861624
346,1,0.8726801150377164,0.3011125407549624,0.0001744299636912694,0.8784516810629965,0.32677316651656485,0.0037347958417228155,0.005771566025280173,0.02566062576160244,0.003560365878031546,0.026541569170767474
347,1,0.8856326521241671,0.5850842976040305,0.04912002061417492,0.8982648969788909,0.5595529244630374,0.039120664844003034,0.012632244854723806,-0.025531373140993074,-0.009999355770171886,0.030189596558297834
348,1,0.8663405656394426,0.6033169049825888,0.030610789896174828,0.876077220782822,0.5747354293178657,0.02246558939683893,0.009736655143379402,-0.028581475664723133,-0.008145200499335897,0.03127375090596968
349,1,0.8169629425603676,0.6211384248594127,-0.003498301768887657,0.8197752178100151,0.590185660473147,-0.009459310100472296,0.0028122752496474446,-0.030952764386265708,-0.0059610083315846385,0.03164673973035263
350,1,0.8448918644386468,0.61570686404231,0.011155224472662317,0.8513965771220662,0.585182449272024,0.004930471931200275,0.006504712683419345,-0.030524414770286,-0.006224752541462042,0.03182449887059856
351,1,0.9573841040070664,0.3629027990528897,0.10746495148031948,0.9786729316642733,0.37661708420924017,0.09508182350381408,0.021288827657206855,0.01371428515635048,-0.012383127976505398,0.0281893181693077
352,1,0.9308653758655584,0.4020588360220767,0.08198413129800869,0.948324204730633,0.40900451555138595,0.07195913541471138,0.01745882886507455,0.0069456795293092455,-0.010024995883297305,0.021296800509089477
353,1,0.8453974296025775,0.36705252912771247,0.02527169151145009,0.8504253630852274,0.3818717686201167,0.01942538972821506,0.00502793348264996,0.014819239492404213,-0.005846301783235031,0.016705364969968252
354,1,0.880739283958293,0.3287616423480335,0.02020394151534244,0.8887609200113966,0.349477770944974,0.01974551454343884,0.008021636053103576,0.020716128596940497,-0.00045842697190359716,0.02221969361404418
355,1,0.9230154778502231,0.32623858248465076,0.0367910710459417,0.9363357669741191,0.34649281886297073,0.03711107138704431,0.013320289123896045,0.020254236378319967,0.00032000034110260533,0.02424389807418248
356,1,0.9288629150906281,0.2988743129749656,0.03578453858958214,0.9424687111484651,0.3239265223859629,0.03732912254638032,0.01360579605783696,0.02505220941099734,0.0015445839567981845,0.02855024732536504
357,1,0.9470127000526,0.332601285779603,0.06193395669624252,0.964320236297909,0.35141700320994435,0.05907021122844053,0.017307536245309008,0.018815717430341328,-0.0028637454678019925,0.02572514473050622
358,1,0.9593201877917895,0.3099642541725087,0.0778798376067879,0.9786007166185086,0.33279942190943207,0.07306023924424765,0.019280528826719046,0.022835167736923345,-0.004819598362540256,0.030272300966189696
359,1,0.967770906678202,0.3413793439268087,0.12555939116133746,0.9909681817974412,0.35899655256868696,0.11051923556217563,0.02319727511923919,0.017617208641878268,-0.01504015559916183,0.03278240219593651
360,1,0.8973241400905234,0.40319842085300106,0.053805665007723436,0.909707624280294,0.41044155743321936,0.046535723066782275,0.012383484189770533,0.007243136580218301,-0.00726994194094116,0.01608308938054653
361,1,0.8702553616188886,0.3932408120458737,0.03961073624151795,0.8789288347840261,0.402830138585128,0.03280572896601133,0.008673473165137446,0.009589326539254317,-0.006805007275506619,0.0146113806412161
362,1,0.8491191653558284,0.4650602551965841,-0.0477057684405221,0.8512529170605552,0.46088914433937456,-0.038258009223139045,0.0021337517047267385,-0.004171110857209559,0.009447759217383056,0.01054567287327851
363,1,0.8439115580506049,0.4381713070698616,-0.03518012652505137,0.8459736386158445,0.43921217622629904,-0.02869475727296167,0.002062080565239599,0.0010408691564374184,0.006485369252089701,0.006884446179200774
364,1,0.8441570621601556,0.48428894038026726,-0.045634722256157945,0.8460765425690672,0.4767966236989596,-0.03743768919732665,0.0019194804089115447,-0.007492316681307676,0.008197033058831293,0.011269896417481821
365,1,0.8353740869249127,0.49157381000289124,-0.04078895084158646,0.8367294500376998,0.4830753914836463,-0.034695238088918,0.0013553631127871668,-0.008498418519244932,0.0060937127526684565,0.010544831037422247
366,1,0.8529100437578075,0.48464520568825264,-0.03185481816210656,0.8565361840662095,0.47705117384957046,-0.025817639193151387,0.003626140308401915,-0.00759403183868218,0.00603717896895517,0.010356917640221458
367,1,0.8454017479442758,0.48613721715195446,-0.02780905080133833,0.8484964207791761,0.47854127304445376,-0.02348326180924798,0.0030946728349002806,-0.007595944107500696,0.004325788992090351,0.009272961622018844
368,1,0.8564282760572819,0.48874539731611044,-0.007273561870126233,0.861875697600009,0.4806767455760266,-0.006407435332118183,0.005447421542727149,-0.008068651740083865,0.0008661265380080496,0.009773828193024883
369,1,0.8450231859348851,0.4894543903259425,-0.009799722089107565,0.8491490897897814,0.48153608370636763,-0.00957727664166863,0.004125903854896307,-0.007918306619574877,0.0002224454474389348,0.008931525307501392
370,1,0.8560716595399352,0.496006970908077,0.007413176035173996,0.8623972750390194,0.48684949508397574,0.004863809664621854,0.0063256154990841695,-0.009157475824101258,-0.002549366370552142,0.011418057794675723
371,1,0.8426476528962016,0.5020554893993161,-0.006024773411504425,0.8468623730684307,0.4919724379003221,-0.007067405575463925,0.004214720172229125,-0.010083051498994022,-0.0010426321639595004,0.010978108921434674
372,1,0.8324844610892281,0.5265597509545028,-0.026712187912239838,0.8346754499773694,0.5120027910401408,-0.02453808997096163,0.0021909888881412876,-0.014556959914362011,0.002174097941278208,0.014880598647721508
373,1,0.8289099608105127,0.5077221877067766,-0.02443720045692166,0.8306878403404838,0.49671706738419374,-0.02289015691859264,0.0017778795299711048,-0.011005120322582829,0.0015470435383290182,0.011254637828339988
374,1,0.8317367105446452,0.4938533576107398,-0.028100175910236003,0.833468259267385,0.4852319315545617,-0.025249872150964914,0.0017315487227398396,-0.008621426056178105,0.002850303759271089,0.009243996957024794
375,1,0.8602098275874591,0.46835439257831,-0.021578159147646936,0.8650319881438253,0.46366809517615487,-0.016839315361151574,0.004822160556366195,-0.0046862974021551485,0.004738843786495361,0.008226254081027751
376,1,0.8540508530106682,0.44760910484152205,-0.012288494682266948,0.8585741221573107,0.446998308531869,-0.009978281178215975,0.004523269146642472,-0.00061079630965305,0.002310213504050973,0.005115674182270894
377,1,0.8621915103580364,0.4745761610281374,-0.0012671243346417116,0.8684487688637481,0.46900923782119136,-0.0009384282545792932,0.0062572585057116825,-0.005566923206946017,0.00032869608006241835,0.008381644177151863
378,1,0.8168161167531557,0.6947602906756725,0.04232464201881325,0.8229692501110947,0.6511192052544286,0.025053446636287974,0.006153133357938989,-0.0436410854212439,-0.01727119538252528,0.04733602831677211
379,1,0.814925286462904,0.6990058515385096,0.09034854232509643,0.823705910235483,0.6553575755664653,0.06207279856911477,0.008780623772579044,-0.04364827597204424,-0.028275743755981658,0.05274266806032143
380,1,0.8402158452866174,0.6869719138461248,0.09069075782129321,0.8515173359390438,0.6448126394529883,0.06516914044794664,0.01130149065242636,-0.04215927439313649,-0.025521617373346572,0.05056165604165038
381,1,0.8308593374053099,0.6911023753070564,0.06021865108325636,0.8394671767426152,0.6480009225788529,0.040472594949170465,0.008607839337305245,-0.04310145272820354,-0.019746056134085893,0.04818440471966936
382,1,0.8012306492474724,0.6966218827107689,0.030422381394126008,0.8050986259043718,0.6528989320822196,0.014149043488072693,0.003867976656899308,-0.04372295062854925,-0.016273337906053315,0.04681323724855465
383,1,0.7842121240226418,0.7047992485739183,0.0785594204668183,0.7891877186896774,0.6607760355379754,0.04961046102074371,0.0049755946670355655,-0.04402321303594292,-0.02894895944607459,0.052922982543589875
384,1,0.8601547454500633,0.6657532117975133,0.08332191919761706,0.8728909258962281,0.6267852073305327,0.06184760834545869,0.012736180446164758,-0.03896800446698068,-0.021474310852158368,0.04628025163145747
385,1,0.8474537072791546,0.6672061377455734,0.052296015119110695,0.8570937761092211,0.6278669817996786,0.03640707449460698,0.009640068830066517,-0.039339155945894766,-0.015888940624503717,0.04350814351075959
386,1,0.8322368113827292,0.662791126870629,0.024358598889682392,0.8386413283219227,0.6242624295724193,0.013181840803296707,0.0064045169391935275,-0.038528697298209735,-0.011176758086385685,0.04062509414195958
387,1,0.8113426594385449,0.6610635591398974,0.0018336368748625431,0.8142610453850512,0.6230947445427266,-0.006476624984688761,0.0029183859465062856,-0.03796881459717083,-0.008310261859551304,0.0389770228547719
388,1,0.8925003713170744,0.5538870288319107,0.05041315039443989,0.9056227017475379,0.5338499877658316,0.04128365666553016,0.013122330430463514,-0.020037041066079064,-0.009129493728909727,0.025632522824650124
389,1,0.8859885577301762,0.5132568256191705,0.038095515066032926,0.8973429825506068,0.5005944865211608,0.03160030078510412,0.011354424820430697,-0.012662339098009734,-0.006495214280928807,0.018205647557584435
390,1,0.8715373927127157,0.5300489500622891,0.020167759454558787,0.8805196661539509,0.5144722141070972,0.015925527660586747,0.008982273441235256,-0.015576735955191934,-0.00424223179397204,0.018474643969091167
391,1,0.8760643984014534,0.6513553094542424,0.17324427935748024,0.895505774735698,0.6158962605389162,0.13352144858001846,0.019441376334244587,-0.03545904891532614,-0.039722830777461776,0.056685223371916615
392,1,0.9187420066762486,0.5232849791023595,0.08094681186997599,0.9360491216511252,0.5085315902320491,0.06817583676048042,0.01730711497487658,-0.014753388870310413,-0.01277097510949557,0.02608249445815242
393,1,0.907611889312068,0.5867725662543695,0.11950826764670891,0.9265968200687513,0.5613700403916138,0.09604439621696884,0.018984930756683283,-0.02540252586275571,-0.023463871429740074,0.039449577672205874
394,1,0.9110271652986262,0.46172588322201946,0.057784880407934225,0.9256162185656521,0.45801933908956827,0.05024286630048372,0.014589053267025975,-0.003706544132451195,-0.0075420141074505065,0.016836297735277554
395,1,0.946532555222561,0.4614979226440523,0.09603225074788246,0.9669889849898413,0.4574219855909713,0.08367557517719032,0.02045642976728035,-0.0040759370530810135,-0.012356675570692144,0.024243890216788484
396,1,0.9652066797512949,0.4206122013395248,0.15652929021941175,0.9906797113631463,0.42436554335628174,0.13317459613105181,0.025473031611851327,0.003753342016756922,-0.02335469408835994,0.03476211517951698
397,1,0.9683690544547838,0.36900401296875707,0.18495616209150428,0.9953116817942407,0.38248837994809354,0.1562919898985687,0.02694262733945685,0.01348436697933647,-0.028664172192935572,0.041585671670570964
398,1,0.8964997968362713,0.6037807366845431,0.2438242672875435,0.9216682010359902,0.5774533394623672,0.19111764647152502,0.025168404199718886,-0.02632739722217592,-0.052706620816018485,0.06406690481284558
399,1,0.9229088991956163,0.5629561588233774,0.17422949569269552,0.9463993329970759,0.5422743588260375,0.14046096623822302,0.023490433801459654,-0.020681799997339878,-0.03376852945447251,0.046041838721192524
400,1,0.9440204284018872,0.5078001916743373,0.1303888938762674,0.9666380236054939,0.49589899241094304,0.10943190488968507,0.022617595203606733,-0.01190119926339428,-0.020956988986582326,0.03305131682830449
401,1,0.9502350253097654,0.4734952164468753,0.20449081368482422,0.9774295219264159,0.4687749011781632,0.16807891126772515,0.02719449661665041,-0.004720315268712139,-0.036411902417099073,0.045690794041047186
402,1,0.9327296208290982,0.5122097028455332,0.23826240824082925,0.9604336524405074,0.5014435670427067,0.19189986152802932,0.02770403161140922,-0.010766135802826593,-0.046362546712799935,0.05507185111604133
403,1,0.8596469618863869,0.4651135789313532,0.011046634488447449,0.8662613373159249,0.46151915099891644,0.008492354885512476,0.006614375429538022,-0.00359442793243675,-0.0025542796029349724,0.007949479151134838
404,1,0.8506519507143987,0.5259971681332312,-0.007634127319292694,0.8558259750136719,0.5113221019448222,-0.007804649912034001,0.005174024299273161,-0.01467506618840897,-0.00017052259274130677,0.015561400098907826
405,1,0.9622263220807624,0.3062196466179703,0.2316231662022831,0.990628512333129,0.33201499288605585,0.19273317894393904,0.028402190252366566,0.02579534626808555,-0.038889987258344055,0.05463071854896496
406,1,0.9695130748075941,0.26960667380667047,0.1794908862678342,0.9953158238556776,0.30106440708571874,0.1535546662552338,0.02580274904808355,0.03145773327904827,-0.025936220012600375,0.04824995699517389
407,1,0.9537620496112253,0.41340576508852855,0.2455763616128437,0.9831115061607043,0.42014256481570644,0.20117216931150778,0.02934945654947896,0.006736799727177889,-0.04440419230133594,0.05365172284510423
408,1,0.8391253274075675,0.3945754871670708,-0.008527167967570637,0.8418163063603603,0.4040621143267432,-0.00787458744772257,0.0026909789527927996,0.009486627159672412,0.0006525805198480672,0.00988247559702999
409,1,0.8492694029299414,0.4056379888486603,0.00783602830008423,0.854059807609756,0.41308056964117446,0.005744806477010034,0.004790404679814619,0.007442580792514142,-0.0020912218230741964,0.009094679464543651
410,1,0.8628858477036535,0.4210399185620668,0.024854564588765782,0.8702125426574288,0.4255638684041353,0.02017786048778694,0.007326694953775248,0.004523949842068498,-0.00467670410097884,0.009798884751202025
411,1,0.9524250278567847,0.3616409030925771,0.2769509113943657,0.9829535488736145,0.3783147791081161,0.22609822534424814,0.03052852101682979,0.01667387601553899,-0.05085268605011753,0.061611723035217926
412,1,0.8866512147726348,0.21673035222457493,0.020107895343301097,0.8942165364474007,0.25765647531731173,0.02186978880823834,0.007565321674765979,0.0409261230927368,0.001761893464937242,0.041656763100681705
413,1,0.9348010395981288,0.22286780112758198,0.06606001079415874,0.9500437817967643,0.26204934479061637,0.06251851509924602,0.015242742198635528,0.03918154366303436,-0.0035414956949127163,0.042190955728798295
414,1,0.9596661535163103,0.24226277263195062,0.11552441587668105,0.9805086625643408,0.2779864329148071,0.10325675579380592,0.020842509048030422,0.035723660282856506,-0.012267660082875137,0.043140301011132705
415,1,0.7438180242614982,0.8125347687803028,0.2187794164037456,0.7537648551865561,0.7521292481663289,0.15267822709081674,0.009946830925057881,-0.06040552061397397,-0.06610118931292885,0.09009513635419274
416,1,0.7482064145329534,0.7414079497375408,0.18698606027134027,0.7560906431693201,0.693337729904479,0.1294697837656174,0.00788422863636662,-0.04807021983306181,-0.05751627650572286,0.07537260217792775
417,1,0.7887248178339106,0.7985584939115302,0.26846343338574036,0.8060526773975719,0.7401857034658905,0.19615590334978447,0.01732785956366134,-0.0583727904456397,-0.07230753003595589,0.09453050450182311
418,1,0.7898951707396686,0.7244128137130872,0.22886865889425476,0.804348504508984,0.6788970149103568,0.16659831712853312,0.014453333769315346,-0.04551579880273038,-0.06227034176572163,0.0784740865593072
419,1,0.8141318939259347,0.7709166444687039,0.32342288592434776,0.8369973365569018,0.7176820471956267,0.24187054452166545,0.022865442630967125,-0.05323459727307722,-0.0815523414026823,0.10003766891424659
420,1,0.8212313825865049,0.694795372726948,0.28546005585852174,0.8419093823744898,0.6546363746180077,0.21423102633479832,0.020677999787984902,-0.0401589981089403,-0.07122902952372342,0.08434393547397014
421,1,0.8199000771378676,0.7229846800350668,0.3781812407473326,0.8460677367151204,0.6791253857393718,0.28564708057380467,0.026167659577252755,-0.04385929429569502,-0.09253416017352795,0.1056927381748032
422,1,0.8341023112139533,0.6562411687661829,0.34784735022452545,0.8593439066632204,0.6236700190957268,0.26454058522647966,0.025241595449267074,-0.032571149670456045,-0.08330676499804579,0.09294102983139006
423,1,0.8294244026947609,0.6776514478592439,0.21351463485051034,0.8466272116496719,0.6393085942605832,0.15949915818263324,0.017202808954910997,-0.03834285359866074,-0.054015476667877094,0.06843816755061076
424,1,0.7998715414131882,0.6979635862529445,0.17177641963309861,0.8118000186986167,0.6561302591074076,0.12370854670730233,0.011928477285428563,-0.04183332714553689,-0.048067872925796284,0.06482928534254406
425,1,0.7610475392216278,0.7087484919939087,0.14765374019562771,0.7676694029855019,0.6656744541242652,0.1007522335797906,0.006621863763874081,-0.04307403786964348,-0.04690150661583711,0.06402322345007476
426,1,0.7312306835721198,0.7083785049123064,0.13526783666188902,0.734049531706923,0.6660145376162102,0.08801185765691594,0.0028188481348031535,-0.04236396729609615,-0.04725597900497308,0.06352778275361295
427,1,0.8587638700724701,0.6248036531300674,0.2852530742136397,0.882632280773772,0.5963226744760983,0.21900379099431846,0.023868410701301856,-0.028480978653969036,-0.06624928321932125,0.07595942799658052
428,1,0.9181437625454855,0.5157898069017799,0.3078789934509241,0.9483902348374679,0.5058282281119111,0.24432997153759897,0.030246472291982407,-0.009961578789868808,-0.06354902191332515,0.07108136411350519
429,1,0.8347511565756481,0.599781032207102,0.38702475134888836,0.8617843012218186,0.5780538508081183,0.2958017231266245,0.02703314464617046,-0.021727181398983664,-0.09122302822226386,0.0975935561348446
430,1,0.8678039288879459,0.5774997820579779,0.32244392444057457,0.8942976850051836,0.5579295170463568,0.24947760071115838,0.0264937561172377,-0.01957026501162107,-0.0729663237294162,0.08005622264640466
431,1,0.8292318381077023,0.11196960617290852,0.04623670615248693,0.8313929456679552,0.17396382581591063,0.037595214724146564,0.002161107560252895,0.06199421964300211,-0.008641491428340364,0.06263089516474957
432,1,0.8937470942748335,0.13236813749514553,0.07371945583919198,0.9043430054016544,0.18928006503403674,0.06541323213987207,0.0105959111268209,0.05691192753889121,-0.008306223699319909,0.05848276823939368
433,1,0.8663799347721256,0.04599670072116968,0.16874738265976577,0.8788327501321105,0.12085303186983642,0.1375046639712734,0.012452815359984881,0.07485633114866674,-0.031242718688492377,0.08206491573429538
434,1,0.8266726881097207,0.01237499089366878,0.2852559131476404,0.8414570468517968,0.09624268298034416,0.22422750235957073,0.014784358742076065,0.08386769208667538,-0.0610284107880697,0.10477038685944219
435,1,0.7683442156365297,0.029533152051166134,0.4348743553550616,0.7859431071042514,0.11418845572995256,0.33397385219582554,0.017598891467721756,0.08465530367878643,-0.10090050315923604,0.13288022034760177
436,1,0.9368087091098874,0.14454662077469926,0.12332336830201429,0.9548210322832578,0.1988110242653361,0.10826685843896186,0.018012323173370315,0.054264403490636826,-0.01505650986305243,0.059125018068096745
437,1,0.9230899884843666,0.08335409628132684,0.2041741370677094,0.9437805500417832,0.15037999681614245,0.1704280946844546,0.020690561557416554,0.06702590053481561,-0.03374604238325479,0.07784192993879756
438,1,0.8847292173787078,0.046568926613836936,0.315838569352762,0.9075764906248164,0.12306755472142855,0.25357181800056056,0.02284727324610858,0.07649862810759162,-0.062266751352201444,0.10124814230929294
439,1,0.8271700639132875,0.06147543315355808,0.4569787408129382,0.8523955170459084,0.13901825877205917,0.3568475105939988,0.025225453132620923,0.0775428256185011,-0.10013123021893944,0.12913356091971434
440,1,0.9611782636358277,0.1741299246883452,0.18094143991749317,0.9853044933813283,0.22321996257589471,0.1551317346764431,0.024126229745500605,0.04909003788754951,-0.025809705241050085,0.060481796155236765
441,1,0.9461162470160367,0.12269047068783756,0.2665184018979752,0.9731464458931243,0.18287403654555695,0.22067731384157507,0.027030198877087575,0.06018356585771939,-0.04584108805640014,0.08033740476814012
442,1,0.9139222436707147,0.10203317831325087,0.36734977930221774,0.943269078589715,0.16841399365257473,0.2958311248708065,0.029346834919000253,0.06638081533932386,-0.07151865443141125,0.1018948835641716
443,1,0.8658588036161514,0.0987020719028413,0.459141593446827,0.8955360533052419,0.16842645310430185,0.36206191890769374,0.029677249689090468,0.06972438120146054,-0.09707967453913324,0.12315312294724498
444,1,0.8056305513301467,0.12097359749183045,0.5306328727264545,0.8334579092880848,0.18940697770202694,0.410904374100013,0.027827357957938115,0.06843338021019649,-0.11972849862644153,0.14068547459227745
445,1,0.8621216154919487,0.13993089775893708,0.4946332753870354,0.8938519518500536,0.20279478449869612,0.3886300273034936,0.03173033635810496,0.06286388673975904,-0.10600324808354178,0.12726103530023883
446,1,0.7413800540965709,0.09841150651218733,0.5350579121137411,0.762648250629533,0.17280594891849646,0.4079170039321307,0.02126819653296208,0.07439444240630913,-0.1271409081816104,0.14883440387879085
447,1,0.9314895455166595,0.3606505119760408,0.37021581791294167,0.9652344404370998,0.37950815820826006,0.2962701297778213,0.033744894920440305,0.01885764623221925,-0.07394568813512037,0.0834403592297371
448,1,0.9208036895062233,0.39714939987675457,0.4031453089949989,0.9556957198912471,0.41015858788313836,0.32018313905966195,0.034892030385023864,0.013009188006383787,-0.08296216993533695,0.09093632056199874
449,1,0.9483800781754247,0.3738915292779561,0.3265875682505941,0.9814696673276281,0.38920506573347374,0.26401053003469327,0.03308958915220339,0.01531353645551764,-0.06257703821590083,0.0724245194731066
450,1,0.9085411838269536,0.4366465753862627,0.4016631044560224,0.9424602460360336,0.44278198998149054,0.31719149572969163,0.03391906220908003,0.006135414595227817,-0.08447160872633075,0.09123375896132468
451,1,0.8975188667333301,0.49494535359055014,0.3676341959409807,0.9288925785413769,0.49025642705422284,0.2888162990258958,0.03137371180804671,-0.004688926536327298,-0.0788178969150849,0.08496208977417159
452,1,0.890056884273012,0.5276078834900009,0.33360211841895393,0.9190090980181219,0.5166653844724474,0.2611718569884494,0.028952213745109923,-0.010942499017553509,-0.07243026143050452,0.07876618396483939
453,1,0.9506986382881721,0.32405273906831056,0.32289313514384915,0.9833437573615218,0.3483187552046962,0.26208639829848623,0.03264511907334966,0.024266016136385626,-0.06080673684536292,0.07315738229478773
454,1,0.9632990411576172,0.20062250528052417,0.245331094618027,0.9916068929977313,0.24582013450800524,0.20495296878491018,0.028307851840114084,0.04519762922748108,-0.04037812583311681,0.06689210124806753
455,1,0.9369395103140583,0.30989747672978574,0.3828230939492891,0.9714946464038171,0.33803657633444895,0.3073365080642424,0.0345551360897588,0.02813909960466321,-0.0754865858850467,0.08765894709225887
456,1,0.9495596688312301,0.17668122499425198,0.3323145877853618,0.9812484186305906,0.22794935457745663,0.2713399674537278,0.03168874979936054,0.05126812958320465,-0.06097462033163403,0.08573507041691664
457,1,0.8914610751907549,0.3242962675039447,0.4695335669312454,0.926484221970145,0.3523951618687256,0.3696377427064772,0.03502314677939011,0.028098894364780913,-0.09989582422476823,0.10952325950408713
458,1,0.9166822517752955,0.1562277980520932,0.41905137316255053,0.9498072175194533,0.21345682677314648,0.33547896888055095,0.0331249657441578,0.05722902872105329,-0.08357240428199958,0.10656815585052015
459,1,0.8661825279422398,0.3864661749350988,0.4840998839125547,0.9000347095818096,0.4041675332375071,0.3774132901271024,0.03385218163956982,0.017701358302408265,-0.10668659378545231,0.11331962575410659
460,1,0.8416305864063729,0.47588627712986575,0.44890192259701805,0.8717698318979057,0.47745365438234594,0.34627286041125327,0.030139245491532796,0.0015673772524801843,-0.10262906218576479,0.10697455396205234
461,1,0.8354991725901401,0.524868718754421,0.42282580994166574,0.8639652300807434,0.5172947764972442,0.32471013951426575,0.02846605749060338,-0.00757394225717678,-0.09811567042739999,0.10244201195696792
462,1,0.8117386491446655,0.3599003943583785,0.5406486439396564,0.8430138609054236,0.38481141479137654,0.41595285608161003,0.03127521176075809,0.024911020432998032,-0.12469578785804636,0.1309493692968103
463,1,0.7904732005704566,0.4776129992446867,0.4839909014363523,0.817395995704118,0.4808220156097053,0.3681067705629754,0.02692279513366147,0.00320901636501858,-0.1158841308733769,0.11901372388139952
464,1,0.7844329450355788,0.5391213758761602,0.4566457567081205,0.8097339646502267,0.5308871588450591,0.34539116604011755,0.025301019614647924,-0.008234217031101054,-0.11125459066800297,0.11439199215137819
465,1,0.8317993794999283,0.2942428105210837,0.5411460620245835,0.8645475646753248,0.3305599143180677,0.41936667036212383,0.03274818517539646,0.036317103796983996,-0.12177939166245966,0.13123107823287028
466,1,0.7550935074535817,0.3362952715737819,0.5715814925942079,0.7821149091668711,0.36754980631979295,0.4343459604692368,0.027021401713289372,0.03125453474601103,-0.13723553212497108,0.143319898724373
467,1,0.7420225544645865,0.47858416485257127,0.5005761974833988,0.764932223166545,0.48321709201967145,0.3758793364922593,0.02290966870195843,0.004632927167100176,-0.12469686099113947,0.12686853067334194
468,1,0.7435869628624178,0.5524611908533883,0.472470515789159,0.7657275773587578,0.5431763447709717,0.3531963176572941,0.022140614496340083,-0.009284846082416642,-0.1192741981318649,0.12166655052663028
469,1,0.7701396217039768,0.26450193637115227,0.5774153190978641,0.7983700448294813,0.30849984733829544,0.44146095849339556,0.0282304231255045,0.04399791096714317,-0.13595436060446858,0.14565837128942352
470,1,0.7055528359727136,0.3166957291596555,0.58188023182317,0.727895839889487,0.3530538831022567,0.43741821069119324,0.022343003916773463,0.03635815394260122,-0.1444620211319767,0.15063333207386248
471,1,0.6993167986331451,0.4738949045093648,0.5075099724508285,0.7181933495030504,0.4806759684097325,0.3768461731574575,0.01887655086990525,0.006781063900367701,-0.13066379929337102,0.13219430943177296
472,1,0.6959066181102078,0.5501934723164341,0.48089041879298494,0.7136095424709152,0.5427769420069897,0.35475949490736586,0.017702924360707417,-0.007416530309444447,-0.12613092388561908,0.12758294718727764
473,1,0.714397269723465,0.24750537741583667,0.5856630577193709,0.7372181445258348,0.2962737133857233,0.4422549233508448,0.022820874802369828,0.04876833596988661,-0.14340813436852606,0.1531830144731406
474,1,0.791303323359052,0.6291005494580606,0.43716760519183134,0.8170387416440628,0.6040053035595978,0.32973467220251174,0.025735418285010803,-0.025095245898462792,-0.10743293298931961,0.11328688455287496
475,1,0.9421322930025561,0.419613874736128,0.3138777276016147,0.9742785398066114,0.42658321669204535,0.2528529741389879,0.03214624680405531,0.006969341955917363,-0.06102475346262681,0.06932512853259004
476,1,0.7546585147740915,0.6333876703483794,0.4638359463153552,0.7782035354617403,0.6089355024448334,0.3465201178484627,0.023545020687648743,-0.024452167903545985,-0.11731582846689248,0.12212812994244344
477,1,0.6827613526316489,0.6443055207113986,0.4844565857722547,0.7002042614871317,0.6201803756588345,0.35482196799647914,0.01744290885548272,-0.024125145052564023,-0.12963461777577556,0.13300906667975443
478,1,0.9487001227423318,0.3874525707674845,0.3313262358732629,0.982224209948413,0.4003602930350335,0.2675300842514231,0.03352408720608113,0.012907722267548993,-0.06379615162183977,0.07321490749085108
479,1,0.8918364498189236,0.37458615018096264,0.05369594687056661,0.9033721375839372,0.3871781338258728,0.046276628028439876,0.01153568776501357,0.012591983644910154,-0.0074193188421267375,0.018619249082782726
480,1,0.867372686888277,0.36560429570595243,0.047713517017340945,0.8759504759624184,0.38041627376264303,0.03918414821268873,0.008577789074141418,0.0148119780566906,-0.008529368804652215,0.019123893211323843
481,1,0.8832439571221613,0.3528645022328938,0.04928601158977136,0.8934302776503287,0.36957398266973546,0.04225402896816227,0.01018632052816737,0.016709480436841673,-0.00703198262160909,0.02079463012324025
482,1,0.9116350028583436,0.3514178363747389,0.05834380360451896,0.9252619013861955,0.3677400549624605,0.05229489469404758,0.013626898527851816,0.016322218587721593,-0.0060489089104713845,0.022106480545779204
483,1,0.9332502017299494,0.36376326898256206,0.07940462381324137,0.9504398495043216,0.37756321199622955,0.07074671524472581,0.017189647774372152,0.013799943013667493,-0.00865790856851556,0.023682943199024545
484,1,0.9213941274369121,0.3752912922491234,0.0757099522698626,0.9372572284056111,0.3872688850006864,0.06646888867286066,0.01586310096869903,0.011977592751563015,-0.009241063597001942,0.021920263613133612
485,1,0.9261344532930657,0.357668193127453,0.06876481221801295,0.9419184799057763,0.3726111002512724,0.06182356087267099,0.01578402661271061,0.014942907123819404,-0.006941251345341959,0.022816812653415487
486,1,0.9076574832806803,0.37669033525689777,0.06165681497609565,0.921306069196647,0.3885816205207495,0.054092811194499074,0.013648585915966738,0.011891285263851747,-0.007564003781596579,0.01961888671509754
487,1,0.7745146010560024,0.6965906167860716,0.017038772140301972,0.7748405777027524,0.6534161662158688,0.0009525364923446134,0.000325976646749937,-0.04317445057020275,-0.01608623564795736,0.046075008628699364
488,1,0.6242483196231711,0.2981342719190172,0.5729300082369292,0.6375463451439171,0.3399989479436856,0.42221054596379437,0.013298025520745993,0.041864676024668424,-0.15071946227313482,0.15698995155519913
489,1,0.858665408463157,0.5770830770899282,0.02601501647658988,0.8670935115048599,0.5534110303887136,0.01846064645362791,0.008428103041702939,-0.02367204670121459,-0.00755437002296197,0.02623865892818978
490,1,0.8610056724428594,0.5740688128936604,0.03226506879234381,0.8700100209989692,0.5509719287764161,0.023601415992743263,0.009004348556109765,-0.02309688411724431,-0.008663652799600546,0.02626029757404426
491,1,0.8563821696560461,0.5781426059591448,0.024223478694436307,0.8644800398260538,0.554314955176753,0.016814663691367387,0.008097870170007737,-0.023827650782391796,-0.007408815003068919,0.026234004323541928
492,1,0.8415435225957121,0.574505394401748,0.017935358468179285,0.8477051529850209,0.5516569625163397,0.010423864990280918,0.0061616303893088364,-0.022848431885408305,-0.007511493477898368,0.024828190891506913
493,1,0.8259787201278074,0.5750277429204447,-0.000592244614980364,0.8294570922947915,0.5522412315885716,-0.005604162265032742,0.0034783721669841006,-0.02278651133187304,-0.005011917650052378,0.02358905445626286
494,1,0.8473036786916633,0.5698586982402105,0.014910338796338629,0.8538438530589234,0.5476493247263106,0.008745274907824563,0.006540174367260065,-0.022209373513899955,-0.006165063888514066,0.023959093584348022
495,1,0.8279191534713185,0.5702817266774716,-0.0056326115003238475,0.83126396340413,0.5482292510364225,-0.009248094813983365,0.003344809932811499,-0.022052475641049063,-0.0036154833136595177,0.022595821626509784
496,1,0.8545917757283176,0.5815267902343404,0.01228310316714426,0.8618443161277216,0.5569569556459268,0.007308368943288179,0.007252540399404039,-0.024569834588413553,-0.004974734223856081,0.0260964383498016
497,1,0.8625048139074866,0.5768303831820267,0.021092143527595864,0.8710433057847176,0.5530243446791814,0.015045436111830568,0.008538491877230991,-0.02380603850284535,-0.006046707415765296,0.026003768636648918
498,1,0.8622869659515242,0.5744870511357858,0.01746956047620829,0.8705711738433539,0.5510587506611802,0.012242566064089494,0.008284207891829709,-0.023428300474605646,-0.005226994412118796,0.025393598289879714
499,1,0.9160548834137566,0.523086326555374,0.29354422968504307,0.9453296070675501,0.5116379699658645,0.23288718858112123,0.029274723653793466,-0.01144835658950949,-0.06065704110392184,0.06831801335730865
500,1,0.9338810535601928,0.4599068877287893,0.4115610188920429,0.971196673649902,0.46125302023734077,0.3272025806093064,0.037315620089709234,0.0013461325085514786,-0.08435843828273648,0.09225298740372775
501,1,0.7001152257332752,0.3908167593285876,0.5617650498395387,0.721432192240577,0.41352476294970725,0.4201969216717465,0.02131696650730175,0.022708003621119632,-0.14156812816779218,0.14495379057638555
502,1,0.7450273813402112,0.40331409166420684,0.5510096941879071,0.7704548480137603,0.42233311734814233,0.4163854816991942,0.025427466673549115,0.019019025683935487,-0.13462421248871292,0.13831832122899257
503,1,0.7977939415816204,0.424188237203297,0.5210700524734554,0.827109558090544,0.4374834850132792,0.39839540888608305,0.02931561650892356,0.013295247809982202,-0.12267464358737235,0.12682758834305707
504,1,0.8467639618705237,0.4409521086471653,0.47234565615633267,0.8784552278963376,0.44909307584091734,0.3654912085472515,0.03169126602581385,0.008140967193752069,-0.1068544476090812,0.1117518888565671
505,1,0.9397105462403211,0.4634344527967382,0.3887370395727392,0.9763418272497683,0.46362998588806176,0.3100578057800855,0.036631281009447125,0.0001955330913235298,-0.07867923379265368,0.08678888645317406
506,1,0.9241773815562169,0.4645897580080245,0.3619227986276419,0.9576748093288897,0.46459971683043066,0.2876089841162873,0.03349742777267284,9.958822406175294e-06,-0.07431381451135455,0.08151454344956847
507,1,0.9319556313965869,0.47457606908462147,0.33444839785497343,0.9647630461041306,0.4721349724379324,0.2669712013846547,0.03280741470754367,-0.002441096646689067,-0.06747719647031875,0.07506968400176749
508,1,0.9322800496874858,0.4735323684291144,0.30887277567358984,0.9636361894470772,0.4708842982002492,0.2471788446108177,0.031356139759591395,-0.002648070228865207,-0.06169393106277213,0.06925576442822727
509,1,0.9036526447073907,0.4663714771526193,0.38817657575653897,0.9365718192840524,0.46702572083044797,0.30579792814453965,0.032919174576661714,0.0006542436778286809,-0.08237864761199931,0.08871494615892336
510,1,0.6219676252520407,0.3683460916722474,0.5600091694104145,0.6349421709558462,0.3972942415624124,0.410956876104129,0.012974545703805407,0.028948149890164976,-0.14905229330628544,0.15239068330494007
511,1,0.6473059244219249,0.14478003256337146,0.5579134224498441,0.6606646318677988,0.2136973600791184,0.41513557834684534,0.013358707445873863,0.06891732751574695,-0.14277784410299876,0.15910237541670266
512,1,0.790773237969907,0.18237159359231292,0.5605559567298194,0.8193788281278215,0.24049464938253684,0.4317000616023464,0.02860559015791453,0.05812305579022392,-0.12885589512747297,0.14422347628516785
513,1,0.7279786530171907,0.16394359321534147,0.5704794124088797,0.7505328862439665,0.2273186858911774,0.43307431467752133,0.022554233226775855,0.06337509267583594,-0.13740509773135834,0.15298776647393322
514,1,0.9442217090387452,0.239145520366133,0.36660067202345964,0.9779257256695053,0.2797151204254904,0.2965078562233407,0.03370401663076006,0.04056960005935739,-0.07009281580011895,0.08772032838978754
515,1,0.8518627156381073,0.20611366627501582,0.5228426710402871,0.8847883393371005,0.2576424321961459,0.40851064746469934,0.03292562369899321,0.05152876592113009,-0.1143320235755878,0.12965771102487922
516,1,0.9128236851719806,0.22508610347430125,0.4450563402507713,0.9476981186074573,0.27028343173265423,0.35428421540461774,0.03487443343547669,0.04519732825835299,-0.09077212484615355,0.10723154031451984
517,1,0.958787236167061,0.26256810983965995,0.29340352897636823,0.9899859040942873,0.2973511652944952,0.240916004379696,0.031198667927226365,0.03478305545483523,-0.05248752459667222,0.07027202904067703
518,1,0.6004565169293086,0.7403587718642308,0.49367942999305187,0.6108690651588378,0.7011836392948332,0.3519899021936862,0.010412548229529195,-0.03917513256939764,-0.14168952779936567,0.14737379163361908
519,1,0.6707559929805418,0.7350002727047729,0.5108299925181328,0.6893452221001988,0.6951040188971744,0.3727491825622098,0.01858922911965699,-0.039896253807598425,-0.13808080995592298,0.14492612112806696
520,1,0.7413076394749346,0.7427780767934449,0.5080694851542334,0.7670741662893906,0.6994620320927234,0.37790288057962523,0.025766526814456014,-0.04331604470072148,-0.1301666045746082,0.13958344665137554
521,1,0.8072888715992791,0.7627774349145975,0.47052904893316316,0.8378727976800522,0.7134208789726284,0.35542107455531213,0.030583926080773094,-0.04935655594196908,-0.11510797437785103,0.12892358944095111
522,1,0.8268719036588319,0.7865009347591032,0.41883306100855594,0.8567127691818207,0.7315050447349127,0.31703050246441694,0.029840865522988813,-0.054995890024190475,-0.101802558544139,0.11949387474195823
523,1,0.826123182697645,0.8389129286953816,0.3562562742393383,0.8527719099362255,0.773471964969715,0.2676505678858466,0.026648727238580583,-0.06544096372566655,-0.08860570635349169,0.11332980894354966
524,1,0.7939858397457271,0.8634709207858089,0.29158739355522256,0.8138115594114593,0.7934956816673953,0.21373665191379537,0.01982571966573221,-0.06997523911841363,-0.07785074164142719,0.10653793326352644
525,1,0.7535678335771663,0.878622116759594,0.24765328006240697,0.766820113892811,0.8063614616374744,0.1751770261757971,0.013252280315644738,-0.07226065512211965,-0.07247625388660986,0.10319899510013977
526,0,0.7216957779900007,0.5511578634358889,0.22984452896327032,0.7276897713950548,0.5187673308568113,0.16867916077856288,0.005993993405054,-0.03239053257907761,-0.061165368184707435,0.06947141011140438
527,0,0.7516602569711919,0.5708911902450149,0.12370520920325784,0.7535258795202012,0.5408233993117737,0.10014432460071343,0.0018656225490093718,-0.030067790933241245,-0.023560884602544414,0.038244841251532095
528,0,0.7815333227090265,0.5850667069519231,0.03259461580238693,0.7814146736591064,0.5609501255756135,0.02735703518393966,-0.00011864904992011006,-0.024116581376309554,-0.005237580618447268,0.024679056416563868
529,1,0.7971020755900537,0.6122951732484854,-0.02071272949487335,0.7967724591463943,0.5832435372777479,-0.02478590560880073,-0.00032961644365947507,-0.029051635970737455,-0.004073176113927379,0.029337637315081214
530,1,0.794390977200939,0.6172896259474774,-0.014543255561452695,0.7941861143585787,0.5874978612973556,-0.020351835537438856,-0.00020486284236032049,-0.029791764650121788,-0.005808579975986161,0.030353431619667876
531,1,0.8264298164844122,0.48161159196988557,-0.06293951422135102,0.8254840644979463,0.47483830468412525,-0.052706072770156376,-0.0009457519864658481,-0.006773287285760321,0.010233441451194647,0.012308338287940226
532,1,0.8118014774304851,0.5242448446415882,-0.035665474660965646,0.8113050926552388,0.5105482986098724,-0.03363190389552945,-0.0004963847752463835,-0.013696546031715773,0.002033570765436199,0.013855583030029529
533,1,0.7878662959964396,0.661724681327418,-0.010061018774329133,0.7876691990650471,0.6241104704172471,-0.018187042887235105,-0.0001970969313925819,-0.03761421091017092,-0.008126024112905972,0.03848246324598667
534,1,0.8355681578988322,0.20804891620796528,-0.0016397835599987198,0.8365207231657158,0.25163871797518617,-0.0002559325659861056,0.0009525652668835871,0.04358980176722088,0.0013838509940126142,0.04362216457567088
535,1,0.7151469270964129,0.74330726312491,0.17217257002089573,0.7187751861293808,0.6955885745451154,0.11447272525046487,0.0036282590329679287,-0.047718688579794666,-0.05769984477043086,0.07496338833002118
536,1,0.8124038603916536,0.5499792012695366,-0.044621160106868785,0.8116882470537639,0.5314620139388557,-0.04087532734906163,-0.00071561333788972,-0.018517187330680862,0.003745832757807155,0.018905808423295593
537,1,0.8225748246729908,0.4910991067655548,-0.054929860441496614,0.8217798319281834,0.4828302341219929,-0.04701860464492258,-0.0007949927448074323,-0.008268872643561909,0.007911255796574035,0.011471453113645596
538,1,0.6986904430677254,0.8209758219982337,0.19447952573505564,0.7026478269067177,0.7599261462417383,0.1289588412553565,0.0039573838389922456,-0.06104967575649545,-0.06552068447969914,0.08964197616915098
539,1,0.7090128831509657,0.0015393478493743729,0.42694422158525724,0.719790369078509,0.09282094739509283,0.32199312337087227,0.010777485927543351,0.09128159954571846,-0.10495109821438497,0.13951063627891885
540,0,0.8921381370225926,0.3607440013166734,0.04326927393496682,0.9030517910097948,0.3750788123567894,0.037261672830512016,0.01091365398720226,0.014334811040116037,-0.0060076011044548055,0.01899173298934184
541,0,0.8864576358287899,0.36012225958063304,0.04475322108998453,0.897101753108793,0.37473633332075973,0.038584362418939325,0.010644117280003118,0.0146140737401267,-0.006168858671045205,0.01910296315380552
542,0,0.8750645663818719,0.35853579749976916,0.04492505521918827,0.8848177487517571,0.373409369387603,0.0385400380723696,0.009753182369885151,0.014873571887833826,-0.0063850171468186655,0.01889751705933792
543,0,0.8657980748670594,0.3571941203022071,0.04791933132874776,0.8752605419740459,0.371916300370904,0.04137972176561931,0.009462467106986528,0.014722180068696926,-0.006539609563128448,0.018682809289935497
544,0,0.8571206949931336,0.3559256085643554,0.053199362283289364,0.8662621580049433,0.37085152669701504,0.04697710242594614,0.009141463011809767,0.014925918132659638,-0.006222259857343222,0.018575949392465752
545,0,0.8499099020377128,0.354492514176723,0.05932664017862205,0.8590855040669853,0.3694207563454574,0.053257424633576106,0.009175602029272483,0.01492824216873439,-0.0060692155450459435,0.0185439872783659
546,0,0.8437734035861505,0.35351379955341944,0.06722704968448029,0.8530156834088288,0.36843396188528993,0.06124186010642669,0.009242279822678296,0.014920162331870513,-0.0059851895780536,0.01854328651062954
547,0,0.8395177955433518,0.3524155145115788,0.0757726427020905,0.8488331122369254,0.3673281416841718,0.0698329162733248,0.009315316693573526,0.014912627172592998,-0.005939726428765691,0.018559146648995106
548,0,0.8366569127004557,0.3518036742736479,0.08516316476188468,0.8460439533184172,0.3667029973573044,0.07924784138000349,0.009387040617961431,0.014899323083656482,-0.005915323381881188,0.01857679764186139
549,0,0.8353334961487782,0.35136345345930664,0.09509037395705255,0.8452385278326312,0.365643965419892,0.0888754365017818,0.009905031683853092,0.01428051196058541,-0.0062149374552707545,0.01845719702683709
550,0,0.8935985973409543,0.3569514965952063,0.043295792751719575,0.9045122644013431,0.37190183781686276,0.03758271061685306,0.010913667060388862,0.014950341221656423,-0.005713082134866512,0.019371632322256867
551,0,0.8880618195843567,0.3550276999517852,0.044784375703951385,0.8986571682967575,0.37039602936966615,0.038851917560791795,0.010595348712400749,0.015368329417880978,-0.005932458143159587,0.019586756317834218
552,0,0.8776430452469393,0.35025474837190096,0.04518247418033994,0.8876095138147561,0.36579162725175285,0.03913530570000456,0.009966468567816784,0.01553687887985188,-0.006047168480335371,0.019424040456867592
553,0,0.8687348799792505,0.3466451634329468,0.04787546207891036,0.8785145422068972,0.3618997718613001,0.041860133872279416,0.009779662227646722,0.015254608428353305,-0.006015328206630941,0.019092643741052143
554,0,0.8606873887513907,0.3434685815652685,0.05296038330023406,0.8699896409142145,0.3589025983863784,0.047242246080180586,0.00930225216282374,0.015434016821109897,-0.005718137220053472,0.018906027181891574
555,0,0.8533128259749314,0.3406991083855351,0.05898495956570615,0.8625777335911187,0.35609687963659253,0.05333421293021348,0.009264907616187307,0.015397771251057462,-0.0056507466354926705,0.018837749604846885
556,0,0.8475916133595168,0.3387781764664126,0.06699618334654978,0.8569063873074335,0.35388461291256756,0.061147013891618626,0.00931477394791665,0.015106436446154952,-0.005849169454931151,0.01868641803864521
557,0,0.8429576326857611,0.33730936546648227,0.07574499874250262,0.8523202812050343,0.3523744568401378,0.06990814529988607,0.00936264851927331,0.015065091373655507,-0.0058368534426165575,0.018673109636657335
558,0,0.8403683122418074,0.3370573628401141,0.08524169928006803,0.8497917211643766,0.35208029634835514,0.07940209262450378,0.009423408922569213,0.015022933508241017,-0.00583960665556425,0.018670569696897257
559,0,0.8389730339715272,0.33726816947946503,0.09516659057662874,0.8484553042927886,0.35225464755513,0.08932267164286048,0.009482270321261392,0.014986478075664968,-0.005843918933768262,0.018672422554728042
560,0,0.8954953722251858,0.35386797875034137,0.04384406938012858,0.9067181748710472,0.36914697737558116,0.03849382207119573,0.01122280264586143,0.015278998625239806,-0.005350247308932853,0.01969833100759497
561,0,0.891060728539826,0.3504195851268461,0.04566045936010227,0.9018221764732908,0.3661275045560123,0.04010766833723753,0.010761447933464834,0.015707919429166148,-0.005552791022864736,0.019833834287939816
562,0,0.8821593741097938,0.34317981927107066,0.04649717913921808,0.8926939676169378,0.35904026385769383,0.04101677060157514,0.010534593507143919,0.015860444586623165,-0.005480408537642944,0.01981328444719786
563,0,0.8750042602891316,0.33778877139463237,0.04973380786898335,0.8851940003854245,0.3536560148647292,0.044268587232895895,0.010189740096292891,0.01586724347009683,-0.0054652206360874525,0.019633360771157994
564,0,0.8677514098742657,0.3330532686621632,0.05503919869097418,0.8774646242838204,0.3491385090394431,0.049858162361679746,0.00971321440955473,0.01608524037727989,-0.005181036329294433,0.01949165538394124
565,0,0.8614071194504416,0.32941022595604696,0.0613892640855811,0.871094165374807,0.3450778256689082,0.05587583544756908,0.009687045924365478,0.01566759971286127,-0.005513428638012022,0.019227855700770888
566,0,0.8560652618118733,0.3268725904679517,0.06951014319210652,0.8657615133221535,0.34248150383353093,0.06398724766682588,0.00969625151028025,0.015608913365579248,-0.005522895525280633,0.019187439766366315
567,0,0.8518815154876772,0.3251232779724216,0.07805805410832378,0.8616044110972401,0.34068743571082066,0.07252770565014788,0.009722895609562836,0.01556415773839911,-0.005530348458175905,0.019166701834407343
568,0,0.8485344674359201,0.3251174529569356,0.08764832169855002,0.8582939479086414,0.3406354441343053,0.0821027710619988,0.009759480472721356,0.015517991177369708,-0.00554555063655122,0.019152248983889782
569,0,0.8467598341887936,0.32594496316525934,0.09746355766942894,0.8572103118219477,0.3411978341545327,0.09159799226944203,0.01045047763315414,0.015252870989273372,-0.005865565399986911,0.019397613606781525
570,0,0.8985861892830911,0.3512472701711937,0.044820536767533004,0.9104275258559352,0.3665651077865344,0.0393951661857436,0.011841336572844136,0.015317837615340684,-0.005425370581789403,0.02010691540219603
571,0,0.8953465701172939,0.3472744562863541,0.0473779952105266,0.9067258249572864,0.3629785208297199,0.042059561388617085,0.01137925483999243,0.015704064543365762,-0.005318433821909515,0.020109470958076445
572,0,0.8889559947420917,0.3380070498822123,0.048664788768176315,0.8998786447127661,0.35401528494497564,0.043370634881898566,0.0109226499706744,0.016008235062763353,-0.005294153886277751,0.020089697299316117
573,0,0.8835539323684558,0.33083453906829163,0.052445058329136485,0.8944497836921478,0.3468178761322771,0.047181849639738066,0.010895851323692024,0.01598333706398549,-0.005263208689398416,0.020047144571662383
574,0,0.8776747784237701,0.32493427696731203,0.058184434656640416,0.8885721511828246,0.3408386939660062,0.05288645302094295,0.010897372759054553,0.01590441699869417,-0.005297981635697469,0.01999429474951102
575,0,0.8726682536108246,0.3204519886195323,0.06496732660745685,0.8837575758323155,0.336935562783096,0.05996426685586353,0.011089322221490993,0.016483574163563722,-0.005003059751593328,0.02048687119634847
576,0,0.8677057509491027,0.3172976495624633,0.07319786103966408,0.8783983176589638,0.33322763481682066,0.0677972631972082,0.01069256670986106,0.015929985254357334,-0.005400597842455871,0.019931429203767854
577,0,0.8635220046249067,0.3155483370669332,0.08174577195588134,0.8742294563764426,0.33142380923492304,0.07630788098721569,0.010707451751535868,0.015875472167989825,-0.0054378909686656485,0.01990604927541333
578,0,0.8604824498313933,0.3155768359361657,0.09144337697318233,0.8712167495638684,0.3314020145040334,0.08597100966432528,0.010734299732475118,0.015825178567867696,-0.005472367308857057,0.019889903755789314
579,0,0.8580209683491767,0.31698672582874465,0.10104162019130469,0.8695781900619075,0.33226476408403227,0.09487051774460568,0.011557221712730761,0.01527803825528762,-0.006171102446699007,0.020126359135593845
580,0,0.9021482694202785,0.34999726426886557,0.04600704321187271,0.9145647494812362,0.3654339072928448,0.0408807489207278,0.012416480060957696,0.015436643023979256,-0.005126294291144912,0.020463084276651756
581,0,0.9002464158653601,0.3451852047423607,0.04899732821107583,0.9125459524498559,0.36111493122511557,0.04405112929156735,0.012299536584495766,0.015929726482754886,-0.004946198919508479,0.020724373808636027
582,0,0.8967670032515566,0.3349246583932999,0.051254794409612336,0.9087191436371211,0.3511517331690332,0.04632155906250265,0.011952140385564584,0.01622707477573332,-0.004933235347109687,0.020748696984713447
583,0,0.8930101997470431,0.3269472258224342,0.055575227953856776,0.9049247528391023,0.34379558718320136,0.05108355627024225,0.011914553092059282,0.016848361360767193,-0.004491671683614525,0.02111868770638642
584,0,0.8890837979297237,0.32027636584922625,0.06196210569171967,0.9010123182124464,0.33714302630642945,0.05748115783534811,0.011928520282722744,0.016866660457203198,-0.004480947856371564,0.021138891286097073
585,0,0.8849648043780973,0.3152353333553819,0.06937872867848127,0.8972093731848042,0.3324113175470366,0.06498530276771586,0.012244568806706858,0.017175984191654704,-0.004393425910765417,0.021546370679247487
586,0,0.8809607123504078,0.31185845222562314,0.07793243434121622,0.8931184318177243,0.3288644391279148,0.07331972812475204,0.012157719467316457,0.017005986902291652,-0.004612706216464175,0.021407727385369238
587,0,0.8771203901437568,0.30981794988796363,0.08658884163381175,0.8892964542410988,0.3267790541317174,0.08193224874395304,0.012176064097342067,0.016961104243753772,-0.0046565928898587156,0.02139204177753838
588,0,0.8737374112326984,0.31013763859932464,0.09617795027473441,0.8859329719440621,0.3267612785161602,0.0911433878249304,0.012195560711363655,0.016623639916835548,-0.005034562449804015,0.021223193072912983
589,0,0.8706609432339945,0.31147888072246666,0.10556151863870739,0.8830165420821023,0.3273185241765133,0.09987114226391994,0.01235559884810784,0.01583964345404664,-0.005690376374787447,0.020879068727637867
590,0,0.9061107332640347,0.34978175896998387,0.0477141485185652,0.9189686379624292,0.36510416973281673,0.04276789841181185,0.01285790469839453,0.015322410762832871,-0.004946250106753355,0.02060503275747288
591,0,0.9054388527420913,0.3451069949823511,0.05113378322606721,0.9183521623032531,0.36094497681811255,0.04624468802260868,0.012913309561161771,0.015837981835761485,-0.004889095203458531,0.021011865323211646
592,0,0.9049994241973128,0.33452797168025317,0.05477634245007196,0.9179507757586343,0.35077005107762804,0.05030723709806841,0.012951351561321479,0.016242079397374858,-0.0044691053520035445,0.021248895337472953
593,0,0.9035957565267344,0.3268144418406047,0.06026487626702809,0.9168264729986512,0.34380824043999486,0.05597554231304362,0.013230716471916792,0.016993798599390177,-0.004289333953984469,0.021959950704992258
594,0,0.9015502451181787,0.32002401144885884,0.06729693751664295,0.914823457524224,0.33705625684102875,0.06301655461775774,0.013273212406045249,0.0170322453921699,-0.00428038289888521,0.022013569188937883
595,0,0.8990755280897855,0.3151652867251338,0.07494084678266433,0.9126738445832628,0.3327389649692431,0.07076212752906436,0.013598316493477265,0.01757367824410934,-0.004178719253599977,0.022609955176529316
596,0,0.89561554320587,0.31152085129143803,0.0840197871049661,0.9094856084153561,0.3290510405702912,0.07969296502520466,0.013870065209486042,0.01753018927885322,-0.004326822079761445,0.022768566805526573
597,0,0.8921535936301761,0.30985087491186913,0.09247297201921895,0.906591278287234,0.32694343337594817,0.0876741502758143,0.014437684657057873,0.01709255846407901,-0.004798821743404645,0.022882984578712115
598,0,0.888463121460874,0.3101362397385117,0.10195474323306697,0.9029368439019871,0.3271686144048497,0.09708636978377884,0.014473722441113064,0.017032374666338026,-0.004868373449288127,0.022875565307083165
599,0,0.8844282428281377,0.3117000239343444,0.11101514036651217,0.8988642933311448,0.32756120948352524,0.10470493572383544,0.01443605050300712,0.015861185549180864,-0.0063102046426767285,0.02235610529102453
600,0,0.9097287906443566,0.3508446730402923,0.048999879744854924,0.9229748629468816,0.3662476766080557,0.04395444905007603,0.013246072302524961,0.01540300356776339,-0.005045430694778894,0.02093244661400257
601,0,0.9104875661816172,0.34633084012972315,0.053265602443844484,0.9239480101330804,0.3619859060398382,0.04810730100906234,0.013460443951463185,0.015655065910115073,-0.005158301434782148,0.021280806227974645
602,0,0.9130512085006733,0.33674608312849763,0.057979218039989455,0.9268740306666962,0.3526772385342536,0.05302856589552489,0.013822822166022788,0.015931155405755935,-0.004950652144464562,0.021665204403636007
603,0,0.9137999936378008,0.3292728204818758,0.06421911384646878,0.92800420831482,0.3458202580880347,0.059483322021868845,0.014204214677019177,0.016547437606158923,-0.004735791824599931,0.022316028547358445
604,0,0.9137641939456351,0.32303748266347654,0.072310778992417,0.9283509950437877,0.340131627770531,0.0676508888771405,0.01458680109815259,0.017094145107054464,-0.004659890115276497,0.022949926777760126
605,0,0.9125194499502169,0.3183160534786227,0.08038403796673732,0.9276803358523356,0.33523186718115405,0.0753257910812685,0.015160885902118667,0.016915813702531382,-0.005058246885468827,0.023271937523768063
606,0,0.9100528242137461,0.3151107917724527,0.0894744307648459,0.9252768594327343,0.3319873737117283,0.08431340968389134,0.01522403521898823,0.016876581939275617,-0.005161021080954563,0.023307217871297626
607,0,0.9067206782915677,0.3131282488577041,0.09865491376770474,0.9219749831785303,0.32995004890195034,0.09340720234813873,0.01525430488696269,0.01682180004424625,-0.00524771141956601,0.02330676402798253
608,0,0.902722712864022,0.31337928979962726,0.10802934755447796,0.9191878346239833,0.3295625191643628,0.10140485261382998,0.016465121759961364,0.01618322936473555,-0.006624494940647992,0.02401834882877387
609,0,0.8978012853158557,0.314514588614462,0.11676889135600255,0.9141221567804644,0.3304442594868077,0.10966932804637819,0.0163208714646087,0.015929670872345696,-0.007099563309624362,0.023885750117023787
610,0,0.9128247519565165,0.3528391160598918,0.050484197552273125,0.926220793705848,0.36827025786957457,0.04541100298045628,0.013396041749331514,0.015431141809682724,-0.005073194571816849,0.02105496082313817
611,0,0.9147057079488478,0.3494391198687321,0.055175793111650995,0.9285069347659521,0.3649294200372723,0.04985379070136836,0.013801226817104408,0.015490300168540215,-0.005322002410282631,0.021418379271637082
612,0,0.9197862559228775,0.34145464439082485,0.061160210610368304,0.9344228452395199,0.3569841238316413,0.05590343736696527,0.014636589316642348,0.015529479440816462,-0.005256773243403036,0.021977901252379587
613,0,0.9221653977995489,0.33515317788652155,0.06835005498749924,0.9376111845008254,0.35098448096482093,0.06287620396885107,0.015445786701276484,0.015831303078299386,-0.005473851018648161,0.022785204167456052
614,0,0.9232517785624541,0.33003167678753,0.07686759299383583,0.9390252526740923,0.3462368834271482,0.07163493075429603,0.015773474111638153,0.01620520663961823,-0.005232662239539803,0.023211892682337466
615,0,0.9234726391396518,0.32613289447995975,0.08547522120492274,0.9397237599015492,0.34243259565338247,0.07990940750613744,0.0162511207618974,0.016299701173422703,-0.005565813698785292,0.02368031812476843
616,0,0.9214782588283524,0.32331110592354495,0.0950885307639911,0.938323679593272,0.3392161629716538,0.08854280033943036,0.01684542076491952,0.015905057048108878,-0.006545730424560733,0.024074584674336534
617,0,0.9185244855371312,0.32169908896688515,0.1040657913885073,0.9354826919516483,0.33755463754823356,0.09733993350919863,0.016958206414517202,0.015855548581348394,-0.0067258578793086745,0.02417056784243039
618,0,0.9139474644523993,0.321555968412528,0.1132267092704346,0.9309867291805128,0.336927999162437,0.10596956423570589,0.017039264728113568,0.015372030749909029,-0.007257145034728716,0.02406869389696856
619,0,0.9088253538780039,0.32266763168917034,0.12154951478877057,0.9258879946770494,0.3379841471125493,0.11421366471246461,0.017062640799045535,0.01531651542337898,-0.0073358500763059725,0.024073721193324012
620,0,0.9151620033149834,0.35606696621743783,0.05174920470832778,0.9289926895085494,0.37081259183014775,0.04616208902792546,0.013830686193565945,0.014745625612709921,-0.005587115680402325,0.020974680377095142
621,0,0.9178935773634435,0.353420969134123,0.05676049465032268,0.9321517866378253,0.36847823844213085,0.05123216291099063,0.014258209274381787,0.015057269308007847,-0.005528331739332053,0.02146113563039123
622,0,0.9247682518980553,0.34794466859063533,0.0637975623495523,0.9402413017305652,0.36289082805016143,0.05817368238417702,0.015473049832509904,0.014946159459526105,-0.005623879965375283,0.02223580400106697
623,0,0.9289774511946102,0.34382586329390463,0.07204121587649898,0.9447166063157967,0.35868605834460365,0.06626003044907948,0.015739155121186538,0.014860195050699007,-0.005781185427419497,0.022404653664357305
624,0,0.9311500815532849,0.3401437126411695,0.08098346779392035,0.9474775784082554,0.3555437579310967,0.07480677826452348,0.016327496854970466,0.015400045289927236,-0.006176689529396872,0.023278746573289582
625,0,0.9317713258370517,0.33727943093704305,0.09011169486735998,0.9488344133178355,0.3524486644585692,0.08304751247954856,0.017063087480783747,0.015169233521526175,-0.007064182387811419,0.02389889689537443
626,0,0.930320070323637,0.33517731760375646,0.09993736138197074,0.9475752845901747,0.3503377842199238,0.09261280320132358,0.017255214266537738,0.015160466616167302,-0.007324558180647154,0.02410873949309121
627,0,0.9276737902906596,0.333599624531816,0.10902195943356169,0.9450433865482724,0.34875788492514775,0.10152960940108606,0.01736959625761283,0.015158260393331718,-0.007492350032475631,0.024240689786259473
628,0,0.9228960861796984,0.33343286843926734,0.11776613903230038,0.940314297030068,0.34828739692109867,0.10994232761890312,0.017418210850369497,0.014854528481831332,-0.007823811413397264,0.024192211777302904
629,0,0.9171240405754038,0.33381416814625453,0.12618598845120788,0.9345268500222667,0.34862974137093233,0.11833636115920018,0.017402809446862896,0.014815573224677789,-0.007849627292007699,0.024165587831522783
630,0,0.9162333507811744,0.35948303456295694,0.05258370320677991,0.9301525666027024,0.3738746968842524,0.04685766037370942,0.013919215821527971,0.014391662321295478,-0.00572604283307049,0.020824314634163316
631,0,0.9194002570496151,0.3585332538833068,0.05780387325640668,0.9340804030222704,0.3725551279794894,0.051889117936793405,0.014680145972655208,0.014021874096182607,-0.0059147553196132715,0.021144833161757394
632,0,0.927832444259279,0.3558670064628915,0.06547569392365632,0.9435190553595418,0.3702151398228837,0.05931968562944848,0.01568661110026283,0.014348133359992216,-0.006156008294207837,0.02213221942881839
633,0,0.9327485381747571,0.35380425518138914,0.07403440603600597,0.9489693831064164,0.368058050504914,0.06736646101911542,0.016220844931659303,0.014253795323524877,-0.006667945016890546,0.02259973411724466
634,0,0.9355571837796418,0.3518419564705084,0.08360227634424777,0.9520704133701763,0.3659277969501298,0.07658124480862633,0.016513229590534494,0.014085840479621378,-0.007021031535621446,0.02281211382908728
635,0,0.9368863050282211,0.3500464992545469,0.09335843970711488,0.9542199226851711,0.3645481668663195,0.08559398216254739,0.01733361765694999,0.014501667611772637,-0.007764457544567492,0.02389643206759233
636,0,0.9357774912864623,0.3486404256061961,0.10297972489407942,0.953300387186676,0.36321339177669054,0.09499328271062141,0.01752289590021372,0.014572966170494396,-0.007986442183458009,0.02414966837217063
637,0,0.9332959634204124,0.3474118817992924,0.11247990227955545,0.9510758013263074,0.36183765034625737,0.104264639007801,0.017779837905894935,0.014425768546964958,-0.00821526327175446,0.024325212943666897
638,0,0.9282466969105091,0.34688528809518004,0.12111790340052292,0.9460075027294815,0.36132236056075157,0.11290281831876205,0.017760805818972398,0.014437072465571526,-0.008215085081760873,0.02431795442910397
639,0,0.9219315265083294,0.3465469125790408,0.12932539586388797,0.9396355926007637,0.36076305980194956,0.12102683983452033,0.017704066092434235,0.014216147222908773,-0.008298556029367646,0.024174342395218335
640,0,0.9163103567540314,0.3634471587080128,0.05309387152540079,0.9305037802639912,0.3772002556694738,0.047224854242112264,0.01419342350995983,0.013753096961460985,-0.005869017283288527,0.02061665130024678
641,0,0.9196410328435107,0.3638337568204628,0.058416743204888155,0.9343919460367457,0.3774280674310777,0.052340145312389626,0.014750913193234995,0.013594310610614906,-0.0060765978924985295,0.02095995617741957
642,0,0.9276071012281468,0.3644119583219769,0.06638637523521634,0.943335959077188,0.3782048024765772,0.059968498075905444,0.015728857849041208,0.013792844154600236,-0.006417877159310897,0.021882154060796657
643,0,0.9324723621547448,0.3646514386665851,0.07535371298562993,0.9490742433550559,0.37811423668856514,0.06785109504364939,0.01660188120031105,0.013462798021980003,-0.007502617941980531,0.02265300567150413
644,0,0.935065422603822,0.36464222231677734,0.0849146295980504,0.9519535658112889,0.378014050222908,0.07716867974023511,0.016888143207466857,0.013371827906130694,-0.007745949857815289,0.02289137177512246
645,0,0.9362508204151959,0.3641488200081975,0.0946661571637033,0.953620847621122,0.3776843064494473,0.08643632848933076,0.017370027205926113,0.0135354864412498,-0.008229828674372539,0.023508664750372256
646,0,0.9353417073537769,0.36375361142510254,0.10439130292983201,0.952848519838622,0.3773361077391152,0.09599502953679602,0.01750681248484505,0.013582496314012676,-0.008396273393035988,0.023695360229173526
647,0,0.9328242486284257,0.3628505813450431,0.11389032136600447,0.9503553909645877,0.3764934859667317,0.10544433316144494,0.017531142336161935,0.013642904621688622,-0.008445988204559529,0.02376561623183419
648,0,0.9279177232098383,0.36200916226061164,0.12222008058016165,0.9453826526922987,0.3756843717602199,0.11382253354137206,0.017464929482460378,0.01367520949960827,-0.008397547038789581,0.023718219008900598
649,0,0.9217103453855626,0.3606942455639368,0.13043104989143733,0.9395943260005131,0.37414098342728236,0.1208016225048311,0.017883980614950407,0.013446737863345541,-0.009629427386606233,0.024359338940032314
650,0,0.9152641999259283,0.36728467566072354,0.05286528927960893,0.9294058619687567,0.3806836929131649,0.04693070731104601,0.01414166204282838,0.013399017252441376,-0.005934581968562919,0.0203651548436634
651,0,0.918036849087944,0.3689283164493107,0.0583855885909213,0.9327013698544137,0.38210650735225216,0.052199643657592186,0.014664520766469576,0.013178190902941476,-0.006185944933329114,0.020663465331419294
652,0,0.9253361156213233,0.3727273313345618,0.06623629370113943,0.9409766316693453,0.3852699349407365,0.05920917975486985,0.01564051604802196,0.012542603606174693,-0.0070271139462695755,0.021244363437954907
653,0,0.9296423672745686,0.37521108388237057,0.07508818137935341,0.9456092466635357,0.3875834771197393,0.06770160608810658,0.015966879388967105,0.01237239323736872,-0.007386575291246841,0.02150764623047274
654,0,0.9320198425678378,0.3771549498936366,0.08464214429595274,0.948482180523401,0.3896439579893851,0.07693268020491903,0.016462337955563303,0.01248900809574851,-0.007709464091033711,0.022054925317257144
655,0,0.9329187758506905,0.37827842787275934,0.09469727797120181,0.9495402037558544,0.39082798757439574,0.08685718859980945,0.01662142790516388,0.0125495597016364,-0.00784008937139236,0.02225377081896271
656,0,0.9316303078124251,0.37849992285863543,0.10431276841164872,0.9487189543430127,0.3914324496727216,0.0960114249696462,0.017088646530587566,0.012932526814086177,-0.008301343442002519,0.022982262573265032
657,0,0.9290769182277726,0.37792240650542297,0.11381062789851765,0.946225734096904,0.39095916480648485,0.10544580461355926,0.01714881586913139,0.013036758301061904,-0.008364823284958384,0.023108639538109137
658,0,0.9244070066947156,0.37677910923233693,0.12255828434516697,0.9421003964316185,0.3893103451980885,0.11332574218827056,0.017693389736902838,0.012531235965751591,-0.009232542156896414,0.0235653930561354
659,0,0.9183783008210573,0.374823853428496,0.13046217069893584,0.9367529616678686,0.38745425359449787,0.11995873926687509,0.01837466084681126,0.012630400166001877,-0.010503431432060754,0.024647053402723027
660,0,0.913260614809682,0.3703575051590615,0.052626413507313785,0.9272940046105285,0.3832502104579363,0.046711415507869516,0.014033389800846487,0.012892705298874756,-0.005914997999444269,0.019953573127627168
661,0,0.9150738709917761,0.37321091754740454,0.05751066388407394,0.9295296489035814,0.38601854643988626,0.051318103067362314,0.014455777911805301,0.01280762889248171,-0.006192560816711629,0.02028183133623891
662,0,0.9204054832682103,0.37975724820414847,0.0651236521713004,0.9354183972678971,0.3915720927034893,0.05815249280306402,0.015012913999686808,0.011814844499340834,-0.006971159368236376,0.02033654838567613
663,0,0.9235736699909165,0.38409111145887564,0.07364657387246898,0.9392680960598533,0.39560143380615553,0.06617599885749971,0.015694426068936815,0.011510322347279868,-0.0074705750149692655,0.020847350460571647
664,0,0.9248849420722492,0.38723406072336974,0.08287388871063,0.9407498800931775,0.3987681789884454,0.07528975472529532,0.015864938020928247,0.01153411826507564,-0.007584133985334677,0.021029770109731456
665,0,0.9248244823751804,0.3895673103022457,0.09229297345132692,0.9409429610724851,0.40108910098059547,0.08433316274831291,0.016118478697304626,0.011521790678349788,-0.00795981070301401,0.02135218027225762
666,0,0.923049849128054,0.3903948205105694,0.10210820942220589,0.9391901580281561,0.40209011905664077,0.09413524662233923,0.01614030890010215,0.011695298546071355,-0.00797296279986666,0.021467596867849766
667,0,0.9205314080568137,0.39047901995757517,0.11129435015435385,0.9366713324663902,0.40228931989139594,0.10332512037625433,0.016139924409576522,0.011810299933820765,-0.007969229778099518,0.02152879392185728
668,0,0.9159333582423593,0.38868469523079696,0.12004432449961022,0.9332066793998558,0.40020319481119465,0.1108526876526907,0.017273321157496465,0.011518499580397667,-0.00919163684691952,0.022705277895663047
669,0,0.9102840073455473,0.3861127358579841,0.1280578661790609,0.9275385156435781,0.39780286447683794,0.11864806919331403,0.01725450829803084,0.01169012861885382,-0.009409796985746864,0.02286747565965975
670,0,0.9101697977517769,0.3729782137382083,0.05164994611990942,0.9236552415581128,0.3853942180916839,0.045737019598723214,0.01348544380633603,0.01241600435347562,-0.005912926521186201,0.019260764751284395
671,0,0.9112602748394795,0.3767395195376526,0.05631604479460944,0.9250888768156273,0.3888612205450249,0.05015011002340934,0.013828601976147888,0.01212170100737233,-0.006165934771200103,0.019395479358075868
672,0,0.9139163558941561,0.3849643414777244,0.06306337996941686,0.9284927570225759,0.39661493743080617,0.05625540544740396,0.014576401128419814,0.01165059595308177,-0.006807974522012891,0.019863443130810437
673,0,0.9148233148853633,0.39102170824702576,0.07051858512912723,0.9297147806203591,0.4024822148026446,0.06345709003034501,0.01489146573499579,0.01146050655561888,-0.007061495098782224,0.020073955147854206
674,0,0.9146540802645012,0.3953187285335016,0.07962131531788902,0.9299635709975025,0.4065642825407242,0.07217557860993608,0.015309490733001238,0.011245554007222599,-0.007445736707952941,0.02040298964753374
675,0,0.9135633482147973,0.39852554763876125,0.08871491092945116,0.9289483107704062,0.40979280198453827,0.08120114904979146,0.01538496255560881,0.011267254345776995,-0.007513761879659704,0.020496456057429613
676,0,0.9112086769645955,0.39994612587786627,0.09800375329145972,0.9269326509845324,0.41124726469782263,0.09022750391338948,0.015723974019936887,0.01130113881995637,-0.007776249378070239,0.020866939210088115
677,0,0.9082400015437955,0.4003108268204718,0.10739079850334327,0.9239902087833582,0.41173987160938147,0.09961112485225844,0.015750207239562823,0.011429044788909642,-0.00777967365108483,0.020957466807643127
678,0,0.9039494449875848,0.39855082597841296,0.11624811027567439,0.9195973384861732,0.4101710850737208,0.10837632246762262,0.01564789349858843,0.011620259095307844,-0.007871787808051768,0.021020276774587038
679,0,0.8992944355841065,0.39543081080606335,0.12458598213495636,0.9156903381587298,0.40668488681266485,0.11574677686096316,0.016395902574623325,0.011254076006601485,-0.008839205273993211,0.02176261468378036
680,0,0.9067145278466041,0.3742389079870643,0.05015403881945574,0.9197787645641591,0.38688001491117696,0.044238519568761514,0.013064236717554988,0.012641106924112683,-0.005915519250694223,0.019117145008721765
681,0,0.9061956769244857,0.37847962181660755,0.054281132460175074,0.9194615952719958,0.3906004165168442,0.048061168452158715,0.01326591834751012,0.012120794700236623,-0.006219964008016361,0.019015420217000433
682,0,0.9063189678487208,0.38806810965968985,0.05985457261575311,0.9201851615778419,0.39945630008848254,0.05332164199080744,0.013866193729121085,0.01138819042879269,-0.006532930624945674,0.01909558567644144
683,0,0.9051304336212456,0.39521089968153866,0.06697051827191491,0.9189098559272391,0.406281451969132,0.06010909101357586,0.01377942230599349,0.011070552287593356,-0.006861427258339057,0.018960717050278655
684,0,0.9034227503632758,0.40032353007148824,0.07522368362127851,0.9175331279881636,0.41127428112066805,0.06809454356325714,0.014110377624887805,0.010950751049179811,-0.007129140058021375,0.01923138952922883
685,0,0.901337676820238,0.4040784049762829,0.08399294905300936,0.9155510026830437,0.41507059211130587,0.07679244168384099,0.01421332586280567,0.010992187135022959,-0.007200507369168377,0.019357017240967497
686,0,0.8982252779622327,0.405745160826271,0.09337535846767875,0.9127508346005561,0.41668634842894636,0.08596120008070648,0.01452555663832333,0.010941187602675349,-0.007414158386972262,0.019638511308069838
687,0,0.8946416160249454,0.4060412139994396,0.10254772882541291,0.9091947675588246,0.41705629860984905,0.09512099326438103,0.014553151533879184,0.011015084610409481,-0.007426735561031874,0.019704890500483
688,0,0.8910019768445233,0.4040243471999725,0.111620874401197,0.9055774359447819,0.4151091823255556,0.10418770868699848,0.014575459100258604,0.01108483512558312,-0.007433165714198519,0.019762832040965413
689,0,0.8866903915585901,0.40061314218549526,0.1200672426368572,0.9019494144394442,0.41197675891565017,0.11233356664113894,0.015259022880854154,0.011363616730154928,-0.007733675995718249,0.020537266343772148
690,0,0.9027520640028479,0.37445441328594686,0.04844693351276336,0.9155551438396812,0.3871389283796583,0.04249218145090723,0.01280307983683322,0.012684515093711431,-0.0059547520618561224,0.01898090747538426
691,0,0.9008604989564385,0.3788726569569363,0.05245291935199403,0.9132966759971219,0.3909099374866231,0.04610592487649668,0.012436177040683503,0.012037280529686825,-0.00634699447549735,0.018434721609224124
692,0,0.8978729264389351,0.38844341967968354,0.05695182628752121,0.9101478684661465,0.4000556666007502,0.05037487278038512,0.012274942027211399,0.011612246921066677,-0.006576953507136091,0.018132148183881935
693,0,0.8946387496357686,0.3953566308550318,0.06300700909804596,0.9070671233650809,0.4064180352064729,0.05612439685191008,0.012428373729312252,0.01106140435144107,-0.006882612246135888,0.018005262872621386
694,0,0.8907426827107914,0.4005545077788,0.07050765350858296,0.9032028276743891,0.4117143612109376,0.06353076938912092,0.012460144963597722,0.0111598534321376,-0.006976884119462035,0.018123864189434454
695,0,0.8872269531085498,0.4041484516065319,0.0784308309488263,0.8997227650440883,0.4154146515129037,0.07139684668023152,0.012495811935538535,0.011266199906371779,-0.007033984268594777,0.018235940089546182
696,0,0.883499567734057,0.40574655968708484,0.08759856550934625,0.8963585911436371,0.4169726592611836,0.08041744933474185,0.012859023409580134,0.011226099574098765,-0.007181116174604399,0.018518861309726235
697,0,0.8796792919112393,0.406344491048908,0.09635303863458822,0.8925573911088247,0.41763244445212333,0.08914507100675594,0.012878099197585424,0.011287953403215322,-0.007207967627832284,0.018580046509626635
698,0,0.8763471459890612,0.4043619481341567,0.10553352163744706,0.8892415249677647,0.41570809214377613,0.09830621282303534,0.012894378978703488,0.011346144009619422,-0.0072273088144117256,0.01863421546060704
699,0,0.872958040477859,0.4010537147738349,0.11430190215433145,0.8858549146269723,0.41245145889586493,0.1070633197751325,0.012896874149113365,0.011397744122030033,-0.007238582379198944,0.018671770369994064
700,0,0.8992408168545405,0.37340218756216537,0.046851801430359774,0.9108006630207883,0.3863285437381329,0.04092289325331553,0.011559846166247834,0.01292635617596754,-0.005928908177044246,0.018326829500683175
701,0,0.8958477163762139,0.377323298082719,0.05032225908352039,0.9074401030507732,0.3899111353450822,0.0440283098793604,0.011592386674559323,0.012587837262363177,-0.006293949204159994,0.01823323537775964
702,0,0.890034762599604,0.386246684924493,0.05313014898537599,0.901414309785483,0.3984967502426617,0.04663133193598239,0.011379547185878981,0.012250065318168666,-0.006498817049393607,0.01793858460125921
703,0,0.884376570589789,0.392559791295251,0.05832779132860644,0.8958876930206177,0.40428654864729985,0.05159546396297489,0.01151112243082863,0.011726757352048886,-0.006732327365631553,0.01775801253996038
704,0,0.8789789682328947,0.3972605350685834,0.06529290755307332,0.8900973485126652,0.408769142705031,0.05858822811973002,0.011118380279770575,0.011508607636447635,-0.006704679433343304,0.01734990363313839
705,0,0.873889841480133,0.40100837319957083,0.07267823890863939,0.8849837317767184,0.4125694109089088,0.0659525029774932,0.011093890296585335,0.011561037709337954,-0.006725735931146194,0.01737721262587632
706,0,0.8692399763309093,0.4025035096259675,0.0815239611879352,0.8803924976427953,0.41400395326611555,0.07466179752298105,0.011152521311885905,0.011500443640148081,-0.006862163664954146,0.017427800368862063
707,0,0.8650053970178332,0.40305642875654524,0.09048049774221628,0.8765344939039437,0.4142208574977839,0.08351874643242525,0.01152909688611048,0.011164428741238689,-0.0069617513097910266,0.017493728174031282
708,0,0.8616732510956548,0.4010738858417966,0.09966098074507518,0.8733869575069174,0.4129317647203478,0.09258379741684411,0.01171370641126255,0.01185787887855123,-0.007077183328231073,0.018108195195795648
709,0,0.8592066253591838,0.3978686241356275,0.10875137354318376,0.8709497915485139,0.4097558037488588,0.10165925835220055,0.011743166189330094,0.011887179613231281,-0.007092115190983205,0.018152275041702668
710,0,0.8960380453103661,0.3713970561960389,0.045676884479055435,0.9074432341670724,0.38445616283928163,0.03972669018022671,0.01140518885670629,0.013059106643242748,-0.005950194298828726,0.0183309413661857
711,0,0.8915936437496819,0.37454053207055527,0.048410909466410246,0.9027350467158236,0.3873639420750338,0.042157301052219105,0.01114140296614177,0.01282341000447851,-0.006253608414191142,0.01810188726058569
712,0,0.883192904945385,0.38152743531563793,0.05025855727111106,0.8939731052570156,0.3942440713531197,0.04391984641025985,0.010780200311630463,0.012716636037481757,-0.0063387108608512046,0.017835492879259892
713,0,0.8759043561960264,0.38666874554407826,0.05450625104368978,0.8860050609602164,0.3989405010846836,0.04809026334145207,0.010100704764190017,0.012271755540605361,-0.006415987702237714,0.01714016099623848
714,0,0.8690770801258174,0.39022132871328274,0.06093815698069366,0.8790776835356808,0.40251462697566354,0.05450587790416917,0.010000603409863446,0.012293298262380788,-0.00643227907652449,0.01710296655108469
715,0,0.8628657729179847,0.3928553301248616,0.06789761547587142,0.8731004703066798,0.404942575639669,0.06123330086280585,0.010234697388695101,0.012087245514807398,-0.006664314613065569,0.017183236715919186
716,0,0.8580511556018333,0.3940013172862207,0.07632775842128214,0.8683214349362262,0.406117733094195,0.06966063359870611,0.010270279334392863,0.01211641580797433,-0.006667124822576034,0.017226047806679187
717,0,0.8535450138898147,0.39419439880523655,0.08517811649779206,0.8638482251544746,0.4063380228233492,0.07850822343237572,0.010303211264659818,0.012143624018112649,-0.006669893065416332,0.017265898185776035
718,0,0.8504844303665788,0.3925716935020498,0.09446477797842207,0.8608285924855209,0.40474767618088714,0.0877888144138166,0.010344162118942096,0.012175982678837325,-0.006675963564605465,0.01731544783291044
719,0,0.848596860287294,0.3897605932921637,0.10376868668137657,0.8595144924400678,0.40209185174544243,0.09680518941307246,0.010917632152773868,0.012331258453278687,-0.006963497268304094,0.017881412725803222
720,0,0.893700793951899,0.3681692060384929,0.044411877323000726,0.9047913412087385,0.3818184295878189,0.03841307923033142,0.011090547256839459,0.013649223549326012,-0.005998798092669303,0.01858190303796352
721,0,0.8884417051943876,0.37023316907831827,0.04682736687704203,0.8993460932229035,0.3834675057484465,0.040522395362124784,0.010904388028515932,0.01323433667012823,-0.00630497151491725,0.01827035881362652
722,0,0.8779393465712648,0.37467757350426467,0.047515027054155834,0.8880776003128577,0.38789225254990456,0.04099420923342331,0.010138253741592806,0.013214679045639862,-0.006520817820732518,0.017886670910467844
723,0,0.8692929858271942,0.3780196956748867,0.0512318284378786,0.8791769275709143,0.39129079915599746,0.04459285758018603,0.009883941743720082,0.013271103481110763,-0.006638970857692571,0.01782948193439433
724,0,0.86148627039323,0.3801436167443635,0.056929619607683835,0.8711393782034129,0.3929696399900757,0.05037699283256802,0.009653107810182901,0.012826023245712222,-0.006552626775115817,0.01733857780639834
725,0,0.8544602759885703,0.3816981053212505,0.06357054266954798,0.8641494061408296,0.39444356004007114,0.057081633845930506,0.009689130152259291,0.012745454718820675,-0.006488908823617477,0.017275178633465678
726,0,0.8487950406162902,0.3820900933747655,0.07168099123234156,0.8585451733108662,0.3947901200594294,0.06523628692958165,0.009750132694576056,0.012700026684663853,-0.006444704302759913,0.01725948953193654
727,0,0.8443248297635729,0.3819576611669344,0.08053250825815506,0.8541347352599056,0.394625919998507,0.07411815850368532,0.009809905496332698,0.01266825883157256,-0.006414349754469733,0.017258705352469535
728,0,0.8416785497305955,0.3803799680949931,0.08961710630974595,0.8516538420064357,0.39307729546432324,0.08299197561522546,0.009975292275840177,0.012697327369330151,-0.0066251306945204905,0.017453393224008185
729,0,0.8399198009589371,0.37824353087698803,0.09933543539728201,0.8502810760549959,0.39153409042941717,0.09264294268994032,0.01036127509605874,0.01329055955242914,-0.006692492707341699,0.018132414441289785
730,0,0.8923219532274644,0.3647188138082553,0.0434700413974739,0.9032967158501012,0.3787099234918449,0.03744845410700475,0.010974762622636799,0.013991109683589558,-0.006021587290469152,0.018773813632243154
731,0,0.8866984116226856,0.36542276251778993,0.04536609103846595,0.8974460147294293,0.379491645625595,0.03919666481916569,0.01074760310674376,0.014068883107805078,-0.006169426219300255,0.01874850032180069
732,0,0.8752535268409983,0.36712576159009913,0.04563367310170907,0.8850592474514423,0.3812239410039668,0.03896282453342089,0.009805720610443913,0.014098179413867675,-0.00667084856828818,0.018423111574778005
733,0,0.8656287090790619,0.36805199213392825,0.04892923742225774,0.874901812699437,0.38212477595058303,0.041726805141099,0.009273103620375093,0.014072783816654803,-0.0072024322811587455,0.018327812904686488
734,0,0.8571500475395866,0.3687815749883958,0.054000251251939024,0.8667197733762613,0.3824986205943035,0.04727018777992917,0.009569725836674687,0.013717045605907672,-0.006730063472009853,0.018028609127743362
735,0,0.8493452967974008,0.36893103700374663,0.060323797829793135,0.8583478622421297,0.38248484256068455,0.05402491642824532,0.009002565444728884,0.013553805556937892,-0.006298881401547815,0.01744785764994293
736,0,0.8437519231437234,0.3686719976035704,0.06843656429119382,0.8531946437270448,0.3825144046058957,0.06206442920716287,0.009442720583321407,0.013842407002325327,-0.006372135084030958,0.017927111009915828
737,0,0.8390460807513649,0.3678542140573313,0.07718306178853956,0.8487536734983033,0.38099616887271814,0.07068781996945814,0.009707592746938434,0.013141954815386844,-0.006495241819081422,0.017582277997984938
738,0,0.836528622026014,0.366951183977271,0.08668208022471202,0.8466121954760832,0.3805865129644892,0.08020216018028689,0.010083573450069312,0.013635328987218224,-0.006479920044425127,0.01815461412134003
739,0,0.8350055047939967,0.3655000980976766,0.09650542884071572,0.8452864637152331,0.3789117552891963,0.08982324030821846,0.0102809589212364,0.013411657191519691,-0.006682188532497255,0.018172019935792223
740,0,0.9150933211588569,0.363307604324004,0.05162898182168557,0.9289607832080403,0.37735071159582245,0.04581394215867881,0.013867462049183425,0.014043107271818482,-0.00581503966300676,0.02057498607085034
741,0,0.9062155788042711,0.3517669063706368,0.04677899225440241,0.9190503791553353,0.36699704766963837,0.04179780698411134,0.01283480035106422,0.015230141299001557,-0.004981185270291063,0.020530501960161512
742,0,0.8943035272680991,0.3609820096645615,0.04298509592907368,0.9053207274445985,0.3752372073185195,0.037027832264453504,0.011017200176499337,0.014255197653958019,-0.005957263664620173,0.018975730559118692
743,0,0.9032521489953984,0.3728589096913,0.047524525690939456,0.9160721537371784,0.3856456893238929,0.04158681016779445,0.012820004741780003,0.012786779632592954,-0.005937715523145012,0.01905546432353599
744,0,0.8953528636586783,0.3637341033647248,0.04309577318683039,0.9064468847406496,0.3777506387291653,0.03714269182598057,0.0110940210819713,0.014016535364440518,-0.005953081360849825,0.018840906163949043
745,0,0.9059266978712668,0.37216764793503465,0.048077301099334,0.918905510754264,0.3849846597776366,0.042166646594098835,0.012978812882997206,0.012817011842601946,-0.005910654505235167,0.019174493816148306
746,0,0.9143284846050206,0.360913089390265,0.05058894304628364,0.928148048898166,0.3751636641381,0.04483806498722403,0.013819564293145462,0.014250574747834985,-0.005750878059059615,0.020667168077561728
747,0,0.9038614606244467,0.352490233166483,0.04529801427766622,0.9165371192219273,0.36763794109668335,0.040264995443821366,0.012675658597480544,0.015147707930200368,-0.005033018833844856,0.02038275386203676
748,0,0.9014211092296258,0.3716634780107899,0.046157838837099174,0.9133113826062722,0.384807742606652,0.040161742268631825,0.011890273376646361,0.013144264595862114,-0.005996096568467347,0.018711051995967662
749,0,0.9136827114834863,0.3657851069464222,0.050880959662844505,0.927455040492024,0.3794270146804254,0.04506067728119054,0.013772329008537598,0.013641907734003176,-0.005820282381653959,0.02023992045302188
750,0,0.9083670492660879,0.3529944030907268,0.04721747653990105,0.9215142509030695,0.36824005344525856,0.04211347936708035,0.013147201636981574,0.01524565035453173,-0.005103997172820702,0.02076847497425476
751,0,0.8959986367802125,0.3588620858085685,0.04280375657026958,0.9073306340276215,0.3734123040921411,0.03689757551107966,0.011331997247409008,0.014550218283572605,-0.00590618105918992,0.019365071350729117
752,0,0.8965669522161852,0.36683534632992565,0.04362202977847224,0.9079386439600171,0.38031530332590324,0.03767146167747259,0.01137169174383186,0.01347995699597757,-0.005950568100999647,0.018612734201475422
753,0,0.9089097223512681,0.37052348053642437,0.04905029163882779,0.9220448342550093,0.383447445768963,0.04316578160856554,0.013135111903741167,0.01292396523253865,-0.005884510030262251,0.019343926704573914
754,0,0.9133280165115432,0.35783322311811894,0.049443884742414124,0.9268022701252384,0.37249266911644946,0.04398099029938903,0.013474253613695199,0.014659445998330535,-0.005462894443025091,0.020646987264968747
755,0,0.9010211772357616,0.35381957518477414,0.04401678183136204,0.9129872429166412,0.36857410741768254,0.038391911624329526,0.01196606568087963,0.014754532232908417,-0.0056248702070325115,0.01981217085876812
756,0,0.8986326411757097,0.369703358875908,0.04478085845675572,0.9101178574400486,0.382922635324362,0.038854272910097416,0.011485216264338809,0.013219276448454012,-0.005926585546658304,0.018487397834772278
757,0,0.911964608549872,0.3682282856841219,0.05002560007692869,0.9253878355403237,0.38170307635515094,0.044272391947345516,0.013423226990451611,0.013474790671029007,-0.005753208129583171,0.019870893544265716
758,0,0.9112623275520186,0.3549652105721357,0.04828505606413064,0.9245400861730857,0.3701603441864807,0.0431577004783774,0.013277758621067053,0.015195133614344984,-0.005127355585753239,0.02082020016378018
759,0,0.8978594808051429,0.35610408169054963,0.04335087424937506,0.9096203405048352,0.3707789905971641,0.03762296187362157,0.011760859699692337,0.014674908906614494,-0.00572791237575349,0.019659088292125624
760,0,0.9003524106927263,0.359014847622638,0.04327209950320304,0.9122637265374807,0.3734895595087485,0.03756258978154655,0.01191131584475439,0.014474711886110485,-0.005709509721656495,0.019595796248203214
761,0,0.9034432277506315,0.35639413904349126,0.044248566890607466,0.9157420210107093,0.3712405028600052,0.03899808409139698,0.012298793260077932,0.014846363816513925,-0.005250482799210481,0.019981051119779394
762,0,0.9063553728579195,0.35441376957150794,0.04553211723551864,0.919153355627113,0.3694952865953115,0.04050464459725956,0.01279798276919356,0.015081517023803575,-0.005027472638259081,0.02040872362075336
763,0,0.8974982075203514,0.3613336780131311,0.04271352934829076,0.9092531950329559,0.3756883254785166,0.03692616727096278,0.011754987512604518,0.014354647465385499,-0.005787362077327977,0.019435256496662976
764,0,0.8996347758525894,0.3645378926324856,0.0435617982211568,0.9115191940188881,0.37863678701399833,0.0377834378308902,0.011884418166298705,0.014098894381512739,-0.005778360390266599,0.019323759125291953
765,0,0.9026317201162803,0.36190423686167517,0.04381212646925875,0.9146712716880221,0.37618189598589347,0.03811033121667164,0.012039551571741714,0.014277659124218304,-0.005701795252587107,0.019527232810063678
766,0,0.9060300304324294,0.3593178521672451,0.04489593128373787,0.9188645130723152,0.37374887637298015,0.0393849553942247,0.01283448263988585,0.01443102420573507,-0.005510975889513168,0.020083556943799527
767,0,0.9088712961670037,0.3570012806218905,0.04649004143406649,0.9217850759315208,0.371968355405626,0.04143314730567036,0.012913779764517165,0.014967074783735476,-0.005056894128396125,0.02040468606997399
768,0,0.90743602648673,0.36804737064158566,0.047069438869974,0.9203543443799344,0.38159356596720895,0.04134461442148544,0.012918317893204325,0.013546195325623282,-0.005724824448488562,0.019574369975961767
769,0,0.9104909126853339,0.365752175789285,0.0480447473080749,0.9238339511144192,0.3794360652924295,0.0423168010849649,0.013343038429085368,0.013683889503144517,-0.005727946223110003,0.019952315013279983
770,0,0.912859932994737,0.36305213109417434,0.04911594069744368,0.9263042257462172,0.377250057141412,0.043526834052435126,0.013444292751480215,0.014197926047237701,-0.005589106645008554,0.020336376882808132
771,0,0.9039668367978677,0.3702975532626427,0.046296193860912216,0.9165453741363694,0.3835450659529513,0.040515945811552746,0.012578537338501634,0.013247512690308608,-0.005780248049359469,0.019160570491717915
772,0,0.9052764647329912,0.36516641090393875,0.04518447105238815,0.9180632313295783,0.3789484466945273,0.03948429270495853,0.012786766596587137,0.01378203579058857,-0.005700178347429618,0.019645303350194578
773,0,0.9112085475254709,0.3602291307794365,0.047755048590121085,0.9245695046995688,0.3746518469545507,0.04222322338989573,0.013360957174097889,0.01442271617511418,-0.005531825200225351,0.020423785362214966
774,0,0.9018072750441287,0.3674165935249949,0.04441122604332637,0.9138110878630279,0.3812916488460172,0.038649067296799504,0.012003812818899194,0.013875055321022269,-0.005762158746526866,0.019230474663220695
775,0,0.9083672817908963,0.362545702324792,0.04616093843979252,0.9213127143678989,0.37653327735377157,0.04051397699555144,0.012945432577002487,0.01398757502897956,-0.005646961444241081,0.01987774266232952
776,0,0.8884223430480672,0.3603366323903314,0.044052304800902664,0.8991575573543825,0.37484551454620946,0.03794477867170419,0.010735214306315341,0.014508882155878039,-0.006107526129198477,0.019053985489511528
777,0,0.8899905959443327,0.35556758648832787,0.044082300465566104,0.9007001979717946,0.37076577906847324,0.03825361069726338,0.010709602027461877,0.015198192580145362,-0.005828689768302725,0.01948471856878918
778,0,0.8926101499229557,0.3515761752323625,0.04484872879603519,0.9034422035067277,0.36684301562883753,0.0391706758899359,0.01083205358377191,0.015266840396475006,-0.005678052906099289,0.0195614438459335
779,0,0.8966593776148933,0.3487329245805242,0.04614836741396733,0.90809112757082,0.3643965151869503,0.04085338790159418,0.011431749955926681,0.015663590606426133,-0.00529497951237315,0.020101487153367584
780,0,0.9012157992454146,0.3469348628786584,0.04765920403813828,0.9135614508345501,0.36259147013037674,0.042436122893426534,0.012345651589135523,0.015656607251718368,-0.0052230811447117505,0.02061128429863428
781,0,0.9057932496056582,0.3467880053492127,0.04958098419898016,0.918871877657209,0.3622295188322289,0.044542408814927215,0.013078628051550752,0.015441513483016221,-0.005038575384052945,0.020853730895400137
782,0,0.9102269765286968,0.34794320272714785,0.05149812856260799,0.923656494941272,0.363588003294765,0.04636251269527261,0.013429518412575222,0.015644800567617145,-0.00513561586733538,0.02124820698155582
783,0,0.9141735558969849,0.35069164485459403,0.053302140752643334,0.9277556553693246,0.3664512527127861,0.04819166656832878,0.013582099472339692,0.015759607858192064,-0.005110474184314552,0.021423249340589413
784,0,0.9170898629126382,0.3543136565084213,0.05478066381354385,0.9310214484888589,0.369509012688989,0.04936417575899756,0.013931585576220755,0.015195356180567714,-0.005416488054546291,0.0213149306582715
785,0,0.9186684043174125,0.3587749138039138,0.05582636031823496,0.9332611049906996,0.3728136947565948,0.04996331130590152,0.014592700673287159,0.01403878095268103,-0.005863049012333433,0.021081025290496172
786,0,0.9186376177123657,0.363715579129507,0.056333051788945154,0.9332891273894758,0.3773257782453892,0.05031831613418945,0.014651509677110021,0.013610199115882184,-0.006014735654755704,0.020882559727892516
787,0,0.9171761750481151,0.36849531337803576,0.05599365526816796,0.9317422466718467,0.3816967648382753,0.04989458388168013,0.014566071623731618,0.013201451460239532,-0.006099071386487834,0.02058269746612952
788,0,0.9144498108374773,0.37247603628747505,0.0555366277938128,0.9286431263473774,0.38509289752977927,0.04946897135207995,0.014193315509900153,0.012616861242304184,-0.006067656441732846,0.01993619440781093
789,0,0.9107080764037834,0.37535361082403096,0.05434432660295535,0.9242612176811864,0.38759917496708984,0.04837230074848335,0.013553141277403025,0.01224556414305887,-0.0059720258544719955,0.019217350818296907
790,0,0.9065659582635206,0.3771966847571422,0.052631426549745175,0.9198091185336436,0.3893642648314171,0.046483261526680225,0.013243160270123008,0.012167580074274905,-0.0061481650230649516,0.01900608407733943
791,0,0.9015742044130185,0.3772985300553433,0.05091170981794241,0.9139624127456069,0.38975209347083206,0.04457480183731465,0.012388208332588309,0.012453563415488783,-0.006336907980627754,0.0186739216607052
792,0,0.8971404774899799,0.3761433326774073,0.04899456545431469,0.9087479956745327,0.38874881199450234,0.04278943507683474,0.011607518184552789,0.01260547931709505,-0.006205130377479946,0.018224605077201514
793,0,0.8931938981216918,0.3733948905499611,0.04719055326427929,0.9043599970467748,0.3862253478975864,0.04105252460282021,0.01116609892508305,0.012830457347625274,-0.006138028661459079,0.018082527389799947
794,0,0.8903135219653399,0.3694473651692878,0.04571318915268224,0.9012708124815896,0.3826910305545836,0.03946203169604874,0.010957290516249761,0.013243665385295825,-0.006251157456633499,0.018290266751548604
795,0,0.8888417907925802,0.3649967962203231,0.044358091791877385,0.8996724438754692,0.37904865762655127,0.038249836401757005,0.010830653082888955,0.01405186140622814,-0.006108255390120378,0.018763492188094158
796,0,0.8936429831841216,0.3612698935747378,0.051779721228253694,0.9050151016248849,0.3756550203607433,0.045708149318052435,0.011372118440763268,0.014385126786005458,-0.006071571910201256,0.01931633857492006
797,0,0.8882767205026514,0.3603327205792173,0.04746832564326553,0.8990358350592619,0.3748654434175477,0.0413088882002783,0.010759114556610442,0.014532722838330394,-0.006159437442987228,0.01910228386220008
798,0,0.8758802359245884,0.3586280808073967,0.045556468356526325,0.8856832538248203,0.3735255997060561,0.03918242416018059,0.009803017900231845,0.014897518898659357,-0.006374044196345734,0.018938417798357584
799,0,0.8666137444097758,0.35728640360983377,0.048550744466085816,0.8761077671890177,0.3720149263630701,0.04200715936966743,0.009494022779241955,0.014728522753236337,-0.0065435850964183865,0.018705195987731175
800,0,0.8581729784213802,0.3557160136833293,0.054248672653119556,0.8673590174790397,0.37064492345682865,0.048021004177936616,0.009186039057659454,0.01492890977349939,-0.006227668475182944,0.018602137383400812
801,0,0.8506187613484145,0.3545741091378236,0.060267454172073964,0.8598214354007139,0.36949697594091147,0.05419157259252873,0.009202674052299409,0.014922866803087867,-0.006075881579545234,0.018555255328456782
802,0,0.8448965663871106,0.3536404067457646,0.0679658002488931,0.8541618764003943,0.36855485154079637,0.06197174489597033,0.009265310013283715,0.0149144447950318,-0.005994055352922764,0.01855304106501704
803,0,0.8407477685763266,0.3525528100504509,0.07620199241038944,0.850079764185135,0.36746084509883403,0.07025485027922525,0.009331995608808383,0.01490803504838311,-0.005947142131164188,0.018566209914112956
804,0,0.8379936959654453,0.35195165815904783,0.08528311361406976,0.8473935096513524,0.36684727089903224,0.07936155449831599,0.009399813685907144,0.014895612739984382,-0.005921559115753778,0.018582266777514497
805,0,0.8367770896457825,0.35152212569123353,0.09490092195312372,0.8466888243768237,0.3658024940534755,0.08868368477005457,0.00991173473104124,0.014280368362241938,-0.006217237183069138,0.018461458342460033
806,0,0.8942019924574744,0.3590256213715364,0.05189517130045318,0.9058972663090492,0.3735568011464571,0.04595937786458117,0.011695273851574732,0.014531179774920733,-0.005935793435872005,0.019574684156525596
807,0,0.8898090425396155,0.3558891884040598,0.04749716235862539,0.9005422471568507,0.37108327301932814,0.04157184606018622,0.01073320461723525,0.015194084615268338,-0.005925316298439171,0.01952360780921198
808,0,0.8782221009041253,0.3506489098681822,0.045395990085185856,0.8882084012142367,0.36621509846659456,0.039322669528589774,0.009986300310111435,0.015566188598412333,-0.0060733205565960844,0.019465807045900934
809,0,0.8695146186626656,0.34706296046742047,0.04850571626694489,0.879317002755971,0.3623223819308353,0.04247456583138874,0.009802384093305482,0.015259421463414873,-0.006031150435556148,0.019113122531055043
810,0,0.8613603172027912,0.3438756902532143,0.05390003834438245,0.8706883076092339,0.35930010756444414,0.04816448313026095,0.009327990406442697,0.015424417311229842,-0.005735555214121502,0.018916147811536315
811,0,0.8542573168252743,0.34146605468504543,0.06003079308762577,0.863565745222393,0.3566064554712983,0.05413699444938823,0.009308428397118807,0.015140400786252917,-0.005893798638237537,0.01872472797080765
812,0,0.8486788453011757,0.33923029738560473,0.06773377496165905,0.8580153503555904,0.35432850046040837,0.06187297399640637,0.009336505054414735,0.015098203074803642,-0.00586080096525268,0.018694251808334797
813,0,0.8441157440001333,0.33809768845904564,0.07617203055219451,0.8534940389639232,0.3531537629991055,0.07032382981923713,0.009378294963789852,0.015056074540059848,-0.005848200732957394,0.01867723878941017
814,0,0.8415264235561797,0.3378456858326775,0.08566873108975986,0.850963876544112,0.3528603871564228,0.07982034398753601,0.009437452987932264,0.015014701323745314,-0.005848387102223858,0.018673789289755018
815,0,0.8400372724916854,0.33804354528036296,0.09486748324701816,0.8495268947425695,0.35302489862657893,0.08901714486722609,0.00948962225088407,0.014981353346215996,-0.005850338379792073,0.0186740552025188
816,0,0.8961696467144193,0.3562783056000436,0.0521328881234448,0.9079858293838747,0.37093075893286126,0.04627517797594118,0.011816182669455421,0.01465245333281766,-0.005857710147503617,0.019713683819126877
817,0,0.892499475890952,0.3522339792214666,0.04795303088367703,0.9033751295163117,0.3674505976531477,0.04218656568293652,0.010875653625359643,0.015216618431681112,-0.005766465200740505,0.01957236416955108
818,0,0.8827024989076787,0.3438994944941971,0.04670953609476047,0.8932415142100293,0.3597580215434388,0.04119066219412647,0.010539015302350626,0.015858527049241688,-0.005518873900634002,0.01982477472370897
819,0,0.8754405748550016,0.3384977582712345,0.05025556568063955,0.8856409969698519,0.3543535430179898,0.0447631537864998,0.0102004221148503,0.015855784746755287,-0.005492411894139746,0.019637237832023435
820,0,0.8682815972343502,0.33377520273042816,0.056287095641932905,0.8784576717303375,0.34952172720855496,0.05079781919194971,0.010176074495987347,0.015746524478126793,-0.0054892764499831995,0.019535549166390755
821,0,0.8620441170425407,0.33014284837083974,0.06232776018042596,0.8717522312905431,0.34579620427055363,0.056797193952547176,0.009708114248002421,0.015653355899713915,-0.0055305662278787825,0.01923180168305428
822,0,0.856809069635987,0.3276159012292714,0.07013923843083752,0.8665214620114449,0.343215271344032,0.0646049391508673,0.009712392375457882,0.015599370114760572,-0.005534299279970223,0.01919112769360927
823,0,0.8526962026845044,0.3262027908071117,0.07837658954163734,0.8624309834557393,0.3417578654433885,0.07283513656222028,0.009734780771234857,0.015555074636276792,-0.005541452979417067,0.019168568144940713
824,0,0.849799388982307,0.32591646429602594,0.087765952652128,0.8602066609554532,0.34120311391817537,0.08190865987422906,0.0104072719731462,0.015286649622149451,-0.005857292777898938,0.019398475333887027
825,0,0.8481315659671954,0.32675466285087573,0.0972717877668931,0.8585907018301567,0.3420055492396257,0.09140339403270145,0.010459135862961358,0.015250886388749912,-0.005868393734191649,0.019401574772732796
826,0,0.8986305751262584,0.35556566715072524,0.05330446524406712,0.9106413196229521,0.3702220554638948,0.04751245891938006,0.012010744496693758,0.014656388313169589,-0.005792006324687067,0.019814515866316
827,0,0.8958269068343874,0.34931139245366527,0.04934739550357359,0.9072723786671406,0.364916803122007,0.04394647674479165,0.011445471832753195,0.015605410668341745,-0.005400918758781935,0.020092227129935192
828,0,0.8894991195399765,0.33872672510533963,0.04887714572371871,0.9004391308237434,0.35472280267355727,0.04356580977116753,0.010940011283766881,0.015996077568217623,-0.005311335952551181,0.020093994975072638
829,0,0.8836468228167809,0.3318347157870205,0.05285831976441446,0.8945429901569053,0.34780128741576555,0.047566350755892994,0.010896167340124413,0.01596657162874507,-0.0052919690085214705,0.020041527094186027
830,0,0.8778615416663095,0.3259474008777046,0.05932383523122087,0.8887694172609547,0.34182862358256966,0.05399797132383476,0.010907875594645233,0.015881222704865108,-0.005325863907386106,0.01998899224447741
831,0,0.8726543338271351,0.3214414769917342,0.06568998889884875,0.8833403987216648,0.3374260446172572,0.06031871878913026,0.010686064894529758,0.01598456762552301,-0.0053712701097184895,0.019963690232433853
832,0,0.8684136279139152,0.3183664740506291,0.0738257973290915,0.8791178014938903,0.3342879035480658,0.06841517840764,0.010704173579975154,0.0159214294974367,-0.005410618921451501,0.01993354073879637
833,0,0.8643366918217339,0.3166278499016233,0.0820643073891949,0.8750533926414932,0.3324975785930454,0.07661960105843929,0.01071670081975932,0.015869728691422124,-0.005444706330755609,0.019908309627583824
834,0,0.8610605231426901,0.31695822695951126,0.09134401517400376,0.8717976624297844,0.33277710667543065,0.08586358639705219,0.010737139287094286,0.015818879715919363,-0.005480428776951563,0.019888645381634904
835,0,0.8587417827517898,0.3180532914717702,0.10063401648531584,0.8703015250496289,0.333328485763054,0.09445951631583184,0.011559742297839041,0.015275194291283845,-0.00617450016948399,0.02012669011466807
836,0,0.9006192581129259,0.3544695555516517,0.05395312560372961,0.9127852482589829,0.3691867538940207,0.04822012066584219,0.012165990146056984,0.01471719834236899,-0.005733004937887418,0.01993676475510572
837,0,0.9003833284649086,0.34751333075179947,0.050858232127744596,0.9127413653264663,0.3631179271317394,0.04554374437605409,0.012358036861557653,0.015604596379939934,-0.005314487751690512,0.020602628068169378
838,0,0.8970026347911977,0.3356100097317096,0.05135981393807998,0.9089656889843898,0.35182611150623766,0.04641386190512196,0.011963054193192124,0.016216101774528046,-0.004945952032958019,0.020749435267096425
839,0,0.8934105834536119,0.32798172642588064,0.05609582681620945,0.9053396875758074,0.34480333596806484,0.05157709607363045,0.011929104122195451,0.0168216095421842,-0.004518730742578993,0.02111134766593103
840,0,0.8892705611722631,0.3212894897596179,0.06310150626630012,0.9013230510121005,0.3381189650354819,0.0584745339803906,0.012052489839837463,0.01682947527586401,-0.004626972285909526,0.021210908088407674
841,0,0.8852583778526515,0.3162591456123023,0.0702087283969478,0.8975113280013608,0.3334150158955696,0.0657952821810444,0.012252950148709354,0.017155870283267302,-0.004413446215903413,0.021539201007087585
842,0,0.8813610960569765,0.3128929528290696,0.07845303320356894,0.8935245006910209,0.3298837548018833,0.07382577753408803,0.01216340463404429,0.0169908019728137,-0.004627255669480916,0.021402038664613314
843,0,0.877591653223039,0.31118865256478223,0.08679888069074704,0.8897700947478164,0.3281347356095802,0.08212765592709408,0.012178441524777395,0.016946083044797958,-0.004671224763652968,0.021384679313147904
844,0,0.8740079912857517,0.31148470573795084,0.09597125104848114,0.8863288015429038,0.3273728573679853,0.09032742418801024,0.012320810257152185,0.015888151630034503,-0.005643826860470906,0.02088273232224862
845,0,0.8710383335190623,0.3128366362076207,0.10504541855634025,0.8833945161219658,0.32867124496734046,0.09934864223561234,0.012356182602903505,0.01583460875971978,-0.005696776320727911,0.020877340432586135
846,0,0.9031869967567797,0.35376760544885943,0.054815301868238075,0.9161293473792772,0.36853537718670176,0.04922791292154191,0.01294235062249754,0.014767771737842331,-0.005587388946696167,0.020415935858498862
847,0,0.9046173547076074,0.34765766306448054,0.0526715159122082,0.9177071518657645,0.36302532187112063,0.04749771910692272,0.01308979715815708,0.015367658806640089,-0.005173796805285479,0.020839287421151955
848,0,0.9049275624787102,0.33517899913394444,0.054774024551464906,0.9178780983942599,0.3514085387741086,0.05028824385020951,0.012950535915549758,0.016229539640164176,-0.0044857807012553975,0.021242329578729353
849,0,0.9033811537168158,0.3277802946746142,0.06057080027523143,0.9166102914757543,0.3447425876298148,0.0562477512841032,0.013229137758938537,0.0169622929552006,-0.004323048991128233,0.02194124473959297
850,0,0.9011929012169438,0.32130468966318926,0.06791110343165652,0.9144658410645189,0.3382986865641993,0.06359178901064656,0.0132729398475751,0.016993996901010062,-0.004319314421009955,0.021991437877874904
851,0,0.8987541150478523,0.3161204512126172,0.07555617164698142,0.9124558804178051,0.3336328978804173,0.0713467711203842,0.013701765369952776,0.017512446667800045,-0.004209400526597215,0.0226305814184942
852,0,0.8954718197686649,0.3128229061988197,0.084015151307752,0.9093369834954184,0.33033032093026116,0.07967079691124578,0.013865163726753534,0.01750741473144148,-0.00434435439650622,0.022751390086559964
853,0,0.892009870192971,0.3111529298192517,0.09246833622200484,0.9064425489680143,0.3282265075808536,0.08765522703740276,0.01443267877504335,0.017073577761601885,-0.004813109184602081,0.02286865309168763
854,0,0.8884262082556835,0.3114489829924212,0.10164070657973895,0.9028950602142045,0.32846615792214934,0.09676143077881467,0.014468851958521019,0.017017174929728145,-0.004879275800924275,0.022863491682769077
855,0,0.8845340707142633,0.31269794180793475,0.11039286180637387,0.8987482139442061,0.32861073048458744,0.10443926557104605,0.014214143229942884,0.01591278867665268,-0.005953596235327819,0.02215184008976334
856,0,0.9051248467545671,0.35497372547589645,0.05587258786596444,0.9184091060204834,0.3697305441772171,0.05023887167691621,0.013284259265916379,0.01475681870132069,-0.005633716189048236,0.02063913759163588
857,0,0.9088503986044167,0.3487892249042259,0.054171921992647365,0.9222934988107273,0.3643853331209903,0.04887160126955222,0.013443100206310598,0.015596108216764399,-0.005300320723095146,0.021261442435394778
858,0,0.9126718535238271,0.33736278669747044,0.057869562714307654,0.926481026511424,0.3532852855026484,0.052903435259391854,0.01380917298759701,0.015922498805177994,-0.004966127454915802,0.021653675177686165
859,0,0.9132778975696386,0.3302043494311677,0.06441770042759726,0.927474094296921,0.3467204546636323,0.059647976623900964,0.014196196727282378,0.01651610523246461,-0.004769723803696297,0.022294932131161443
860,0,0.9127918635279131,0.32424951310836825,0.07271027005328118,0.927359379798856,0.3412974262638111,0.0680125293624068,0.014567516270942892,0.01704791315544287,-0.004697740690874375,0.022910972062712767
861,0,0.91189054365004,0.3192368940813868,0.08089202540397972,0.9270453802090965,0.336119560934925,0.07580679134057385,0.015154836559056608,0.016882666853538203,-0.005085234063405875,0.023249798207702784
862,0,0.9092232348873399,0.31600799683702796,0.08956567991889969,0.9244343661454677,0.33286027582343747,0.08438870514461769,0.015211131258127734,0.016852278986409484,-0.005176974774282006,0.02328473510696056
863,0,0.9062694615961188,0.31439597988036816,0.09854294054341589,0.9215172836188302,0.33119418645477133,0.09327964168676642,0.015247822022711476,0.016798206574403174,-0.005263298856649474,0.02328901319092363
864,0,0.9020708131423439,0.3146233852841007,0.10750063604700055,0.91833485167147,0.330583067716713,0.10049955356477024,0.016264038529126012,0.01595968243261227,-0.007001082482230323,0.02383790193263074
865,0,0.8975636890844362,0.31580369633018,0.11603811641948597,0.9138703088008422,0.3317240489189368,0.10894358659135084,0.01630661971640597,0.015920352588756768,-0.007094529828135137,0.023868301711854435
866,0,0.9071335761250678,0.35651604757630473,0.05661931405827342,0.9205182345393377,0.37123753802353276,0.050973137969180064,0.013384658414269798,0.014721490447228047,-0.005646176089093354,0.02068213398766093
867,0,0.9125254155737625,0.35117782942010844,0.055869755704911594,0.9262612652556642,0.36676745098891056,0.05043126423573211,0.013735849681901622,0.015589621568802088,-0.005438491469179481,0.02147759429271803
868,0,0.9189925974557729,0.34202633572855223,0.06125261871372567,0.9335992449716939,0.3575451000880417,0.055970999049456314,0.01460664751592102,0.01551876435948945,-0.005281619664269359,0.02195635910568322
869,0,0.9216433017313865,0.3360847068358135,0.06854864156862772,0.9370758506180638,0.35188253030298516,0.06304721314009881,0.01543254888667726,0.015797823467171703,-0.005501428428528914,0.022759624473919396
870,0,0.9223153790040333,0.3309181935055774,0.07726824300400348,0.9380778816365006,0.34707458142125375,0.07200059301073004,0.015762502632467403,0.01615638791567635,-0.00526764999327343,0.023178297956752306
871,0,0.9225362395812311,0.32701941119800626,0.08587587121509038,0.9387808062839876,0.34267394105691645,0.07986601197526048,0.016244566702756508,0.0156545298589102,-0.006009859239829898,0.023346705560879148
872,0,0.9203411762437025,0.32417398710340084,0.09507244249097019,0.9371665134640044,0.3400521100456341,0.08852615507235807,0.016825337220301908,0.01587812294223329,-0.006546287418612116,0.02404289166703188
873,0,0.9178017064427398,0.3226069823779856,0.10384763968644722,0.9347454597733955,0.3384434697641016,0.09712404024194846,0.016943753330655637,0.01583648738611604,-0.006723599444498762,0.02414729589727969
874,0,0.9133314955900226,0.32247455017015536,0.11269915671226066,0.930354319667113,0.33783172562812747,0.10544990412326365,0.017022824077090475,0.015357175457972098,-0.007249252588997014,0.024045187474952063
875,0,0.908316195247642,0.3235969017933247,0.12071256137448277,0.9253627252734037,0.3389013816258489,0.11338670764871141,0.01704653002576168,0.015304479832524172,-0.007325853725771368,0.024051599150050958
876,0,0.9090714261228553,0.35772216760334175,0.05767660005599984,0.9228227972943286,0.3722477819439528,0.05182095777280263,0.013751371171473297,0.01452561434061106,-0.0058556422831972064,0.020841838393398975
877,0,0.915134229331172,0.3547655171892172,0.05724094133873742,0.9291739992100869,0.3697648722137386,0.05145988814046787,0.014039769878914815,0.014999355024521353,-0.005781053198269545,0.021342829369269206
878,0,0.9240814036629653,0.34852704827489056,0.06358056959679576,0.9395227778496094,0.36345720323691344,0.0579384548302614,0.015441374186644055,0.014930154962022877,-0.005642114766534352,0.022207634340485675
879,0,0.9279831097012763,0.3443739190934423,0.07171688569666773,0.9436968104781073,0.35921959003931286,0.06592324160144863,0.015713700776831038,0.014845670945870602,-0.005793644095219095,0.02238036304082027
880,0,0.9299421195959218,0.34067039174765235,0.08127793932631683,0.9462506900234149,0.35603649209761296,0.07507909895258061,0.016308570427493122,0.015366100349960594,-0.006198840373736225,0.02324891677761836
881,0,0.9305633638796885,0.3378061100435268,0.09040616639975646,0.9476076110485112,0.3529461084756439,0.08333510085250842,0.0170442471688227,0.01513999843211708,-0.007071065547248035,0.02386893131352777
882,0,0.9293257288303033,0.3357253734032932,0.09961303120213949,0.946553634760246,0.35086524074296155,0.09230416910106945,0.017227905929942732,0.015139867339668303,-0.007308862101070045,0.024071472555831912
883,0,0.9266435179380245,0.334473194058198,0.10869647030442686,0.9439875219461578,0.3496064904289096,0.10121830259427954,0.0173440040081333,0.015133296370711636,-0.00747816771014732,0.024202357868171192
884,0,0.9220085549183795,0.33399161258533017,0.11713240799635527,0.9394014305723575,0.3488296903084655,0.10932805376567829,0.017392875653977975,0.01483807772313532,-0.0078043542306769735,0.024157578914088845
885,0,0.9163433195460994,0.3343836006388452,0.12524285655914885,0.9337236084340449,0.34918548349419976,0.1174115044819459,0.017380288887945516,0.014801882855354564,-0.00783135207720295,0.024135042018798986
886,0,0.9100718942163328,0.3608020338754878,0.058821658359869466,0.9238936481465222,0.37502053367878285,0.05287817808160458,0.013821753930189317,0.014218499803295028,-0.005943480278264884,0.02070100423122338
887,0,0.9166059605039317,0.3592160861381828,0.058596038699542274,0.9311871321554488,0.3732143187792835,0.05264007896103406,0.014581171651517092,0.013998232641100727,-0.005955959738508216,0.021072127092728783
888,0,0.9267672233932318,0.3560788601890561,0.06546192354924252,0.9424278587002217,0.37042880066666994,0.05926441082874523,0.015660635306989922,0.014349940477613822,-0.006197512720497286,0.02212657799684182
889,0,0.93168331730871,0.35401610890755464,0.07402063566159217,0.9478755458458343,0.36826792685344095,0.06734842272352093,0.016192228537124324,0.014251817945886298,-0.006672212938071248,0.022579216223157866
890,0,0.9343851526815801,0.3520431218501461,0.08389790682594783,0.9508780798700427,0.36611898265312426,0.07687514753050492,0.016492927188462646,0.014075860802978173,-0.007022759295442907,0.02279178915114997
891,0,0.9353708498126142,0.3505388544763113,0.09354557381243656,0.9526652754761435,0.3650175993250846,0.08579831763733839,0.01729442566352936,0.014478744848773293,-0.007747256175098169,0.023848504977667235
892,0,0.9344047771621714,0.34881795544764227,0.10285861709259086,0.951882233203047,0.36337889623711084,0.09490982113204616,0.017477456040875534,0.01456094078946856,-0.007948795960544703,0.02409700860184761
893,0,0.9318873184368203,0.3479149253675837,0.11235763552876327,0.9496268351342794,0.3623178728013506,0.1041768030937598,0.017739516697459115,0.014402947433766829,-0.008180832435003466,0.024270586452924577
894,0,0.926980793018233,0.34707350628315314,0.1206873947429205,0.9447069151926669,0.36149573479879094,0.11250604987075796,0.017726122174433968,0.014422228515637764,-0.00818134487216255,0.024272422347542802
895,0,0.9211508054790252,0.3471163450716306,0.128382263971829,0.9388313758580792,0.3613138333242578,0.12010285970105922,0.017680570379054038,0.014197488252627224,-0.008279404270769791,0.024139589406015426
896,0,0.9101638023187686,0.3627894401212792,0.05892204209112295,0.9239937096275084,0.3768229839010543,0.05292949890734853,0.013829907308739776,0.014033543779775032,-0.0059925431837744205,0.020594107433841304
897,0,0.9166470356174875,0.36350572401008474,0.059105048068859634,0.9312908548346642,0.3771072733750549,0.0530130774542244,0.01464381921717669,0.013601549364970163,-0.006091970614635232,0.02089391519947022
898,0,0.9268853044796447,0.3643326222060139,0.06648110123718076,0.942596363427804,0.37812887872440715,0.06005626055897789,0.015711058948159308,0.013796256518393212,-0.00642484067820287,0.021873560408267653
899,0,0.931443072147999,0.36453777866590364,0.07534110156051954,0.9477927062687117,0.3781010736651908,0.06812909148392045,0.016349634120712712,0.01356329499928713,-0.007212010076599094,0.02243404993450419
900,0,0.9339293223650613,0.3645178739695689,0.08521141902905394,0.9507722513288096,0.3778886238452404,0.07748516938990227,0.016842928963748244,0.013370749875671484,-0.0077262496391516736,0.022850736132609163
901,0,0.9349140371502063,0.36400083612279843,0.09454620831151828,0.9522199373411463,0.3775327941323215,0.0863678181512319,0.017305900190939992,0.013531958009523072,-0.00817839016028638,0.023441291231588363
902,0,0.9340049240887872,0.3636056275397026,0.10427135407764698,0.9514562781947856,0.3771824987876199,0.09592430361935468,0.01745135410599843,0.013576871247917302,-0.008347050458292303,0.02363375645911478
903,0,0.9315942755954508,0.362713285806171,0.11346097165770552,0.949081494858827,0.37634795521028874,0.1050565630578151,0.017487219263376187,0.013634669404117743,-0.008404408599890424,0.023713732967183633
904,0,0.9266877501768636,0.36187186672173954,0.12179073087186276,0.9441192635515188,0.375539314363388,0.11342501718590561,0.01743151337465519,0.013667447641648442,-0.008365713685957147,0.023677878896628285
905,0,0.9210014860748609,0.3606126506028362,0.12949023589798542,0.9388529736439171,0.37405293870915884,0.1199071615440234,0.017851487569056225,0.01344028810632265,-0.009583074353962022,0.024313623071905422
906,0,0.9096047930454159,0.3650337123244798,0.058806592018923465,0.9234063602291727,0.37886238769436165,0.05276007106084449,0.013801567183756837,0.013828675369881862,-0.006046520958078978,0.020451795395754847
907,0,0.9155290170707818,0.36799426841648586,0.05887414792446066,0.9301091027099643,0.38121049538604235,0.052686902701522896,0.014580085639182483,0.013216226969556478,-0.006187245222937766,0.02062836774942442
908,0,0.9247570599641373,0.3723331698382806,0.06602277779629345,0.9401024340998904,0.38486774604930496,0.059173621951638285,0.015345374135753124,0.012534576211024367,-0.006849155844655169,0.020964423291390415
909,0,0.9289565013853678,0.37480623403956237,0.0751840663306213,0.9449079338500366,0.38720258922526557,0.06777909166917433,0.01595143246466881,0.012396355185703195,-0.00740497466144698,0.02151630705538644
910,0,0.930848793815665,0.37636888574621086,0.08525065248167718,0.947297958961314,0.38889223162983916,0.07754009693835824,0.01644916514564897,0.012523345883628302,-0.007710555543318945,0.02206494715371939
911,0,0.9316538543043035,0.3774794165336681,0.09457964701762384,0.9482489077739217,0.3900454294592034,0.086759325128971,0.016595053469618183,0.012566012925535268,-0.007820321888652842,0.022236409668522226
912,0,0.9303653862660382,0.3777009115195451,0.10419513745807074,0.947427491344344,0.39064285459676795,0.09591723961118273,0.01706210507830585,0.012941943077222873,-0.008277897846888016,0.02295937527636021
913,0,0.9278828760540991,0.3774595972397048,0.11338243713952223,0.945003636150831,0.39049371771555513,0.10504264227339252,0.017120760096731892,0.01303412047585032,-0.008339794866129707,0.0230772810633738
914,0,0.923355705612358,0.3760014745863005,0.12182185167936127,0.9410173015441693,0.3885457329717081,0.1126300470060332,0.017661595931811224,0.012544258385407554,-0.009191804673328072,0.02353252350367581
915,0,0.9177413032289582,0.374091231013705,0.12952367460409098,0.9360802167599781,0.3867353100685069,0.11907906511790553,0.018338913531019855,0.012644079054801903,-0.010444609486185441,0.024602405410065458
916,0,0.9076730696477721,0.3674555143691274,0.05857003414523537,0.9214019799880799,0.3807873944012896,0.05231941233600943,0.013728910340307873,0.013331880032162213,-0.00625062180922594,0.020131872176381134
917,0,0.9129453939514601,0.371660165945606,0.058108878543295106,0.9273480474880367,0.3845462192382709,0.05187920808847587,0.014402653536576507,0.012886053292664873,-0.0062296704548192375,0.020305063219101454
918,0,0.9198623584703254,0.37903757298102114,0.064911295215758,0.9348342441555813,0.3908945254550378,0.05795666273660961,0.014971885685255884,0.01185695247401663,-0.006954632479148391,0.020325146884179825
919,0,0.9226162417027733,0.3833264240045038,0.07363628034596575,0.9382630089667838,0.3949278625783926,0.06616245693484535,0.01564676726401048,0.011601438573888782,-0.0074738234111204,0.02086319101140657
920,0,0.9238207035520913,0.38645868492247004,0.08317299604024059,0.9396589382832007,0.39805427206570193,0.07560079202962267,0.01583823473110932,0.011595587143231865,-0.0075722040106179205,0.021039144330804418
921,0,0.9237602438550225,0.38879193450134686,0.0925920807809375,0.9398579344939882,0.4003584813081075,0.08464945682480592,0.01609769063896566,0.011566546806760601,-0.007942623956131585,0.021354295217809037
922,0,0.9220924208399108,0.38963013305619665,0.1020979158957026,0.9382178607571723,0.40134451841827207,0.09413662616775631,0.016125439917261453,0.011714385362075443,-0.007961289727946295,0.0214624968507562
923,0,0.9192664865104269,0.38968000861848395,0.11117671920077582,0.9353884032077094,0.40150002655833567,0.10322010514511819,0.016121916697282555,0.011820017939851733,-0.00795661405565763,0.021515964522261684
924,0,0.9151895504182453,0.387941384469479,0.11941522926087927,0.9324399010028726,0.39947013772156,0.11025362625670591,0.01725035058462726,0.011528753252080966,-0.009161603004173362,0.02268086674812045
925,0,0.909647009753448,0.38538011344319223,0.12711937008421603,0.9267594594852375,0.3971752286900452,0.11764341035561456,0.017112449731789516,0.011795115246852934,-0.009475959728601472,0.02284194589538384
926,0,0.9055905138668902,0.36853867877653723,0.057195234646270354,0.918916430580615,0.3816903813312547,0.05106308829850372,0.013325916713724845,0.013151702554717483,-0.006132146347766636,0.01970153687353657
927,0,0.9095111527760099,0.3745720643668804,0.05702391477951241,0.9232119154999411,0.38678621449204587,0.0506060470073533,0.013700762723931134,0.012214150125165472,-0.006417867772159109,0.01944441794547883
928,0,0.913680724354515,0.38427899013931555,0.06295836044094916,0.9282379083174658,0.3959545069203354,0.056156082781851094,0.014557183962950849,0.01167551678101987,-0.006802277659098064,0.019862031074050174
929,0,0.9144808731137075,0.39032566856208906,0.07072296645677345,0.9293651136131611,0.4018120452628661,0.06366310196824906,0.01488424049945353,0.011486376700777087,-0.007059864488524381,0.02008280736236981
930,0,0.913897335002587,0.39457767661732035,0.0800277600745744,0.9291871822561502,0.405861941482201,0.0725950549600649,0.015289847253563138,0.011284264864880628,-0.007432705114509517,0.020404880982189715
931,0,0.9131500270704281,0.3974933058804524,0.08922985206251471,0.9285289832752888,0.4087983746578616,0.08172518972898522,0.015378956204860583,0.011305068777409224,-0.007504662333529488,0.02050943272626693
932,0,0.9105946727939973,0.3988902485813659,0.09810195614133471,0.9263106446314902,0.41021271182857016,0.09033338858900866,0.015715971837492876,0.01132246324720426,-0.007768567552326048,0.020869609162517
933,0,0.9077687384645132,0.3989401241436532,0.10718075944640798,0.9235153667769606,0.41038321635050967,0.09940508901312844,0.015746628312447348,0.011443092206856485,-0.007775670433279531,0.020960956875867225
934,0,0.9035849921403172,0.3971908116481213,0.11572867036262524,0.9192291116080308,0.40882084151138254,0.10786015985274552,0.01564411946771359,0.011630029863261226,-0.00786851050987971,0.02102164423123298
935,0,0.8990367929688537,0.39408148482229777,0.1237571413657933,0.9154145067620777,0.4053547230126706,0.11494420571318846,0.016377713793223985,0.011273238190372868,-0.008812935652604843,0.02174817792842872
936,0,0.9032943376219789,0.3696004664908923,0.05643923685953306,0.9163343468979637,0.38260423021323703,0.050312182972005313,0.013040009275984804,0.01300376372234474,-0.006127053887527749,0.019408258608257664
937,0,0.9049906620047901,0.3760446123419001,0.05551423710464498,0.9182303569855194,0.3883257466473739,0.04918369279869634,0.01323969498072933,0.012281134305473786,-0.0063305443059486445,0.019136132687181423
938,0,0.9059765260770649,0.38737206997475315,0.06005895394339933,0.9198376720728454,0.39879482601369276,0.05351696860125239,0.013861145995780476,0.01142275603893962,-0.0065419853421469385,0.019115655784156034
939,0,0.9048239227088911,0.3941893462697559,0.0671760585488646,0.918602223081444,0.4052952867814114,0.0603180888431663,0.013778300372552921,0.011105940511655527,-0.006857969705698303,0.01897933677157869
940,0,0.9030453600782078,0.3989657745863342,0.07573978370364565,0.9171608690902908,0.4099495152515856,0.0686107971887726,0.014115509012082977,0.010983740665251367,-0.007128986514873046,0.01925389836892607
941,0,0.9006168624176251,0.40301183933325735,0.08440055275899822,0.9148199979548217,0.4140257508830181,0.07720596391719563,0.0142031355371967,0.011013911549760742,-0.0071945888418025825,0.019359685310369152
942,0,0.8976472046509358,0.40436376980292543,0.09347472026685733,0.9121657595055566,0.41532033130002566,0.0860650850307671,0.014518554854620764,0.010956561497100236,-0.007409635236090225,0.01964019779020266
943,0,0.8941703529456632,0.4046705113226219,0.10233768976847757,0.9087175070902064,0.41569554887874055,0.09491457203759715,0.01454715414454323,0.01102503755611869,-0.0074231177308804255,0.019704665022918816
944,0,0.8906015931379545,0.4029898465965269,0.11110027553884427,0.9051701573362162,0.4140793832148553,0.10367055712429149,0.014568564198261715,0.011089536618328384,-0.007429718414552786,0.01975908907130245
945,0,0.8863968180840359,0.39958932992857665,0.1192372429183906,0.9016473496300634,0.4109552035770771,0.11150849774292336,0.015250531546027542,0.011365873648500445,-0.007728745175467245,0.02053035065987345
946,0,0.9006197887461106,0.3702917282471567,0.055886461451138514,0.9135025758570374,0.38326371039143187,0.049735681008550206,0.012882787110926821,0.012971982144275132,-0.006150780442588306,0.019289132291261363
947,0,0.9006138946707754,0.3762151054095382,0.05400919522699166,0.9130208902336778,0.38875853405791155,0.04755601420287988,0.012406995562902525,0.01254342864837338,-0.006453181024111777,0.01878602370073756
948,0,0.897980719016839,0.38746687849914707,0.05695530313543179,0.9104481441944345,0.3991832761406748,0.05047982427673383,0.012467425177595635,0.011716397641527718,-0.006475478858697958,0.01829323620092372
949,0,0.8946397319816578,0.3943694013279684,0.06331988680207046,0.9070691992537109,0.40548765461559005,0.05644021567480136,0.01242946727205304,0.011118253287621683,-0.006879671127269093,0.018039874934547853
950,0,0.8906727856839672,0.3992310761783644,0.07113109101802484,0.9031350605052154,0.4104313546466213,0.06415289101554493,0.012462274821248192,0.011200278468256896,-0.006978200002479913,0.018150752236792456
951,0,0.8871570560817257,0.4028250200060963,0.07905426845826813,0.8996540868722316,0.41411442359786865,0.07201836264150241,0.012497030790505946,0.011289403591772313,-0.007035905816765723,0.018251859705223823
952,0,0.8835364809392477,0.40443381643317444,0.08791260216267421,0.8963969555874824,0.41567310531825585,0.08073017447167954,0.012860474648234668,0.011239288885081397,-0.007182427690994668,0.018528375275683722
953,0,0.87971620511643,0.4050317477949976,0.09666707528791618,0.8925953176550099,0.4163304340833474,0.0894578036189718,0.012879112538579861,0.011298686288349779,-0.007209271668944373,0.018587776887529942
954,0,0.8765976796582811,0.403070581573302,0.10522875657854736,0.889491482424599,0.41442371847764764,0.09800134255162862,0.012893802766317883,0.01135313690434562,-0.007227414026918726,0.018638116344256002
955,0,0.873208574147079,0.3997623482129784,0.11399713709543174,0.886104878345757,0.41116683893933303,0.10675827584722251,0.012896304198678028,0.011404490726354619,-0.007238861248209227,0.018675603949623
956,0,0.8987887489803379,0.36909629656664755,0.05451977459729829,0.9108440481358591,0.3827164835536014,0.048324288148876855,0.012055299155521174,0.013620186986953805,-0.006195486448421429,0.019215196684428417
957,0,0.8965944712379953,0.3751049202628476,0.051889987434324714,0.9082392274633696,0.38780240904608626,0.045500038402179005,0.011644756225374342,0.012697488783238654,-0.006389949032145712,0.018375473261450597
958,0,0.8903073073444356,0.3856192930089932,0.053549205167171654,0.9017041321163178,0.3978957763351275,0.047045114023530656,0.011396824771882225,0.0122764833261343,-0.006504091143640999,0.01796949802700763
959,0,0.8846491153346208,0.39193239937975033,0.0587468475104021,0.8961728261132588,0.4036789635587342,0.0520133793545976,0.01152371077863803,0.011746564178983895,-0.0067334681558045,0.0177796871042749
960,0,0.8791806336050128,0.3962969410797106,0.06602252354028643,0.8903120180643355,0.4078384579558698,0.05931249416162757,0.0111313844593227,0.011541516876159206,-0.006710029378658851,0.017382141008701536
961,0,0.874399000110495,0.4000791030954165,0.07351519232292725,0.8855128792310324,0.4116608959145395,0.06678403681101021,0.011113879120537374,0.011581792819123025,-0.0067311555119170426,0.017405880860692384
962,0,0.8695484519350422,0.40155060398362163,0.08194417631903439,0.8807084017376446,0.41306696252120456,0.07507834126538364,0.011159949802602497,0.011516358537582911,-0.0068658350536507495,0.017444502989386247
963,0,0.8657641069715258,0.4018230216185996,0.09069980839357988,0.8774521175316553,0.4136459093288888,0.08364140669337342,0.011688010560129424,0.011822887710289188,-0.007058401700206463,0.01806132052828036
964,0,0.8625387712813621,0.39985116705037704,0.09957089054032492,0.8742574302932707,0.41171286531335305,0.09249281302852788,0.011718659011908621,0.011861698262976028,-0.00707807751179703,0.018114249528541956
965,0,0.8601789557769058,0.3966565936907358,0.10835188248231964,0.871925854324563,0.4085472191151846,0.10125914497671779,0.011746898547657196,0.011890625424448804,-0.007092737505601847,0.01815718931434241
966,0,0.896780019609837,0.3675539744662393,0.05377304840498931,0.9087087105177563,0.3812958191572453,0.047573040745081736,0.011928690907919304,0.013741844691006021,-0.006200007659907574,0.019224257001801647
967,0,0.8929194542686496,0.37271631574696507,0.050192153722060595,0.904134258412489,0.38563331742861284,0.043813793754205015,0.011214804143839296,0.01291700168164778,-0.0063783599678555805,0.018256621820805438
968,0,0.8837729429484604,0.3809343672848575,0.050784950879981416,0.894591331115016,0.39367936773063106,0.04443753457398699,0.010818388166555594,0.012745000445773525,-0.006347416305994427,0.01788189734470706
969,0,0.876520325058403,0.3857501637864509,0.05503380360186377,0.88664940846832,0.39806213365688653,0.04861489508007342,0.010129083409916882,0.012311969870435672,-0.006418908521790352,0.01718677745904339
970,0,0.8695862387561794,0.3892920586091293,0.06177511039498146,0.8796067892921045,0.40161986108437003,0.055339196484962626,0.010020550535925092,0.012327802475240755,-0.006435913910018833,0.01714080321247387
971,0,0.8633749315483467,0.3919260600207082,0.06873456889015916,0.8736276637097559,0.40403668457317515,0.06206472558538008,0.01025273216140926,0.012110624552466986,-0.006669843304779084,0.017212569637759446
972,0,0.8586671244642099,0.3930827355285951,0.07685531097945608,0.8689501356214389,0.4052149210990121,0.0701839468906626,0.010283011157229006,0.012132185570417033,-0.006671364088793487,0.01724637190773685
973,0,0.8542677929842061,0.3932865053941361,0.08539626819985213,0.8645801396884203,0.40544150750152175,0.07872304735476277,0.010312346704214227,0.012155002107385638,-0.006673220845089364,0.01728063792878615
974,0,0.8516574438105299,0.3913832985953496,0.09448202520074656,0.862012820361476,0.40357068994351636,0.08780236081036381,0.010355376550946127,0.012187391348166758,-0.006679664390382748,0.01733159680333587
975,0,0.8495332598457147,0.3888740765741163,0.10336803667120897,0.8604536669122462,0.40120875814975876,0.09640393593976526,0.010920407066531494,0.012334681575642416,-0.0069641007314437085,0.01788570264398182
976,0,0.8945706072131073,0.3659880168276386,0.052609583929491666,0.9063591990349623,0.37987807264389734,0.046412191404530755,0.01178859182185503,0.013890055816258717,-0.006197392524960909,0.019243498170279
977,0,0.8900031472529962,0.3690943040931378,0.04871363066116008,0.9009954361725849,0.3823681782551765,0.0423847801588278,0.010992288919588731,0.013273874162038683,-0.006328850502332279,0.018359752167233165
978,0,0.8784834537150389,0.37441001920032857,0.048040261713722665,0.8886579851567237,0.3876258350687005,0.04152463666311463,0.010174531441684776,0.013215815868371962,-0.006515625050608036,0.017906206994354086
979,0,0.8701805170885133,0.3774609515288221,0.051865559473823764,0.8800993701306489,0.39074461871103,0.04522838490849145,0.009918853042135547,0.013283667182207892,-0.006637174565332309,0.0178575347035878
980,0,0.8619594981642906,0.37953986036705434,0.05776541407266811,0.8716323379111977,0.392385255621942,0.05120988482517845,0.009672839746907011,0.012845395254887622,-0.006555529247489661,0.01736499270769573
981,0,0.8552409970178747,0.3811286728286598,0.064513674561607,0.8649523555327417,0.3938843876368025,0.05802317149716681,0.009711358514866993,0.012755714808142688,-0.00649050306444019,0.017295819567180324
982,0,0.8496825718776094,0.3815313492287009,0.07231472226828672,0.8594474885861423,0.39423968750413974,0.06586808696583357,0.009764916708532839,0.012708338275438828,-0.006446635302453155,0.01727467993250244
983,0,0.8453191712569068,0.38140960536739676,0.0808568384379863,0.8551391544748943,0.39408496954474237,0.07444055056602857,0.009819983217987485,0.012675364177345588,-0.00641628787195773,0.017270369929035204
984,0,0.8426728912239293,0.3798319122954563,0.0899414364895772,0.8526584690078075,0.3925347047113511,0.08331386979889138,0.00998557778387825,0.012702792415894762,-0.006627566690685817,0.017464173014451172
985,0,0.8414352561745441,0.37775117565522365,0.09914830129196028,0.8518054270866062,0.39104213779905367,0.09245434872271918,0.01037017091206212,0.013290962143830042,-0.006693952569241108,0.018138332901712663
986,0,0.8935921501952415,0.3635721252008475,0.052188346866317514,0.9053044355318097,0.37768220810212305,0.046012347217082666,0.01171228533656824,0.01411008290127555,-0.006175999649234846,0.01934980720713798
987,0,0.888424605848222,0.3646330467976444,0.04766793415646903,0.8992736252215064,0.3787221420152427,0.04150881485111085,0.010849019373284374,0.01408909521759828,-0.006159119305358176,0.018818569978350803
988,0,0.8757976339847724,0.36685820728616303,0.04615890776127596,0.8856563734835989,0.38095751734048444,0.039514318427613916,0.009858739498826565,0.014099310054321435,-0.0066445893336620435,0.01844277245770353
989,0,0.8665871197130943,0.3678294500612367,0.04925240865278552,0.8758544057510979,0.38193668237917966,0.04199351412428786,0.00926728603800348,0.014107232317942985,-0.0072588945284976555,0.018373571888950783
990,0,0.857930768568891,0.368212142495806,0.05494338314399799,0.8675343903610471,0.3819360485666933,0.04821049997264651,0.009603621792156177,0.013723906070887254,-0.0067328831713514845,0.018052890770410734
991,0,0.850433511084949,0.36839592839587354,0.06137426714892691,0.8598038777341056,0.38228688527183535,0.054918106984331076,0.009370366649156553,0.013890956875961827,-0.006456160164595834,0.017956738516233136
992,0,0.8446394544050424,0.3681132534575067,0.06907029532713893,0.8540991414011316,0.3819576033983991,0.06269457965292255,0.009459686996089203,0.013844349940892469,-0.006375715674216375,0.01793882531573115
993,0,0.8403479155029424,0.36734048214251125,0.07761472939544561,0.8503457836918646,0.3810070394923276,0.07110958231162909,0.0099978681889222,0.013666557349816387,-0.006505147083816532,0.01813971049110127
994,0,0.8376297737513625,0.3664138165242612,0.08669700954842946,0.8477191542968385,0.3800540214266235,0.08021652732104043,0.01008938054547602,0.01364020490236226,-0.00648048222738903,0.018161702548752486
995,0,0.8366277702416183,0.3650184312224374,0.09600889387928013,0.8469135841038525,0.3784344178022194,0.08932532329586122,0.010285813862234212,0.01341598657978204,-0.006683570583418912,0.018178470190336804
996,0,0.9075611151615028,0.36282967442385416,0.0583715845813354,0.9212757988396105,0.3768360701884037,0.05236714218409426,0.013714683678107655,0.014006395764549514,-0.006004442397241143,0.020501829167309193
997,0,0.9026150500456264,0.3560141364971976,0.055735391791454925,0.9155317747435759,0.37063826426450364,0.050092084155701565,0.012916724697949614,0.014624127767306053,-0.005643307635753358,0.02031142070237495
998,0,0.8957824985540271,0.36151241961290115,0.05356662321319311,0.9076283761337952,0.375728506812979,0.04743713757697875,0.011845877579768032,0.014216087200077842,-0.006129485636214362,0.019493397474007093
999,0,0.9007644945292049,0.3680024438127125,0.05620397495237711,0.913527295112313,0.3814189790616735,0.05003218080784412,0.012762800583108082,0.01341653524896095,-0.00617179414453299,0.01951879964990899
1000,0,0.8962537616333094,0.36288312228971975,0.05377666227012845,0.9081382810351786,0.376990721910335,0.04763590827479281,0.011884519401869173,0.014107599620615249,-0.006140753995335641,0.01944157987665146
1001,0,0.9023738225390262,0.3675230357826109,0.056742979986357855,0.9152704376437015,0.38107528040502564,0.05078330582364793,0.012896615104675274,0.013552244622414708,-0.005959674162709928,0.01963424894386284
1002,0,0.9070898520822207,0.36145897174703556,0.05816154552440006,0.9207835269810372,0.37557968512552287,0.05218652943267292,0.013693674898816455,0.014120713378487294,-0.005975016091727143,0.02055753136561548
1003,0,0.9010057220358051,0.3564935445272983,0.05519638675747418,0.9135124260830879,0.3709960889075281,0.04935960453810164,0.012506704047282814,0.014502544380229822,-0.005836782219372539,0.020020226429869354
1004,0,0.8996063832148328,0.36721412082014826,0.055776943142685276,0.9117294885044462,0.3809693390370635,0.04960139018931553,0.012123105289613481,0.013755218216915225,-0.006175552953369748,0.019347174582814014
1005,0,0.9068024052078102,0.3640630815617998,0.0581522739299718,0.9204784611551365,0.3779577327758133,0.052118138388100504,0.013676055947326323,0.01389465121401353,-0.00603413554187129,0.020408494074065378
1006,0,0.9037731613599986,0.35680245948976097,0.05616242360114676,0.9167570758454043,0.37140584603719917,0.05051689129793916,0.012983914485405706,0.014603386547438188,-0.005645532303207599,0.020339935324498633
1007,0,0.8965412085077199,0.36027901247495464,0.05378593386455671,0.9084289470546508,0.3745685931695684,0.04768241333206996,0.011887738546930917,0.014289580694613781,-0.0061035205324867494,0.019564340190217338
1008,0,0.8972332009970645,0.36431178438944745,0.054510777037327096,0.9091927129673195,0.37829899054544125,0.04835810175356227,0.011959511970255054,0.01398720615599381,-0.006152675283764828,0.019404310752108554
1009,0,0.90405501226745,0.3663926002988198,0.05728430291894565,0.9173120985825943,0.3797165232197497,0.051181433162318664,0.01325708631514431,0.0133239229209299,-0.006102869756626989,0.01976163654246328
1010,0,0.906146343577767,0.3597047959204609,0.057428589706504996,0.9194926820482713,0.3741176458558452,0.051697158034699285,0.01334633847050431,0.014412849935384312,-0.00573143167180571,0.02046226533983343
1011,0,0.899632025565625,0.3576583038958079,0.054762401251961135,0.9117342314153185,0.3721921306527919,0.04895706861776309,0.012102205849693513,0.014533826756984012,-0.005805332634198043,0.019783765911071255
1012,0,0.8982835197335328,0.3660766485625473,0.054934331999108355,0.9103133423120754,0.3799232456050412,0.04876719645812063,0.012029822578542565,0.013846597042493919,-0.006167135540987726,0.01935144546821575
1013,0,0.9054287087376302,0.36522784093031024,0.0577182884244587,0.9187832356449209,0.37880622863134816,0.051607292761316516,0.013354526907290783,0.013578387701037933,-0.0061109956631421785,0.020001506680052735
1014,0,0.9050600939819974,0.35826544547420713,0.05700387579542021,0.9183533495911239,0.3727759841499596,0.05129430736215807,0.01329325560912649,0.014510538675752496,-0.005709568433262141,0.020490621001916592
1015,0,0.8979508358372013,0.3587887393795999,0.05422107831937334,0.9099329244016665,0.3732579005387573,0.048366172411337324,0.011982088564465247,0.014469161159157407,-0.005854905908036015,0.01967757592307328
1016,0,0.8991309582271853,0.3602410370175191,0.055371931369760596,0.9115218130098512,0.37449739884725886,0.04944321440183699,0.01239085478266603,0.014256361829739765,-0.0059287169679235995,0.019797141706603096
1017,0,0.9005046546973653,0.3590762776490095,0.05580591687527364,0.912985986495469,0.37341024839545844,0.049913213587502836,0.012481331798103776,0.014333970746448921,-0.0058927032877708055,0.019899002810495673
1018,0,0.902292654657804,0.3579565305117436,0.05603783895174763,0.9151861003577566,0.37244911826480204,0.05035502990508014,0.01289344569995264,0.014492587753058462,-0.005682809046667493,0.02021312347111681
1019,0,0.8978281411297185,0.3617419984594008,0.05462738605883016,0.909814174541746,0.37591098360058833,0.048518249383165166,0.011986033412027391,0.014168985141187512,-0.006109136675664995,0.019538338921397197
1020,0,0.8988075804934735,0.3631706605591294,0.05536150082602875,0.9108672595419331,0.37722800836691156,0.0492392138063723,0.012059679048459664,0.014057347807782153,-0.006122287019656454,0.019507108563082038
1021,0,0.9000744667316389,0.36199521284409286,0.05610488718765566,0.9125319299149386,0.37612639461114417,0.05015549566064986,0.012457463183299669,0.014131181767051318,-0.005949391527005802,0.019755352354192995
1022,0,0.9017915873193642,0.3605392636334548,0.05664736906954698,0.9146626556386356,0.3746200193902255,0.050812332627026474,0.012871068319271478,0.01408075575677071,-0.005835036442520511,0.019949429381481764
1023,0,0.9032720940215588,0.35938519261147217,0.05677195371894622,0.9162228266071419,0.3737921112651027,0.05106805661289693,0.012950732585583139,0.014406918653630509,-0.005703897106049294,0.020194435416520294
1024,0,0.902554459181422,0.36490823762131974,0.05706165243689998,0.9154671912047482,0.3786592274416772,0.05114796378773298,0.012912732023326249,0.013750989820357443,-0.005913688649167,0.0197686641628891
1025,0,0.9039281556516021,0.36374347825281017,0.057495637942413025,0.9169173517621827,0.377585924100699,0.051608359104044904,0.01298919611058059,0.013842445847888839,-0.005887278838368119,0.019874420111579458
1026,0,0.9056093453800259,0.36261304276901907,0.05803696087500082,0.9189561424698931,0.37651189615829106,0.05214402403433893,0.013346797089867137,0.013898853389271998,-0.005892936840661892,0.02015047946582398
1027,0,0.9011807627112419,0.3660729969898293,0.05662766693138688,0.9140141478174253,0.379740419364548,0.050687766491874606,0.012833385106183396,0.01366742237471866,-0.005939900439512272,0.019666637355783226
1028,0,0.9014682095856523,0.3634688871750651,0.056636938525815195,0.9143186506563489,0.3773314803502654,0.05074703787674924,0.012850441070696527,0.013862593175200336,-0.005889900649065955,0.019798895295152774
1029,0,0.9042515333853138,0.36081385471119987,0.05750606848614487,0.9172616832461935,0.37489329676964345,0.051678413419323825,0.013010149860879684,0.014079442058443576,-0.005827655066821041,0.020036373216165207
1030,0,0.8997870198572285,0.3645993226588571,0.056095615593227344,0.9122260057348044,0.3785420631913345,0.05009932950824316,0.012438985877575873,0.013942740532477384,-0.0059962860849841855,0.01962355294108319
1031,0,0.9028419060558324,0.3623041278065555,0.05707092403132824,0.915771380294805,0.3762570079542712,0.05120869716406537,0.012929474238972637,0.013952880147715696,-0.005862226867262874,0.01990527247630724
1032,0,0.8909244121570298,0.3606332060402906,0.049779303338468306,0.9018593087415483,0.37500094828888586,0.04366813077271925,0.010934896584518522,0.014367742248595248,-0.006111172565749056,0.019061752562777316
1033,0,0.892005517498545,0.3574574048877981,0.0496961668295392,0.9031858110974368,0.3722051943703521,0.04362151235638403,0.011180293598891868,0.014747789482554011,-0.006074654473155171,0.019478133548863897
1034,0,0.8942097856410203,0.3544082109276516,0.050351780885022956,0.9058375531649855,0.369227941631344,0.0444667129785736,0.011627767523965212,0.014819730703692385,-0.005885067906449351,0.0197348275894385
1035,0,0.8970639888133953,0.35208938053715855,0.0509103510399353,0.9089143221670126,0.3669287633932259,0.045137712272826355,0.011850333353617324,0.014839382856067318,-0.0057726387671089415,0.019848451891176018
1036,0,0.900519258718568,0.35082868628830255,0.05240625834038887,0.9129115695679862,0.36632422591814906,0.04700168592671405,0.012392310849418314,0.015495539629846535,-0.0054045724136748225,0.020564302068959456
1037,0,0.9038667360458368,0.3505445332199839,0.053898688792931915,0.9169504568320486,0.36580101860856523,0.04861512447778315,0.013083720786211839,0.01525648538858134,-0.005283564315148766,0.020781245099749462
1038,0,0.9071773001679151,0.3515731234055739,0.055077082592146887,0.9204572011615081,0.3669207185880186,0.049770848866862456,0.013279900993592943,0.015347595182444709,-0.00530623372528443,0.020977620566479335
1039,0,0.9099657682218311,0.3535332425404558,0.05645406297249034,0.9235859951786897,0.3688269641125174,0.05077517099283732,0.013620226956858597,0.015293721572061604,-0.005678891979653014,0.021252254374457488
1040,0,0.9120314571813556,0.35640125508643905,0.05761289165077382,0.9258598648844689,0.371157435374521,0.051831905803104594,0.013828407703113351,0.014756180288081953,-0.005780985847669225,0.021033057639555285
1041,0,0.9134102979057902,0.3598516473166766,0.05855472757630065,0.9273494203473793,0.3741919262720465,0.052667580859482435,0.01393912244158918,0.014340278955369889,-0.005887146716818209,0.020847091677852404
1042,0,0.9132516723390063,0.36313042012332364,0.05895987636645389,0.92746339150091,0.37687685085923095,0.05292191216984721,0.014211719161903648,0.013746430735907316,-0.006037964196606684,0.020673517628923745
1043,0,0.9122773772295059,0.3663169096223422,0.05873361201926908,0.9264452922862323,0.37976502983547694,0.05261875565444724,0.014167915056726382,0.013448120213134736,-0.006114856364821836,0.02046883540126158
1044,0,0.9102378612539581,0.36971525284752627,0.05849357729767041,0.9240651449408401,0.3828527182860052,0.05221191165769379,0.013827283686882007,0.013137465438478909,-0.006281665639976622,0.02008098840986678
1045,0,0.907633209404914,0.37172994620422717,0.057317364379833924,0.9210616711718908,0.38461172871137966,0.051122359070582025,0.013428461766976811,0.012881782507152485,-0.006195005309251898,0.01961229198157107
1046,0,0.9040351984084253,0.3733054658334014,0.056129698986190635,0.917235098321169,0.3857551150890392,0.04976878654831515,0.013199899912743738,0.012449649255637794,-0.0063609124378754805,0.019227384932360765
1047,0,0.900616841708443,0.3732534168283479,0.05494782833906503,0.9130319664921854,0.38595029683967746,0.048450719584754526,0.012415124783742354,0.012696880011329582,-0.006497108754310505,0.018909217529642322
1048,0,0.8977205810766231,0.37226983887400245,0.053567371110810946,0.9096721171078672,0.38529127562699433,0.0471550162925122,0.011951536031244131,0.013021436752991883,-0.006412354818298741,0.01880200316280299
1049,0,0.8944239367382344,0.37025176031621054,0.051666315020204134,0.9058607730037063,0.38342979052435294,0.045459269372756975,0.011436836265471925,0.013178030208142386,-0.006207045647447159,0.018519965431917515
1050,0,0.8925229999456374,0.3677328970352658,0.050923065675805734,0.9038475989958451,0.3811566217145482,0.04475572912847586,0.011324599050207704,0.013423724679282443,-0.006167336547329873,0.018613945524825534
1051,0,0.8911800900805043,0.36395699107818213,0.049982388699582436,0.9021849332721233,0.3780133234334242,0.0438575544798174,0.011004843191619143,0.014056332355242071,-0.006124834219765033,0.018873278654562276
1052,0,0.8853085981522288,0.3600001700785631,0.04608555051640434,0.8959075253036284,0.3746852043376105,0.03986620693137843,0.010598927151399486,0.014685034259047368,-0.006219343585025912,0.019148569726709905
1053,0,0.8867480297408679,0.35455646118467854,0.045701125796486164,0.8972508654094428,0.3701076756839679,0.03965521681183632,0.010502835668574902,0.015551214499289362,-0.006045908984649843,0.01971554830418537
1054,0,0.8900544319545809,0.34998267024445795,0.0466845468797118,0.9007738874524833,0.36572332646078726,0.041064694869684004,0.0107194554979024,0.015740656216329304,-0.005619852010027791,0.01985592407587191
1055,0,0.8943762043913503,0.34651202767711897,0.0484032416794396,0.9057217044808439,0.3622297187868998,0.04305678072336646,0.011345500089493588,0.015717691109780815,-0.00534646095607314,0.020108476592173668
1056,0,0.899891036655904,0.3444914239025625,0.05023724953413833,0.9121971855686706,0.3604192644271954,0.04527596233792922,0.012306148912766594,0.015927840524632895,-0.004961287196209108,0.020730455264769097
1057,0,0.9051194043919363,0.3440877004157068,0.05237486349843329,0.9180346717393494,0.3599252424923098,0.047472158707022385,0.01291526734741308,0.015837542076602998,-0.0049027047914109055,0.021015907878439332
1058,0,0.910132186972161,0.34563705928992405,0.05450552376690693,0.9235991542811075,0.3612734361863661,0.04930580629739112,0.013466967308946498,0.01563637689644204,-0.005199717469515809,0.02128127234708038
1059,0,0.9146578219976353,0.3487796629136515,0.0565230518617883,0.9284931949091214,0.3642249509304313,0.0511218635822834,0.013835372911486031,0.015445288016779794,-0.005401188279504897,0.02142772270568723
1060,0,0.9181172538111734,0.35312134979060694,0.058213931878231207,0.9326597022977258,0.3682023388295911,0.052763793922239545,0.014542448486552364,0.01508098903898416,-0.005450137955991659,0.02164770292934866
1061,0,0.9199314267555888,0.3582679584245083,0.059364647911389845,0.9346851225004628,0.372276991984611,0.05340497293024196,0.01475369574487396,0.014009033560102664,-0.005959674981147885,0.0212000538985474
1062,0,0.9197219681999247,0.363848962857265,0.06017842233960696,0.934528883577247,0.3774302174670404,0.054043664195876626,0.014806915377322209,0.013581254609775445,-0.006134758143730341,0.02100786703234751
1063,0,0.9185320879346164,0.3689885347173574,0.059945204296600885,0.9332650810110177,0.38216428995723234,0.0537017513445599,0.014732993076401303,0.013175755239874949,-0.006243452952040987,0.02072781502944124
1064,0,0.9150829446295874,0.373877151037898,0.05927002512018564,0.9295541193038778,0.3862932617169411,0.05281233107232683,0.014471174674290356,0.012416110679043108,-0.006457694047858811,0.020131480652545705
1065,0,0.910961855219047,0.3773714291434276,0.05796806860364645,0.9249470095668876,0.38936701817226704,0.05148186739377453,0.013985154347840511,0.011995589028839466,-0.00648620120987192,0.01953329220629948
1066,0,0.9058613264447519,0.3794370451492277,0.055931997319908555,0.9191548540113738,0.39153688897106403,0.04962790340014138,0.013293527566621884,0.012099843821836345,-0.006304093919767177,0.019049033986704225
1067,0,0.9002545860777623,0.3794702426779937,0.05399760573395629,0.9127101322447765,0.39150790898460996,0.047568176318286796,0.01245554616701419,0.012037666306616296,-0.006429429415669492,0.0184765690278023
1068,0,0.8952418034975378,0.3779208838037764,0.05186694546548265,0.9070472069677759,0.3903127793719251,0.04538280853126557,0.011805403470238045,0.012391895568148653,-0.006484136934217078,0.018302203655535275
1069,0,0.8905154854458344,0.37475464464185837,0.04943267908741272,0.9016413077507828,0.38760769876272727,0.0430759908062449,0.011125822304948456,0.012853054120868906,-0.006356688281167828,0.01814917100308469
1070,0,0.8873635468905401,0.3704472816496205,0.047849136498044564,0.8982381191040335,0.3836984334466132,0.04150425761658878,0.010874572213493404,0.01325115179699272,-0.006344878881455779,0.018278589464008697
1071,0,0.8853486909198955,0.3652770374775276,0.04628168218169726,0.8960399229900569,0.3793934640103835,0.04007007982686516,0.010691232070161358,0.014116426532855868,-0.006211602354832096,0.018765925105097257
1072,0,0.7347015888018085,0.3431701723410061,-0.011687488727295858,0.7259880006058073,0.3642419793866857,-0.021680585009789467,-0.008713588196001184,0.02107180704567959,-0.009993096282493608,0.02489597647675284
1073,0,0.7382458853553173,0.34357814714650825,-0.006983418760036275,0.7298281084452524,0.36473540689794887,-0.01702291609430151,-0.008417776910064963,0.0211572597514406,-0.010039497334265237,0.0248853393591944
1074,0,0.7471473709524848,0.34425706145703927,0.0002726855560998276,0.7396264035984033,0.3650604600654681,-0.009619961858288175,-0.007520967354081542,0.02080339860842884,-0.009892647414388002,0.02423243315203277
1075,0,0.7526405558333709,0.3445629307259459,0.008419158165246465,0.7454147114017056,0.3650138757027068,-0.0015091774716823464,-0.00722584443166527,0.020450944976760928,-0.009928335636928812,0.023854262233668884
1076,0,0.7562629062891937,0.3446673743768187,0.01799268620277733,0.7493023147420772,0.3651207119978577,0.00850073062840263,-0.006960591547116496,0.02045333762103903,-0.0094919555743747,0.02359843374361746
1077,0,0.7582769110810845,0.3442639965307297,0.027340086910351946,0.751259481297174,0.3647507868107662,0.017982692959320205,-0.007017429783910549,0.0204867902800365,-0.009357393951031742,0.023590542984533405
1078,0,0.7582902777943966,0.3439717596017875,0.037387244957704846,0.7511954577046475,0.3644998643712783,0.028084622231304285,-0.007094820089749144,0.020528104769490775,-0.00930262272640056,0.023627914574139677
1079,0,0.7564946158175476,0.34314806563769196,0.046791537391912885,0.7493224981152622,0.3637202062888103,0.037503855222877455,-0.007172117702285387,0.02057214065111833,-0.009287682169035428,0.02368360790457926
1080,0,0.7530187464581641,0.342467577630325,0.05596738459755762,0.7457736705566405,0.36307605582333247,0.04667473099836274,-0.007245075901523639,0.020608478193007467,-0.009292653599194888,0.023739290409890784
1081,0,0.748005410807562,0.34161547019936656,0.06460654466782867,0.7402852224764392,0.3619459197352235,0.054812561764948205,-0.0077201883311227605,0.020330449535856915,-0.009793982902880466,0.023850588825015277
1082,0,0.7343170895707077,0.3391717243112309,-0.012304994472991548,0.7255849316930069,0.3608655543120038,-0.022007212846653898,-0.008732157877700908,0.021693830000772917,-0.009702218373662351,0.025318093977899688
1083,0,0.7380051095614217,0.33827764420935225,-0.007596288708517807,0.7296309659238711,0.3601576635660089,-0.01738045467616605,-0.008374143637550652,0.02188001935665666,-0.009784165967648245,0.025388805257287834
1084,0,0.746650917235115,0.33563277348198994,-0.0005432697534958342,0.738903092707535,0.3572506366060897,-0.010187276946651209,-0.007747824527580062,0.021617863124099718,-0.009644007193155375,0.024907181006772208
1085,0,0.7525024283631246,0.3336707350095045,0.007301914644661733,0.7449148596417555,0.3548870356107835,-0.002239875384109788,-0.0075875687213691236,0.021216300601279006,-0.009541790028771521,0.02446933524349394
1086,0,0.7561396809485262,0.33179846076111463,0.016465658094825253,0.7489687203644863,0.352887170264132,0.007402543495338811,-0.007170960584039945,0.02108870950301741,-0.009063114599486442,0.024047793878938992
1087,0,0.7586049024358661,0.33012735189235975,0.025925032026688777,0.7514571852348456,0.3511589540685652,0.01694159075669152,-0.0071477172010205045,0.02103160217620543,-0.008983441269997255,0.023960809008366626
1088,0,0.7584185684688384,0.3288242498981635,0.03586832949487756,0.7512414735613003,0.34959175907816403,0.02667034407500797,-0.00717709490753802,0.020767509180000514,-0.00919798541986959,0.02382022385783449
1089,0,0.7568595203775197,0.3276986777454143,0.045690519161577736,0.7496328636842285,0.3484582597721551,0.03648505998800821,-0.007226656693291115,0.020759582026740848,-0.009205459173569524,0.02383118317423468
1090,0,0.7530402269005912,0.32730937958017403,0.054757869990844144,0.7457540704667298,0.3480680654139488,0.04552523607683368,-0.007286156433861438,0.020758685833774777,-0.009232633914010463,0.023859015950248204
1091,0,0.7479550295313864,0.32710829960290777,0.06339471216250814,0.7406116967425654,0.3478703461244679,0.05413420312249197,-0.007343332788820953,0.020762046521560083,-0.009260509040016173,0.023890251984669802
1092,0,0.7331389318725022,0.3357449676191848,-0.012830092115329872,0.7240690024107761,0.35798938294407007,-0.02230075214372581,-0.009069929461726144,0.02224441532488524,-0.009470660028395935,0.025821909978933272
1093,0,0.7360841263849915,0.3331203472289239,-0.008437603885562583,0.7275065589244283,0.3554666618420467,-0.01791706727812471,-0.008577567460563243,0.022346314613122812,-0.009479463392562126,0.025744759982180936
1094,0,0.7437874079001203,0.3277340711479253,-0.001804663044411292,0.7354219146154758,0.3500822764214107,-0.011122615593750535,-0.008365493284644553,0.022348205273485394,-0.009317952549339243,0.0256173378115879
1095,0,0.7483170378927193,0.32364733089077546,0.005510787914193849,0.7402785930869467,0.345771683958197,-0.003655574600955362,-0.00803844480577264,0.02212435306742156,-0.00916636251514921,0.025261151899834484
1096,0,0.7515189582581399,0.3200788402387218,0.014465651256725554,0.7439001140403446,0.34211349157709053,0.00576539511440507,-0.007618844217795247,0.022034651338368755,-0.008700256142320483,0.024885077933582876
1097,0,0.7531694925486525,0.31732821853527593,0.02360648975527546,0.7456093681377247,0.33891618498297305,0.014591026784784671,-0.007560124410927823,0.021587966447697098,-0.00901546297049079,0.024586060054996473
1098,0,0.7527475270419837,0.3153397652026708,0.0334447676949966,0.745177412083372,0.33687561244462194,0.024415928294176575,-0.007570114958611702,0.02153584724195111,-0.009028839400820027,0.024548305396524826
1099,0,0.7510237267837373,0.313865043784884,0.04285137802781169,0.7434272996148288,0.3353742960904551,0.03380432610188998,-0.007596427168908514,0.0215092523055711,-0.009047051925921715,0.024539820476677715
1100,0,0.7476766787319802,0.31385921876939893,0.05244164561803799,0.7400456209428787,0.33534673718592195,0.04336492578463479,-0.007631057789101492,0.021487518416523,-0.009076719833403198,0.024542480184674014
1101,0,0.7428271129024165,0.3143434901305415,0.06118350731816957,0.7345752051262748,0.3360162966418484,0.05152048491381007,-0.008251907776141742,0.021672806511306875,-0.009663022404359504,0.025123266626966487
1102,0,0.7306948702820205,0.33250642911511186,-0.013785698415270609,0.7210480672424718,0.35520008730093766,-0.02357407123571638,-0.009646803039548712,0.022693658185825815,-0.00978837282044577,0.026530645925250045
1103,0,0.7323751432481228,0.32908279738576063,-0.009510841139081294,0.723170294289663,0.3518524927283561,-0.019008684247848878,-0.009204848958459896,0.022769695342595465,-0.009497843108767584,0.026332438057677793
1104,0,0.7382842982026694,0.3211883463703433,-0.0039305504984422646,0.7295254633789207,0.3439525076591835,-0.013220811611681725,-0.00875883482374876,0.022764161288840182,-0.00929026111323946,0.026100444023162004
1105,0,0.7414920470598576,0.31497690432853,0.002855167020610394,0.732752725282129,0.33770024150346784,-0.006394755234158641,-0.008739321777728619,0.022723337174937835,-0.009249922254769035,0.026043940931046995
1106,0,0.7436077178295086,0.3099690632302208,0.011385316452057315,0.734868843572765,0.3326138379289918,0.0021003900701817655,-0.008738874256743535,0.022644774698771027,-0.00928492638187555,0.025987758701937418
1107,0,0.7441360716649501,0.30610460480736634,0.02010028209021897,0.7351935639954442,0.3294643245251006,0.01103008877620641,-0.008942507669505877,0.02335971971773427,-0.009070193314012558,0.026606641190947657
1108,0,0.7434784746186403,0.3034308001363515,0.02983354050147241,0.7349525448315303,0.32595784117250415,0.02053083821009882,-0.008525929787109934,0.02252704103615265,-0.009302702291373591,0.02582052142194579
1109,0,0.7417546743603939,0.30195607871856556,0.0392401508342875,0.7332179575750902,0.3244374202223694,0.029894937158353858,-0.008536716785303707,0.02248134150380382,-0.009345213675933644,0.0257995982126078
1110,0,0.7381001330503931,0.30191592981836113,0.04872308099743905,0.7295409563732965,0.3243639048026582,0.03933337568231076,-0.008559176677096604,0.022447974984297066,-0.009389705315128291,0.025794139880801023
1111,0,0.7337936920187142,0.30311987640263194,0.05767729965311302,0.7245351590249121,0.32554371486082156,0.04727992775024305,-0.00925853299380217,0.022423838458189634,-0.01039737190286998,0.026394209722643676
1112,0,0.727492098737846,0.3305012977489845,-0.014960615366575003,0.7172540239245059,0.353713968060975,-0.024686668148253488,-0.010238074813340131,0.02321267031199046,-0.009726052781678486,0.027170615407250322
1113,0,0.7280501912488775,0.3259638293002247,-0.011111630950773999,0.7179177941716907,0.34959330725923643,-0.020612275409156687,-0.0101323970771868,0.02362947795901173,-0.009500644458382689,0.02740948639193742
1114,0,0.7313356303164358,0.3164584084149622,-0.00649274135659339,0.7215464788394056,0.3401482971174159,-0.015840148148653144,-0.0097891514770302,0.023689888702453712,-0.009347406792059752,0.027283920669711883
1115,0,0.7331137054603092,0.3090988057690218,-0.00024023412500379093,0.7233186496812187,0.3333989974401251,-0.00913956478659316,-0.009795055779090497,0.02430019167110324,-0.008899330661589369,0.027670209959307395
1116,0,0.7334922092584019,0.3029084801818671,0.007649367591905376,0.7236829455258864,0.32723663926492697,-0.001244953690539525,-0.009809263732515486,0.024328159083059846,-0.008894321282444901,0.027698193630994482
1117,0,0.7330631348057002,0.2982793343046408,0.01635403970356375,0.7229523197471351,0.32312885482095466,0.007421973815003497,-0.010110815058565032,0.02484952051631383,-0.008932065888560253,0.02827559110039592
1118,0,0.7315189888439604,0.29517704425262625,0.025766444782896525,0.7215182332921388,0.31978906683148073,0.01665505951191443,-0.010000755551821556,0.024612022578854455,-0.009111385270982094,0.02808530057851617
1119,0,0.7295236261867717,0.2933424852232758,0.03506687663794045,0.7195102756153465,0.3179202579532752,0.025905321307906473,-0.010013350571425175,0.024577772729999465,-0.009161555330033972,0.02807611436967445
1120,0,0.7261406472757133,0.2936621739346368,0.04465598527886311,0.7161534917069431,0.3179004574972135,0.03511783983879441,-0.009987155568770159,0.024238283562576735,-0.009538145440068703,0.02789648517018941
1121,0,0.7224491927605219,0.29493476828834275,0.053824878788686636,0.7123777146237579,0.31847321018609204,0.043581274145173404,-0.010071478136763984,0.02353844189774928,-0.010243604643513229,0.027575792915628727
1122,0,0.7234597378672656,0.3293933714474324,-0.0160442831638255,0.7127663331361508,0.35279943568231165,-0.025772371394922812,-0.010693404731114757,0.023406064234879204,-0.009728088231097309,0.027510515232229527
1123,0,0.7227878573453221,0.32471860745979964,-0.01262464845632355,0.7120561978765476,0.348672670494083,-0.022314409907600946,-0.01073165946877451,0.023954063034283407,-0.009689761451277394,0.027979584124622398
1124,0,0.7229634153170311,0.31420823192713776,-0.008767414378169303,0.7121470437441026,0.3386083321835642,-0.018062070254567585,-0.010816371572928495,0.024400100256426416,-0.009294655876398283,0.02826215516177033
1125,0,0.7221747341629402,0.30656334985692535,-0.003064205707063672,0.7110975725791263,0.3319008206564872,-0.01228849712535417,-0.011077161583813885,0.025337470799561862,-0.009224291418290499,0.029150960317665692
1126,0,0.7207442092708719,0.2998415672346164,0.004182530396700634,0.7096268166740103,0.32524589770268486,-0.005049585035240207,-0.01111739259686165,0.025404330468068472,-0.009232115431940842,0.029226843483897924
1127,0,0.7188844787589661,0.2950514902803274,0.012041114516871454,0.707465385514702,0.32121261750158553,0.0027836375906619155,-0.01141909324426411,0.026161127221258122,-0.009257476926209538,0.03000835128838892
1128,0,0.7166544669080256,0.29154435038550375,0.021549404547472173,0.7049975651352975,0.31783707130690675,0.012040460386151053,-0.011656901772728058,0.02629272092140299,-0.00950894416132112,0.030292087274615728
1129,0,0.7144224903653066,0.29001166954480784,0.03043193917002396,0.702278705449096,0.3162289593660775,0.020236965352627614,-0.012143784916210577,0.02621728982126964,-0.010194973817396345,0.030639113707824992
1130,0,0.7113470047124919,0.2903656821408864,0.040128385238021425,0.6991771331424803,0.3165441582564163,0.02985125526057015,-0.01216987157001161,0.026178476115529894,-0.010277129977451277,0.03064372344111227
1131,0,0.7085420991127304,0.2920667618755912,0.049618132079765565,0.6965841188301795,0.3169892276347227,0.03794987596664573,-0.011957980282550905,0.02492246575913149,-0.011668256113119838,0.030004512871805073
1132,0,0.7196979570497384,0.3296325122845065,-0.01733465018732938,0.7086534620578415,0.3533730802551447,-0.02731189884578751,-0.011044494991896914,0.023740567970638192,-0.009977248658458131,0.028020366307156524
1133,0,0.7173818000045616,0.3247754405267562,-0.01414230175908715,0.7061621914895557,0.34890201573548635,-0.024311343115711606,-0.011219608515005903,0.024126575208730103,-0.010169041356624458,0.028484744138665554
1134,0,0.7144105636752308,0.3145728536006054,-0.011360759850287339,0.7028245508851098,0.3392256611601048,-0.021469993073654874,-0.011586012790121109,0.024652807559499394,-0.010109233223367535,0.029055003171622584
1135,0,0.7114694297134337,0.30668770433736636,-0.0064089131687047884,0.6995134118253689,0.3322148923759823,-0.01645560849490395,-0.011956017888064928,0.025527188038615898,-0.010046695326199163,0.029925236504931004
1136,0,0.7077437109223433,0.30004047990234906,0.00039470285234666225,0.695435465094348,0.32636685216021133,-0.009725021902513908,-0.012308245827995355,0.026326372257862295,-0.01011972475486057,0.0307730339865286
1137,0,0.7046540073774629,0.29511310740918706,0.007823937264218594,0.6918529960989791,0.32162774851976117,-0.002910564279969604,-0.012801011278483765,0.026514641110574125,-0.010734501544188198,0.03133881947962614
1138,0,0.7015723951245045,0.29183919793358104,0.016699655208177733,0.6887256831599968,0.31835207215171674,0.005840314806188509,-0.012846711964507656,0.026512874218135713,-0.010859340401989223,0.03139897739691509
1139,0,0.6988552357188137,0.28992530278826845,0.026094813065186018,0.685990933116825,0.3163998957379867,0.015139082066175546,-0.012864302601988701,0.02647459294971828,-0.010955730999010472,0.03140736211482087
1140,0,0.6960872433242428,0.2903136392690646,0.03589859656025818,0.6822574647514853,0.3168982678781564,0.023124857585044276,-0.013829778572757506,0.02658462860909179,-0.012773738975213902,0.032575660562170386
1141,0,0.6942407483585137,0.2917921769310796,0.04571151463253009,0.6806127325220006,0.3180047977304699,0.032532976898550385,-0.013628015836513033,0.02621262079939028,-0.01317853773397971,0.03234962382499687
1142,0,0.7160290666805363,0.3308718298403077,-0.018211755775555283,0.7048470790028959,0.35473923199139734,-0.028275103294438837,-0.011181987677640476,0.023867402151089595,-0.010063347518883556,0.02821277542445194
1143,0,0.7123751440244807,0.3268540037242227,-0.015452233903522572,0.7008486497370057,0.35103818168043127,-0.02591644826446956,-0.01152649428747497,0.02418417795620858,-0.010464214360946989,0.028761681386327315
1144,0,0.7063859347017365,0.317633868396463,-0.013331963779495581,0.6940533205209588,0.342420812843266,-0.024064006905044184,-0.012332614180777662,0.024786944446802964,-0.010732043125548605,0.029692806152154933
1145,0,0.7013852383805586,0.31050862865892626,-0.008718217652158244,0.6883285814620085,0.336124202280174,-0.019978260905995512,-0.013056656918550064,0.02561557362124771,-0.011260043253837268,0.03087753999127147
1146,0,0.6963217539785894,0.30470064986557244,-0.002347428187316314,0.6829310601919916,0.33091728479247945,-0.013500494233039239,-0.013390693786597836,0.026216634926907022,-0.011153066045722925,0.031480367043562385
1147,0,0.6916227224238877,0.30025268540251204,0.004542801190574874,0.677833578486519,0.32686511214301034,-0.007121004959054062,-0.013789143937368607,0.026612426740498282,-0.011663806149628936,0.03216218464967794
1148,0,0.6877833825631259,0.2972249535377882,0.013512086187194905,0.6735651904417753,0.32379511377226766,0.0006610026528063306,-0.014218192121350556,0.02657016023447944,-0.012851083534388574,0.0327609638150861
1149,0,0.6848296092719047,0.2956129365811293,0.02248934681171111,0.6705302461994476,0.3222003932538301,0.009418843080735578,-0.014299363072457187,0.02658745667270077,-0.01307050373097553,0.032896849459821194
1150,0,0.6827125342531225,0.2957444071045172,0.03250896411023624,0.6683982649505744,0.3218815889180832,0.018887702387923484,-0.014314269302548076,0.02613718181356598,-0.013621261722312756,0.03276567334466083
1151,0,0.6812803427776518,0.29726795699777675,0.04211981875346904,0.6669537797723116,0.3233619457565711,0.028412629194279608,-0.014326563005340145,0.026093988758794373,-0.01370718955918943,0.03277245340986267
1152,0,0.7128314393906163,0.3334818500729284,-0.01887882230684579,0.7012848867802157,0.3569382880840868,-0.029618347980456185,-0.011546552610400614,0.02345643801115836,-0.010739525673610398,0.028264195956195195
1153,0,0.708183175241227,0.33001207975637925,-0.016443630614644433,0.6962334212519234,0.3540654887913509,-0.027292850891000135,-0.011949753989303584,0.024053409034971666,-0.0108492202763557,0.02896668236463094
1154,0,0.6996831868636529,0.32281958497698593,-0.014773434269151398,0.6865837536900398,0.34757379675978073,-0.026197983294848043,-0.01309943317361318,0.02475421178279477,-0.011424549025696645,0.03024709028812456
1155,0,0.6922076423469465,0.31739647206096766,-0.010608602971044545,0.6788752987216045,0.34223618875930223,-0.02229168227088449,-0.013332343625342136,0.024839716698334582,-0.011683079299839942,0.03051650789530269
1156,0,0.6857704614747971,0.3127532526361261,-0.0046717990117156605,0.6719643736890532,0.33849822355151005,-0.016965537059700345,-0.013806087785743978,0.025744970915383983,-0.012293738047984686,0.03169459863405913
1157,0,0.6802418405936895,0.3092024932376374,0.0023096795202293685,0.6658646389396352,0.3351663068933445,-0.011136393551291581,-0.01437720165405435,0.025963813655707105,-0.01344607307152095,0.03258251721390333
1158,0,0.6757156524978376,0.30675714105716967,0.011061971764092793,0.6611962472539842,0.3328273263853525,-0.002712196650658947,-0.014519405243853476,0.026070185328182838,-0.01377416841475174,0.03286632634169788
1159,0,0.6724543859483727,0.3051108002157923,0.019931894961534247,0.6578525103412597,0.3312465989372991,0.005950072776785909,-0.014601875607113063,0.026135798721506776,-0.013981822184748338,0.03304218663561235
1160,0,0.6707516144198489,0.3052872829704256,0.029749448831020264,0.6561422293078291,0.33113880681628916,0.0154247811166668,-0.01460938511201977,0.02585152384586351,-0.014324667714353465,0.032968644552531956
1161,0,0.6698994609474537,0.3062177648329021,0.039886697083123424,0.6553071180450354,0.33201920908155996,0.025542794744696784,-0.01459234290241827,0.025801444248657903,-0.01434390233842664,0.03293020696856733
1162,0,0.71082785427437,0.3365546795712664,-0.019117698079140932,0.6992026816078588,0.3597145308530068,-0.030030132345463624,-0.011625172666511249,0.023159851281740404,-0.010912434266322692,0.028117691451030373
1163,0,0.7053849493119867,0.33464383011950893,-0.01690297598760665,0.6930464495499172,0.35794010883634875,-0.028303327957063983,-0.012338499762069449,0.023296278716839817,-0.011400351969457333,0.028721476345389723
1164,0,0.69475255451054,0.3298495018465717,-0.01588607579899043,0.681506555599574,0.35412957390095334,-0.027915861914380793,-0.013245998910966058,0.024280072054381666,-0.012029786115390366,0.030161136253419207
1165,0,0.6861389450632944,0.32627649963747274,-0.01205021047792898,0.6724603072330242,0.3507947949711112,-0.024787951661095715,-0.013678637830270197,0.02451829533363849,-0.012737741183166734,0.030830212282898083
1166,0,0.6784928198878928,0.32314718884617744,-0.006131812690228056,0.6645837128655553,0.3476774168866986,-0.019328645803617664,-0.013909107022337538,0.02453022804052119,-0.013196833113389607,0.031134414240538845
1167,0,0.6718271164221353,0.3204593106275446,0.000833577568696009,0.657272675070821,0.34590976166319976,-0.013403612770575375,-0.014554441351314321,0.025450451035655155,-0.014237190339271384,0.032592250761857046
1168,0,0.6670283835814518,0.3186413503625767,0.00916681363076377,0.6523320215218108,0.3442771625725989,-0.005359427425249575,-0.014696362059640927,0.02563581221002218,-0.014526241056013346,0.03292703455631836
1169,0,0.6633168826824272,0.31727551101680085,0.018237641307940866,0.6484050948522034,0.3429265708461844,0.003386803517627209,-0.01491178783022376,0.02565105982938353,-0.014850837790313657,0.03317959719071995
1170,0,0.6619575352714484,0.3171608039293048,0.02816369155380516,0.6470644349939076,0.3428102313089497,0.013320697191611058,-0.01489310027754073,0.025649427379644932,-0.014842994362194101,0.033166429449319516
1171,0,0.6617922300341432,0.3175089061075278,0.038517932558664814,0.6469564551753008,0.3428982031389898,0.023614560785718414,-0.014835774858842422,0.025389297031462005,-0.014903371772946398,0.0329670609793582
1172,0,0.7096748872142522,0.34038150817745016,-0.01903687946881899,0.6977814476234774,0.3630889213035423,-0.030202517361433805,-0.011893439590774818,0.022707413126092126,-0.011165637892614816,0.027959828070419652
1173,0,0.70378076555642,0.3397383897483568,-0.016934130601573616,0.6913808989945283,0.3626524583714845,-0.0285232168058246,-0.012399866561891711,0.02291406862312772,-0.011589086204250984,0.028515226645911246
1174,0,0.6926822519299455,0.3381885103973481,-0.015619419049878791,0.6794122577193098,0.3619361039421249,-0.027924600481130785,-0.013269994210635634,0.02374759354477681,-0.012305181431251994,0.029857301210495523
1175,0,0.6834028229773323,0.3368490920449245,-0.01158960294490291,0.6694572658213349,0.3607994303301429,-0.025293458510457306,-0.01394555715599746,0.02395033828521839,-0.013703855565554396,0.030917518104291067
1176,0,0.675541112646123,0.3356728636147004,-0.005678158853023307,0.6613569567747623,0.35971272809677474,-0.01973177410176266,-0.014184155871360841,0.02403986448207436,-0.014053615248739352,0.0312507514095127
1177,0,0.6687316857431603,0.33428704030345013,0.0012825956086865986,0.6541723796205583,0.3587855677802616,-0.013428504880204452,-0.014559306122601982,0.024498527476811464,-0.01471110048889105,0.03207129122592311
1178,0,0.6635176670663291,0.33341129733430197,0.009505017395769033,0.6488565720010292,0.35803901168586433,-0.005420830324972044,-0.014661095065299903,0.024627714351562344,-0.014925847720741077,0.03231490295326078
1179,0,0.6597702353080032,0.33237097171537044,0.018574686123642603,0.6450966781990234,0.35707184272278686,0.0035917177113338264,-0.014673557108979796,0.0247008710074164,-0.014982968412308777,0.032402710522420164
1180,0,0.6585536289883405,0.33194143924755615,0.02819249446269656,0.6439370614000867,0.35663227726189256,0.01328296569694004,-0.014616567588253852,0.02469083801433643,-0.01490952876575652,0.03233536110713958
1181,0,0.6584961163289391,0.3313130002452427,0.03855021231546685,0.6436663033824382,0.35599418030709606,0.022281112820434917,-0.014829812946500924,0.024681180061853398,-0.01626909949503193,0.03307215746898113
1182,0,0.709858703419124,0.3443563206690321,-0.018836112006311967,0.6980088961461998,0.36667681414038383,-0.03004804717554154,-0.011849807272924333,0.02232049347135175,-0.011211935169229574,0.02764651608158094
1183,0,0.7040215413503157,0.3450388926855137,-0.016321260653092085,0.6917025114656078,0.3674793530340594,-0.027985857093280053,-0.012319029884707882,0.02244046034854567,-0.01166459644018797,0.028131753732524786
1184,0,0.6928712123890717,0.34677847448767807,-0.014910801167357879,0.6797254139742753,0.3692029486693503,-0.027782297743065003,-0.013145798414796381,0.022424474181672215,-0.012871496575707124,0.02900593874339162
1185,0,0.6836477606795934,0.3477519761078911,-0.010781760280432096,0.6702399268135839,0.3702085944443432,-0.02413203745037748,-0.013407833866009503,0.022456618336452093,-0.013350277169945385,0.029364938559478592
1186,0,0.675570465192576,0.3485288300387408,-0.004877269884373647,0.6617465617355691,0.37141552808281136,-0.018735208058499035,-0.013823903457006908,0.02288669804407056,-0.013857938174125388,0.03011550604899397
1187,0,0.6684745737610921,0.3487598870151931,0.002387090686932436,0.6545224478982226,0.3718059965474059,-0.011659687121456642,-0.013952125862869565,0.023046109532212793,-0.014046777808389078,0.03038251055232854
1188,0,0.663496186623902,0.3485694953844529,0.010714532002482569,0.6491893444378839,0.37228160397018767,-0.0039599204566160735,-0.014306842186018102,0.02371210858573474,-0.014674452459098642,0.03134149616549358
1189,0,0.6597128240062748,0.3478546834923675,0.019783041781052557,0.6453634960885025,0.371706422407043,0.005024355447947923,-0.014349327917772377,0.023851738914675524,-0.014758686333104634,0.03150599122745669
1190,0,0.658117845055655,0.3470546250664617,0.029604072498449208,0.6433643216726708,0.37072764391476587,0.01378547108383726,-0.014753523382984154,0.02367301884830421,-0.015818601414611947,0.03206721728368069
1191,0,0.658239004346871,0.3457858469569839,0.039654707393712685,0.643043164170368,0.3699457223138183,0.022337975247950555,-0.015195840176502952,0.024159875356834372,-0.01731673214576213,0.03338386358910043
1192,0,0.7109300508853148,0.3477723890145521,-0.01800161350785978,0.6991572666336769,0.36952270049548147,-0.029156521937516396,-0.011772784251637903,0.021750311480929384,-0.011154908429656612,0.027131282325520225
1193,0,0.7059784553860471,0.34987067593909593,-0.015478786526743726,0.6938427762465424,0.37180578578522916,-0.027070554537456583,-0.012135679139504604,0.021935109846133245,-0.011591768010712858,0.027618704490854105
1194,0,0.6959354047502954,0.3547008123599351,-0.013232669593253865,0.6833464904457578,0.37599041677605405,-0.025808107911635424,-0.012588914304537561,0.021289604416118917,-0.012575438318381559,0.02774652534032396
1195,0,0.6874188476597404,0.3577303679953747,-0.008788570120925099,0.6742450295889408,0.3791507075252722,-0.022120322306200826,-0.01317381807079956,0.021420339529897484,-0.013331752185275726,0.028462537561999242
1196,0,0.680120308510249,0.3599122484877615,-0.0025667032408565604,0.6668029284484431,0.38146435663129036,-0.016075682074811765,-0.013317380061805882,0.02155210814352888,-0.013508978833955205,0.02871129544756207
1197,0,0.6739099836483057,0.36155902037227605,0.004705632958345696,0.660409979640089,0.3832490318818431,-0.009267363832118635,-0.013500004008216703,0.02169001150956707,-0.01397299679046433,0.029119604166494874
1198,0,0.669060417818742,0.36204329173341865,0.013447494658477332,0.6555496308944873,0.3839181150105692,-0.0005452033947334258,-0.013510786924254786,0.021874823277150568,-0.013992698053210758,0.029271912399559934
1199,0,0.6653120037145269,0.36199019564155144,0.022204285682326408,0.6518062626396003,0.3839782112768302,0.008216462711694808,-0.01350574107492667,0.021988015635278767,-0.0139878229706316,0.0293519516389959
1200,0,0.6637888864825097,0.36053910976195525,0.03202763429833011,0.6493834311259478,0.38293510775246564,0.016405468477215995,-0.0144054553565619,0.022395997990510393,-0.015622165821114113,0.03087312642029034
1201,0,0.6636744142340846,0.3585849803140677,0.041973249665125945,0.6493296196869747,0.38112566415370736,0.02614920037136193,-0.014344794547109898,0.022540683839639662,-0.015824049293764013,0.03105247324463641
1202,0,0.7133741124757966,0.35101092751862417,-0.01704600720791899,0.7021022762080636,0.3719241841856332,-0.027986149208101482,-0.011271836267732961,0.020913256667009054,-0.010940142000182493,0.026155406788099012
1203,0,0.7089297109151124,0.3541544033931423,-0.014311982220564123,0.6973570958037129,0.3749945516055593,-0.025635818729904978,-0.011572615111399525,0.020840148212416996,-0.011323836509340855,0.026390651210653763
1204,0,0.7011310211895025,0.3612122132527995,-0.011214119566297587,0.6889252894136026,0.38205585476159526,-0.023460145449896018,-0.012205731775899877,0.020843641508795762,-0.012246025883598433,0.027081403757452608
1205,0,0.6946581419828605,0.3664458067888656,-0.006335012656380756,0.6821833645100274,0.38730011324628066,-0.018953050756795056,-0.01247477747283311,0.020854306457415064,-0.012618038100414302,0.027381326781585932
1206,0,0.688339042197124,0.3700563493809801,0.0006209689908863725,0.6755166470695064,0.3909589388111415,-0.012536589960662346,-0.012822395127617634,0.020902589430161447,-0.013157558951548718,0.02782900320274029
1207,0,0.682943404532008,0.3727826341001865,0.008211840623402245,0.6700608142562138,0.39375359708614976,-0.005041236022007159,-0.01288259027579424,0.02097096298596325,-0.013253076645409404,0.02795329070685105
1208,0,0.678743773732344,0.3739972690309825,0.01685665842296241,0.6655809985516514,0.39521509043924263,0.003215584959022362,-0.013162775180692539,0.021217821408260118,-0.01364107346394005,0.02845230185800239
1209,0,0.6751601117950565,0.374293322204152,0.026029028780696517,0.6619787015600693,0.3956545266919876,0.012375472892226777,-0.013181410234987253,0.021361204487835597,-0.01365355588846974,0.02857394304875897
1210,0,0.6733295013047955,0.37280791243983824,0.035745039969625525,0.6602692283030297,0.3942837730055198,0.022044797203172425,-0.01306027300176578,0.02147586056568155,-0.0137002427664531,0.028626560564919402
1211,0,0.6723644110002418,0.3700997838841049,0.04537096095380422,0.6587280501986391,0.39166531968749324,0.030435026285427096,-0.013636360801602711,0.021565535803388304,-0.014935934668377124,0.029565263652075548
1212,0,0.7166836942519857,0.35302674723127847,-0.016180491112728568,0.7058246934783271,0.3738788349646761,-0.026953906866987128,-0.010859000773658681,0.020852087733397622,-0.01077341575425856,0.025861050784098817
1213,0,0.7137048972639175,0.35699286998307667,-0.01291209688860706,0.7026780061248284,0.37745158138860946,-0.02406503204122504,-0.01102689113908903,0.020458711405532785,-0.01115293515261798,0.025778657123417027
1214,0,0.7082933095397657,0.36596352790123277,-0.00927073042037424,0.6967097058921691,0.38608687401153435,-0.02097151237281264,-0.011583603647596539,0.020123346110301567,-0.011700781952438401,0.026000715960105968
1215,0,0.7034148562133657,0.3726944313064653,-0.003442833889109209,0.6919519086260588,0.3924291060554232,-0.015429981306846656,-0.011462947587306923,0.019734674748957896,-0.011987147417737447,0.025778833527742708
1216,0,0.6986322403729589,0.37746382284923374,0.003736957189507062,0.6868905432058345,0.39728829689960987,-0.008641560215654773,-0.011741697167124377,0.01982447405037611,-0.012378517405161835,0.02615539938307934
1217,0,0.6940872207639713,0.3809441066762833,0.011647523204640076,0.6822605260788508,0.40087465425493035,-0.0008404590392574289,-0.011826694685120537,0.01993054757864702,-0.012487982243897505,0.026325788392442692
1218,0,0.6903598353894788,0.38254221475683536,0.020815257765160022,0.6782668158922196,0.4026206676581123,0.007996303265470284,-0.01209301949725914,0.02007845290127689,-0.012818954499689738,0.02671536984462315
1219,0,0.6873911599686787,0.38290691569944,0.030202302977043627,0.6752771863903076,0.4030759878120274,0.017360949533861934,-0.012113973578371058,0.020169072112587387,-0.012841353443181694,0.02680373451578971
1220,0,0.6849814938212315,0.3810273444388459,0.03970479826112666,0.6728504432626043,0.4012797326267253,0.026849048223923134,-0.012131050558627168,0.020252388187879368,-0.012855750037203528,0.02688106999335374
1221,0,0.6837448411177355,0.3779593782715489,0.049224540767534186,0.6710220057547334,0.39892896417226836,0.035809682848387286,-0.012722835363002094,0.02096958590071944,-0.013414857919146896,0.027956260220433748
1222,0,0.7207160551225662,0.35413467353283146,-0.015096823315477903,0.7101146077965375,0.374852133470731,-0.025804178822302837,-0.010601447326028766,0.02071745993789955,-0.010707355506824934,0.025617402164047967
1223,0,0.7188244900761568,0.3585529172038209,-0.011090837476247228,0.7086061126865586,0.3783657233580519,-0.022038316012677948,-0.010218377389598158,0.019812806154231047,-0.01094747853643072,0.024835656030936605
1224,0,0.7164519040751408,0.3681923276960042,-0.006377255686570604,0.7064046001766285,0.3874660197744613,-0.017487302236721708,-0.010047303898512303,0.01927369207845712,-0.011110046550151105,0.024410175261778966
1225,0,0.7138327137884618,0.3751741866407894,-0.00010739802189635439,0.7036624511289737,0.39399200657128847,-0.011579235949015778,-0.010170262659488078,0.018817819930499097,-0.011471837927119423,0.024272364016011343
1226,0,0.7111666198964595,0.38050935910342965,0.007822596096939582,0.700985563938304,0.39944040355777205,-0.003752085795203964,-0.010181055958155443,0.01893104445434242,-0.011574681892143546,0.024413348919386235
1227,0,0.7082658768107053,0.3841719507005976,0.015960448391332316,0.6980647462466577,0.4032286058726817,0.004317407506004161,-0.010201130564047577,0.01905665517208409,-0.011643040885328155,0.024551569648189258
1228,0,0.7051534779527,0.3858387065505866,0.025342857806001762,0.6946272099018904,0.4050917459805139,0.013413045024140462,-0.01052626805080954,0.019253039429927295,-0.0119298127818613,0.024976034100274807
1229,0,0.7025631751628572,0.3865739334512819,0.03452668063954267,0.6920258097131431,0.40589924905631974,0.022563921386241914,-0.010537365449714025,0.01932531560503785,-0.011962759253300759,0.025052175610265452
1230,0,0.6998460157571664,0.3846600383059675,0.04392183849655096,0.6892988569989639,0.4040525475117027,0.03193447071278852,-0.010547158758202538,0.019392509205735185,-0.011987367783762437,0.025119891670714625
1231,0,0.6976868832789391,0.3814891004845178,0.05311956872173429,0.687141502124884,0.4009334940248852,0.04112080067838957,-0.010545381154055074,0.01944439354036743,-0.011998768043344717,0.025164656532426048
1232,0,0.7245846461721082,0.3539062210422843,-0.014115857148087885,0.7151770265976771,0.3740289096677766,-0.024302713039955473,-0.009407619574430984,0.02012268862549226,-0.010186855891867588,0.024437633611653357
1233,0,0.7242664782762186,0.3581705704100191,-0.009572025224179992,0.7148703971571959,0.3779621124637433,-0.020128191609970356,-0.00939608111902269,0.019791542053724208,-0.010556166385790362,0.024319213104541004
1234,0,0.7252183761809706,0.36784908271559136,-0.004402711926680292,0.7160425824267952,0.3871541511778182,-0.015075873119420295,-0.009175793754175472,0.019305068462226842,-0.010673161192740003,0.02389136306694623
1235,0,0.7250950628195426,0.37478001901127556,0.002727004103895314,0.7158068866445727,0.3936455651713958,-0.008229238072835515,-0.00928817617496991,0.018865546160120265,-0.01095624217673083,0.023711142764786405
1236,0,0.7240023660780602,0.3799612971706612,0.01119484430740847,0.7150746951525179,0.3983500006665899,0.00041912603585970293,-0.008927670925542405,0.018388703495928714,-0.010775718271548766,0.02310765736035884
1237,0,0.7226031584242233,0.3841210219182658,0.019868224787871314,0.7137046197225345,0.40254380683808516,0.00908236599230056,-0.008898538701688758,0.01842278491981934,-0.010785858795570754,0.02312828885121782
1238,0,0.7204132393409493,0.38589074942240664,0.029572646483764953,0.7114777326169013,0.40428589652127167,0.01863099806173457,-0.008935506724047951,0.01839514709886503,-0.01094164842203038,0.023193628163694198
1239,0,0.7180236195773354,0.38664961186129343,0.039173207600494475,0.7087290823594903,0.40496126815342004,0.027982626964198135,-0.009294537217845079,0.018311656292126617,-0.011190580636296342,0.023386625948014356
1240,0,0.7153064601716446,0.38473571671598084,0.048568365457502816,0.7058858998495339,0.4038478505875405,0.03719944991743463,-0.00942056032211073,0.019112133871559692,-0.011368915540068185,0.024151042595800087
1241,0,0.7122248479186861,0.3814618072403757,0.057444083401461954,0.7027798895749173,0.40062176567158986,0.046049318954923514,-0.009444958343768824,0.01915995843121416,-0.01139476444653844,0.024210574177277983
1242,0,0.7281467263092956,0.35265621513995615,-0.012929350703748177,0.7188962270975786,0.37280470131364907,-0.023074171000847382,-0.009250499211716987,0.02014848617369294,-0.010144820297099205,0.024381357829659694
1243,0,0.7292372033969982,0.3564175209393987,-0.008263252029048207,0.7202759954512018,0.3761405777193245,-0.018599236256226462,-0.008961207945796398,0.01972305677992582,-0.010335984227178255,0.024002807888587954
1244,0,0.7331361949224502,0.3647773795732059,-0.0021221071413581316,0.724528455521187,0.3841483296127422,-0.012398134500059905,-0.00860773940126316,0.019370950039536323,-0.010276027358701773,0.023556816875610717
1245,0,0.735072443920403,0.3709484063431887,0.005345709443462576,0.7271052396013404,0.3894212312514428,-0.004739703121797367,-0.007967204319062646,0.018472824908254068,-0.010085412565259943,0.02250415853490651
1246,0,0.7356250060480433,0.37532476274562754,0.014353713630260001,0.7277569371867888,0.3937507725228745,0.004292476589305257,-0.00786806886125441,0.018426009777246958,-0.010061237040954744,0.022419920488505784
1247,0,0.735563564005085,0.3786452418515678,0.02345992066693242,0.7274994933588255,0.39701296676447495,0.013079370110187984,-0.008064070646259566,0.01836772491290714,-0.010380550556744438,0.022586685983676802
1248,0,0.7338238792713708,0.38013446786010885,0.032963437883090474,0.7257276286128069,0.3985546519507418,0.022566338021614403,-0.008096250658563859,0.018420184090632955,-0.010397099861476071,0.022648446794175728
1249,0,0.7317776836253019,0.3806021404568689,0.042672495376198216,0.7236516859369158,0.3990710723517656,0.03225991677678059,-0.008125997688386233,0.018468931894896685,-0.010412578599417624,0.022705837946639194
1250,0,0.728717100102066,0.37897943515368215,0.051959156856828226,0.720554463157569,0.39750738671865654,0.041524770132441165,-0.008162636944496985,0.018527951564974374,-0.010434386724387061,0.022776963304966015
1251,0,0.724984570473319,0.37596239163548795,0.060619040997334395,0.7163274807112515,0.3950125981148963,0.049680446222443296,-0.008657089762067437,0.01905020647940837,-0.010938594774891097,0.02361161632980386
1252,0,0.7313443535992155,0.35004619490733635,-0.012262284172457671,0.7224290051120874,0.370562058151939,-0.02232363776282084,-0.008915348487128098,0.02051586324460262,-0.010061353590363168,0.02452783968042208
1253,0,0.7334651030395531,0.35293393118039607,-0.00727069636862282,0.7247571960744316,0.37289983547011163,-0.01755838913794125,-0.00870790696512157,0.01996590428971555,-0.010287692769318428,0.024089449979922357
1254,0,0.7401823668780787,0.35930047315055536,-0.0005721402753240401,0.7322392419397942,0.3787213460419826,-0.010764890631008318,-0.007943124938284555,0.019420872891427243,-0.010192750355684278,0.023327145077430146
1255,0,0.7438357364637568,0.3640155507099019,0.007438158191387989,0.7361567527071782,0.38331499145084336,-0.0027674625545114247,-0.007678983756578628,0.01929944074094148,-0.010205620745899414,0.023142815283712627
1256,0,0.7458688052935917,0.3672378360903572,0.016570747027584654,0.7383760206455061,0.3859487998618035,0.006536030863085908,-0.007492784648085587,0.01871096377144631,-0.010034716164498745,0.02251527293951854
1257,0,0.7468376356032687,0.3696847456699155,0.026002443193391844,0.7392966303875196,0.3883439833847804,0.01601432312658375,-0.007541005215749124,0.018659237714864902,-0.009988120066808093,0.022467675763922862
1258,0,0.746092292362888,0.3706259158789198,0.03583029058938114,0.7384839406303065,0.3892837370866876,0.02586030792957742,-0.007608351732581502,0.018657821207767808,-0.009969982659803723,0.022481144600408873
1259,0,0.7440820275761205,0.3707680747488338,0.045540507031792465,0.7364103339026822,0.38943635717107733,0.035575877574368295,-0.0076716936734383505,0.01866828242224355,-0.00996462945742417,0.022508964717185175
1260,0,0.7408207610266557,0.3691217339074564,0.05441043022923392,0.7330261148196876,0.3879182942755257,0.04417658048578704,-0.0077946462069680865,0.018796560368069343,-0.010233849743446877,0.022777156796530265
1261,0,0.7366020661890476,0.36671070561170716,0.0632700599001721,0.7284768902290469,0.3863467542838517,0.05282353413392138,-0.008125175960000572,0.01963604867214454,-0.010446525766250717,0.023679585984994346
1262,0,0.7336554319737055,0.34700768929371595,-0.011916070973087778,0.7248699443654366,0.3677812969848977,-0.021950248314573824,-0.008785487608268954,0.020773607691181733,-0.010034177341486044,0.024686277239441435
1263,0,0.7366417015997506,0.348672706775357,-0.007014573374003186,0.728100169672337,0.3693625152790207,-0.01710091643719923,-0.008541531927413604,0.020689808503663705,-0.010086343063196043,0.024551176346028387
1264,0,0.7448763853456614,0.35257243446962416,0.00012260402202279863,0.7373150696652623,0.372632130634099,-0.010074910451042614,-0.0075613156803991275,0.020059696164474814,-0.010197514473065413,0.023739296671512276
1265,0,0.7500112439794235,0.35514621147992287,0.008570364842158562,0.743041784365575,0.3747948985311018,-0.001930399110983319,-0.006969459613848521,0.019648687051178938,-0.010500763953141881,0.023343314112264275
1266,0,0.7532173262532096,0.357180101953678,0.01772020090067966,0.7458732244486403,0.37670295781762875,0.007555385884488777,-0.007344101804569212,0.019522855863950726,-0.010164815016190884,0.02320347380703699
1267,0,0.7552523597748227,0.35842792828000825,0.027478545144925204,0.7483735933050936,0.3774328580829675,0.017954461661842367,-0.006878766469729166,0.01900492980295927,-0.009524083483082837,0.022343073896695837
1268,0,0.7545788782530448,0.3587180710353213,0.03730871043952155,0.7473048073969407,0.37829849030044377,0.02754182203273936,-0.007274070856104101,0.019580419265122512,-0.009766888406782193,0.023058556645378744
1269,0,0.7529479684431236,0.35824352633626333,0.04712858220761468,0.7454085432765215,0.3773052512756592,0.03713082523874761,-0.007539425166602066,0.019061724939395903,-0.009997756968867063,0.02280674097534565
1270,0,0.7492005366847978,0.3572032007173309,0.05619825093548819,0.7413223844958511,0.3770038250924927,0.0460708265591863,-0.007878152188946691,0.019800624375161755,-0.010127424376301897,0.023594379247103944
1271,0,0.7446024868703434,0.3554088759905554,0.06494822528074456,0.7365578911308378,0.37511083869626766,0.054544692136086335,-0.008044595739505576,0.019701962705712308,-0.010403533144658228,0.023687894734681515
1272,0,0.7115327842015149,0.3405851926406216,-0.01942839490178694,0.6999552202041471,0.36336231454147616,-0.03040974190109145,-0.011577563997367738,0.022777121900854548,-0.010981346999304508,0.02781056008279351
1273,0,0.723564583407502,0.33137851884808533,-0.016979439427988297,0.7128945657445696,0.3546763425547233,-0.026733047411823304,-0.010670017662932437,0.023297823706637955,-0.009753607983835007,0.02741843786752268
1274,0,0.7331770599483903,0.34299629407227705,-0.01325971585808583,0.7243529494571709,0.3640618939139999,-0.0232459559743692,-0.008824110491219499,0.021065599841722866,-0.009986240116283369,0.0249268813595466
1275,0,0.7212161401151168,0.35253916993818457,-0.016019231137301804,0.7106005115260637,0.3733696067693852,-0.0267158356842316,-0.010615628589053079,0.0208304368312006,-0.010696604546929795,0.02571023177166551
1276,0,0.7317664502730198,0.34547379669469613,-0.014007738016926952,0.7228573744691154,0.3663561528780304,-0.0240227046130213,-0.008909075803904402,0.02088235618333426,-0.010014966596094348,0.024814189234553665
1277,0,0.7189707968590857,0.3512987260264291,-0.017183854562102974,0.7082006377243526,0.37226696387681957,-0.02791698559238307,-0.010770159134733075,0.020968237850390502,-0.0107331310302801,0.025901031409022782
1278,0,0.7132278937136284,0.3384652687846277,-0.019609734260590983,0.7016953499959095,0.36141798291768784,-0.030508020131064007,-0.011532543717718885,0.022952714133060163,-0.010898285870473024,0.027903392008672152
1279,0,0.7261303573595772,0.3326510277994208,-0.016743018571528823,0.7156167567565078,0.3557581066507993,-0.02648442843110108,-0.010513600603069401,0.023107078851378516,-0.009741409859572257,0.02719132134959346
1280,0,0.7236900059647562,0.35182427264372773,-0.015883194012095814,0.7139876702008874,0.3723796741928341,-0.02626402748792192,-0.009702335763868806,0.020555401549106338,-0.010380833475826108,0.02498842843743245
1281,0,0.712582120592094,0.34333728634078486,-0.01931771764403012,0.7010778240923701,0.365655219536732,-0.030270264904763377,-0.011504296499723963,0.02231793319594717,-0.010952547260733258,0.027393380068748675
1282,0,0.7214111482539067,0.33212548118212215,-0.018043679121535927,0.7104631645039756,0.3556416159941873,-0.028039871560663423,-0.01094798374993116,0.02351613481206515,-0.009996192439127496,0.027799115237144668
1283,0,0.732412223394554,0.34060177913853895,-0.01429975463348776,0.7232929990750652,0.36217189424647694,-0.02435861837712771,-0.009119224319488868,0.021570115107937986,-0.01005886374363995,0.025487464718405517
1284,0,0.7299056062480894,0.348231800812715,-0.014554855696032432,0.7207064693434136,0.36877220984101783,-0.024682696210061174,-0.009199136904675722,0.020540409028302817,-0.01012784051402874,0.024680066375894386
1285,0,0.7164189426907001,0.3490367287028935,-0.018142937709954343,0.7055003101065941,0.37021658373530847,-0.02891174872205926,-0.010918632584105931,0.021179855032414995,-0.010768811012104917,0.02614899782621213
1286,0,0.715302358202588,0.33572864135966185,-0.01968141829371317,0.7040723773513506,0.35886771959858926,-0.030160201218015666,-0.011229980851237336,0.023139078238927406,-0.010478782924302495,0.027772905919997183
1287,0,0.7288249526192788,0.33459819974263816,-0.01609217733048779,0.7190649780414384,0.3568101242291612,-0.026128462125470965,-0.009759974577840414,0.022211924486523052,-0.010036284794983178,0.026255546188207628
1288,0,0.7270514030757146,0.35055063120320806,-0.015113425850944662,0.7177281039618321,0.3709118106719128,-0.02526560942736071,-0.009323299113882546,0.020361179468704766,-0.01015218357641605,0.024587972000410675
1289,0,0.713938950240917,0.3461237039256657,-0.01909970295919866,0.7027495657716577,0.36804638931340067,-0.02985049662855732,-0.011189384469259333,0.02192268538773496,-0.010750793669358662,0.026858630343553114
1290,0,0.718156561374963,0.3334098109691688,-0.01912284813880094,0.7070853207146153,0.3569625489886942,-0.029193922766498723,-0.011071240660347698,0.023552738019525395,-0.010071074627697782,0.02790574102460623
1291,0,0.7311981348370471,0.33750053617333897,-0.01482601122512961,0.721646827425966,0.3594908129569149,-0.024881343220957905,-0.00955130741108112,0.021990276783575884,-0.010055331995828297,0.025998258553710435
1292,0,0.728771172592731,0.3398621199499381,-0.016622184804497286,0.7190640986057024,0.36175720776042697,-0.026721328484196713,-0.009707073987028605,0.021895087810488854,-0.010099143679699425,0.025992592380943418
1293,0,0.7263271110022493,0.336623581445866,-0.01757779110443808,0.7161941059770276,0.35916934109682414,-0.027382980105670137,-0.010133005025221695,0.022545759650958126,-0.009805189001232058,0.026591931115092445
1294,0,0.7237043774611503,0.3340253820489565,-0.01822631444687206,0.7130700617497713,0.3571496607556178,-0.028011525975030368,-0.010634315711379053,0.02312427870666131,-0.009785211528158307,0.027268503827739345
1295,0,0.7308368615522557,0.3427301324959213,-0.015463356126213912,0.7212859195267358,0.36439790091012736,-0.025576957331140928,-0.009550942025519864,0.02166776841420601,-0.010113601204927016,0.02574873998778982
1296,0,0.7280535377525942,0.34538516495978655,-0.016332486086543585,0.7183658530447702,0.36688842313633657,-0.026491187131881908,-0.009687684707824027,0.021503258176550008,-0.010158701045338323,0.025679574648621622
1297,0,0.7261305898843856,0.34220232703348596,-0.01779955667163735,0.7162908129138099,0.363989837787499,-0.027944006548636543,-0.009839776970575701,0.021787510754013032,-0.010144449876999192,0.025969726586813624
1298,0,0.7233790350356601,0.33892946464469453,-0.018862500398652837,0.7127570332405572,0.36141169633591735,-0.029136197025364026,-0.010622001795102951,0.022482231691222807,-0.010273696626711189,0.0269040239802653
1299,0,0.7206854221218477,0.33599506317441286,-0.019200463935669432,0.7099399765129351,0.35908276826588736,-0.029061181406474304,-0.010745445608912607,0.023087705091474536,-0.00986071747080487,0.027308249243846353
1300,0,0.719250152441574,0.3470411531941089,-0.018621066499761862,0.7085416115156425,0.3686968692857149,-0.029143401512217094,-0.010708540925931386,0.021655716091606006,-0.010522335012455232,0.026350757528331742
1301,0,0.716770159991791,0.3441281284168811,-0.01957783174900618,0.70566289423918,0.3662042556596337,-0.03027036770399391,-0.011107265752610845,0.022076127242752576,-0.01069253595498773,0.026926883809420456
1302,0,0.7148342746857819,0.34094754933571814,-0.020009362338683667,0.7036318397206094,0.3636052890365625,-0.030602790782184523,-0.01120243496517246,0.022657739700844344,-0.010593428443500854,0.02740599284258298
1303,0,0.721930827917586,0.3499778135095273,-0.017247562967329044,0.7115418036560159,0.3711083706229345,-0.027691601297985997,-0.010389024261570028,0.02113055711340722,-0.010444038330656952,0.025758691847271413
1304,0,0.722625469336222,0.3447780233813873,-0.018573960630002606,0.7120494162621426,0.36657901961830536,-0.029017996948739903,-0.01057605307407939,0.021800996236918058,-0.010444036318737299,0.026385871791073403
1305,0,0.7174877948319278,0.33860508340703355,-0.019867530466959993,0.7063661102683642,0.36143132687274687,-0.030370324855896573,-0.011121684563563702,0.022826243465713335,-0.010502794388936582,0.027477953858752104
1306,0,0.7253061448122341,0.3477146836968057,-0.017200457097569732,0.7154916216564052,0.3690785130398208,-0.027393002942085142,-0.009814523155828815,0.02136382934301512,-0.01019254584451541,0.025624715798742478
1307,0,0.7201814077457402,0.34153948487731434,-0.019529566929943343,0.7094548284967825,0.3636522132978044,-0.029983085082289005,-0.01072657924895769,0.02211272842049007,-0.010453518152345662,0.026707832228466975
1308,0,0.7371356599921575,0.3434492811090264,-0.008757709319865414,0.7286163229011114,0.3645673857400644,-0.01877501829473183,-0.008519337091046074,0.021118104631038036,-0.010017308974866416,0.02487769938672551
1309,0,0.7368589533389607,0.3384742918987138,-0.009371738217650416,0.7283514018889687,0.3602690308606502,-0.01910246732621053,-0.00850755144999196,0.021794738961936427,-0.009730729108560111,0.02533922191144371
1310,0,0.7351736017021716,0.3340023462566952,-0.01010803386622755,0.7265283288590411,0.3559549637716922,-0.019740935918574964,-0.008645272843130545,0.021952617514996997,-0.009632902052347413,0.025484327737690913
1311,0,0.73184299119626,0.33033532237162255,-0.011384493498088954,0.7225824303785685,0.3531016487670162,-0.020880860813291338,-0.009260560817691405,0.022766326395393662,-0.009496367315202382,0.02634852171156863
1312,0,0.7277896015959571,0.3275761918976494,-0.01287910483201049,0.7176446334861191,0.35095273362422663,-0.022668586396345038,-0.010144968109837971,0.023376541726577233,-0.009789481564334545,0.027298663526672543
1313,0,0.7231422542088891,0.32639961782666127,-0.014177447483410544,0.7122583176309941,0.3500661263714385,-0.02408125585473894,-0.010883936577894972,0.023666508544777264,-0.009903808371328395,0.027868425186717134
1314,0,0.7183511833846161,0.3265250986630539,-0.0154804259320247,0.7071570159227647,0.3506220332732779,-0.02561535281217961,-0.011194167461851427,0.02409693461022402,-0.010134926880154911,0.02843744689031475
1315,0,0.7136879515220801,0.32831247201839275,-0.016681861700081846,0.7023493168058694,0.3526261508389897,-0.0268519374596456,-0.011338634716210631,0.02431367882059693,-0.010170075759563751,0.028690591767582395
1316,0,0.7098394068563716,0.3311793582084217,-0.017564762034825432,0.6981899826279861,0.35515553637458125,-0.02817491348047188,-0.011649424228385469,0.02397617816615957,-0.01061015144564645,0.028690442973364403
1317,0,0.7071130426457338,0.335160081117861,-0.018021789509180597,0.6948505669441809,0.35841709691187573,-0.02933727564256082,-0.012262475701552934,0.023257015794014728,-0.011315486133380221,0.02862337017908525
1318,0,0.7058522830077121,0.33996345090458213,-0.017944447746769288,0.6935381885225042,0.362829772615537,-0.0294341114963384,-0.012314094485207903,0.022866321710954856,-0.011489663749569114,0.028399259931513633
1319,0,0.7062357998929237,0.344949128461419,-0.017639819705098092,0.6939979790523965,0.3673510869045419,-0.029181106842304003,-0.012237820840527271,0.0224019584431229,-0.011541287137205912,0.028014519624574748
1320,0,0.707814341297698,0.3494103857569115,-0.01659412320040704,0.6959005746846274,0.37098817185314276,-0.027962796525465752,-0.011913766613070649,0.021577786096231247,-0.011368673325058712,0.027143791571873833
1321,0,0.710837458545366,0.35304308575726573,-0.01542500099562033,0.6995025961383914,0.37383076138028193,-0.02645080957763299,-0.011334862406974613,0.02078767562301621,-0.01102580858201266,0.026118480401431717
1322,0,0.71469016511944,0.35577858069304735,-0.014347127944887517,0.7036757042097336,0.3762719549695287,-0.025421129204468727,-0.011014460909706406,0.020493374276481364,-0.011074001259581212,0.025766843855323157
1323,0,0.7195381955327368,0.3569787903022279,-0.012632047010298852,0.709383063672634,0.37716986224476834,-0.02354676215215016,-0.010155131860102702,0.020191071942540422,-0.010914715141851307,0.025098547685327814
1324,0,0.7243292663570099,0.3568533094658344,-0.011329068561684641,0.7149054060687166,0.37667716196942114,-0.02180514093236162,-0.00942386028829332,0.01982385250358675,-0.010476072370676978,0.02432164392332262
1325,0,0.7289924982195458,0.35506593611049553,-0.01012763279362755,0.7199896346811444,0.374818729083492,-0.020361529194509037,-0.00900286353840142,0.019752792972996494,-0.010233896400881489,0.02399910451806718
1326,0,0.7328769737445557,0.3518735361936205,-0.009243573509580438,0.7241104274586897,0.3718870227989306,-0.019500100831713236,-0.008766546285866062,0.0200134866053101,-0.010256527322132798,0.024136866668911593
1327,0,0.7357101481872081,0.34790350163070904,-0.00909594689133908,0.7270788180719541,0.368635568600705,-0.01915621899875708,-0.008631330115254132,0.020732066969995994,-0.010060272107417998,0.02460746909542272
1328,0,0.7282116102490007,0.34280364359639925,-0.0059678145379520875,0.7190728274347279,0.36422920302389783,-0.016204199091805836,-0.009138782814272826,0.02142555942749857,-0.010236384553853749,0.025443182128855206
1329,0,0.7351450778972793,0.3432394259896032,-0.005985713039950935,0.72661228201307,0.3643942460670127,-0.016062500734162287,-0.008532795884209339,0.02115482007740948,-0.010076787694211354,0.02493745512965099
1330,0,0.746118080945739,0.3441434014563587,0.00026007413098944054,0.7385488994059666,0.36500440792975547,-0.009641498604329788,-0.007569181539772352,0.020861006473396764,-0.009901572735319228,0.024300519395641512
1331,0,0.7516112658266249,0.34444927072526443,0.008406546740136078,0.7443562255487083,0.3649274185289712,-0.0015380941380829048,-0.007255040277916618,0.020478147803706746,-0.009944640878218983,0.02389322140485447
1332,0,0.7548552436514906,0.3441831884180475,0.018183297156009637,0.7478531030824518,0.3646690866257645,0.008668451872632807,-0.007002140569038827,0.020485898207717023,-0.00951484528337683,0.023648134782517653
1333,0,0.757140810842324,0.3441396481835213,0.027636876341355476,0.7500983546484415,0.3646389483492529,0.018262240228288065,-0.007042456193882433,0.02049930016573163,-0.009374636113067412,0.0236157002602071
1334,0,0.756953494529407,0.34382377571638845,0.03726729610551982,0.7498378402139524,0.3643612229336204,0.027946903028252288,-0.007115654315454568,0.020537447217231927,-0.009320393077267532,0.02364929177908741
1335,0,0.7552646427845727,0.343010770098819,0.04636218768361394,0.7480775740113513,0.3635891785541663,0.03706066885331319,-0.007187068773221399,0.020578408455347294,-0.009301518830300752,0.023699010626111856
1336,0,0.7518955836572039,0.34234097043797895,0.05522863403314482,0.744639137513849,0.3629540279779581,0.04592484357430286,-0.007256446143354805,0.02061305753997917,-0.00930379045884196,0.02375109826260545
1337,0,0.7469890582386165,0.34149955135354837,0.063558393247302,0.7392628307125769,0.36183423278460053,0.053759524316193,-0.007726227526039609,0.02033468143105218,-0.009798868931109003,0.023858157787548556
1338,0,0.7281556330058662,0.34049072362376176,-0.006067039319902046,0.7186934311432274,0.3622842617604045,-0.01629885994433341,-0.009462201862638821,0.021793538136642737,-0.010231820624431363,0.025868546961380842
1339,0,0.7348324403847811,0.3385899505061376,-0.0066009008870394625,0.7263175409059872,0.36039127127102366,-0.016434525236527442,-0.008514899478793947,0.021801320764886067,-0.00983362434948798,0.02538702952442961
1340,0,0.7459999998593262,0.3358896394393991,-0.0007591035569488036,0.7382387544057869,0.35754825890601627,-0.01043600203215182,-0.007761245453539332,0.021658619466617204,-0.009676898475203016,0.02495946899052945
1341,0,0.7514372074970774,0.33388258873567,0.0072881442702478205,0.7438306881372747,0.35511801997318954,-0.002277923957084262,-0.007606519359802775,0.021235431237519517,-0.009566068227332082,0.024501272169918983
1342,0,0.7549676498504644,0.3319996261407523,0.016761288576525257,0.7477744514391648,0.35309521068429944,0.007671016699989219,-0.007193198411299611,0.021095584543547128,-0.009090271876536039,0.02407070487974147
1343,0,0.7570894472202591,0.3306197071141259,0.026112166132010506,0.7499270787035766,0.35141399265548656,0.01687384132552566,-0.007162368516682497,0.020794285541360636,-0.009238324806484847,0.023854737038469277
1344,0,0.7570458543445474,0.32900177973961053,0.03574722169338895,0.7498494892312355,0.3497751330836295,0.0265292810519002,-0.007196365113311854,0.020773353344018974,-0.00921794064148875,0.023838840359161062
1345,0,0.7555576856259422,0.3282124096602326,0.04525885155467174,0.7483174853564212,0.34897299747831617,0.036036118709142584,-0.0072402002695209616,0.020760587818083605,-0.009222732845529154,0.023842846047297604
1346,0,0.7517383921490137,0.3278231114949923,0.05432620238393815,0.7444398491352837,0.34858263933682077,0.04507942171861951,-0.007298543013730029,0.020759527841828437,-0.009246780665318638,0.02386901085113139
1347,0,0.7471743085020822,0.32767773209549755,0.06245158027044917,0.7398247441408489,0.3484393181817538,0.05318189383800283,-0.007349564361233343,0.02076158608625625,-0.009269686432446342,0.023895326732916215
1348,0,0.727048354680374,0.33740016900508873,-0.006902696767657701,0.7174638551815662,0.3593984621626474,-0.017105773135800965,-0.00958449949880775,0.021998293157558694,-0.010203076368143263,0.02607470613185704
1349,0,0.7332179681207055,0.33445420693749117,-0.007647756341034095,0.7245428275340214,0.3563818580227048,-0.017383983470669735,-0.008675140586684019,0.02192765108521362,-0.009736227129635639,0.02551223363473797
1350,0,0.7431005596650303,0.32831645083217964,-0.002021655797167843,0.7347368777587957,0.3506636605031347,-0.011378598983120283,-0.00836368190623463,0.022347209670955062,-0.00935694318595244,0.025630086634489666
1351,0,0.7475233794256144,0.3242190222285046,0.005603196017551104,0.7394785369458329,0.3463377924189243,-0.00359382434664466,-0.008044842479781511,0.02211877019041969,-0.009197020364195764,0.025269441403413084
1352,0,0.7502041860687622,0.3205948309986777,0.015069523645235838,0.7421770424669651,0.3425898491027469,0.005884146972403442,-0.008027143601796995,0.021995018104069227,-0.009185376672832396,0.02515128228190398
1353,0,0.7519615305912892,0.31785489764175967,0.02390096128767194,0.7443833669640826,0.339442048178505,0.014860420574058165,-0.007578163627206698,0.02158715053674532,-0.009040540713613775,0.024600101801645673
1354,0,0.7516463753166351,0.3158771326556806,0.03342983837127922,0.7440622289223695,0.33741379609892147,0.024383469364761497,-0.007584146394265662,0.021536663443240827,-0.009046369006517724,0.02455980335831627
1355,0,0.7499934544311023,0.31473861331126685,0.04252588889867692,0.7423870319059096,0.33624629589949906,0.033463289816220695,-0.007606422525192731,0.021507682588232185,-0.009062599082456223,0.02454727634743296
1356,0,0.7464816542124174,0.3143836390307442,0.05170057715501808,0.7382712302635414,0.33606116288938537,0.04206302406453187,-0.008210423948876068,0.021677523858641183,-0.009637553090486207,0.025103954501914147
1357,0,0.7417388986148686,0.31487859873841284,0.060133037999035854,0.7334790844651958,0.3365551076683795,0.05046382481484844,-0.008259814149672817,0.02167650892996663,-0.009669213184187411,0.025131439528592904
1358,0,0.7245893909603134,0.33613834840028023,-0.007448518480231148,0.7148088573732497,0.3582746058679302,-0.01766517615482907,-0.00978053358706365,0.022136257467649977,-0.010216657674597923,0.02626885657887854
1359,0,0.7303955338992666,0.3308451424753276,-0.008400140262632139,0.7211360571955397,0.35355767726911336,-0.018005010684455265,-0.009259476703726835,0.02271253479378578,-0.009604870421823128,0.026341045564020466
1360,0,0.7375974499675794,0.32177072605459767,-0.004147543251198815,0.7288242144077167,0.3445336377904499,-0.013461434442691544,-0.008773235559862624,0.02276291173585218,-0.00931389119149273,0.0261126096361509
1361,0,0.7409699509916953,0.3159084332778219,0.0030537536017388733,0.7322341329196226,0.3386139229438667,-0.0062242826678447286,-0.008735818072072677,0.022705489666044784,-0.009278036269583602,0.026037199069464573
1362,0,0.7425645080390731,0.31084489160174034,0.012095367318338823,0.733818976071568,0.3334723707204102,0.0027790731809145507,-0.00874553196750514,0.022627479118669854,-0.009316294137424273,0.025986159337530054
1363,0,0.743507165364773,0.3070254454101322,0.020608269527461365,0.7349852927556736,0.32960344888110427,0.011337046138298947,-0.008521872609099465,0.022578003470972035,-0.009271223389162418,0.025852352632452953
1364,0,0.7423413920339904,0.30429368131620826,0.029817452228451446,0.7338055829273875,0.3268195448881276,0.020500366747399475,-0.00853580910660294,0.022525863571919318,-0.009317085481051974,0.0258279431745216
1365,0,0.7407244020077589,0.3028296482449475,0.03891466170515273,0.7321796762067803,0.3253111723958781,0.029559129073421314,-0.008544725800978684,0.022481524150930566,-0.009355532631731419,0.02580614767814399
1366,0,0.737448233328715,0.3031600253028355,0.04819436948996153,0.7288873393937068,0.32560326848212107,0.03879567720240594,-0.008560893935008244,0.02244324317928561,-0.009398692287555592,0.025793865280084875
1367,0,0.7332845333883523,0.3040491465067854,0.05684034623882528,0.7240240038837293,0.3264716925402578,0.04643865947533109,-0.009260529504622968,0.022422546033472424,-0.01040168676349419,0.026395512210507163
1368,0,0.7228881548480562,0.33463035018458953,-0.008087907245465376,0.7129527998786002,0.3569338335536077,-0.01830848729142388,-0.009935354969456077,0.022303483369018162,-0.010220580045958504,0.026469168956297258
1369,0,0.7263421442989637,0.32808601200135534,-0.00989475159655362,0.7161975127630318,0.351414726019914,-0.01977808248360597,-0.010144631535931937,0.0233287140185587,-0.009883330887052351,0.027291439613594683
1370,0,0.7309562753395894,0.317075111983935,-0.006602396682275191,0.7211582229075009,0.3407608326626244,-0.015966543231108354,-0.009798052432088478,0.02368572067868942,-0.009364146548833163,0.02728923663496058
1371,0,0.7322841161339032,0.3099960108335962,-0.00014898497095006125,0.7224782442762461,0.3342781660258579,-0.009080526297998937,-0.009805871857657092,0.024282155192261762,-0.008931541327048875,0.027668585329695808
1372,0,0.7324489994679664,0.3037843085533867,0.008359418458186885,0.7225429378570194,0.3281511804301869,-0.0007257072966596438,-0.009906061610946992,0.02436687187680022,-0.009085125754846528,0.027828295163046746
1373,0,0.7321267352472794,0.2991658510226882,0.01675468971373134,0.7220101797086593,0.32400011133004525,0.007799735309706202,-0.010116555538620123,0.024834260307357015,-0.008954954404025139,0.028271476603773688
1374,0,0.7306893995175543,0.2960742493172006,0.02585769393695031,0.7206848340617117,0.3206743507192993,0.01672983051085429,-0.010004565455842636,0.024600101402098683,-0.009127863426096021,0.028081563519135447
1375,0,0.728764916233079,0.2945758923612214,0.034847565986576845,0.7187509348554111,0.31913968139831506,0.02567076675702002,-0.010013981377667906,0.02456378903709367,-0.009176799229556824,0.02806907905490876
1376,0,0.725796240812279,0.29494059330382694,0.044234611198460394,0.7157527912202752,0.3185059605446081,0.034050307121056674,-0.01004344959200375,0.023565367240781173,-0.010184304077403722,0.027566600487565106
1377,0,0.7222115965291024,0.29622387600406075,0.05309410385217006,0.7121403483738745,0.319757407128047,0.04284402713163826,-0.010071248155227917,0.02353353112398626,-0.010250076720531794,0.027573922451196522
1378,0,0.7205360013600105,0.333379217926308,-0.008943129814152628,0.7098386253996554,0.356261302514925,-0.019330313203029054,-0.010697375960355129,0.02288208458861701,-0.010387183388876425,0.027311485245441306
1379,0,0.7219663593108382,0.3272692755419291,-0.011086915770182504,0.7110898961971795,0.35086327224818237,-0.021126689487623265,-0.010876463113658679,0.023593996706253305,-0.010039773717440761,0.02785266929281436
1380,0,0.7228915535984285,0.3148592593808299,-0.008769732276776354,0.7120780398455088,0.33924556594928645,-0.018080318839598545,-0.010813513752919755,0.024386306568456504,-0.00931058656282219,0.02825439877044165
1381,0,0.7219601313530216,0.30752920269093487,-0.0027582816988603875,0.7108883982248198,0.3328327764238466,-0.012014868272100224,-0.011071733128201904,0.025303573732911734,-0.009256586573239836,0.02912968439765368
1382,0,0.7203868653696371,0.30112224544894595,0.004796696311714199,0.70927417542141,0.326486635705532,-0.004473343574233587,-0.011112689948227103,0.02536439025658604,-0.009270039885947786,0.02920235967282246
1383,0,0.7185630657170329,0.29600665476780996,0.0126564393811886,0.7070472998115951,0.3221752598456053,0.003327659072958015,-0.011515765905437814,0.02616860507779534,-0.009328780308230585,0.03007382413571129
1384,0,0.7165107434708203,0.2928464052928854,0.021544768750258014,0.7048602669059276,0.3191124681942749,0.012020587682550878,-0.011650476564892669,0.02626606290138949,-0.009524181067707136,0.03027126838339176
1385,0,0.7142787669281013,0.2913137244521895,0.0304273033728098,0.7021411651745237,0.3175081970408633,0.020220310347168584,-0.012137601753577535,0.026194472588673814,-0.010206993025641218,0.03062114428222304
1386,0,0.7113100915073014,0.29167842539479505,0.039814348584693404,0.6991459083098682,0.31783808012203885,0.029528456878478625,-0.012164183197433133,0.026159654727243794,-0.010285891706214778,0.030628327680454592
1387,0,0.7086479269988559,0.2930646797491816,0.04899585351962721,0.6968472530854484,0.3179081613951853,0.03776103558672311,-0.01180067391340758,0.024843481646003716,-0.011234817932904097,0.029709857271474818
1388,0,0.7181689457423859,0.3341048035672918,-0.009388567795472536,0.7071520333388825,0.3572030641643593,-0.01995630645683983,-0.011016912403503328,0.023098260597067526,-0.010567738661367293,0.027687164931272122
1389,0,0.7175895919768235,0.32743976860956714,-0.012591957647835827,0.7064064431439894,0.351488994576734,-0.022892091294804337,-0.011183148832834106,0.024049225967166864,-0.01030013364696851,0.028452079723327514
1390,0,0.7146461952148719,0.31525820493901424,-0.011255740321819696,0.7030752818284681,0.3398924952752605,-0.021374614596897698,-0.011570913386403793,0.024634290336246246,-0.010118874275078004,0.02903663054765427
1391,0,0.7115623201617589,0.30768788105609346,-0.0059956517334268655,0.6996179238113781,0.3331770111644824,-0.01607229479616088,-0.011944396350380762,0.025489130108388918,-0.010076643062734017,0.029898212208610622
1392,0,0.7080013535375962,0.30138980588611375,0.0012235436215097262,0.6957154262924441,0.3276556783518588,-0.008925594107163249,-0.012285927245152104,0.026265872465745098,-0.010149137728672975,0.03072206147535563
1393,0,0.7046400875937733,0.2961025957813872,0.008546599555610435,0.6918476291720728,0.3225790881311002,-0.0022119291893404926,-0.012792458421700487,0.026476492349713006,-0.010758528744950927,0.03131130116062381
1394,0,0.7019727788310733,0.2928736985370284,0.017220254070530405,0.6891398117950798,0.3193531249899276,0.006350363884464361,-0.012832967035993563,0.026479426452899205,-0.010869890186066045,0.03136876760216331
1395,0,0.6990190055398522,0.2912616815803686,0.02619751469504661,0.686162291682412,0.317707854269095,0.015229048230761908,-0.012856713857440128,0.026446172688726403,-0.0109684664642847,0.03138474785102103
1396,0,0.6966653166355397,0.2916950302924093,0.03579923476107966,0.6830772042115086,0.31790433460148676,0.022738773173111213,-0.013588112424030976,0.02620930430907747,-0.013060461587968444,0.03228219460483954
1397,0,0.6946181386435816,0.29314993241623366,0.04519541455016296,0.6810024939121104,0.3193440815042249,0.03202730583389517,-0.01361564473147118,0.026194149087991236,-0.013168108716267795,0.03232519628805058
1398,0,0.7158727694974746,0.33516659128164683,-0.010144565582209775,0.7047603630547614,0.3582967630007424,-0.020764528256977534,-0.01111240644271312,0.023130171719095604,-0.010619962674767761,0.02777182075263274
1399,0,0.7132697842318326,0.32893595212277926,-0.013684897039514643,0.7018288006272944,0.3531677564083016,-0.024234938535287732,-0.011440983604538216,0.02423180428552235,-0.010550041495773089,0.02879895519517515
1400,0,0.7068222492676066,0.3183428552730634,-0.012810205967839272,0.6945216896756373,0.3430978169634086,-0.02355451290446045,-0.01230055959196925,0.024754961690345162,-0.010744306936621179,0.029657242388906786
1401,0,0.7014781288288837,0.31150880537765335,-0.008304956216880266,0.6884369683095879,0.33708104581627724,-0.01958674980152232,-0.013041160519295814,0.025572240438623897,-0.011281793584642054,0.030842992968051944
1402,0,0.6966153274531435,0.30572446212249194,-0.0015174284688496686,0.6832384439943426,0.33188378369575766,-0.012700459314140114,-0.013376883458800887,0.026159321573265747,-0.011183030845290445,0.03143741870972528
1403,0,0.6919162958984418,0.30127649765943065,0.005372800909041464,0.6781745079197571,0.32722536218979253,-0.00672419162661261,-0.013741787978684777,0.025948864530361875,-0.012096992535654074,0.03175716510763938
1404,0,0.6884912595279384,0.29829377802595314,0.014140022476622383,0.6742910884605876,0.3248239064821624,0.001296102839546313,-0.014200171067350787,0.026530128456209272,-0.01284391963707607,0.032717867379899006
1405,0,0.6853368032104882,0.2966581255311018,0.02270054481794992,0.6710499979867782,0.32321723248971507,0.009637771127805396,-0.014286805223709918,0.02655910695861325,-0.013062773690144523,0.03286540768679457
1406,0,0.6833265384237207,0.2968002844010167,0.03241076126036124,0.6690260181256344,0.32291222587523843,0.018803507721523956,-0.014300520298086275,0.026111941474221738,-0.013607253538837287,0.032733709188226115
1407,0,0.6820011571802648,0.2983345226408032,0.04171221504748013,0.667687821845346,0.324406381697273,0.02802096497947075,-0.014313335334918792,0.02607185905646981,-0.01369125006800938,0.03274238432819193
1408,0,0.71350571387985,0.33589217692262974,-0.010590003563529626,0.7020675722773795,0.35906429718376054,-0.021559955833865156,-0.01143814160247049,0.023172120261130826,-0.01096995227033553,0.028073441070305502
1409,0,0.7097287328243678,0.3318371621975267,-0.01446045994718348,0.6980251021248983,0.3556733378286534,-0.02546809538353756,-0.011703630699469445,0.023836175631126742,-0.011007635436354081,0.028745543622745458
1410,0,0.7002263116615378,0.32353926020011325,-0.014561077313609005,0.6871592944959186,0.34825547391732037,-0.025990856000196624,-0.013067017165619178,0.02471621371720711,-0.011429778686587618,0.030203940122865026
1411,0,0.693058260403075,0.31815047116881345,-0.010288908588427403,0.6797515390186298,0.342958133196338,-0.021974083729639132,-0.013306721384445247,0.024807662027524525,-0.011685175141211727,0.030480030304380065
1412,0,0.6864074590668964,0.3134858750509171,-0.0037333029168707954,0.6726214149586172,0.33918352929954043,-0.016041288776527315,-0.013786044108279239,0.025697654248623365,-0.012307985859656522,0.03165297714210649
1413,0,0.6808788381857886,0.30993511565242926,0.003248175615074178,0.6665193762923977,0.33585712702324794,-0.010197367059054607,-0.014359461893390955,0.025922011370818666,-0.013445542674128785,0.03254116527075233
1414,0,0.6765662705539661,0.30751114016501546,0.011381666146709879,0.6620694781438722,0.3335435529003128,-0.002366692632861378,-0.014496792410093981,0.02603241273529734,-0.013748358779571257,0.03281555838522398
1415,0,0.6732690731451999,0.3061903130504833,0.020250430394847807,0.6586882118929567,0.33228511154414725,0.006292230160465069,-0.014580861252243194,0.026094798493663952,-0.013958200234382738,0.032990474035169845
1416,0,0.6717090427079921,0.3060519704247966,0.029759742357523544,0.6571199755041994,0.3318713319177327,0.015463778845343494,-0.014589067203792772,0.025819361492936115,-0.01429596351218005,0.03292195137778557
1417,0,0.6709636994676116,0.3069931406338018,0.03958758975351284,0.6563893034796016,0.33276696657669075,0.025270159120395527,-0.014574395988010016,0.02577382594288896,-0.014317430633117313,0.03288908545526592
1418,0,0.7114312493908902,0.3386288043475947,-0.010518319530407327,0.6999258275553051,0.3615410376667378,-0.021604107090116245,-0.011505421835585092,0.022912233319143126,-0.01108578755970892,0.02793277381687339
1419,0,0.7068955583817154,0.33580719676043813,-0.014608086565424838,0.6946570362061584,0.3590115467008325,-0.026009270388595053,-0.012238522175557015,0.02320434994039438,-0.011401183823170215,0.02860437508087879
1420,0,0.6955322931939552,0.33026729888104445,-0.015255821610955844,0.6823177919022635,0.3545294822464323,-0.02731543700979335,-0.013214501291691676,0.02426218336538788,-0.012059615398837509,0.030144832220659383
1421,0,0.6869186837467096,0.3266942966719464,-0.011419956289894395,0.6732679516212483,0.35119120593351894,-0.02415049728130396,-0.013650732125461336,0.024496909261572532,-0.012730540991409562,0.030797852601517194
1422,0,0.6791657483392932,0.32355429753412324,-0.005192157646079665,0.6652758398032423,0.34806097765200655,-0.018382707060675935,-0.013889908536050837,0.024506680117883307,-0.013190549414596268,0.031104622219197915
1423,0,0.6727716072724782,0.3212262569270541,0.001879411090615568,0.6582507774283859,0.34662875074824673,-0.012325822735468854,-0.014520829844092326,0.02540249382119266,-0.014205233826084422,0.03252583372875393
1424,0,0.6681156155231106,0.3190934712817679,0.00990440524587305,0.6534560647473803,0.3446889590782012,-0.0045675224278456245,-0.014659550775730298,0.025595487796433294,-0.014471927673718674,0.03285526008232053
1425,0,0.6643681837647847,0.31805314566283727,0.018974073973746564,0.6494883358225461,0.3436565133284491,0.004172303811615969,-0.014879847942238672,0.025603367665611807,-0.014801770162130594,0.03310641494540265
1426,0,0.663151577445122,0.31762361319502297,0.02859188231280052,0.6482855118872528,0.343236950660533,0.013795129028844812,-0.014866065557869184,0.025613337465510033,-0.014796753283955709,0.03310569239631182
1427,0,0.6628564685543011,0.3182842819084266,0.03821882522905423,0.6480392023089888,0.34364046001024123,0.02334311102140854,-0.014817266245312363,0.025356178101814595,-0.01487571420764569,0.032920723262148524
1428,0,0.7109081709768387,0.34054756282395093,-0.010632610653303287,0.6993943026134057,0.36328051069179024,-0.021770869973555006,-0.011513868363432933,0.022732947867839286,-0.011138259320251717,0.02781037403807318
1429,0,0.7057066604622962,0.339959539093468,-0.014528426904406422,0.6934118203175786,0.3628080251224617,-0.026089838822034257,-0.01229484014471761,0.02284848602899367,-0.011561411917627837,0.02840567995191007
1430,0,0.6931904282144181,0.3382464698202581,-0.01509534333961543,0.6799386924687848,0.3619851006162019,-0.027400169222351833,-0.013251735745633328,0.023738630795943832,-0.012304825882736403,0.0298419140194239
1431,0,0.684218492520049,0.3369413753525512,-0.010958189807564855,0.6704720084348874,0.36083696238010315,-0.024279933864664247,-0.01374648408516155,0.023895587027551974,-0.013321744057099393,0.0306175402150103
1432,0,0.6762499719568248,0.335754458575801,-0.004737344859571335,0.662105785696508,0.3597639647437263,-0.01875398427038226,-0.014144186260316742,0.02400950616792531,-0.014016639410810923,0.031192636499130278
1433,0,0.6698548485441205,0.33441364749579616,0.002021346173099403,0.6553483861438729,0.3588684134721272,-0.012614604979674529,-0.014506462400247574,0.02445476597633107,-0.014635951152773932,0.03197943239760989
1434,0,0.6646408298672893,0.3335379045266471,0.010243767960181838,0.6500245594279881,0.3581254927250931,-0.004612532358712642,-0.014616270439301273,0.024587588198445996,-0.01485630031889448,0.032231886605291
1435,0,0.6610002083409781,0.33250826725424254,0.01900403583194149,0.646361561072473,0.35717377462091837,0.004078620439445194,-0.014638647268505068,0.024665507366675835,-0.014925415392496297,0.032333346132836546
1436,0,0.6597836020213154,0.33207873478642824,0.028621844170995503,0.645193491464816,0.35674120544760135,0.013756279402123605,-0.01459011055649937,0.024662470661173122,-0.014865564768871898,0.03228147767778955
1437,0,0.6596322165676997,0.3314373485924511,0.03825342288446332,0.6448257064349644,0.35609284972052024,0.022041969905550206,-0.014806510132735243,0.024655501128069107,-0.01621145297891311,0.033014204304731
1438,0,0.7109641482199732,0.34286048279658754,-0.010533385871353329,0.6994765434754198,0.3653697789010353,-0.021714589272578258,-0.011487604744553508,0.02250929610444772,-0.01118120340122493,0.027634268280241427
1439,0,0.7058186149485655,0.3445853790387412,-0.01432997734050645,0.6935821428028566,0.36700654758041823,-0.025961978368448484,-0.01223647214570884,0.022421168541677017,-0.011632001027942034,0.028066768557513708
1440,0,0.6935221297648605,0.3465216085302689,-0.01469496736390491,0.6806293328062765,0.3687496388782905,-0.0272773448498818,-0.012892796958584073,0.022228030348021538,-0.012582377485976891,0.028611636964135052
1441,0,0.6841918678233674,0.3474844218039541,-0.010256525620865264,0.6708028080406885,0.36995327429156266,-0.02361824618565626,-0.013389059782678937,0.022468852487608576,-0.013361720564790996,0.029370935130254593
1442,0,0.6762443759898658,0.3479487091996232,-0.003624737136200762,0.6624347923025,0.37086031690554594,-0.017478177837032628,-0.01380958368736571,0.022911607705922748,-0.013853440700831866,0.030125806023074648
1443,0,0.6696695982806549,0.348235466753847,0.003128159149952292,0.6557402470694997,0.3712811340284048,-0.010888882039856869,-0.01392935121115516,0.023045667274557834,-0.01401704118980916,0.030357981635974127
1444,0,0.6646912111434649,0.3480450751231059,0.011455600465502425,0.6504063932855211,0.3717498974975128,-0.0031855595414832256,-0.014284817857943726,0.023704822374406933,-0.01464116000698565,0.031310352782857105
1445,0,0.660978727898551,0.3476664653043935,0.02021355043865497,0.6466520635475828,0.37149811629099994,0.005490171229839696,-0.014326664350968323,0.023831650986606417,-0.014723379208815274,0.03146392848166451
1446,0,0.6595264900392471,0.34655158149817034,0.029726339249241285,0.6447973985637904,0.370218264270602,0.013959866390157002,-0.014729091475456778,0.023666682772431672,-0.015766472859084283,0.03202560968286988
1447,0,0.6594469663042342,0.34525916785050104,0.039360235861316206,0.6442764611336911,0.36941166763546057,0.022114690809260172,-0.015170505170543072,0.024152499784959543,-0.017245545052056034,0.03333011096792868
1448,0,0.7121073574047668,0.34562552368841626,-0.009696569474294092,0.7006988929679704,0.36758591072221425,-0.021051160372654087,-0.01140846443679642,0.021960387033798007,-0.011354590898359997,0.027227530074337848
1449,0,0.7075398974446558,0.3487318109539146,-0.01359252274262579,0.6954644389190775,0.37070648800482586,-0.02519836714677792,-0.012075458525578307,0.021974677050911256,-0.011605844404152129,0.027629671630842755
1450,0,0.6966222529853854,0.35411843267568077,-0.013015676840497314,0.6840717988238463,0.37542284889522753,-0.025558451816088214,-0.012550454161539095,0.02130441621954674,-0.0125427749755909,0.02772567860675171
1451,0,0.6883063789210594,0.3571716238493119,-0.008154839084979937,0.6751827444644257,0.3786495164805477,-0.02146995810350873,-0.013123634456633698,0.02147789263123578,-0.013315119018528793,0.028474937185318298
1452,0,0.6809010295395533,0.3593428159951708,-0.0016235713487975367,0.6676100495952753,0.3809381681107098,-0.015109831106587819,-0.013290979944278056,0.021595352115538983,-0.013486259757790282,0.028720873648409605
1453,0,0.67469070467761,0.3609895878796854,0.005648764850404664,0.6612098510442423,0.38271064071077077,-0.008298934143727451,-0.013480853633367674,0.021721052831085413,-0.013947698994132115,0.029121742015305336
1454,0,0.6699479490800612,0.36148454758735404,0.014081225694422439,0.6564503668793207,0.3833688119469038,0.00010589827847164342,-0.013497582200740488,0.02188426435954978,-0.013975327415950796,0.02926457804594888
1455,0,0.6665070282340897,0.3614657753802053,0.02294535414534621,0.6530169089001991,0.38345195002045923,0.008976968401798454,-0.013490119333890499,0.021986174640253927,-0.013968385743547754,0.029334126801984394
1456,0,0.6648900382078581,0.36000174230894544,0.03204256362204749,0.6505021759287679,0.38239402683732965,0.01645864928879636,-0.014387862279090176,0.022392284528384196,-0.01558391433325113,0.030842882052562633
1457,0,0.6648823761914477,0.35805830120758486,0.041678778132729466,0.6506885525554339,0.38060343500843613,0.025848064854802916,-0.014193823636013804,0.022545133800851293,-0.01583071327792655,0.030989662314979675
1458,0,0.7143297072392969,0.34718922248187845,-0.009568644994212894,0.7032788138502085,0.3687080908958019,-0.02065051484428132,-0.011050893389088432,0.02151886841392346,-0.011081869850068425,0.026608114963044768
1459,0,0.71025552143408,0.3523301870695512,-0.01253073796491383,0.6988493120010003,0.3731620233566846,-0.02404670220562684,-0.01140620943307967,0.02083183628713339,-0.011515964240713012,0.026394780717380165
1460,0,0.7015103761663489,0.3605955096838267,-0.011104464240615786,0.6893232210428731,0.3814510976707106,-0.023337119901463192,-0.012187155123475782,0.020855587986883892,-0.012232655660847407,0.027076191844481744
1461,0,0.6949306867276921,0.36581841487336586,-0.005915956474585149,0.682463729606299,0.3866934333299922,-0.018529304458375875,-0.012466957121393162,0.020875018456626315,-0.012613347983790725,0.027391384827922492
1462,0,0.6888122699681847,0.36945259300367184,0.0014567634558706466,0.6760083191503184,0.39038081628820037,-0.011680028581585,-0.012803950817866214,0.020928223284528546,-0.013136792037455646,0.027829965710161733
1463,0,0.6831450699041262,0.3718190401113137,0.008941456610615295,0.6702684916955968,0.3928236969252817,-0.00430007387012781,-0.012876578208529334,0.02100465681396796,-0.013241530480743105,0.02797034150140809
1464,0,0.6793597425947205,0.37307868727335514,0.01738421098113635,0.666204356384078,0.3943125487506006,0.00375394595538742,-0.01315538621064254,0.021233861477245475,-0.01363026502574893,0.028455670511484486
1465,0,0.6759188217487492,0.3730599150662064,0.02624833943206012,0.6627408317202594,0.39443276503357916,0.012600209548420054,-0.013177990028489715,0.021372849967372765,-0.013648129883640066,0.028578481174469532
1466,0,0.6741950214905028,0.3715851936484187,0.035654949764875266,0.6611382751806807,0.3930683182633661,0.021959467187782137,-0.013056746309822172,0.021483124614947387,-0.013695482577093129,0.028628124465984055
1467,0,0.673336741417964,0.3688877534392123,0.0449714698929401,0.6597144180102152,0.3904613558968587,0.030068335121030333,-0.013622323407748688,0.021573602457646366,-0.014903134771909765,0.029548120821053393
1468,0,0.7163384366097978,0.3487315445822876,-0.008821918801903916,0.7055528906237121,0.36991310010458034,-0.01978687648777175,-0.01078554598608575,0.021181555522292735,-0.01096495768586783,0.026176642137883392
1469,0,0.7143448418936842,0.35476380381667827,-0.011034967681688768,0.7033679489819312,0.3753568546938451,-0.022282936239582773,-0.010976892911752925,0.02059305087716686,-0.011247968557894006,0.025905264312588022
1470,0,0.7085658542845973,0.365336135985733,-0.008851674238578522,0.6969900937951996,0.3854896447072362,-0.020558883062522758,-0.011575760489397657,0.02015350872150319,-0.011707208823944234,0.026023467930755172
1471,0,0.7037233318174988,0.37174152566411856,-0.0030226187580100206,0.6922625232353705,0.39151048150822215,-0.015005638635549618,-0.011460808582128322,0.01976895584410362,-0.011983019877539598,0.025802219166339433
1472,0,0.6988698366043784,0.37617471513351575,0.0044677321260236935,0.6871247256052466,0.3960351276648187,-0.007912356879732366,-0.011745110999131824,0.01986041253130294,-0.01238008900575606,0.026184923564637422
1473,0,0.6945963793943333,0.38001483657212987,0.012484476618927876,0.6827794624604681,0.3999602551250415,6.469087069801288e-06,-0.011816916933865176,0.019945418552911674,-0.012478007531858074,0.026327930397921702
1474,0,0.6910117351111567,0.3812981192723628,0.021343969272637486,0.6789253813318106,0.4013872547014322,0.00853231413089506,-0.01208635377934606,0.020089135429069427,-0.012811655141742427,0.026716882629489923
1475,0,0.6881498699223714,0.3816735085614944,0.03042161362840723,0.6760414996826382,0.4018485504691071,0.017586233556402976,-0.012108370239733168,0.020175041907612722,-0.012835380072004254,0.02680283431708649
1476,0,0.6858110831476376,0.3801301393742724,0.039613549107072876,0.6736862796801439,0.4003827145416698,0.026763913227610264,-0.01212480346749369,0.020252575167397386,-0.01284963587946261,0.026875468410265915
1477,0,0.6846812406761562,0.3770728615535024,0.048823890757366484,0.6719658276061731,0.3980392350576936,0.035417191416818684,-0.012715413069983162,0.02096637350419124,-0.0134066993405478,0.02794655854779611
1478,0,0.7185837798658289,0.3499719884940422,-0.007657295377102746,0.7079506467517153,0.371015460735634,-0.018583147398487022,-0.010633133114113624,0.021043472241591817,-0.010925852021384274,0.02598587089551343
1479,0,0.7185778857904936,0.35589536565642277,-0.009534561601249603,0.7084274584303324,0.37618127949335073,-0.02056835086048116,-0.010150427360161283,0.020285913836927977,-0.011033789259231559,0.02522486830907766
1480,0,0.7165596966530448,0.3672157865154677,-0.006373778838659971,0.7063172613571317,0.3867266544078982,-0.017461015205612905,-0.010242435295913024,0.01951086789243052,-0.011087236366952935,0.024667960129761943
1481,0,0.713833696134351,0.37418695711372596,0.00020547968212814016,0.7036645232845041,0.39306165486290373,-0.011263403004837769,-0.010169172849846812,0.018874697749177747,-0.01146888268696591,0.024314636778291866
1482,0,0.7110967228696353,0.37918592750299407,0.008446033606381464,0.700915694219059,0.39815814139426825,-0.003130379333055178,-0.010181028650576338,0.018972213891274202,-0.011576412939436643,0.024446095411424503
1483,0,0.7081959797838812,0.38284851910016204,0.016583885900774198,0.6979950543543071,0.40192873962716724,0.004938724586674506,-0.010200925429574029,0.01908022052700521,-0.011645161314099692,0.02457078503040318
1484,0,0.7051903911578906,0.3845259632966771,0.025656894459329727,0.6946635504565851,0.4037928945078896,0.013725363341274588,-0.01052684070130545,0.019266931211212503,-0.011931531118055139,0.02498780599151061
1485,0,0.7026000883680478,0.38526119019737237,0.03484071729287064,0.6920624546914229,0.404597685074511,0.022876397201570177,-0.010537633676624856,0.01933649487713865,-0.011964320091300459,0.025061658222939744
1486,0,0.7000965494263863,0.3833686717451128,0.043617073437651255,0.6895502775131918,0.40276767465123775,0.031629899152970584,-0.010546271913194549,0.01939900290612496,-0.011987174284680671,0.025124440538053586
1487,0,0.697937416948159,0.3801977339236613,0.052814803662834586,0.6873929331048894,0.39964837355866883,0.04081605635496456,-0.010544483843269647,0.019450639635007524,-0.011998747307870022,0.025169097295890817
1488,0,0.7210576457154683,0.34925709119958626,-0.007521258251896756,0.7112513238260747,0.3703811759278706,-0.018155880641154264,-0.009806321889393583,0.02112408472828435,-0.010634622389257508,0.025602462732484017
1489,0,0.7231682735885377,0.3557462492818395,-0.008648321435824058,0.7137425169858187,0.37567574260071734,-0.019317084521180063,-0.009425756602719024,0.01992949331887781,-0.010668763085356005,0.024491878189562177
1490,0,0.7248759344093147,0.36715304303065555,-0.004198330599034128,0.7156856974848373,0.38649543715710133,-0.014883196142020785,-0.009190236924477428,0.019342394126445808,-0.010684865542986657,0.023932300703076944
1491,0,0.7247526210478868,0.37408397932633797,0.0029313854315415333,0.7154535172285896,0.3929774172750255,-0.008030765038470774,-0.009299103819297196,0.01889343794868751,-0.010962150470012307,0.023740346928597403
1492,0,0.7235890449336909,0.37892905541235233,0.011709785440472131,0.714651320666498,0.39735860454400596,0.0009240459437572287,-0.008937724267192942,0.01842954913165364,-0.010785739496714903,0.023148722918627733
1493,0,0.7218823440216103,0.3830544562752385,0.020275828493860226,0.7129665391226917,0.4015108008193767,0.009476993907110617,-0.00891580489891858,0.018456344544138168,-0.01079883458674961,0.023167715885678047
1494,0,0.7201067284285947,0.38486919601062564,0.029778186760714698,0.7111654449678014,0.4032848017209322,0.018830190663772995,-0.008941283460793214,0.01841560571030655,-0.010947996096941703,0.02321507488987232
1495,0,0.7175523564980532,0.3852789091844757,0.038963168543559135,0.708151727016119,0.4043403463383793,0.027622277898385096,-0.00940062948193422,0.019061437153903557,-0.011340890645174038,0.02408995686286345
1496,0,0.714942007324377,0.3833757023856892,0.04804892554445361,0.7055170369098553,0.40249487282216195,0.03667721678900818,-0.009424970414521566,0.019119170436472748,-0.011371708755445433,0.02415964622075776
1497,0,0.7119672053034333,0.380112481256611,0.05661524263229889,0.7025189412156635,0.39927830406889026,0.04521842844874875,-0.00944826408776983,0.019165822812279253,-0.01139681418355014,0.0242174695597681
1498,0,0.7233538219603795,0.3481953034852303,-0.006765260465159462,0.7136746676221386,0.3693539827379721,-0.01735286372741262,-0.00967915433824086,0.02115867925274177,-0.01058760326225316,0.025563119513525058
1499,0,0.7274880813335287,0.3542500657686274,-0.007555382044145131,0.7184809625186221,0.3741078212106978,-0.018040278819020948,-0.009007118814906524,0.019857755442070406,-0.010484896774875815,0.02419486930989133
1500,0,0.7324862598925507,0.3640470160035525,-0.002025063240786662,0.7238447531126927,0.38347105438206025,-0.012324391657192294,-0.00864150677985793,0.01942403837850777,-0.010299328416405632,0.02362297763164191
1501,0,0.7344584397498048,0.36989252904668923,0.005443912293337627,0.7264664556816183,0.38842383896774985,-0.004655202226378705,-0.007991984068186556,0.01853130992106063,-0.010099114519716332,0.022567086006369832
1502,0,0.7349041916454303,0.3742581971026011,0.014761317336248914,0.7270192435261642,0.3927313725881919,0.004688978269140337,-0.007884948119266077,0.018473175485590826,-0.010072339067108577,0.02246959353543702
1503,0,0.7348427496024722,0.37757867620854224,0.023867524372921278,0.726763416279869,0.3959812263216674,0.013474692210844533,-0.008079333322603285,0.018402550113125162,-0.010392832162076746,0.022626100811958465
1504,0,0.7332098751007726,0.3790785905636094,0.03306164073296547,0.7251028694909148,0.39752261773044717,0.022655538042066103,-0.008107005609857793,0.018444027166837768,-0.010406102690899366,0.022675816441814357
1505,0,0.7312704896867185,0.3795569515068964,0.04246129736995935,0.7231368234689483,0.3980430377809655,0.03204198278884379,-0.00813366621777019,0.018486086274069113,-0.01041931458111556,0.02272562492462352
1506,0,0.7280451539965548,0.3775850969386729,0.051332379516704385,0.7198729248802751,0.3961316078113628,0.040890071325081954,-0.008172229116279683,0.01854651087268986,-0.01044230819162243,0.02279912705891604
1507,0,0.7246909969987648,0.37493857937856756,0.059789041278867805,0.7160315115164906,0.39399398595234547,0.04884879436173672,-0.008659485482274206,0.019055406573777914,-0.010940246917131087,0.023617455644448507
1508,0,0.7260643016955493,0.3471785280021198,-0.00621132610746139,0.7165252787913297,0.36838928262048193,-0.01673939802967543,-0.009539022904219638,0.021210754618362134,-0.010528071922214043,0.02552899073302564
1509,0,0.7313366259992373,0.35138317957859844,-0.006672481709401545,0.722550425438291,0.37144571403344995,-0.017017769253996,-0.008786200560946396,0.02006253445485154,-0.010345287544594454,0.024222460309176297
1510,0,0.7394965009888779,0.35889562330774716,-0.0004762553240561518,0.7315179731772385,0.3783422371478014,-0.01067836337597368,-0.007978527811639298,0.019446613840054236,-0.010202108051917529,0.023364732067547685
1511,0,0.7428783081756136,0.36325086325552824,0.007427864664884765,0.7351662914000098,0.38258619718068304,-0.002789748956990643,-0.007712016775603797,0.0193353339251548,-0.010217613621875407,0.02318900534456729
1512,0,0.7451120600316774,0.36649678417417686,0.016977191784269985,0.7376017918501707,0.3852399070744303,0.0069320235334409015,-0.0075102681815066566,0.018743122900253404,-0.010045168250829083,0.022552476347390757
1513,0,0.7457733970831107,0.3689093698690158,0.02630155052300248,0.7382118992161028,0.38759353890029874,0.016303166257476888,-0.00756149786700794,0.01868416903128297,-0.009998384265525595,0.022499824672726428
1514,0,0.7451348640747449,0.36986122842454705,0.03581999706287786,0.7375130895351998,0.3885370491341837,0.025842359298536878,-0.007621774539545152,0.018675820709636647,-0.009977637764340986,0.022504021455432253
1515,0,0.7432314095199921,0.370014075640988,0.045220812649175324,0.7355507309864315,0.38869601168552165,0.03525037696860104,-0.00768067853356055,0.01868193604453366,-0.009970435680574282,0.022525921618624458
1516,0,0.7399701429705271,0.3683677347996115,0.05409073584661678,0.7321663176348316,0.387176446579613,0.04385050051478032,-0.0078038253356954145,0.018808711780001503,-0.010240235331836454,0.022793195220166054
1517,0,0.7356575753387047,0.3659437593121968,0.06222422637825248,0.7275241590383547,0.3855860946477345,0.05177276283889982,-0.00813341630035004,0.019642335335537744,-0.01045146353935266,0.02368980557672292
1518,0,0.7275457907436332,0.34503722745307286,-0.005773863754037711,0.71808630935678,0.3664145954990704,-0.01624885131890425,-0.009459481386853262,0.02137736804599756,-0.010474987564866537,0.025616381812550527
1519,0,0.734062990209875,0.34740245666915825,-0.00621545423504638,0.7254239337526871,0.3681807725450174,-0.016331865817460534,-0.008639056457187922,0.020778315875859172,-0.010116411582414154,0.024672119698401773
1520,0,0.7441905194564606,0.35216758462681597,0.00021848897329068695,0.736574469369813,0.3722653818720896,-0.009974642184080933,-0.0076160500866476535,0.020097797245273625,-0.01019313115737162,0.023787088847226218
1521,0,0.7491246950639936,0.35471772609892316,0.00824951151023795,0.7421713568794159,0.37439338962499363,-0.0023032433069260297,-0.006953338184577689,0.0196756635260705,-0.01055275481716398,0.023384637720764986
1522,0,0.7521530877330516,0.3564047261527792,0.018019308230290187,0.7447773967404091,0.37595692780929657,0.007838382943589385,-0.007375690992642436,0.019552201656517366,-0.010180925286700802,0.023245228476602483
1523,0,0.7538806279964212,0.3576182285943901,0.02767031504746109,0.746691221430192,0.3771933764750092,0.017851296129661853,-0.007189406566229294,0.019575147880619165,-0.009819018917799236,0.023049666241200743
1524,0,0.7536214499649017,0.3579533835809494,0.03729841691301833,0.7463318440196335,0.37754690598205004,0.027521351315764792,-0.007289605945268209,0.019593522401100606,-0.009777065597253536,0.023078896997315957
1525,0,0.7517898571287513,0.35745520334369907,0.04670155039792284,0.74399896202017,0.3772277159453979,0.03658401913227566,-0.00779089510858129,0.019772512601698825,-0.010117531265647182,0.023537517712974812
1526,0,0.7484567288606839,0.3564598899560121,0.05556915569675719,0.7405733469809677,0.3762691816812099,0.045438930138528545,-0.007883381879716225,0.019809291725197818,-0.010130225558228645,0.023604601635613717
1527,0,0.743764806252015,0.3546526180375711,0.06359299090271114,0.7357159951507194,0.37436202695244386,0.05318623588838518,-0.008048811101295678,0.01970940891487275,-0.010406755014325959,0.023696934608640936
1528,0,0.7132253759514724,0.34113697928201514,-0.009465669329895177,0.7018221620279709,0.3637652267336385,-0.020569997033960806,-0.011403213923501514,0.022628247451623333,-0.01110432770406563,0.027665447118677047
1529,0,0.7199640546488573,0.33562574897464614,-0.008023039890935835,0.709293461161977,0.3583461853747477,-0.01845553445492755,-0.010670593486880285,0.022720436400101574,-0.010432494563991713,0.027183022981284277
1530,0,0.7254312334870069,0.3424969874790742,-0.0058983113862083325,0.715841676829294,0.3640708880132625,-0.016380273015524544,-0.009589556657712868,0.021573900534188308,-0.010481961629316212,0.0258314595164306
1531,0,0.7187284856489233,0.3476827040595971,-0.007339781875864149,0.7082335948372971,0.36908231059008284,-0.01823410638189469,-0.01049489081162622,0.02139960653048572,-0.01089432450603054,0.02620633891351978
1532,0,0.7246725235333142,0.3437303946170198,-0.006117622037571935,0.7150428911587088,0.3652227890403714,-0.016626857827142894,-0.009629632374605481,0.021492394423351574,-0.01050923578957096,0.025789472165978173
1533,0,0.7172628810763074,0.3468600571823153,-0.007874151112630734,0.7066127420648735,0.3684945237608824,-0.01861501800295868,-0.010650139011433975,0.021634466578567105,-0.010740866890327945,0.026397761773638083
1534,0,0.7139840859051652,0.33990357214406863,-0.009246358678531519,0.7026014822381985,0.36263186825464305,-0.020312788818123734,-0.011382603666966631,0.022728296110574444,-0.011066430139592213,0.02772372605483741
1535,0,0.7211221659632295,0.3364140719672095,-0.0075960080812439434,0.7108474626653976,0.35874511713634505,-0.018058721585206727,-0.010274703297832016,0.02233104516913553,-0.010462713503962783,0.02671541652436766
1536,0,0.7200303204005009,0.34716897214477793,-0.006908114268958154,0.7101622910872664,0.36847259947919847,-0.01754904899353952,-0.009868029313234501,0.021303627334420518,-0.010640934724581363,0.025776967081942086
1537,0,0.7136966390307546,0.34250768195883374,-0.009255630272959836,0.7023299096275024,0.36499837672498486,-0.020374434349591533,-0.011366729403252262,0.022490694766151127,-0.011118804076631699,0.027543814051170526
1538,0,0.7186622198972797,0.3361394808894653,-0.008454707497841774,0.7079268792173605,0.3588844588644953,-0.01891620905908684,-0.010735340679919186,0.02274497797503,-0.010461501561245066,0.027240128074487103
1539,0,0.7249599704077246,0.3411262848022547,-0.006108350443143673,0.7153296892521068,0.3628020425912373,-0.016581090919396652,-0.009630281155617777,0.021675757788982584,-0.01047274047625298,0.025927959502163558
1540,0,0.7231920168311194,0.34488446563900244,-0.006242206686971119,0.7134871643311697,0.3663079876933234,-0.016793882526827286,-0.009704852499949762,0.021423522054320965,-0.010551675839856167,0.025777690398621097
1541,0,0.715869138222294,0.34538638285134216,-0.008406202450790268,0.7048871875923847,0.36703021969787697,-0.019430791891032435,-0.0109819506299094,0.021643836846534804,-0.011024589440242167,0.026657090715287823
1542,0,0.7155005234666612,0.33842398739523905,-0.009120615079828753,0.7044241327887907,0.3612199563935589,-0.019810812784849745,-0.01107639067787048,0.022795968998319874,-0.010690197705020991,0.027506780254941014
1543,0,0.7225159088172429,0.33788774629818263,-0.00706395674308441,0.7126445512204723,0.3599639706157421,-0.017330969821799925,-0.009871357596770642,0.022076224317559442,-0.010267013078715515,0.026271942038628204
1544,0,0.7217823895016381,0.3463747387343581,-0.006677351141787691,0.7120062644124862,0.36770620375324253,-0.017272260382843095,-0.009776125089151936,0.021331465018884423,-0.010594909241055406,0.025745992376228904
1545,0,0.7146760783945096,0.34393634405856055,-0.00852151550576119,0.7036125797709878,0.3658963351182694,-0.01959765740964848,-0.011063498623521796,0.021959991059708868,-0.011076141903887287,0.02696892894814716
1546,0,0.7168742199368413,0.3372592280267295,-0.008686629574315707,0.7058495067749765,0.3601169431087929,-0.01933368090479283,-0.011024713161864805,0.022857715082063412,-0.010647051330477122,0.027520522180874384
1547,0,0.7239096516712563,0.33936142062915486,-0.0065319054049249314,0.7141578980246827,0.3612906998578233,-0.016799848522078074,-0.00975175364657366,0.02192927922866846,-0.010267943117153145,0.026104034985600696
1548,0,0.7220148414788031,0.34047047941989383,-0.006454426625284948,0.7118748794676484,0.3624605489964246,-0.01695795954644115,-0.010139962011154708,0.021990069576530758,-0.010503532921156205,0.026395192619000463
1549,0,0.7209285918830335,0.3390311289736392,-0.006879140536369732,0.7107000762041071,0.3611602708398651,-0.01738297847548987,-0.010228515678926322,0.022129141866225964,-0.01050383793912014,0.026545283275582046
1550,0,0.7196416592610347,0.33756814298919213,-0.007720592730643128,0.7089935484579251,0.36014130770410496,-0.01818333067004945,-0.010648110803109727,0.022573164714912837,-0.010462737939406322,0.02706286965771702
1551,0,0.7231719704472861,0.34224603193952063,-0.006340272519617551,0.7134432087692095,0.36386869416739775,-0.01685859895488024,-0.009728761678076549,0.021622662227877145,-0.010518326435262687,0.0259388418517177
1552,0,0.7216914637450913,0.34340010296150414,-0.006464857169016791,0.7118893658188394,0.3649615457324775,-0.017026193821992004,-0.009802097926251812,0.0215614427709734,-0.010561336652975215,0.025932966857250807
1553,0,0.720498403917307,0.34195006416872253,-0.006580170223987769,0.7102923996585957,0.3638604525333375,-0.01713133113470957,-0.010206004258711288,0.02191038836461495,-0.010551160910721802,0.026373369860164454
1554,0,0.7191405919225949,0.34015087611090333,-0.0071110626128437215,0.7085192354276694,0.36229533044784706,-0.01771613672543005,-0.010621356494925604,0.022144454336943727,-0.010605074112586326,0.026751778793320132
1555,0,0.7181611525588399,0.3387222140111765,-0.007845177380042367,0.7074577764950832,0.361248327806435,-0.018351865561208824,-0.01070337606375676,0.022526113795258505,-0.010506688181166459,0.02706249357349392
1556,0,0.7174435177187031,0.3442452590210241,-0.0075554786620886105,0.7067797849316184,0.36608872116642793,-0.01825633989688116,-0.010663732787084603,0.02184346214540383,-0.010700861234792549,0.026558623206377228
1557,0,0.7163572681229334,0.34280590857476945,-0.007980192573173395,0.7056205239897937,0.36479216078656673,-0.018684957223475386,-0.010736744133139783,0.021986252211797272,-0.010704764650301991,0.02670702055864014
1558,0,0.71496352526892,0.34133223424379633,-0.008512243911332928,0.7038888113441439,0.36361367432326913,-0.019363819588141443,-0.011074713924776136,0.022281440079472803,-0.010851575676808514,0.027145322897329283
1559,0,0.7185297673144728,0.34568460946727786,-0.007130764751003826,0.707942126791743,0.3673911245002487,-0.01782631228915906,-0.010587640522729898,0.021706515032970816,-0.010695547538155235,0.026413361464533037
1560,0,0.7188172141888831,0.34308049965251364,-0.007121493156575565,0.7082142809533534,0.3649933363245629,-0.017773558560957022,-0.010602933235529691,0.02191283667204923,-0.010652065404381458,0.026571810280675758
1561,0,0.7166806458566451,0.33987628503315914,-0.007969762029441607,0.7059252695180309,0.36211317305075413,-0.01862288090909043,-0.010755376338614177,0.02223688801759498,-0.010653118879648824,0.026900673797438813
1562,0,0.7202109570428966,0.34455417398348676,-0.006589441818416031,0.7100214152452944,0.3662640801975665,-0.017180452543100598,-0.010189541797602238,0.021709906214079748,-0.010591010724684569,0.02621671791127953
1563,0,0.7177309645931135,0.3416411492062599,-0.007546207067660349,0.7070523121450503,0.3636974159282133,-0.018201983849776,-0.01067865244806325,0.02205626672195342,-0.010655776782115652,0.026721865553264654
1564,0,0.7316429043867834,0.34285343375631516,-0.005821483886242762,0.7229270340159313,0.3639663422250744,-0.01592289839589569,-0.008715870370852138,0.02111290846875921,-0.010101414509652925,0.024975185193057713
1565,0,0.7314940366953236,0.3395403370649497,-0.00633397010347081,0.7225555326874038,0.3611941335848856,-0.016493750144554505,-0.008938504007919843,0.02165379651993594,-0.010159780041083696,0.02553438638600097
1566,0,0.7300083857388744,0.33607925648818604,-0.006966405172883827,0.7206158075875242,0.3581143686456997,-0.017119593284358914,-0.009392578151350223,0.022035112157513664,-0.010153188111475085,0.026016416374097857
1567,0,0.7279426967793498,0.3332112439422037,-0.008125233851167257,0.718320631378281,0.3554211049795766,-0.01825775490666536,-0.00962206540106878,0.02220986103737287,-0.010132521055498101,0.026239856189048952
1568,0,0.7246331150031606,0.3311954242295494,-0.00899074994635779,0.7144650944371145,0.35443489597180194,-0.018975883517834285,-0.010168020566046172,0.02323947174225256,-0.009985133571476495,0.027261045129098042
1569,0,0.7212157406490677,0.33015614569743246,-0.009859742889458845,0.710357453599163,0.3536306825121208,-0.020004372429582015,-0.010858287049904653,0.023474536814688366,-0.010144629540123169,0.0277825446067963
1570,0,0.7177614530897841,0.33042961041922414,-0.011042772485887975,0.7067236379517864,0.3541242653840007,-0.02128629705419394,-0.011037815137997724,0.02369465496477659,-0.010243524568305965,0.028074896838669088
1571,0,0.7144000559788257,0.3317032518597438,-0.011812540647039127,0.7030941978940288,0.3555531973618498,-0.022552107224836734,-0.011305858084796888,0.02384994550210601,-0.010739566577797606,0.028495273603984593
1572,0,0.7115458528064508,0.3340220822502378,-0.012371110801951357,0.7000328378743079,0.3574769382461002,-0.023297190423451977,-0.011513014932142825,0.023454855995862438,-0.01092607962150062,0.02832064615275857
1573,0,0.7092347744319608,0.3370605878638582,-0.01271732400132125,0.697613906725976,0.3601745314813173,-0.023794000708470982,-0.011620867705984781,0.023113943617459106,-0.011076676707149732,0.028142347497424447
1574,0,0.7084611623486893,0.34027071290106914,-0.012526850065317563,0.6965768662779513,0.3629747454847152,-0.023863249702748467,-0.011884296070737887,0.022704032583646068,-0.011336399637430904,0.028021840506928908
1575,0,0.7087168402721638,0.3435944979389598,-0.012323764704203433,0.6968729410511668,0.3659712571453294,-0.023720039379537566,-0.01184389922099694,0.02237675920636959,-0.011396274675334134,0.027764588558317232
1576,0,0.7097522568790532,0.347336080011325,-0.011490425155054773,0.6982459114144798,0.3691693785557485,-0.02291593643001722,-0.011506345464573365,0.021833298544423535,-0.011425511274962448,0.02719616184637694
1577,0,0.7120674971619086,0.34989995552351605,-0.01094923923969554,0.7009163466035883,0.37121846765573263,-0.022135191021773255,-0.011151150558320415,0.021318512132216576,-0.011185951782077716,0.02653210575089664
1578,0,0.7152343378467818,0.3522306006164877,-0.009775481237694728,0.7043079965427157,0.3729612507963267,-0.02103542315828415,-0.010926341304066162,0.020730650179839008,-0.011259941920589423,0.025998674643659212
1579,0,0.7185808328281613,0.3529336770752325,-0.00859592848917623,0.708436676591175,0.373373790038151,-0.019673965004307216,-0.010144156236986265,0.020440112962918526,-0.011078036515130988,0.025365823793597416
1580,0,0.7218344373612158,0.3526365768152493,-0.007829637175935655,0.712134250878853,0.3730897399635953,-0.018638659319789884,-0.00970018648236281,0.02045316314834598,-0.010809022143854229,0.025085064486100157
1581,0,0.7259176312206764,0.35144227149069174,-0.007154595016748921,0.7166832756243644,0.37171526935012494,-0.01755932017656759,-0.009234355596312069,0.020272997859433185,-0.01040472515981867,0.02458711189097016
1582,0,0.7283216000434916,0.3494039425958002,-0.006395120382101049,0.7191993472495041,0.36984570652887083,-0.016714538613175164,-0.009122252793987498,0.020441763933070647,-0.010319418231074115,0.02464896755161614
1583,0,0.7306686092772829,0.3460399232553337,-0.00604774823342763,0.7218738360138737,0.3668923800454289,-0.01619312315500318,-0.0087947732634093,0.020852456790095196,-0.01014537492157555,0.02480124237285101
1584,0,0.7383268207117312,0.3435933531833113,-0.0052217396253174675,0.7299634795336337,0.3647874469113384,-0.015291472159467486,-0.008363341178097405,0.02119409372802713,-0.010069732534150019,0.024910531867524986
1585,0,0.7385362792673953,0.33801234875055375,-0.006035514053534585,0.7302769152611297,0.3600042657612978,-0.01589098899610763,-0.00825936400626557,0.021991917010744034,-0.009855474942573042,0.02547531930985622
1586,0,0.7363078028327215,0.33282072788540784,-0.006984166657654112,0.7277825028454552,0.35516748873068976,-0.016511539343353518,-0.008525299987266201,0.022346760845281897,-0.009527372685699404,0.02574547126081238
1587,0,0.732634750555154,0.32845766431539847,-0.008056244961869352,0.7234672152262592,0.3512166195217123,-0.017567681774627114,-0.009167535328894858,0.022758955206313842,-0.00951143681275776,0.02631503707640593
1588,0,0.7276948120394212,0.3252700484604265,-0.0098717096277115,0.7175584161917525,0.3489012937271309,-0.01938959326614257,-0.01013639584766864,0.023631245266704428,-0.009517883638431071,0.027418467911072063
1589,0,0.7224684089951672,0.32369931289315534,-0.011383568183957471,0.711737028219607,0.3476535255198704,-0.021087275925976846,-0.01073138077556012,0.023954212626715068,-0.009703707742019375,0.027984438173000073
1590,0,0.7170264207951054,0.3240816596869571,-0.012902380436024652,0.7058063233921651,0.3481919823670781,-0.023114255054995862,-0.011220097402940301,0.024110322680120998,-0.010211874618971212,0.028486499060162047
1591,0,0.7117122715567809,0.326125898999706,-0.014319650007534768,0.7001637290412965,0.35028441178203124,-0.024874443324309853,-0.011548542515484319,0.024158512782325236,-0.010554793316775087,0.02878204711353174
1592,0,0.7071768786559821,0.3295751648739902,-0.015419543095034849,0.6949443563868627,0.3538468729612984,-0.026305643572290517,-0.012232522269119372,0.024271708087308243,-0.010886100477255668,0.02927896169847749
1593,0,0.7040711594684981,0.3341725913524023,-0.015986225895071926,0.6916690079470048,0.3575031759598941,-0.02745932725406157,-0.012402151521493307,0.02333058460749183,-0.011473101358989641,0.028805582710354313
1594,0,0.7026317278798591,0.33961630024628686,-0.015601801175153751,0.6901870662652494,0.36255197296791875,-0.027269486681289618,-0.012444661614609623,0.022935672721631887,-0.011667685506135868,0.02858407897704665
1595,0,0.7026718206475256,0.34489316764525135,-0.015405669509860886,0.6902964753065016,0.3673740952165527,-0.027153077921430104,-0.012375345341024066,0.02248092757130134,-0.011747408411569217,0.028223091275831395
1596,0,0.7047575559908835,0.3503996138907173,-0.014148774998930913,0.6926314645222259,0.37194524654671046,-0.026006899816966016,-0.012126091468657587,0.02154563265599319,-0.0118581248180351,0.0274202754372262
1597,0,0.7080163047781924,0.3547176652294812,-0.01287463326567656,0.696339473063284,0.3755214821124103,-0.024571598638472032,-0.011676831714908452,0.02080381688292909,-0.011696965372795472,0.026570024364480995
1598,0,0.7127555602676964,0.3578816455462617,-0.01147590688302308,0.7017147562883844,0.3783337261750455,-0.022721380905913153,-0.011040803979311911,0.02045208062878385,-0.011245474022890074,0.025819520533026184
1599,0,0.7182185771974807,0.35915050292487827,-0.009546151094284971,0.7079948561480797,0.3789722471393992,-0.020581059953933157,-0.010223721049401044,0.019821744214520935,-0.011034908859648185,0.024883633764838327
1600,0,0.7236605653975425,0.3587681561310765,-0.008027338842217735,0.7140824054730113,0.3784994649490795,-0.01885389141612029,-0.009578159924531204,0.019731308818002998,-0.010826552573902554,0.024459761565615773
1601,0,0.7293890181261256,0.3567689290495739,-0.006812132699746787,0.720460457347431,0.3765051710565363,-0.017241375690323267,-0.008928560778694512,0.019736242006962414,-0.010429242990576482,0.02404178769336254
1602,0,0.7336169177686805,0.3532853392905704,-0.0058195770393214,0.724944597803058,0.373245646386697,-0.016133888553176455,-0.008672319965622611,0.019960307096126607,-0.010314311513855055,0.024083355558614787
1603,0,0.737136940446423,0.3487329250434028,-0.00545495766832349,0.7286581167131567,0.369429454977952,-0.0155592852793588,-0.008478823733266225,0.02069652993454918,-0.01010432761103531,0.02454249864424198
