# https://github.com/mikedh/trimesh
v 0.76227261 0.57498840 0.02005106
v 0.75509237 0.55906334 0.02672818
v 0.69056583 0.53269269 0.17304988
v 0.67612497 0.54640796 0.21602851
v 0.73638190 0.54003824 0.07542128
v 0.75337829 0.57366975 0.01797497
v 0.73279856 0.57215132 0.04444240
v 0.67750500 0.53481758 0.15682862
v 0.65668195 0.54718978 0.20553040
v 0.69988055 0.55614501 0.08590860
v 0.65618307 0.56350293 0.17576381
v 0.67110634 0.55980871 0.15617631
v 0.70150439 0.56721786 0.09170469
v 0.73236897 0.58761200 0.05072112
v 0.74815452 0.57938587 0.02711503
v 0.65171640 0.57295056 0.19153370
v 0.69770919 0.56932307 0.15286295
v 0.71504746 0.56843587 0.10647470
v 0.74431898 0.57281650 0.05918834
v 0.75981719 0.58330663 0.02642362
v 0.76837447 0.56926911 0.07534293
v 0.74865990 0.33020697 -0.01355624
v 0.74042723 0.33757178 -0.00331809
v 0.71363810 0.32962747 -0.01596036
v 0.71904350 0.32030932 -0.02446886
v 0.76280578 0.35686936 0.00334078
v 0.75184192 0.35335120 0.00290077
v 0.73833629 0.36664261 -0.00962187
v 0.72901543 0.35802311 -0.01313735
v 0.68327961 0.35989218 -0.01360925
v 0.65971530 0.33194397 -0.00711059
v 0.67503870 0.33625238 -0.01241779
v 0.68723270 0.35273957 -0.01665138
v 0.69269043 0.32004212 -0.02282968
v 0.69464047 0.33178451 -0.02417735
v 0.71310596 0.36679200 -0.01832663
v 0.71036515 0.35594004 -0.01999433
v 0.44653666 0.37292496 0.25175616
v 0.45351445 0.32852814 0.24396524
v 0.46777912 0.43416377 0.22827386
v 0.53015794 0.35839512 0.14874406
v 0.53074919 0.40523755 0.14606000
v 0.54287802 0.51364986 0.14359293
v 0.48869925 0.31122412 0.21564992
v 0.49276304 0.46973471 0.19029083
v 0.46490045 0.34686648 0.22946403
v 0.48105301 0.35056766 0.21298288
v 0.49623939 0.38886721 0.22717467
v 0.46012626 0.37895279 0.22788440
v 0.47685492 0.43844124 0.22288867
v 0.48323838 0.45122153 0.19052293
v 0.49863836 0.36528703 0.19287062
v 0.50489340 0.39362211 0.18387632
v 0.49586197 0.45224804 0.18001063
v 0.81408770 0.53961620 -0.04613108
v 0.78655376 0.54843524 -0.04701216
v 0.79336793 0.53205319 -0.04730558
v 0.77520706 0.58510472 -0.03822326
v 0.77184171 0.60684670 -0.02754138
v 0.72473391 0.56244277 -0.02627236
v 0.71206200 0.56104679 -0.02549550
v 0.71143673 0.55174784 -0.02672587
v 0.72776354 0.55617442 -0.02994938
v 0.73409451 0.57334869 -0.02959704
v 0.72190906 0.57761757 -0.02603004
v 0.75671424 0.53198638 -0.04020270
v 0.75600879 0.54804569 -0.04231796
v 0.74559810 0.59735763 -0.02826284
v 0.74978236 0.57901711 -0.03438480
v 0.77670010 0.56156536 -0.03297473
v 0.75169774 0.56045666 -0.03193826
v 0.77466579 0.56629843 -0.02866050
v 0.75235999 0.56516244 -0.02634743
v 0.80054876 0.33561399 -0.01105549
v 0.78781198 0.29163915 -0.02945070
v 0.69191190 0.56346025 -0.01850256
v 0.71443890 0.58636091 -0.02241390
v 0.76960898 0.61585255 -0.02002827
v 0.74034416 0.60403674 -0.02533950
v 0.64497095 0.32802973 -0.00158987
v 0.67318603 0.37329542 -0.00796463
v 0.78020886 0.35977587 0.00251616
v 0.76389185 0.31571857 -0.02058428
v 0.72191489 0.30379076 -0.03340761
v 0.72345742 0.27594596 -0.03591686
v 0.68687340 0.30356328 -0.02887351
v 0.67212148 0.27790575 -0.02237332
v 0.63014331 0.30369172 0.00770290
v 0.71590312 0.38294733 -0.00952342
v 0.74725806 0.37951126 -0.00332423
v 0.80299518 0.45991167 -0.06380638
v 0.80455242 0.43377785 -0.04891932
v 0.80172299 0.47955224 -0.06044729
v 0.80400977 0.48807277 -0.05173737
v 0.78649150 0.47723125 -0.05503970
v 0.78943797 0.47989027 -0.04734446
v 0.76787022 0.47886012 -0.03818674
v 0.77798966 0.48197178 -0.03319928
v 0.75767382 0.48502333 -0.02693480
v 0.77499914 0.49450423 -0.02963901
v 0.79066538 0.52189170 -0.04131008
v 0.79570069 0.50401521 -0.03602964
v 0.81947242 0.49572529 -0.04752162
v 0.79852744 0.49014638 -0.03969262
v 0.77780163 0.45915559 -0.05034459
v 0.78086746 0.43944002 -0.03783480
v 0.76256369 0.46345522 -0.03604445
v 0.72702809 0.68473772 0.01098211
v 0.69807785 0.68596278 0.04956032
v 0.68093434 0.66919214 0.03508997
v 0.70601707 0.67716688 0.01663966
v 0.74588186 0.69044358 0.01110164
v 0.72763336 0.69848365 0.05880933
v 0.67442882 0.64502159 0.01849011
v 0.70293188 0.65107391 0.00184742
v 0.73260900 0.65167019 -0.01041873
v 0.76275872 0.65564039 -0.01512568
v 0.69201477 0.53150786 -0.01957085
v 0.71256236 0.49389815 -0.02244279
v 0.73132047 0.51439726 -0.02877811
v 0.60977524 0.62163083 0.08029007
v 0.65921770 0.49431562 -0.00964598
v 0.63148294 0.55594972 0.02311926
v 0.69147698 0.43721863 -0.01885404
v 0.64088426 0.42737998 -0.01066115
v 0.59744474 0.37956084 0.02815373
v 0.58769240 0.32651104 0.05207243
v 0.56010217 0.56623041 0.12639712
v 0.59081618 0.52588636 0.05830507
v 0.61254270 0.47079904 0.01467915
v 0.56894339 0.43093360 0.07139240
v 0.55389793 0.46992268 0.10602270
v 0.75878917 0.45385534 -0.02416004
v 0.76516882 0.51645513 -0.03747393
v 0.57601479 0.26310885 0.09680736
v 0.60974596 0.22944773 0.05390610
v 0.55279084 0.36864742 0.10560836
v 0.80038118 0.39025068 -0.02205168
v 0.78039091 0.39794944 -0.01620756
v 0.75649318 0.40916385 -0.01228419
v 0.54468897 0.31612743 0.13462148
v 0.78148852 0.20499158 -0.01660150
v 0.71525085 0.19836055 -0.01057891
v 0.66201268 0.20903725 0.01162179
v 0.65095506 0.80216896 0.18636351
v 0.68117288 0.73392534 0.16358650
v 0.58885420 0.77624797 0.19869411
v 0.62692374 0.70622115 0.17197982
v 0.54107788 0.74043703 0.22810725
v 0.57400680 0.66719897 0.19916076
v 0.51240682 0.68866080 0.27084381
v 0.53337390 0.62267241 0.24287135
v 0.61540909 0.65376202 0.13880779
v 0.65965462 0.68231189 0.12283055
v 0.70200883 0.70215831 0.12704495
v 0.55926544 0.59137219 0.18070642
v 0.52147746 0.47151200 0.16941371
v 0.51987806 0.56463337 0.27711123
v 0.53878614 0.54077323 0.20759288
v 0.75968003 0.11740292 0.02692034
v 0.73907773 0.03178661 0.12430969
v 0.70429037 -0.00128592 0.24253562
v 0.65334174 0.01669602 0.39473016
v 0.69388904 0.11743075 0.03852680
v 0.66664061 0.05472798 0.11465472
v 0.63442971 0.01862928 0.22846590
v 0.58855530 0.03484010 0.37368490
v 0.63400544 0.13760931 0.06673442
v 0.60295377 0.08438502 0.14672983
v 0.56952979 0.06359043 0.24713186
v 0.55037072 0.06348577 0.34901339
v 0.54795120 0.09221018 0.44068411
v 0.52326404 0.10210598 0.37634743
v 0.59870318 0.08248522 0.48525335
v 0.50345893 0.31287166 0.22080212
v 0.48416326 0.34840948 0.25072616
v 0.51481458 0.32549485 0.17524180
v 0.48666043 0.38955421 0.25439615
v 0.50454248 0.45107943 0.23045696
v 0.52475489 0.48683111 0.20608526
v 0.52512797 0.27654848 0.17433814
v 0.58754228 0.15867872 0.11416476
v 0.50152906 0.26129486 0.23083330
v 0.54920345 0.13199153 0.19256126
v 0.48003510 0.27837091 0.32591609
v 0.52493584 0.11249917 0.28230349
v 0.47812604 0.34314943 0.34864005
v 0.50092806 0.43785541 0.32997205
v 0.51201626 0.48875999 0.30990684
v 0.49010070 0.32399761 0.42837370
v 0.51803417 0.44720204 0.38888994
v 0.52736858 0.51042661 0.36691167
v 0.48740693 0.25580006 0.42092814
v 0.51893869 0.30993453 0.48914635
v 0.54461188 0.45654823 0.43166557
v 0.54617629 0.53042526 0.40355989
v 0.51799515 0.23635635 0.48939863
v 0.55426615 0.29980838 0.52907022
v 0.57385955 0.45989076 0.46371630
v 0.57782921 0.53701310 0.43967285
v 0.55880568 0.23013749 0.53135032
v 0.63079150 0.22211013 0.57949540
v 0.51640435 0.59841500 0.34120795
v 0.51840658 0.37231556 0.16596675
v 0.52711350 0.60798800 0.38440625
v 0.56714389 0.63139974 0.44409771
v 0.50898476 0.33836942 0.17783372
v 0.72579009 0.35605125 -0.00426626
v 0.74991026 0.35249257 0.00671062
v 0.73933711 0.33680092 -0.00094790
v 0.71237937 0.32917596 -0.01121085
v 0.68049074 0.33554904 -0.00882674
v 0.68954421 0.34941108 -0.00522247
v 0.69366955 0.33171934 -0.01238228
v 0.70840185 0.35444846 -0.00789784
v 0.80420909 0.59095604 -0.03424872
v 0.82870542 0.46208920 -0.06421492
v 0.81448041 0.50279526 -0.03548165
v 0.82210111 0.39462269 -0.02272200
v 0.80519431 0.03025242 0.14222821
v 0.72828827 0.56252975 -0.01949605
v 0.72324869 0.55869171 -0.01582210
v 0.73092492 0.56413846 -0.01957019
v 0.80098948 0.57022908 -0.01839742
v 0.74683560 0.56393364 -0.01512457
v 0.77001495 0.56878080 -0.02012766
v 0.74521592 0.55846317 -0.02072569
v 0.77257037 0.56410343 -0.02495335
v 0.80078176 0.56428433 -0.01590135
v 0.73897431 0.56862101 -0.02807577
v 0.72843775 0.56186517 -0.02570697
v 0.73129484 0.55986508 -0.02825618
v 0.53045834 0.48004418 0.15894310
v 0.45665152 0.40663622 0.24497333
v 0.55620838 0.37475318 0.51153113
v 0.52609218 0.37887549 0.47458545
v 0.50014047 0.39096272 0.41716742
v 0.48945680 0.40106775 0.34761957
v 0.46555594 0.41050702 0.22322273
v 0.49368682 0.41653632 0.21165040
v 0.50269504 0.42665993 0.18460535
v 0.51839412 0.42733242 0.16439660
v 0.49284165 0.42051477 0.24477377
v 0.52878898 0.15312764 0.46910447
v 0.57423202 0.14678165 0.51681070
v 0.51988101 0.19177856 0.21847502
v 0.50070541 0.16691579 0.40026333
v 0.49832277 0.17881751 0.30036549
v 0.54920622 0.21684870 0.15043008
v 0.54222381 0.72065289 0.46596295
v 0.48854818 0.71456384 0.41983812
v 0.45736154 0.72371685 0.34837906
v 0.46956474 0.74661658 0.29410697
v 0.49833537 0.80232367 0.24183458
v 0.55783102 0.83711018 0.20915225
v 0.68485904 0.88573914 0.21239389
v 0.61273592 0.86290178 0.19849274
v 0.78618590 0.57105858 0.02574406
v 0.76637651 0.53747469 0.09123363
v 0.80512505 0.56504807 -0.02858795
v 0.82340192 0.33979161 -0.00891482
v 0.82602870 0.43253062 -0.04709472
v 0.62956261 0.46815734 0.50333676
v 0.63217023 0.54115854 0.47452103
v 0.62015222 0.64428000 0.47497450
v 0.80476672 0.56731597 -0.02828666
v 0.75481576 0.70482177 0.07083859
v 0.76584575 -0.00264675 0.26547174
v 0.66941254 0.07853748 0.51576657
v 0.78347752 0.56354005 0.03390871
v 0.80593665 0.57986239 0.03529297
v 0.81044115 0.56524164 0.04604892
v 0.73315460 0.53809953 0.18620579
v 0.77481898 0.54209743 0.20246034
v 0.75668820 0.55540082 0.24415092
v 0.79849554 0.54697166 0.09710344
v 0.81426196 0.58046588 0.03922778
v 0.81397678 0.58121282 0.07277948
v 0.79435244 0.54786065 0.19761684
v 0.77783429 0.56071339 0.24782135
v 0.81672799 0.56918808 0.12669683
v 0.79332507 0.57881138 0.22363630
v 0.79471863 0.57360691 0.19932596
v 0.80974202 0.57929986 0.12948747
v 0.80739733 0.59598703 0.07691145
v 0.81149813 0.58645659 0.04922654
v 0.78516848 0.58784712 0.23811815
v 0.77458251 0.57790404 0.17969730
v 0.79007582 0.57681090 0.13266503
v 0.79597785 0.57858291 0.07722103
v 0.80225125 0.58804333 0.04123618
v 0.72143861 0.61097671 0.19646465
v 0.73479636 0.58301913 0.16613918
v 0.88518691 0.34544678 0.03410158
v 0.88371908 0.35356671 0.04670115
v 0.91350872 0.35193800 0.05380897
v 0.91645417 0.34234525 0.04444176
v 0.85874368 0.36757842 0.03683006
v 0.86807437 0.36632562 0.04347431
v 0.88347311 0.38284348 0.04104140
v 0.89444680 0.37648936 0.04461019
v 0.92927422 0.38735129 0.07226069
v 0.94875896 0.36420843 0.09378659
v 0.93948290 0.36577092 0.07989239
v 0.92953739 0.37978679 0.06793051
v 0.93561011 0.34715799 0.06196689
v 0.93264025 0.35835120 0.05890182
v 0.90805669 0.38855334 0.04972530
v 0.91331070 0.37859380 0.05084837
v 0.94406075 0.42846100 0.42542812
v 0.95226852 0.38420148 0.41806655
v 0.93024898 0.48578689 0.38970935
v 0.94650381 0.40486966 0.29407894
v 0.93848525 0.45075102 0.28838943
v 0.90940998 0.55456393 0.27153914
v 0.94624922 0.36229806 0.37536801
v 0.92755851 0.51826868 0.34206595
v 0.94889484 0.40089228 0.39841314
v 0.94598282 0.40246537 0.37527707
v 0.91812014 0.43595958 0.37444162
v 0.94719558 0.43332182 0.39790689
v 0.92579508 0.48855411 0.37960132
v 0.93832840 0.50202088 0.34938232
v 0.94204364 0.41478208 0.34765119
v 0.93722892 0.44188149 0.33479274
v 0.93496235 0.50126254 0.33328847
v 0.83390772 0.55372112 -0.03048220
v 0.83211208 0.53637800 -0.03378106
v 0.82994086 0.59121437 -0.01911720
v 0.82165561 0.61240717 -0.01015272
v 0.86556583 0.57816311 0.02288818
v 0.87503343 0.57923845 0.03139334
v 0.87809807 0.57035138 0.03145101
v 0.86675050 0.57168881 0.01856714
v 0.85832179 0.58721554 0.01376728
v 0.86458594 0.59354385 0.02377452
v 0.85572707 0.54303867 -0.00564005
v 0.85440664 0.55902934 -0.00796998
v 0.84399594 0.60834127 0.00608514
v 0.84818021 0.59000076 -0.00003682
v 0.83020393 0.56753772 -0.01429802
v 0.84886561 0.57130301 0.00198037
v 0.82816962 0.57227079 -0.00998379
v 0.84399298 0.57539096 0.00563912
v 0.82988477 0.30160544 -0.01527548
v 0.84298283 0.34035068 0.00375707
v 0.87268012 0.30111254 0.00017443
v 0.88563265 0.58508430 0.04912002
v 0.86634057 0.60331690 0.03061079
v 0.81696294 0.62113842 -0.00349830
v 0.84489186 0.61570686 0.01115522
v 0.95738410 0.36290280 0.10746495
v 0.93086538 0.40205884 0.08198413
v 0.84539743 0.36705253 0.02527169
v 0.88073928 0.32876164 0.02020394
v 0.92301548 0.32623858 0.03679107
v 0.92886292 0.29887431 0.03578454
v 0.94701270 0.33260129 0.06193396
v 0.95932019 0.30996425 0.07787984
v 0.96777091 0.34137934 0.12555939
v 0.89732414 0.40319842 0.05380567
v 0.87025536 0.39324081 0.03961074
v 0.84911917 0.46506026 -0.04770577
v 0.84391156 0.43817131 -0.03518013
v 0.84415706 0.48428894 -0.04563472
v 0.83537409 0.49157381 -0.04078895
v 0.85291004 0.48464521 -0.03185482
v 0.84540175 0.48613722 -0.02780905
v 0.85642828 0.48874540 -0.00727356
v 0.84502319 0.48945439 -0.00979972
v 0.85607166 0.49600697 0.00741318
v 0.84264765 0.50205549 -0.00602477
v 0.83248446 0.52655975 -0.02671219
v 0.82890996 0.50772219 -0.02443720
v 0.83173671 0.49385336 -0.02810018
v 0.86020983 0.46835439 -0.02157816
v 0.85405085 0.44760910 -0.01228849
v 0.86219151 0.47457616 -0.00126712
v 0.81681612 0.69476029 0.04232464
v 0.81492529 0.69900585 0.09034854
v 0.84021585 0.68697191 0.09069076
v 0.83085934 0.69110238 0.06021865
v 0.80123065 0.69662188 0.03042238
v 0.78421212 0.70479925 0.07855942
v 0.86015475 0.66575321 0.08332192
v 0.84745371 0.66720614 0.05229602
v 0.83223681 0.66279113 0.02435860
v 0.81134266 0.66106356 0.00183364
v 0.89250037 0.55388703 0.05041315
v 0.88598856 0.51325683 0.03809552
v 0.87153739 0.53004895 0.02016776
v 0.87606440 0.65135531 0.17324428
v 0.91874201 0.52328498 0.08094681
v 0.90761189 0.58677257 0.11950827
v 0.91102717 0.46172588 0.05778488
v 0.94653256 0.46149792 0.09603225
v 0.96520668 0.42061220 0.15652929
v 0.96836905 0.36900401 0.18495616
v 0.89649980 0.60378074 0.24382427
v 0.92290890 0.56295616 0.17422950
v 0.94402043 0.50780019 0.13038889
v 0.95023503 0.47349522 0.20449081
v 0.93272962 0.51220970 0.23826241
v 0.85964696 0.46511358 0.01104663
v 0.85065195 0.52599717 -0.00763413
v 0.96222632 0.30621965 0.23162317
v 0.96951307 0.26960667 0.17949089
v 0.95376205 0.41340577 0.24557636
v 0.83912533 0.39457549 -0.00852717
v 0.84926940 0.40563799 0.00783603
v 0.86288585 0.42103992 0.02485456
v 0.95242503 0.36164090 0.27695091
v 0.88665121 0.21673035 0.02010790
v 0.93480104 0.22286780 0.06606001
v 0.95966615 0.24226277 0.11552442
v 0.74381802 0.81253477 0.21877942
v 0.74820641 0.74140795 0.18698606
v 0.78872482 0.79855849 0.26846343
v 0.78989517 0.72441281 0.22886866
v 0.81413189 0.77091664 0.32342289
v 0.82123138 0.69479537 0.28546006
v 0.81990008 0.72298468 0.37818124
v 0.83410231 0.65624117 0.34784735
v 0.82942440 0.67765145 0.21351463
v 0.79987154 0.69796359 0.17177642
v 0.76104754 0.70874849 0.14765374
v 0.73123068 0.70837850 0.13526784
v 0.85876387 0.62480365 0.28525307
v 0.91814376 0.51578981 0.30787899
v 0.83475116 0.59978103 0.38702475
v 0.86780393 0.57749978 0.32244392
v 0.82923184 0.11196961 0.04623671
v 0.89374709 0.13236814 0.07371946
v 0.86637993 0.04599670 0.16874738
v 0.82667269 0.01237499 0.28525591
v 0.76834422 0.02953315 0.43487436
v 0.93680871 0.14454662 0.12332337
v 0.92308999 0.08335410 0.20417414
v 0.88472922 0.04656893 0.31583857
v 0.82717006 0.06147543 0.45697874
v 0.96117826 0.17412992 0.18094144
v 0.94611625 0.12269047 0.26651840
v 0.91392224 0.10203318 0.36734978
v 0.86585880 0.09870207 0.45914159
v 0.80563055 0.12097360 0.53063287
v 0.86212162 0.13993090 0.49463328
v 0.74138005 0.09841151 0.53505791
v 0.93148955 0.36065051 0.37021582
v 0.92080369 0.39714940 0.40314531
v 0.94838008 0.37389153 0.32658757
v 0.90854118 0.43664658 0.40166310
v 0.89751887 0.49494535 0.36763420
v 0.89005688 0.52760788 0.33360212
v 0.95069864 0.32405274 0.32289314
v 0.96329904 0.20062251 0.24533109
v 0.93693951 0.30989748 0.38282309
v 0.94955967 0.17668122 0.33231459
v 0.89146108 0.32429627 0.46953357
v 0.91668225 0.15622780 0.41905137
v 0.86618253 0.38646617 0.48409988
v 0.84163059 0.47588628 0.44890192
v 0.83549917 0.52486872 0.42282581
v 0.81173865 0.35990039 0.54064864
v 0.79047320 0.47761300 0.48399090
v 0.78443295 0.53912138 0.45664576
v 0.83179938 0.29424281 0.54114606
v 0.75509351 0.33629527 0.57158149
v 0.74202255 0.47858416 0.50057620
v 0.74358696 0.55246119 0.47247052
v 0.77013962 0.26450194 0.57741532
v 0.70555284 0.31669573 0.58188023
v 0.69931680 0.47389490 0.50750997
v 0.69590662 0.55019347 0.48089042
v 0.71439727 0.24750538 0.58566306
v 0.79130332 0.62910055 0.43716761
v 0.94213229 0.41961387 0.31387773
v 0.75465851 0.63338767 0.46383595
v 0.68276135 0.64430552 0.48445659
v 0.94870012 0.38745257 0.33132624
v 0.89183645 0.37458615 0.05369595
v 0.86737269 0.36560430 0.04771352
v 0.88324396 0.35286450 0.04928601
v 0.91163500 0.35141784 0.05834380
v 0.93325020 0.36376327 0.07940462
v 0.92139413 0.37529129 0.07570995
v 0.92613445 0.35766819 0.06876481
v 0.90765748 0.37669034 0.06165681
v 0.77451460 0.69659062 0.01703877
v 0.62424832 0.29813427 0.57293001
v 0.85866541 0.57708308 0.02601502
v 0.86100567 0.57406881 0.03226507
v 0.85638217 0.57814261 0.02422348
v 0.84154352 0.57450539 0.01793536
v 0.82597872 0.57502774 -0.00059224
v 0.84730368 0.56985870 0.01491034
v 0.82791915 0.57028173 -0.00563261
v 0.85459178 0.58152679 0.01228310
v 0.86250481 0.57683038 0.02109214
v 0.86228697 0.57448705 0.01746956
v 0.91605488 0.52308633 0.29354423
v 0.93388105 0.45990689 0.41156102
v 0.70011523 0.39081676 0.56176505
v 0.74502738 0.40331409 0.55100969
v 0.79779394 0.42418824 0.52107005
v 0.84676396 0.44095211 0.47234566
v 0.93971055 0.46343445 0.38873704
v 0.92417738 0.46458976 0.36192280
v 0.93195563 0.47457607 0.33444840
v 0.93228005 0.47353237 0.30887278
v 0.90365264 0.46637148 0.38817658
v 0.62196763 0.36834609 0.56000917
v 0.64730592 0.14478003 0.55791342
v 0.79077324 0.18237159 0.56055596
v 0.72797865 0.16394359 0.57047941
v 0.94422171 0.23914552 0.36660067
v 0.85186272 0.20611367 0.52284267
v 0.91282369 0.22508610 0.44505634
v 0.95878724 0.26256811 0.29340353
v 0.60045652 0.74035877 0.49367943
v 0.67075599 0.73500027 0.51082999
v 0.74130764 0.74277808 0.50806949
v 0.80728887 0.76277743 0.47052905
v 0.82687190 0.78650093 0.41883306
v 0.82612318 0.83891293 0.35625627
v 0.79398584 0.86347092 0.29158739
v 0.75356783 0.87862212 0.24765328
v 0.72169578 0.55115786 0.22984453
v 0.75166026 0.57089119 0.12370521
v 0.78153332 0.58506671 0.03259462
v 0.79710208 0.61229517 -0.02071273
v 0.79439098 0.61728963 -0.01454326
v 0.82642982 0.48161159 -0.06293951
v 0.81180148 0.52424484 -0.03566547
v 0.78786630 0.66172468 -0.01006102
v 0.83556816 0.20804892 -0.00163978
v 0.71514693 0.74330726 0.17217257
v 0.81240386 0.54997920 -0.04462116
v 0.82257482 0.49109911 -0.05492986
v 0.69869044 0.82097582 0.19447953
v 0.70901288 0.00153935 0.42694422
v 0.89213814 0.36074400 0.04326927
v 0.88645764 0.36012226 0.04475322
v 0.87506457 0.35853580 0.04492506
v 0.86579807 0.35719412 0.04791933
v 0.85712069 0.35592561 0.05319936
v 0.84990990 0.35449251 0.05932664
v 0.84377340 0.35351380 0.06722705
v 0.83951780 0.35241551 0.07577264
v 0.83665691 0.35180367 0.08516316
v 0.83533350 0.35136345 0.09509037
v 0.89359860 0.35695150 0.04329579
v 0.88806182 0.35502770 0.04478438
v 0.87764305 0.35025475 0.04518247
v 0.86873488 0.34664516 0.04787546
v 0.86068739 0.34346858 0.05296038
v 0.85331283 0.34069911 0.05898496
v 0.84759161 0.33877818 0.06699618
v 0.84295763 0.33730937 0.07574500
v 0.84036831 0.33705736 0.08524170
v 0.83897303 0.33726817 0.09516659
v 0.89549537 0.35386798 0.04384407
v 0.89106073 0.35041959 0.04566046
v 0.88215937 0.34317982 0.04649718
v 0.87500426 0.33778877 0.04973381
v 0.86775141 0.33305327 0.05503920
v 0.86140712 0.32941023 0.06138926
v 0.85606526 0.32687259 0.06951014
v 0.85188152 0.32512328 0.07805805
v 0.84853447 0.32511745 0.08764832
v 0.84675983 0.32594496 0.09746356
v 0.89858619 0.35124727 0.04482054
v 0.89534657 0.34727446 0.04737800
v 0.88895599 0.33800705 0.04866479
v 0.88355393 0.33083454 0.05244506
v 0.87767478 0.32493428 0.05818443
v 0.87266825 0.32045199 0.06496733
v 0.86770575 0.31729765 0.07319786
v 0.86352200 0.31554834 0.08174577
v 0.86048245 0.31557684 0.09144338
v 0.85802097 0.31698673 0.10104162
v 0.90214827 0.34999726 0.04600704
v 0.90024642 0.34518520 0.04899733
v 0.89676700 0.33492466 0.05125479
v 0.89301020 0.32694723 0.05557523
v 0.88908380 0.32027637 0.06196211
v 0.88496480 0.31523533 0.06937873
v 0.88096071 0.31185845 0.07793243
v 0.87712039 0.30981795 0.08658884
v 0.87373741 0.31013764 0.09617795
v 0.87066094 0.31147888 0.10556152
v 0.90611073 0.34978176 0.04771415
v 0.90543885 0.34510699 0.05113378
v 0.90499942 0.33452797 0.05477634
v 0.90359576 0.32681444 0.06026488
v 0.90155025 0.32002401 0.06729694
v 0.89907553 0.31516529 0.07494085
v 0.89561554 0.31152085 0.08401979
v 0.89215359 0.30985087 0.09247297
v 0.88846312 0.31013624 0.10195474
v 0.88442824 0.31170002 0.11101514
v 0.90972879 0.35084467 0.04899988
v 0.91048757 0.34633084 0.05326560
v 0.91305121 0.33674608 0.05797922
v 0.91379999 0.32927282 0.06421911
v 0.91376419 0.32303748 0.07231078
v 0.91251945 0.31831605 0.08038404
v 0.91005282 0.31511079 0.08947443
v 0.90672068 0.31312825 0.09865491
v 0.90272271 0.31337929 0.10802935
v 0.89780129 0.31451459 0.11676889
v 0.91282475 0.35283912 0.05048420
v 0.91470571 0.34943912 0.05517579
v 0.91978626 0.34145464 0.06116021
v 0.92216540 0.33515318 0.06835005
v 0.92325178 0.33003168 0.07686759
v 0.92347264 0.32613289 0.08547522
v 0.92147826 0.32331111 0.09508853
v 0.91852449 0.32169909 0.10406579
v 0.91394746 0.32155597 0.11322671
v 0.90882535 0.32266763 0.12154951
v 0.91516200 0.35606697 0.05174920
v 0.91789358 0.35342097 0.05676049
v 0.92476825 0.34794467 0.06379756
v 0.92897745 0.34382586 0.07204122
v 0.93115008 0.34014371 0.08098347
v 0.93177133 0.33727943 0.09011169
v 0.93032007 0.33517732 0.09993736
v 0.92767379 0.33359962 0.10902196
v 0.92289609 0.33343287 0.11776614
v 0.91712404 0.33381417 0.12618599
v 0.91623335 0.35948303 0.05258370
v 0.91940026 0.35853325 0.05780387
v 0.92783244 0.35586701 0.06547569
v 0.93274854 0.35380426 0.07403441
v 0.93555718 0.35184196 0.08360228
v 0.93688631 0.35004650 0.09335844
v 0.93577749 0.34864043 0.10297972
v 0.93329596 0.34741188 0.11247990
v 0.92824670 0.34688529 0.12111790
v 0.92193153 0.34654691 0.12932540
v 0.91631036 0.36344716 0.05309387
v 0.91964103 0.36383376 0.05841674
v 0.92760710 0.36441196 0.06638638
v 0.93247236 0.36465144 0.07535371
v 0.93506542 0.36464222 0.08491463
v 0.93625082 0.36414882 0.09466616
v 0.93534171 0.36375361 0.10439130
v 0.93282425 0.36285058 0.11389032
v 0.92791772 0.36200916 0.12222008
v 0.92171035 0.36069425 0.13043105
v 0.91526420 0.36728468 0.05286529
v 0.91803685 0.36892832 0.05838559
v 0.92533612 0.37272733 0.06623629
v 0.92964237 0.37521108 0.07508818
v 0.93201984 0.37715495 0.08464214
v 0.93291878 0.37827843 0.09469728
v 0.93163031 0.37849992 0.10431277
v 0.92907692 0.37792241 0.11381063
v 0.92440701 0.37677911 0.12255828
v 0.91837830 0.37482385 0.13046217
v 0.91326061 0.37035751 0.05262641
v 0.91507387 0.37321092 0.05751066
v 0.92040548 0.37975725 0.06512365
v 0.92357367 0.38409111 0.07364657
v 0.92488494 0.38723406 0.08287389
v 0.92482448 0.38956731 0.09229297
v 0.92304985 0.39039482 0.10210821
v 0.92053141 0.39047902 0.11129435
v 0.91593336 0.38868470 0.12004432
v 0.91028401 0.38611274 0.12805787
v 0.91016980 0.37297821 0.05164995
v 0.91126027 0.37673952 0.05631604
v 0.91391636 0.38496434 0.06306338
v 0.91482331 0.39102171 0.07051859
v 0.91465408 0.39531873 0.07962132
v 0.91356335 0.39852555 0.08871491
v 0.91120868 0.39994613 0.09800375
v 0.90824000 0.40031083 0.10739080
v 0.90394944 0.39855083 0.11624811
v 0.89929444 0.39543081 0.12458598
v 0.90671453 0.37423891 0.05015404
v 0.90619568 0.37847962 0.05428113
v 0.90631897 0.38806811 0.05985457
v 0.90513043 0.39521090 0.06697052
v 0.90342275 0.40032353 0.07522368
v 0.90133768 0.40407840 0.08399295
v 0.89822528 0.40574516 0.09337536
v 0.89464162 0.40604121 0.10254773
v 0.89100198 0.40402435 0.11162087
v 0.88669039 0.40061314 0.12006724
v 0.90275206 0.37445441 0.04844693
v 0.90086050 0.37887266 0.05245292
v 0.89787293 0.38844342 0.05695183
v 0.89463875 0.39535663 0.06300701
v 0.89074268 0.40055451 0.07050765
v 0.88722695 0.40414845 0.07843083
v 0.88349957 0.40574656 0.08759857
v 0.87967929 0.40634449 0.09635304
v 0.87634715 0.40436195 0.10553352
v 0.87295804 0.40105371 0.11430190
v 0.89924082 0.37340219 0.04685180
v 0.89584772 0.37732330 0.05032226
v 0.89003476 0.38624668 0.05313015
v 0.88437657 0.39255979 0.05832779
v 0.87897897 0.39726054 0.06529291
v 0.87388984 0.40100837 0.07267824
v 0.86923998 0.40250351 0.08152396
v 0.86500540 0.40305643 0.09048050
v 0.86167325 0.40107389 0.09966098
v 0.85920663 0.39786862 0.10875137
v 0.89603805 0.37139706 0.04567688
v 0.89159364 0.37454053 0.04841091
v 0.88319290 0.38152744 0.05025856
v 0.87590436 0.38666875 0.05450625
v 0.86907708 0.39022133 0.06093816
v 0.86286577 0.39285533 0.06789762
v 0.85805116 0.39400132 0.07632776
v 0.85354501 0.39419440 0.08517812
v 0.85048443 0.39257169 0.09446478
v 0.84859686 0.38976059 0.10376869
v 0.89370079 0.36816921 0.04441188
v 0.88844171 0.37023317 0.04682737
v 0.87793935 0.37467757 0.04751503
v 0.86929299 0.37801970 0.05123183
v 0.86148627 0.38014362 0.05692962
v 0.85446028 0.38169811 0.06357054
v 0.84879504 0.38209009 0.07168099
v 0.84432483 0.38195766 0.08053251
v 0.84167855 0.38037997 0.08961711
v 0.83991980 0.37824353 0.09933544
v 0.89232195 0.36471881 0.04347004
v 0.88669841 0.36542276 0.04536609
v 0.87525353 0.36712576 0.04563367
v 0.86562871 0.36805199 0.04892924
v 0.85715005 0.36878157 0.05400025
v 0.84934530 0.36893104 0.06032380
v 0.84375192 0.36867200 0.06843656
v 0.83904608 0.36785421 0.07718306
v 0.83652862 0.36695118 0.08668208
v 0.83500550 0.36550010 0.09650543
v 0.91509332 0.36330760 0.05162898
v 0.90621558 0.35176691 0.04677899
v 0.89430353 0.36098201 0.04298510
v 0.90325215 0.37285891 0.04752453
v 0.89535286 0.36373410 0.04309577
v 0.90592670 0.37216765 0.04807730
v 0.91432848 0.36091309 0.05058894
v 0.90386146 0.35249023 0.04529801
v 0.90142111 0.37166348 0.04615784
v 0.91368271 0.36578511 0.05088096
v 0.90836705 0.35299440 0.04721748
v 0.89599864 0.35886209 0.04280376
v 0.89656695 0.36683535 0.04362203
v 0.90890972 0.37052348 0.04905029
v 0.91332802 0.35783322 0.04944388
v 0.90102118 0.35381958 0.04401678
v 0.89863264 0.36970336 0.04478086
v 0.91196461 0.36822829 0.05002560
v 0.91126233 0.35496521 0.04828506
v 0.89785948 0.35610408 0.04335087
v 0.90035241 0.35901485 0.04327210
v 0.90344323 0.35639414 0.04424857
v 0.90635537 0.35441377 0.04553212
v 0.89749821 0.36133368 0.04271353
v 0.89963478 0.36453789 0.04356180
v 0.90263172 0.36190424 0.04381213
v 0.90603003 0.35931785 0.04489593
v 0.90887130 0.35700128 0.04649004
v 0.90743603 0.36804737 0.04706944
v 0.91049091 0.36575218 0.04804475
v 0.91285993 0.36305213 0.04911594
v 0.90396684 0.37029755 0.04629619
v 0.90527646 0.36516641 0.04518447
v 0.91120855 0.36022913 0.04775505
v 0.90180728 0.36741659 0.04441123
v 0.90836728 0.36254570 0.04616094
v 0.88842234 0.36033663 0.04405230
v 0.88999060 0.35556759 0.04408230
v 0.89261015 0.35157618 0.04484873
v 0.89665938 0.34873292 0.04614837
v 0.90121580 0.34693486 0.04765920
v 0.90579325 0.34678801 0.04958098
v 0.91022698 0.34794320 0.05149813
v 0.91417356 0.35069164 0.05330214
v 0.91708986 0.35431366 0.05478066
v 0.91866840 0.35877491 0.05582636
v 0.91863762 0.36371558 0.05633305
v 0.91717618 0.36849531 0.05599366
v 0.91444981 0.37247604 0.05553663
v 0.91070808 0.37535361 0.05434433
v 0.90656596 0.37719668 0.05263143
v 0.90157420 0.37729853 0.05091171
v 0.89714048 0.37614333 0.04899457
v 0.89319390 0.37339489 0.04719055
v 0.89031352 0.36944737 0.04571319
v 0.88884179 0.36499680 0.04435809
v 0.89364298 0.36126989 0.05177972
v 0.88827672 0.36033272 0.04746833
v 0.87588024 0.35862808 0.04555647
v 0.86661374 0.35728640 0.04855074
v 0.85817298 0.35571601 0.05424867
v 0.85061876 0.35457411 0.06026745
v 0.84489657 0.35364041 0.06796580
v 0.84074777 0.35255281 0.07620199
v 0.83799370 0.35195166 0.08528311
v 0.83677709 0.35152213 0.09490092
v 0.89420199 0.35902562 0.05189517
v 0.88980904 0.35588919 0.04749716
v 0.87822210 0.35064891 0.04539599
v 0.86951462 0.34706296 0.04850572
v 0.86136032 0.34387569 0.05390004
v 0.85425732 0.34146605 0.06003079
v 0.84867885 0.33923030 0.06773377
v 0.84411574 0.33809769 0.07617203
v 0.84152642 0.33784569 0.08566873
v 0.84003727 0.33804355 0.09486748
v 0.89616965 0.35627831 0.05213289
v 0.89249948 0.35223398 0.04795303
v 0.88270250 0.34389949 0.04670954
v 0.87544057 0.33849776 0.05025557
v 0.86828160 0.33377520 0.05628710
v 0.86204412 0.33014285 0.06232776
v 0.85680907 0.32761590 0.07013924
v 0.85269620 0.32620279 0.07837659
v 0.84979939 0.32591646 0.08776595
v 0.84813157 0.32675466 0.09727179
v 0.89863058 0.35556567 0.05330447
v 0.89582691 0.34931139 0.04934740
v 0.88949912 0.33872673 0.04887715
v 0.88364682 0.33183472 0.05285832
v 0.87786154 0.32594740 0.05932384
v 0.87265433 0.32144148 0.06568999
v 0.86841363 0.31836647 0.07382580
v 0.86433669 0.31662785 0.08206431
v 0.86106052 0.31695823 0.09134402
v 0.85874178 0.31805329 0.10063402
v 0.90061926 0.35446956 0.05395313
v 0.90038333 0.34751333 0.05085823
v 0.89700263 0.33561001 0.05135981
v 0.89341058 0.32798173 0.05609583
v 0.88927056 0.32128949 0.06310151
v 0.88525838 0.31625915 0.07020873
v 0.88136110 0.31289295 0.07845303
v 0.87759165 0.31118865 0.08679888
v 0.87400799 0.31148471 0.09597125
v 0.87103833 0.31283664 0.10504542
v 0.90318700 0.35376761 0.05481530
v 0.90461735 0.34765766 0.05267152
v 0.90492756 0.33517900 0.05477402
v 0.90338115 0.32778029 0.06057080
v 0.90119290 0.32130469 0.06791110
v 0.89875412 0.31612045 0.07555617
v 0.89547182 0.31282291 0.08401515
v 0.89200987 0.31115293 0.09246834
v 0.88842621 0.31144898 0.10164071
v 0.88453407 0.31269794 0.11039286
v 0.90512485 0.35497373 0.05587259
v 0.90885040 0.34878922 0.05417192
v 0.91267185 0.33736279 0.05786956
v 0.91327790 0.33020435 0.06441770
v 0.91279186 0.32424951 0.07271027
v 0.91189054 0.31923689 0.08089203
v 0.90922323 0.31600800 0.08956568
v 0.90626946 0.31439598 0.09854294
v 0.90207081 0.31462339 0.10750064
v 0.89756369 0.31580370 0.11603812
v 0.90713358 0.35651605 0.05661931
v 0.91252542 0.35117783 0.05586976
v 0.91899260 0.34202634 0.06125262
v 0.92164330 0.33608471 0.06854864
v 0.92231538 0.33091819 0.07726824
v 0.92253624 0.32701941 0.08587587
v 0.92034118 0.32417399 0.09507244
v 0.91780171 0.32260698 0.10384764
v 0.91333150 0.32247455 0.11269916
v 0.90831620 0.32359690 0.12071256
v 0.90907143 0.35772217 0.05767660
v 0.91513423 0.35476552 0.05724094
v 0.92408140 0.34852705 0.06358057
v 0.92798311 0.34437392 0.07171689
v 0.92994212 0.34067039 0.08127794
v 0.93056336 0.33780611 0.09040617
v 0.92932573 0.33572537 0.09961303
v 0.92664352 0.33447319 0.10869647
v 0.92200855 0.33399161 0.11713241
v 0.91634332 0.33438360 0.12524286
v 0.91007189 0.36080203 0.05882166
v 0.91660596 0.35921609 0.05859604
v 0.92676722 0.35607886 0.06546192
v 0.93168332 0.35401611 0.07402064
v 0.93438515 0.35204312 0.08389791
v 0.93537085 0.35053885 0.09354557
v 0.93440478 0.34881796 0.10285862
v 0.93188732 0.34791493 0.11235764
v 0.92698079 0.34707351 0.12068739
v 0.92115081 0.34711635 0.12838226
v 0.91016380 0.36278944 0.05892204
v 0.91664704 0.36350572 0.05910505
v 0.92688530 0.36433262 0.06648110
v 0.93144307 0.36453778 0.07534110
v 0.93392932 0.36451787 0.08521142
v 0.93491404 0.36400084 0.09454621
v 0.93400492 0.36360563 0.10427135
v 0.93159428 0.36271329 0.11346097
v 0.92668775 0.36187187 0.12179073
v 0.92100149 0.36061265 0.12949024
v 0.90960479 0.36503371 0.05880659
v 0.91552902 0.36799427 0.05887415
v 0.92475706 0.37233317 0.06602278
v 0.92895650 0.37480623 0.07518407
v 0.93084879 0.37636889 0.08525065
v 0.93165385 0.37747942 0.09457965
v 0.93036539 0.37770091 0.10419514
v 0.92788288 0.37745960 0.11338244
v 0.92335571 0.37600147 0.12182185
v 0.91774130 0.37409123 0.12952367
v 0.90767307 0.36745551 0.05857003
v 0.91294539 0.37166017 0.05810888
v 0.91986236 0.37903757 0.06491130
v 0.92261624 0.38332642 0.07363628
v 0.92382070 0.38645868 0.08317300
v 0.92376024 0.38879193 0.09259208
v 0.92209242 0.38963013 0.10209792
v 0.91926649 0.38968001 0.11117672
v 0.91518955 0.38794138 0.11941523
v 0.90964701 0.38538011 0.12711937
v 0.90559051 0.36853868 0.05719523
v 0.90951115 0.37457206 0.05702391
v 0.91368072 0.38427899 0.06295836
v 0.91448087 0.39032567 0.07072297
v 0.91389734 0.39457768 0.08002776
v 0.91315003 0.39749331 0.08922985
v 0.91059467 0.39889025 0.09810196
v 0.90776874 0.39894012 0.10718076
v 0.90358499 0.39719081 0.11572867
v 0.89903679 0.39408148 0.12375714
v 0.90329434 0.36960047 0.05643924
v 0.90499066 0.37604461 0.05551424
v 0.90597653 0.38737207 0.06005895
v 0.90482392 0.39418935 0.06717606
v 0.90304536 0.39896577 0.07573978
v 0.90061686 0.40301184 0.08440055
v 0.89764720 0.40436377 0.09347472
v 0.89417035 0.40467051 0.10233769
v 0.89060159 0.40298985 0.11110028
v 0.88639682 0.39958933 0.11923724
v 0.90061979 0.37029173 0.05588646
v 0.90061389 0.37621511 0.05400920
v 0.89798072 0.38746688 0.05695530
v 0.89463973 0.39436940 0.06331989
v 0.89067279 0.39923108 0.07113109
v 0.88715706 0.40282502 0.07905427
v 0.88353648 0.40443382 0.08791260
v 0.87971621 0.40503175 0.09666708
v 0.87659768 0.40307058 0.10522876
v 0.87320857 0.39976235 0.11399714
v 0.89878875 0.36909630 0.05451977
v 0.89659447 0.37510492 0.05188999
v 0.89030731 0.38561929 0.05354921
v 0.88464912 0.39193240 0.05874685
v 0.87918063 0.39629694 0.06602252
v 0.87439900 0.40007910 0.07351519
v 0.86954845 0.40155060 0.08194418
v 0.86576411 0.40182302 0.09069981
v 0.86253877 0.39985117 0.09957089
v 0.86017896 0.39665659 0.10835188
v 0.89678002 0.36755397 0.05377305
v 0.89291945 0.37271632 0.05019215
v 0.88377294 0.38093437 0.05078495
v 0.87652033 0.38575016 0.05503380
v 0.86958624 0.38929206 0.06177511
v 0.86337493 0.39192606 0.06873457
v 0.85866712 0.39308274 0.07685531
v 0.85426779 0.39328651 0.08539627
v 0.85165744 0.39138330 0.09448203
v 0.84953326 0.38887408 0.10336804
v 0.89457061 0.36598802 0.05260958
v 0.89000315 0.36909430 0.04871363
v 0.87848345 0.37441002 0.04804026
v 0.87018052 0.37746095 0.05186556
v 0.86195950 0.37953986 0.05776541
v 0.85524100 0.38112867 0.06451367
v 0.84968257 0.38153135 0.07231472
v 0.84531917 0.38140961 0.08085684
v 0.84267289 0.37983191 0.08994144
v 0.84143526 0.37775118 0.09914830
v 0.89359215 0.36357213 0.05218835
v 0.88842461 0.36463305 0.04766793
v 0.87579763 0.36685821 0.04615891
v 0.86658712 0.36782945 0.04925241
v 0.85793077 0.36821214 0.05494338
v 0.85043351 0.36839593 0.06137427
v 0.84463945 0.36811325 0.06907030
v 0.84034792 0.36734048 0.07761473
v 0.83762977 0.36641382 0.08669701
v 0.83662777 0.36501843 0.09600889
v 0.90756112 0.36282967 0.05837158
v 0.90261505 0.35601414 0.05573539
v 0.89578250 0.36151242 0.05356662
v 0.90076449 0.36800244 0.05620397
v 0.89625376 0.36288312 0.05377666
v 0.90237382 0.36752304 0.05674298
v 0.90708985 0.36145897 0.05816155
v 0.90100572 0.35649354 0.05519639
v 0.89960638 0.36721412 0.05577694
v 0.90680241 0.36406308 0.05815227
v 0.90377316 0.35680246 0.05616242
v 0.89654121 0.36027901 0.05378593
v 0.89723320 0.36431178 0.05451078
v 0.90405501 0.36639260 0.05728430
v 0.90614634 0.35970480 0.05742859
v 0.89963203 0.35765830 0.05476240
v 0.89828352 0.36607665 0.05493433
v 0.90542871 0.36522784 0.05771829
v 0.90506009 0.35826545 0.05700388
v 0.89795084 0.35878874 0.05422108
v 0.89913096 0.36024104 0.05537193
v 0.90050465 0.35907628 0.05580592
v 0.90229265 0.35795653 0.05603784
v 0.89782814 0.36174200 0.05462739
v 0.89880758 0.36317066 0.05536150
v 0.90007447 0.36199521 0.05610489
v 0.90179159 0.36053926 0.05664737
v 0.90327209 0.35938519 0.05677195
v 0.90255446 0.36490824 0.05706165
v 0.90392816 0.36374348 0.05749564
v 0.90560935 0.36261304 0.05803696
v 0.90118076 0.36607300 0.05662767
v 0.90146821 0.36346889 0.05663694
v 0.90425153 0.36081385 0.05750607
v 0.89978702 0.36459932 0.05609562
v 0.90284191 0.36230413 0.05707092
v 0.89092441 0.36063321 0.04977930
v 0.89200552 0.35745740 0.04969617
v 0.89420979 0.35440821 0.05035178
v 0.89706399 0.35208938 0.05091035
v 0.90051926 0.35082869 0.05240626
v 0.90386674 0.35054453 0.05389869
v 0.90717730 0.35157312 0.05507708
v 0.90996577 0.35353324 0.05645406
v 0.91203146 0.35640126 0.05761289
v 0.91341030 0.35985165 0.05855473
v 0.91325167 0.36313042 0.05895988
v 0.91227738 0.36631691 0.05873361
v 0.91023786 0.36971525 0.05849358
v 0.90763321 0.37172995 0.05731736
v 0.90403520 0.37330547 0.05612970
v 0.90061684 0.37325342 0.05494783
v 0.89772058 0.37226984 0.05356737
v 0.89442394 0.37025176 0.05166632
v 0.89252300 0.36773290 0.05092307
v 0.89118009 0.36395699 0.04998239
v 0.88530860 0.36000017 0.04608555
v 0.88674803 0.35455646 0.04570113
v 0.89005443 0.34998267 0.04668455
v 0.89437620 0.34651203 0.04840324
v 0.89989104 0.34449142 0.05023725
v 0.90511940 0.34408770 0.05237486
v 0.91013219 0.34563706 0.05450552
v 0.91465782 0.34877966 0.05652305
v 0.91811725 0.35312135 0.05821393
v 0.91993143 0.35826796 0.05936465
v 0.91972197 0.36384896 0.06017842
v 0.91853209 0.36898853 0.05994520
v 0.91508294 0.37387715 0.05927003
v 0.91096186 0.37737143 0.05796807
v 0.90586133 0.37943705 0.05593200
v 0.90025459 0.37947024 0.05399761
v 0.89524180 0.37792088 0.05186695
v 0.89051549 0.37475464 0.04943268
v 0.88736355 0.37044728 0.04784914
v 0.88534869 0.36527704 0.04628168
v 0.73470159 0.34317017 -0.01168749
v 0.73824589 0.34357815 -0.00698342
v 0.74714737 0.34425706 0.00027269
v 0.75264056 0.34456293 0.00841916
v 0.75626291 0.34466737 0.01799269
v 0.75827691 0.34426400 0.02734009
v 0.75829028 0.34397176 0.03738724
v 0.75649462 0.34314807 0.04679154
v 0.75301875 0.34246758 0.05596738
v 0.74800541 0.34161547 0.06460654
v 0.73431709 0.33917172 -0.01230499
v 0.73800511 0.33827764 -0.00759629
v 0.74665092 0.33563277 -0.00054327
v 0.75250243 0.33367074 0.00730191
v 0.75613968 0.33179846 0.01646566
v 0.75860490 0.33012735 0.02592503
v 0.75841857 0.32882425 0.03586833
v 0.75685952 0.32769868 0.04569052
v 0.75304023 0.32730938 0.05475787
v 0.74795503 0.32710830 0.06339471
v 0.73313893 0.33574497 -0.01283009
v 0.73608413 0.33312035 -0.00843760
v 0.74378741 0.32773407 -0.00180466
v 0.74831704 0.32364733 0.00551079
v 0.75151896 0.32007884 0.01446565
v 0.75316949 0.31732822 0.02360649
v 0.75274753 0.31533977 0.03344477
v 0.75102373 0.31386504 0.04285138
v 0.74767668 0.31385922 0.05244165
v 0.74282711 0.31434349 0.06118351
v 0.73069487 0.33250643 -0.01378570
v 0.73237514 0.32908280 -0.00951084
v 0.73828430 0.32118835 -0.00393055
v 0.74149205 0.31497690 0.00285517
v 0.74360772 0.30996906 0.01138532
v 0.74413607 0.30610460 0.02010028
v 0.74347847 0.30343080 0.02983354
v 0.74175467 0.30195608 0.03924015
v 0.73810013 0.30191593 0.04872308
v 0.73379369 0.30311988 0.05767730
v 0.72749210 0.33050130 -0.01496062
v 0.72805019 0.32596383 -0.01111163
v 0.73133563 0.31645841 -0.00649274
v 0.73311371 0.30909881 -0.00024023
v 0.73349221 0.30290848 0.00764937
v 0.73306313 0.29827933 0.01635404
v 0.73151899 0.29517704 0.02576644
v 0.72952363 0.29334249 0.03506688
v 0.72614065 0.29366217 0.04465599
v 0.72244919 0.29493477 0.05382488
v 0.72345974 0.32939337 -0.01604428
v 0.72278786 0.32471861 -0.01262465
v 0.72296342 0.31420823 -0.00876741
v 0.72217473 0.30656335 -0.00306421
v 0.72074421 0.29984157 0.00418253
v 0.71888448 0.29505149 0.01204111
v 0.71665447 0.29154435 0.02154940
v 0.71442249 0.29001167 0.03043194
v 0.71134700 0.29036568 0.04012839
v 0.70854210 0.29206676 0.04961813
v 0.71969796 0.32963251 -0.01733465
v 0.71738180 0.32477544 -0.01414230
v 0.71441056 0.31457285 -0.01136076
v 0.71146943 0.30668770 -0.00640891
v 0.70774371 0.30004048 0.00039470
v 0.70465401 0.29511311 0.00782394
v 0.70157240 0.29183920 0.01669966
v 0.69885524 0.28992530 0.02609481
v 0.69608724 0.29031364 0.03589860
v 0.69424075 0.29179218 0.04571151
v 0.71602907 0.33087183 -0.01821176
v 0.71237514 0.32685400 -0.01545223
v 0.70638593 0.31763387 -0.01333196
v 0.70138524 0.31050863 -0.00871822
v 0.69632175 0.30470065 -0.00234743
v 0.69162272 0.30025269 0.00454280
v 0.68778338 0.29722495 0.01351209
v 0.68482961 0.29561294 0.02248935
v 0.68271253 0.29574441 0.03250896
v 0.68128034 0.29726796 0.04211982
v 0.71283144 0.33348185 -0.01887882
v 0.70818318 0.33001208 -0.01644363
v 0.69968319 0.32281958 -0.01477343
v 0.69220764 0.31739647 -0.01060860
v 0.68577046 0.31275325 -0.00467180
v 0.68024184 0.30920249 0.00230968
v 0.67571565 0.30675714 0.01106197
v 0.67245439 0.30511080 0.01993189
v 0.67075161 0.30528728 0.02974945
v 0.66989946 0.30621776 0.03988670
v 0.71082785 0.33655468 -0.01911770
v 0.70538495 0.33464383 -0.01690298
v 0.69475255 0.32984950 -0.01588608
v 0.68613895 0.32627650 -0.01205021
v 0.67849282 0.32314719 -0.00613181
v 0.67182712 0.32045931 0.00083358
v 0.66702838 0.31864135 0.00916681
v 0.66331688 0.31727551 0.01823764
v 0.66195754 0.31716080 0.02816369
v 0.66179223 0.31750891 0.03851793
v 0.70967489 0.34038151 -0.01903688
v 0.70378077 0.33973839 -0.01693413
v 0.69268225 0.33818851 -0.01561942
v 0.68340282 0.33684909 -0.01158960
v 0.67554111 0.33567286 -0.00567816
v 0.66873169 0.33428704 0.00128260
v 0.66351767 0.33341130 0.00950502
v 0.65977024 0.33237097 0.01857469
v 0.65855363 0.33194144 0.02819249
v 0.65849612 0.33131300 0.03855021
v 0.70985870 0.34435632 -0.01883611
v 0.70402154 0.34503889 -0.01632126
v 0.69287121 0.34677847 -0.01491080
v 0.68364776 0.34775198 -0.01078176
v 0.67557047 0.34852883 -0.00487727
v 0.66847457 0.34875989 0.00238709
v 0.66349619 0.34856950 0.01071453
v 0.65971282 0.34785468 0.01978304
v 0.65811785 0.34705463 0.02960407
v 0.65823900 0.34578585 0.03965471
v 0.71093005 0.34777239 -0.01800161
v 0.70597846 0.34987068 -0.01547879
v 0.69593540 0.35470081 -0.01323267
v 0.68741885 0.35773037 -0.00878857
v 0.68012031 0.35991225 -0.00256670
v 0.67390998 0.36155902 0.00470563
v 0.66906042 0.36204329 0.01344749
v 0.66531200 0.36199020 0.02220429
v 0.66378889 0.36053911 0.03202763
v 0.66367441 0.35858498 0.04197325
v 0.71337411 0.35101093 -0.01704601
v 0.70892971 0.35415440 -0.01431198
v 0.70113102 0.36121221 -0.01121412
v 0.69465814 0.36644581 -0.00633501
v 0.68833904 0.37005635 0.00062097
v 0.68294340 0.37278263 0.00821184
v 0.67874377 0.37399727 0.01685666
v 0.67516011 0.37429332 0.02602903
v 0.67332950 0.37280791 0.03574504
v 0.67236441 0.37009978 0.04537096
v 0.71668369 0.35302675 -0.01618049
v 0.71370490 0.35699287 -0.01291210
v 0.70829331 0.36596353 -0.00927073
v 0.70341486 0.37269443 -0.00344283
v 0.69863224 0.37746382 0.00373696
v 0.69408722 0.38094411 0.01164752
v 0.69035984 0.38254221 0.02081526
v 0.68739116 0.38290692 0.03020230
v 0.68498149 0.38102734 0.03970480
v 0.68374484 0.37795938 0.04922454
v 0.72071606 0.35413467 -0.01509682
v 0.71882449 0.35855292 -0.01109084
v 0.71645190 0.36819233 -0.00637726
v 0.71383271 0.37517419 -0.00010740
v 0.71116662 0.38050936 0.00782260
v 0.70826588 0.38417195 0.01596045
v 0.70515348 0.38583871 0.02534286
v 0.70256318 0.38657393 0.03452668
v 0.69984602 0.38466004 0.04392184
v 0.69768688 0.38148910 0.05311957
v 0.72458465 0.35390622 -0.01411586
v 0.72426648 0.35817057 -0.00957203
v 0.72521838 0.36784908 -0.00440271
v 0.72509506 0.37478002 0.00272700
v 0.72400237 0.37996130 0.01119484
v 0.72260316 0.38412102 0.01986822
v 0.72041324 0.38589075 0.02957265
v 0.71802362 0.38664961 0.03917321
v 0.71530646 0.38473572 0.04856837
v 0.71222485 0.38146181 0.05744408
v 0.72814673 0.35265622 -0.01292935
v 0.72923720 0.35641752 -0.00826325
v 0.73313619 0.36477738 -0.00212211
v 0.73507244 0.37094841 0.00534571
v 0.73562501 0.37532476 0.01435371
v 0.73556356 0.37864524 0.02345992
v 0.73382388 0.38013447 0.03296344
v 0.73177768 0.38060214 0.04267250
v 0.72871710 0.37897944 0.05195916
v 0.72498457 0.37596239 0.06061904
v 0.73134435 0.35004619 -0.01226228
v 0.73346510 0.35293393 -0.00727070
v 0.74018237 0.35930047 -0.00057214
v 0.74383574 0.36401555 0.00743816
v 0.74586881 0.36723784 0.01657075
v 0.74683764 0.36968475 0.02600244
v 0.74609229 0.37062592 0.03583029
v 0.74408203 0.37076807 0.04554051
v 0.74082076 0.36912173 0.05441043
v 0.73660207 0.36671071 0.06327006
v 0.73365543 0.34700769 -0.01191607
v 0.73664170 0.34867271 -0.00701457
v 0.74487639 0.35257243 0.00012260
v 0.75001124 0.35514621 0.00857036
v 0.75321733 0.35718010 0.01772020
v 0.75525236 0.35842793 0.02747855
v 0.75457888 0.35871807 0.03730871
v 0.75294797 0.35824353 0.04712858
v 0.74920054 0.35720320 0.05619825
v 0.74460249 0.35540888 0.06494823
v 0.71153278 0.34058519 -0.01942839
v 0.72356458 0.33137852 -0.01697944
v 0.73317706 0.34299629 -0.01325972
v 0.72121614 0.35253917 -0.01601923
v 0.73176645 0.34547380 -0.01400774
v 0.71897080 0.35129873 -0.01718385
v 0.71322789 0.33846527 -0.01960973
v 0.72613036 0.33265103 -0.01674302
v 0.72369001 0.35182427 -0.01588319
v 0.71258212 0.34333729 -0.01931772
v 0.72141115 0.33212548 -0.01804368
v 0.73241222 0.34060178 -0.01429975
v 0.72990561 0.34823180 -0.01455486
v 0.71641894 0.34903673 -0.01814294
v 0.71530236 0.33572864 -0.01968142
v 0.72882495 0.33459820 -0.01609218
v 0.72705140 0.35055063 -0.01511343
v 0.71393895 0.34612370 -0.01909970
v 0.71815656 0.33340981 -0.01912285
v 0.73119813 0.33750054 -0.01482601
v 0.72877117 0.33986212 -0.01662218
v 0.72632711 0.33662358 -0.01757779
v 0.72370438 0.33402538 -0.01822631
v 0.73083686 0.34273013 -0.01546336
v 0.72805354 0.34538516 -0.01633249
v 0.72613059 0.34220233 -0.01779956
v 0.72337904 0.33892946 -0.01886250
v 0.72068542 0.33599506 -0.01920046
v 0.71925015 0.34704115 -0.01862107
v 0.71677016 0.34412813 -0.01957783
v 0.71483427 0.34094755 -0.02000936
v 0.72193083 0.34997781 -0.01724756
v 0.72262547 0.34477802 -0.01857396
v 0.71748779 0.33860508 -0.01986753
v 0.72530614 0.34771468 -0.01720046
v 0.72018141 0.34153948 -0.01952957
v 0.73713566 0.34344928 -0.00875771
v 0.73685895 0.33847429 -0.00937174
v 0.73517360 0.33400235 -0.01010803
v 0.73184299 0.33033532 -0.01138449
v 0.72778960 0.32757619 -0.01287910
v 0.72314225 0.32639962 -0.01417745
v 0.71835118 0.32652510 -0.01548043
v 0.71368795 0.32831247 -0.01668186
v 0.70983941 0.33117936 -0.01756476
v 0.70711304 0.33516008 -0.01802179
v 0.70585228 0.33996345 -0.01794445
v 0.70623580 0.34494913 -0.01763982
v 0.70781434 0.34941039 -0.01659412
v 0.71083746 0.35304309 -0.01542500
v 0.71469017 0.35577858 -0.01434713
v 0.71953820 0.35697879 -0.01263205
v 0.72432927 0.35685331 -0.01132907
v 0.72899250 0.35506594 -0.01012763
v 0.73287697 0.35187354 -0.00924357
v 0.73571015 0.34790350 -0.00909595
v 0.72821161 0.34280364 -0.00596781
v 0.73514508 0.34323943 -0.00598571
v 0.74611808 0.34414340 0.00026007
v 0.75161127 0.34444927 0.00840655
v 0.75485524 0.34418319 0.01818330
v 0.75714081 0.34413965 0.02763688
v 0.75695349 0.34382378 0.03726730
v 0.75526464 0.34301077 0.04636219
v 0.75189558 0.34234097 0.05522863
v 0.74698906 0.34149955 0.06355839
v 0.72815563 0.34049072 -0.00606704
v 0.73483244 0.33858995 -0.00660090
v 0.74600000 0.33588964 -0.00075910
v 0.75143721 0.33388259 0.00728814
v 0.75496765 0.33199963 0.01676129
v 0.75708945 0.33061971 0.02611217
v 0.75704585 0.32900178 0.03574722
v 0.75555769 0.32821241 0.04525885
v 0.75173839 0.32782311 0.05432620
v 0.74717431 0.32767773 0.06245158
v 0.72704835 0.33740017 -0.00690270
v 0.73321797 0.33445421 -0.00764776
v 0.74310056 0.32831645 -0.00202166
v 0.74752338 0.32421902 0.00560320
v 0.75020419 0.32059483 0.01506952
v 0.75196153 0.31785490 0.02390096
v 0.75164638 0.31587713 0.03342984
v 0.74999345 0.31473861 0.04252589
v 0.74648165 0.31438364 0.05170058
v 0.74173890 0.31487860 0.06013304
v 0.72458939 0.33613835 -0.00744852
v 0.73039553 0.33084514 -0.00840014
v 0.73759745 0.32177073 -0.00414754
v 0.74096995 0.31590843 0.00305375
v 0.74256451 0.31084489 0.01209537
v 0.74350717 0.30702545 0.02060827
v 0.74234139 0.30429368 0.02981745
v 0.74072440 0.30282965 0.03891466
v 0.73744823 0.30316003 0.04819437
v 0.73328453 0.30404915 0.05684035
v 0.72288815 0.33463035 -0.00808791
v 0.72634214 0.32808601 -0.00989475
v 0.73095628 0.31707511 -0.00660240
v 0.73228412 0.30999601 -0.00014898
v 0.73244900 0.30378431 0.00835942
v 0.73212674 0.29916585 0.01675469
v 0.73068940 0.29607425 0.02585769
v 0.72876492 0.29457589 0.03484757
v 0.72579624 0.29494059 0.04423461
v 0.72221160 0.29622388 0.05309410
v 0.72053600 0.33337922 -0.00894313
v 0.72196636 0.32726928 -0.01108692
v 0.72289155 0.31485926 -0.00876973
v 0.72196013 0.30752920 -0.00275828
v 0.72038687 0.30112225 0.00479670
v 0.71856307 0.29600665 0.01265644
v 0.71651074 0.29284641 0.02154477
v 0.71427877 0.29131372 0.03042730
v 0.71131009 0.29167843 0.03981435
v 0.70864793 0.29306468 0.04899585
v 0.71816895 0.33410480 -0.00938857
v 0.71758959 0.32743977 -0.01259196
v 0.71464620 0.31525820 -0.01125574
v 0.71156232 0.30768788 -0.00599565
v 0.70800135 0.30138981 0.00122354
v 0.70464009 0.29610260 0.00854660
v 0.70197278 0.29287370 0.01722025
v 0.69901901 0.29126168 0.02619751
v 0.69666532 0.29169503 0.03579923
v 0.69461814 0.29314993 0.04519541
v 0.71587277 0.33516659 -0.01014457
v 0.71326978 0.32893595 -0.01368490
v 0.70682225 0.31834286 -0.01281021
v 0.70147813 0.31150881 -0.00830496
v 0.69661533 0.30572446 -0.00151743
v 0.69191630 0.30127650 0.00537280
v 0.68849126 0.29829378 0.01414002
v 0.68533680 0.29665813 0.02270054
v 0.68332654 0.29680028 0.03241076
v 0.68200116 0.29833452 0.04171222
v 0.71350571 0.33589218 -0.01059000
v 0.70972873 0.33183716 -0.01446046
v 0.70022631 0.32353926 -0.01456108
v 0.69305826 0.31815047 -0.01028891
v 0.68640746 0.31348588 -0.00373330
v 0.68087884 0.30993512 0.00324818
v 0.67656627 0.30751114 0.01138167
v 0.67326907 0.30619031 0.02025043
v 0.67170904 0.30605197 0.02975974
v 0.67096370 0.30699314 0.03958759
v 0.71143125 0.33862880 -0.01051832
v 0.70689556 0.33580720 -0.01460809
v 0.69553229 0.33026730 -0.01525582
v 0.68691868 0.32669430 -0.01141996
v 0.67916575 0.32355430 -0.00519216
v 0.67277161 0.32122626 0.00187941
v 0.66811562 0.31909347 0.00990441
v 0.66436818 0.31805315 0.01897407
v 0.66315158 0.31762361 0.02859188
v 0.66285647 0.31828428 0.03821883
v 0.71090817 0.34054756 -0.01063261
v 0.70570666 0.33995954 -0.01452843
v 0.69319043 0.33824647 -0.01509534
v 0.68421849 0.33694138 -0.01095819
v 0.67624997 0.33575446 -0.00473734
v 0.66985485 0.33441365 0.00202135
v 0.66464083 0.33353790 0.01024377
v 0.66100021 0.33250827 0.01900404
v 0.65978360 0.33207873 0.02862184
v 0.65963222 0.33143735 0.03825342
v 0.71096415 0.34286048 -0.01053339
v 0.70581861 0.34458538 -0.01432998
v 0.69352213 0.34652161 -0.01469497
v 0.68419187 0.34748442 -0.01025653
v 0.67624438 0.34794871 -0.00362474
v 0.66966960 0.34823547 0.00312816
v 0.66469121 0.34804508 0.01145560
v 0.66097873 0.34766647 0.02021355
v 0.65952649 0.34655158 0.02972634
v 0.65944697 0.34525917 0.03936024
v 0.71210736 0.34562552 -0.00969657
v 0.70753990 0.34873181 -0.01359252
v 0.69662225 0.35411843 -0.01301568
v 0.68830638 0.35717162 -0.00815484
v 0.68090103 0.35934282 -0.00162357
v 0.67469070 0.36098959 0.00564876
v 0.66994795 0.36148455 0.01408123
v 0.66650703 0.36146578 0.02294535
v 0.66489004 0.36000174 0.03204256
v 0.66488238 0.35805830 0.04167878
v 0.71432971 0.34718922 -0.00956864
v 0.71025552 0.35233019 -0.01253074
v 0.70151038 0.36059551 -0.01110446
v 0.69493069 0.36581841 -0.00591596
v 0.68881227 0.36945259 0.00145676
v 0.68314507 0.37181904 0.00894146
v 0.67935974 0.37307869 0.01738421
v 0.67591882 0.37305992 0.02624834
v 0.67419502 0.37158519 0.03565495
v 0.67333674 0.36888775 0.04497147
v 0.71633844 0.34873154 -0.00882192
v 0.71434484 0.35476380 -0.01103497
v 0.70856585 0.36533614 -0.00885167
v 0.70372333 0.37174153 -0.00302262
v 0.69886984 0.37617472 0.00446773
v 0.69459638 0.38001484 0.01248448
v 0.69101174 0.38129812 0.02134397
v 0.68814987 0.38167351 0.03042161
v 0.68581108 0.38013014 0.03961355
v 0.68468124 0.37707286 0.04882389
v 0.71858378 0.34997199 -0.00765730
v 0.71857789 0.35589537 -0.00953456
v 0.71655970 0.36721579 -0.00637378
v 0.71383370 0.37418696 0.00020548
v 0.71109672 0.37918593 0.00844603
v 0.70819598 0.38284852 0.01658389
v 0.70519039 0.38452596 0.02565689
v 0.70260009 0.38526119 0.03484072
v 0.70009655 0.38336867 0.04361707
v 0.69793742 0.38019773 0.05281480
v 0.72105765 0.34925709 -0.00752126
v 0.72316827 0.35574625 -0.00864832
v 0.72487593 0.36715304 -0.00419833
v 0.72475262 0.37408398 0.00293139
v 0.72358904 0.37892906 0.01170979
v 0.72188234 0.38305446 0.02027583
v 0.72010673 0.38486920 0.02977819
v 0.71755236 0.38527891 0.03896317
v 0.71494201 0.38337570 0.04804893
v 0.71196721 0.38011248 0.05661524
v 0.72335382 0.34819530 -0.00676526
v 0.72748808 0.35425007 -0.00755538
v 0.73248626 0.36404702 -0.00202506
v 0.73445844 0.36989253 0.00544391
v 0.73490419 0.37425820 0.01476132
v 0.73484275 0.37757868 0.02386752
v 0.73320988 0.37907859 0.03306164
v 0.73127049 0.37955695 0.04246130
v 0.72804515 0.37758510 0.05133238
v 0.72469100 0.37493858 0.05978904
v 0.72606430 0.34717853 -0.00621133
v 0.73133663 0.35138318 -0.00667248
v 0.73949650 0.35889562 -0.00047626
v 0.74287831 0.36325086 0.00742786
v 0.74511206 0.36649678 0.01697719
v 0.74577340 0.36890937 0.02630155
v 0.74513486 0.36986123 0.03582000
v 0.74323141 0.37001408 0.04522081
v 0.73997014 0.36836773 0.05409074
v 0.73565758 0.36594376 0.06222423
v 0.72754579 0.34503723 -0.00577386
v 0.73406299 0.34740246 -0.00621545
v 0.74419052 0.35216758 0.00021849
v 0.74912470 0.35471773 0.00824951
v 0.75215309 0.35640473 0.01801931
v 0.75388063 0.35761823 0.02767032
v 0.75362145 0.35795338 0.03729842
v 0.75178986 0.35745520 0.04670155
v 0.74845673 0.35645989 0.05556916
v 0.74376481 0.35465262 0.06359299
v 0.71322538 0.34113698 -0.00946567
v 0.71996405 0.33562575 -0.00802304
v 0.72543123 0.34249699 -0.00589831
v 0.71872849 0.34768270 -0.00733978
v 0.72467252 0.34373039 -0.00611762
v 0.71726288 0.34686006 -0.00787415
v 0.71398409 0.33990357 -0.00924636
v 0.72112217 0.33641407 -0.00759601
v 0.72003032 0.34716897 -0.00690811
v 0.71369664 0.34250768 -0.00925563
v 0.71866222 0.33613948 -0.00845471
v 0.72495997 0.34112628 -0.00610835
v 0.72319202 0.34488447 -0.00624221
v 0.71586914 0.34538638 -0.00840620
v 0.71550052 0.33842399 -0.00912062
v 0.72251591 0.33788775 -0.00706396
v 0.72178239 0.34637474 -0.00667735
v 0.71467608 0.34393634 -0.00852152
v 0.71687422 0.33725923 -0.00868663
v 0.72390965 0.33936142 -0.00653191
v 0.72201484 0.34047048 -0.00645443
v 0.72092859 0.33903113 -0.00687914
v 0.71964166 0.33756814 -0.00772059
v 0.72317197 0.34224603 -0.00634027
v 0.72169146 0.34340010 -0.00646486
v 0.72049840 0.34195006 -0.00658017
v 0.71914059 0.34015088 -0.00711106
v 0.71816115 0.33872221 -0.00784518
v 0.71744352 0.34424526 -0.00755548
v 0.71635727 0.34280591 -0.00798019
v 0.71496353 0.34133223 -0.00851224
v 0.71852977 0.34568461 -0.00713076
v 0.71881721 0.34308050 -0.00712149
v 0.71668065 0.33987629 -0.00796976
v 0.72021096 0.34455417 -0.00658944
v 0.71773096 0.34164115 -0.00754621
v 0.73164290 0.34285343 -0.00582148
v 0.73149404 0.33954034 -0.00633397
v 0.73000839 0.33607926 -0.00696641
v 0.72794270 0.33321124 -0.00812523
v 0.72463312 0.33119542 -0.00899075
v 0.72121574 0.33015615 -0.00985974
v 0.71776145 0.33042961 -0.01104277
v 0.71440006 0.33170325 -0.01181254
v 0.71154585 0.33402208 -0.01237111
v 0.70923477 0.33706059 -0.01271732
v 0.70846116 0.34027071 -0.01252685
v 0.70871684 0.34359450 -0.01232376
v 0.70975226 0.34733608 -0.01149043
v 0.71206750 0.34989996 -0.01094924
v 0.71523434 0.35223060 -0.00977548
v 0.71858083 0.35293368 -0.00859593
v 0.72183444 0.35263658 -0.00782964
v 0.72591763 0.35144227 -0.00715460
v 0.72832160 0.34940394 -0.00639512
v 0.73066861 0.34603992 -0.00604775
v 0.73832682 0.34359335 -0.00522174
v 0.73853628 0.33801235 -0.00603551
v 0.73630780 0.33282073 -0.00698417
v 0.73263475 0.32845766 -0.00805624
v 0.72769481 0.32527005 -0.00987171
v 0.72246841 0.32369931 -0.01138357
v 0.71702642 0.32408166 -0.01290238
v 0.71171227 0.32612590 -0.01431965
v 0.70717688 0.32957516 -0.01541954
v 0.70407116 0.33417259 -0.01598623
v 0.70263173 0.33961630 -0.01560180
v 0.70267182 0.34489317 -0.01540567
v 0.70475756 0.35039961 -0.01414877
v 0.70801630 0.35471767 -0.01287463
v 0.71275556 0.35788165 -0.01147591
v 0.71821858 0.35915050 -0.00954615
v 0.72366057 0.35876816 -0.00802734
v 0.72938902 0.35676893 -0.00681213
v 0.73361692 0.35328534 -0.00581958
v 0.73713694 0.34873293 -0.00545496
f 6 1 2
f 6 2 7
f 3 4 9
f 3 9 8
f 5 3 8
f 5 8 10
f 2 5 10
f 2 10 7
f 11 12 8
f 11 8 9
f 12 13 10
f 12 10 8
f 13 14 7
f 13 7 10
f 14 15 6
f 14 6 7
f 16 17 12
f 16 12 11
f 17 18 13
f 17 13 12
f 18 19 14
f 18 14 13
f 19 20 15
f 19 15 14
f 20 1 6
f 20 6 15
f 22 25 24
f 22 24 23
f 26 22 23
f 26 23 27
f 28 26 27
f 28 27 29
f 30 33 32
f 30 32 31
f 34 35 24
f 34 24 25
f 31 32 35
f 31 35 34
f 36 37 33
f 36 33 30
f 28 29 37
f 28 37 36
f 46 49 48
f 46 48 47
f 239 240 48
f 239 48 49
f 241 242 204
f 241 204 53
f 52 53 204
f 52 204 207
f 52 47 48
f 52 48 53
f 47 52 207
f 47 207 44
f 46 47 44
f 46 44 39
f 241 53 48
f 241 48 240
f 49 46 39
f 49 39 38
f 234 239 49
f 234 49 38
f 60 63 62
f 60 62 61
f 60 61 65
f 60 65 64
f 66 67 56
f 66 56 57
f 62 63 67
f 62 67 66
f 68 69 64
f 68 64 65
f 59 58 69
f 59 69 68
f 70 56 67
f 70 67 71
f 63 232 71
f 63 71 67
f 60 64 230
f 60 230 231
f 73 69 58
f 73 58 72
f 76 77 65
f 76 65 61
f 77 79 68
f 77 68 65
f 79 78 59
f 79 59 68
f 80 81 30
f 80 30 31
f 82 83 22
f 82 22 26
f 74 75 83
f 74 83 82
f 83 84 25
f 83 25 22
f 75 85 84
f 75 84 83
f 84 86 34
f 84 34 25
f 85 87 86
f 85 86 84
f 86 80 31
f 86 31 34
f 87 88 80
f 87 80 86
f 89 90 28
f 89 28 36
f 90 82 26
f 90 26 28
f 81 89 36
f 81 36 30
f 95 96 94
f 95 94 93
f 97 98 96
f 97 96 95
f 99 100 98
f 99 98 97
f 98 104 94
f 98 94 96
f 102 104 98
f 102 98 100
f 105 91 92
f 105 92 106
f 95 93 91
f 95 91 105
f 97 95 105
f 97 105 107
f 108 111 110
f 108 110 109
f 112 108 109
f 112 109 113
f 110 111 115
f 110 115 114
f 116 115 111
f 116 111 108
f 117 116 108
f 117 108 112
f 76 61 62
f 76 62 118
f 118 62 120
f 118 120 119
f 132 42 233
f 132 233 43
f 122 123 76
f 122 76 118
f 124 122 118
f 124 118 119
f 129 132 43
f 129 43 128
f 123 129 128
f 123 128 121
f 76 123 121
f 76 121 114
f 129 123 122
f 129 122 130
f 114 115 77
f 114 77 76
f 130 122 124
f 130 124 125
f 131 132 129
f 131 129 130
f 126 131 130
f 126 130 125
f 133 107 105
f 133 105 106
f 120 62 66
f 120 66 134
f 134 66 57
f 134 57 101
f 233 180 159
f 233 159 43
f 137 42 132
f 137 132 131
f 127 137 131
f 127 131 126
f 133 99 97
f 133 97 107
f 139 106 92
f 139 92 138
f 140 133 106
f 140 106 139
f 101 102 100
f 101 100 134
f 119 120 99
f 119 99 133
f 120 134 100
f 120 100 99
f 133 140 124
f 133 124 119
f 137 141 41
f 137 41 42
f 137 127 135
f 137 135 141
f 142 143 85
f 142 85 75
f 143 144 87
f 143 87 85
f 144 136 88
f 144 88 87
f 147 145 146
f 147 146 148
f 149 147 148
f 149 148 150
f 151 149 150
f 151 150 152
f 153 154 109
f 153 109 110
f 154 155 113
f 154 113 109
f 154 148 146
f 154 146 155
f 153 150 148
f 153 148 154
f 121 153 110
f 121 110 114
f 156 153 121
f 156 121 128
f 156 152 150
f 156 150 153
f 189 192 203
f 189 203 158
f 43 159 156
f 43 156 128
f 159 158 152
f 159 152 156
f 165 164 160
f 165 160 161
f 166 165 161
f 166 161 162
f 167 166 162
f 167 162 163
f 169 168 164
f 169 164 165
f 170 169 165
f 170 165 166
f 171 170 166
f 171 166 167
f 172 173 171
f 172 171 167
f 174 172 167
f 174 167 163
f 175 176 39
f 175 39 44
f 207 177 175
f 207 175 44
f 176 178 38
f 176 38 39
f 243 179 40
f 243 40 234
f 45 180 233
f 45 233 157
f 179 180 45
f 179 45 40
f 183 175 177
f 183 177 181
f 169 184 182
f 169 182 168
f 246 183 181
f 246 181 249
f 185 176 175
f 185 175 183
f 170 186 184
f 170 184 169
f 172 174 245
f 172 245 244
f 248 185 183
f 248 183 246
f 238 188 179
f 238 179 243
f 189 158 159
f 189 159 180
f 188 189 180
f 188 180 179
f 185 187 178
f 185 178 176
f 237 191 188
f 237 188 238
f 191 192 189
f 191 189 188
f 193 190 187
f 193 187 185
f 247 193 185
f 247 185 248
f 236 195 191
f 236 191 237
f 195 196 192
f 195 192 191
f 197 194 190
f 197 190 193
f 244 197 193
f 244 193 247
f 235 199 195
f 235 195 236
f 199 200 196
f 199 196 195
f 201 198 194
f 201 194 197
f 245 201 197
f 245 197 244
f 244 247 173
f 244 173 172
f 186 170 171
f 186 171 173
f 173 247 248
f 173 248 186
f 184 186 248
f 184 248 246
f 152 158 203
f 152 203 151
f 205 203 192
f 205 192 196
f 206 205 196
f 206 196 200
f 253 151 203
f 253 203 252
f 27 209 208
f 27 208 29
f 23 210 209
f 23 209 27
f 24 211 210
f 24 210 23
f 33 213 212
f 33 212 32
f 35 214 211
f 35 211 24
f 32 212 214
f 32 214 35
f 37 215 213
f 37 213 33
f 29 208 215
f 29 215 37
f 230 223 222
f 230 222 231
f 71 227 228
f 71 228 70
f 73 225 223
f 73 223 230
f 72 226 225
f 72 225 73
f 232 221 227
f 232 227 71
f 231 222 221
f 231 221 232
f 69 73 230
f 69 230 64
f 231 232 63
f 231 63 60
f 103 104 102
f 103 102 218
f 78 79 116
f 78 116 117
f 115 116 79
f 115 79 77
f 182 184 246
f 182 246 249
f 135 136 182
f 135 182 249
f 204 41 177
f 204 177 207
f 41 141 181
f 41 181 177
f 234 40 50
f 234 50 239
f 40 45 51
f 40 51 50
f 50 51 240
f 50 240 239
f 54 51 45
f 54 45 157
f 54 241 240
f 54 240 51
f 241 54 157
f 241 157 242
f 178 243 234
f 178 234 38
f 187 238 243
f 187 243 178
f 190 237 238
f 190 238 187
f 194 236 237
f 194 237 190
f 198 235 236
f 198 236 194
f 204 242 42
f 204 42 41
f 157 233 42
f 157 42 242
f 88 136 135
f 88 135 127
f 80 88 127
f 80 127 126
f 126 125 81
f 126 81 80
f 125 124 89
f 125 89 81
f 124 140 90
f 124 90 89
f 82 90 140
f 82 140 139
f 249 181 141
f 249 141 135
f 74 82 139
f 74 139 138
f 168 182 136
f 168 136 144
f 164 168 144
f 164 144 143
f 160 164 143
f 160 143 142
f 205 206 250
f 205 250 251
f 203 205 251
f 203 251 252
f 149 151 253
f 149 253 254
f 147 149 254
f 147 254 255
f 145 147 255
f 145 255 257
f 263 264 200
f 263 200 199
f 265 206 200
f 265 200 264
f 266 224 226
f 266 226 72
f 70 228 229
f 70 229 260
f 72 58 216
f 72 216 266
f 91 217 262
f 91 262 92
f 262 219 138
f 262 138 92
f 162 161 220
f 162 220 268
f 261 74 138
f 261 138 219
f 272 271 277
f 272 277 278
f 274 279 280
f 274 280 275
f 276 281 279
f 276 279 274
f 272 278 281
f 272 281 276
f 282 280 279
f 282 279 283
f 283 279 281
f 283 281 284
f 284 281 278
f 284 278 285
f 285 278 277
f 285 277 286
f 287 282 283
f 287 283 288
f 288 283 284
f 288 284 289
f 289 284 285
f 289 285 290
f 290 285 286
f 290 286 291
f 292 287 288
f 292 288 293
f 291 286 277
f 291 277 271
f 294 295 296
f 294 296 297
f 298 299 295
f 298 295 294
f 300 301 299
f 300 299 298
f 302 303 304
f 302 304 305
f 306 297 296
f 306 296 307
f 303 306 307
f 303 307 304
f 308 302 305
f 308 305 309
f 300 308 309
f 300 309 301
f 318 319 320
f 318 320 321
f 506 321 320
f 506 320 507
f 508 325 476
f 508 476 509
f 324 479 476
f 324 476 325
f 324 325 320
f 324 320 319
f 319 316 479
f 319 479 324
f 318 311 316
f 318 316 319
f 508 507 320
f 508 320 325
f 321 310 311
f 321 311 318
f 501 310 321
f 501 321 506
f 331 332 333
f 331 333 334
f 331 335 336
f 331 336 332
f 337 328 327
f 337 327 338
f 333 337 338
f 333 338 334
f 339 336 335
f 339 335 340
f 330 339 340
f 330 340 329
f 341 342 338
f 341 338 327
f 334 338 342
f 334 342 499
f 331 498 497
f 331 497 335
f 344 343 329
f 344 329 340
f 348 332 336
f 348 336 349
f 349 336 339
f 349 339 351
f 351 339 330
f 351 330 350
f 352 303 302
f 352 302 353
f 354 298 294
f 354 294 355
f 346 354 355
f 346 355 347
f 355 294 297
f 355 297 356
f 347 355 356
f 347 356 357
f 356 297 306
f 356 306 358
f 357 356 358
f 357 358 359
f 358 306 303
f 358 303 352
f 359 358 352
f 359 352 360
f 361 308 300
f 361 300 362
f 362 300 298
f 362 298 354
f 353 302 308
f 353 308 361
f 367 365 366
f 367 366 368
f 369 367 368
f 369 368 370
f 371 369 370
f 371 370 372
f 370 368 366
f 370 366 375
f 374 372 370
f 374 370 375
f 376 377 364
f 376 364 363
f 367 376 363
f 367 363 365
f 369 378 376
f 369 376 367
f 379 380 381
f 379 381 382
f 383 384 380
f 383 380 379
f 381 385 386
f 381 386 382
f 387 379 382
f 387 382 386
f 388 383 379
f 388 379 387
f 348 389 333
f 348 333 332
f 389 390 391
f 389 391 333
f 403 315 500
f 403 500 314
f 393 389 348
f 393 348 394
f 395 390 389
f 395 389 393
f 400 399 315
f 400 315 403
f 394 392 399
f 394 399 400
f 348 385 392
f 348 392 394
f 400 401 393
f 400 393 394
f 385 348 349
f 385 349 386
f 401 396 395
f 401 395 393
f 402 401 400
f 402 400 403
f 397 396 401
f 397 401 402
f 404 377 376
f 404 376 378
f 391 405 337
f 391 337 333
f 405 373 328
f 405 328 337
f 500 315 431
f 500 431 453
f 408 402 403
f 408 403 314
f 398 397 402
f 398 402 408
f 404 378 369
f 404 369 371
f 410 409 364
f 410 364 377
f 411 410 377
f 411 377 404
f 373 405 372
f 373 372 374
f 390 404 371
f 390 371 391
f 391 371 372
f 391 372 405
f 404 390 395
f 404 395 411
f 408 314 313
f 408 313 412
f 408 412 406
f 408 406 398
f 413 347 357
f 413 357 414
f 414 357 359
f 414 359 415
f 415 359 360
f 415 360 407
f 418 419 417
f 418 417 416
f 420 421 419
f 420 419 418
f 422 423 421
f 422 421 420
f 424 381 380
f 424 380 425
f 425 380 384
f 425 384 426
f 425 426 417
f 425 417 419
f 424 425 419
f 424 419 421
f 392 385 381
f 392 381 424
f 428 399 392
f 428 392 424
f 428 424 421
f 428 421 423
f 462 430 475
f 462 475 465
f 315 399 428
f 315 428 431
f 431 428 423
f 431 423 430
f 438 434 433
f 438 433 437
f 439 435 434
f 439 434 438
f 440 436 435
f 440 435 439
f 442 438 437
f 442 437 441
f 443 439 438
f 443 438 442
f 444 440 439
f 444 439 443
f 445 440 444
f 445 444 446
f 447 436 440
f 447 440 445
f 448 316 311
f 448 311 449
f 479 316 448
f 479 448 450
f 449 311 310
f 449 310 451
f 510 501 312
f 510 312 452
f 317 429 500
f 317 500 453
f 452 312 317
f 452 317 453
f 456 454 450
f 456 450 448
f 442 441 455
f 442 455 457
f 515 518 454
f 515 454 456
f 458 456 448
f 458 448 449
f 443 442 457
f 443 457 459
f 445 513 514
f 445 514 447
f 517 515 456
f 517 456 458
f 505 510 452
f 505 452 461
f 462 453 431
f 462 431 430
f 461 452 453
f 461 453 462
f 458 449 451
f 458 451 460
f 504 505 461
f 504 461 464
f 464 461 462
f 464 462 465
f 466 458 460
f 466 460 463
f 516 517 458
f 516 458 466
f 503 504 464
f 503 464 468
f 468 464 465
f 468 465 469
f 470 466 463
f 470 463 467
f 513 516 466
f 513 466 470
f 502 503 468
f 502 468 472
f 472 468 469
f 472 469 473
f 474 470 467
f 474 467 471
f 514 513 470
f 514 470 474
f 513 445 446
f 513 446 516
f 459 446 444
f 459 444 443
f 446 459 517
f 446 517 516
f 457 515 517
f 457 517 459
f 423 422 475
f 423 475 430
f 477 469 465
f 477 465 475
f 478 473 469
f 478 469 477
f 523 522 475
f 523 475 422
f 299 301 480
f 299 480 481
f 295 299 481
f 295 481 482
f 296 295 482
f 296 482 483
f 305 304 484
f 305 484 485
f 307 296 483
f 307 483 486
f 304 307 486
f 304 486 484
f 309 305 485
f 309 485 487
f 301 309 487
f 301 487 480
f 497 498 491
f 497 491 492
f 342 341 496
f 342 496 495
f 344 497 492
f 344 492 493
f 343 344 493
f 343 493 494
f 499 342 495
f 499 495 490
f 498 499 490
f 498 490 491
f 340 335 497
f 340 497 344
f 498 331 334
f 498 334 499
f 350 388 387
f 350 387 351
f 386 349 351
f 386 351 387
f 455 518 515
f 455 515 457
f 406 518 455
f 406 455 407
f 476 479 450
f 476 450 313
f 313 450 454
f 313 454 412
f 501 506 322
f 501 322 312
f 312 322 323
f 312 323 317
f 322 506 507
f 322 507 323
f 326 429 317
f 326 317 323
f 326 323 507
f 326 507 508
f 508 509 429
f 508 429 326
f 451 310 501
f 451 501 510
f 460 451 510
f 460 510 505
f 463 460 505
f 463 505 504
f 467 463 504
f 467 504 503
f 471 467 503
f 471 503 502
f 489 471 502
f 489 502 511
f 476 313 314
f 476 314 509
f 429 509 314
f 429 314 500
f 360 398 406
f 360 406 407
f 352 397 398
f 352 398 360
f 397 352 353
f 397 353 396
f 396 353 361
f 396 361 395
f 395 361 362
f 395 362 411
f 354 410 411
f 354 411 362
f 518 406 412
f 518 412 454
f 346 409 410
f 346 410 354
f 441 415 407
f 441 407 455
f 437 414 415
f 437 415 441
f 433 413 414
f 433 414 437
f 477 521 520
f 477 520 478
f 475 522 521
f 475 521 477
f 420 524 523
f 420 523 422
f 418 525 524
f 418 524 420
f 416 526 525
f 416 525 418
f 274 275 527
f 274 527 273
f 293 288 289
f 293 289 528
f 350 330 530
f 350 530 531
f 531 534 388
f 531 388 350
f 535 345 347
f 535 347 413
f 426 427 536
f 426 536 417
f 365 532 538
f 365 538 366
f 534 488 383
f 534 383 388
f 416 417 536
f 416 536 539
f 432 535 413
f 432 413 433
f 292 293 17
f 292 17 16
f 512 202 201
f 512 201 245
f 161 160 432
f 161 432 220
f 202 489 198
f 202 198 201
f 489 511 235
f 489 235 198
f 2 1 258
f 2 258 270
f 3 273 527
f 3 527 4
f 5 259 273
f 5 273 3
f 2 270 259
f 2 259 5
f 293 528 18
f 293 18 17
f 528 21 19
f 528 19 18
f 21 529 20
f 21 20 19
f 258 1 20
f 258 20 529
f 345 75 74
f 345 74 261
f 78 531 530
f 78 530 59
f 531 78 117
f 531 117 534
f 101 57 55
f 101 55 533
f 535 142 75
f 535 75 345
f 155 146 536
f 155 536 427
f 269 512 245
f 269 245 174
f 56 537 55
f 56 55 57
f 58 59 530
f 58 530 216
f 260 537 56
f 260 56 70
f 93 94 538
f 93 538 532
f 533 218 102
f 533 102 101
f 91 93 532
f 91 532 217
f 103 538 94
f 103 94 104
f 488 112 113
f 488 113 267
f 534 117 112
f 534 112 488
f 145 539 536
f 145 536 146
f 155 427 267
f 155 267 113
f 163 162 268
f 163 268 540
f 269 174 163
f 269 163 540
f 511 263 199
f 511 199 235
f 432 160 142
f 432 142 535
f 206 265 519
f 206 519 250
f 539 145 257
f 539 257 256
f 512 514 474
f 512 474 202
f 103 218 374
f 103 374 375
f 434 220 432
f 434 432 433
f 202 474 471
f 202 471 489
f 258 271 272
f 258 272 270
f 276 274 273
f 276 273 259
f 272 276 259
f 272 259 270
f 528 289 290
f 528 290 21
f 21 290 291
f 21 291 529
f 258 529 291
f 258 291 271
f 345 261 346
f 345 346 347
f 373 533 55
f 373 55 328
f 269 447 514
f 269 514 512
f 263 472 473
f 263 473 264
f 265 264 473
f 265 473 478
f 266 343 494
f 266 494 224
f 341 260 229
f 341 229 496
f 327 328 55
f 327 55 537
f 329 216 530
f 329 530 330
f 260 341 327
f 260 327 537
f 343 266 216
f 343 216 329
f 363 364 262
f 363 262 217
f 533 373 374
f 533 374 218
f 363 217 532
f 363 532 365
f 103 375 366
f 103 366 538
f 488 267 384
f 488 384 383
f 262 364 409
f 262 409 219
f 426 384 267
f 426 267 427
f 435 268 220
f 435 220 434
f 436 540 268
f 436 268 435
f 269 540 436
f 269 436 447
f 511 502 472
f 511 472 263
f 261 219 409
f 261 409 346
f 478 520 519
f 478 519 265
f 539 256 526
f 539 526 416
f 548 547 557
f 548 557 558
f 777 541 551
f 777 551 778
f 549 548 558
f 549 558 559
f 543 542 552
f 543 552 553
f 550 549 559
f 550 559 560
f 544 543 553
f 544 553 554
f 545 544 554
f 545 554 555
f 546 545 555
f 546 555 556
f 547 546 556
f 547 556 557
f 555 554 564
f 555 564 565
f 556 555 565
f 556 565 566
f 557 556 566
f 557 566 567
f 558 557 567
f 558 567 568
f 778 551 561
f 778 561 779
f 559 558 568
f 559 568 569
f 553 552 562
f 553 562 563
f 560 559 569
f 560 569 570
f 554 553 563
f 554 563 564
f 779 561 571
f 779 571 780
f 569 568 578
f 569 578 579
f 563 562 572
f 563 572 573
f 570 569 579
f 570 579 580
f 564 563 573
f 564 573 574
f 565 564 574
f 565 574 575
f 566 565 575
f 566 575 576
f 567 566 576
f 567 576 577
f 568 567 577
f 568 577 578
f 576 575 585
f 576 585 586
f 577 576 586
f 577 586 587
f 578 577 587
f 578 587 588
f 780 571 581
f 780 581 781
f 579 578 588
f 579 588 589
f 573 572 582
f 573 582 583
f 580 579 589
f 580 589 590
f 574 573 583
f 574 583 584
f 575 574 584
f 575 584 585
f 590 589 599
f 590 599 600
f 584 583 593
f 584 593 594
f 585 584 594
f 585 594 595
f 586 585 595
f 586 595 596
f 587 586 596
f 587 596 597
f 588 587 597
f 588 597 598
f 781 581 591
f 781 591 782
f 589 588 598
f 589 598 599
f 583 582 592
f 583 592 593
f 598 597 607
f 598 607 608
f 782 591 601
f 782 601 783
f 599 598 608
f 599 608 609
f 593 592 602
f 593 602 603
f 600 599 609
f 600 609 610
f 594 593 603
f 594 603 604
f 595 594 604
f 595 604 605
f 596 595 605
f 596 605 606
f 597 596 606
f 597 606 607
f 606 605 615
f 606 615 616
f 607 606 616
f 607 616 617
f 608 607 617
f 608 617 618
f 783 601 611
f 783 611 784
f 609 608 618
f 609 618 619
f 603 602 612
f 603 612 613
f 610 609 619
f 610 619 620
f 604 603 613
f 604 613 614
f 605 604 614
f 605 614 615
f 620 619 629
f 620 629 630
f 614 613 623
f 614 623 624
f 615 614 624
f 615 624 625
f 616 615 625
f 616 625 626
f 617 616 626
f 617 626 627
f 618 617 627
f 618 627 628
f 784 611 621
f 784 621 785
f 619 618 628
f 619 628 629
f 613 612 622
f 613 622 623
f 628 627 637
f 628 637 638
f 785 621 631
f 785 631 786
f 629 628 638
f 629 638 639
f 623 622 632
f 623 632 633
f 630 629 639
f 630 639 640
f 624 623 633
f 624 633 634
f 625 624 634
f 625 634 635
f 626 625 635
f 626 635 636
f 627 626 636
f 627 636 637
f 636 635 645
f 636 645 646
f 637 636 646
f 637 646 647
f 638 637 647
f 638 647 648
f 786 631 641
f 786 641 787
f 639 638 648
f 639 648 649
f 633 632 642
f 633 642 643
f 640 639 649
f 640 649 650
f 634 633 643
f 634 643 644
f 635 634 644
f 635 644 645
f 650 649 659
f 650 659 660
f 644 643 653
f 644 653 654
f 645 644 654
f 645 654 655
f 646 645 655
f 646 655 656
f 647 646 656
f 647 656 657
f 648 647 657
f 648 657 658
f 787 641 651
f 787 651 788
f 649 648 658
f 649 658 659
f 643 642 652
f 643 652 653
f 658 657 667
f 658 667 668
f 788 651 661
f 788 661 789
f 659 658 668
f 659 668 669
f 653 652 662
f 653 662 663
f 660 659 669
f 660 669 670
f 654 653 663
f 654 663 664
f 655 654 664
f 655 664 665
f 656 655 665
f 656 665 666
f 657 656 666
f 657 666 667
f 665 664 674
f 665 674 675
f 666 665 675
f 666 675 676
f 667 666 676
f 667 676 677
f 668 667 677
f 668 677 678
f 789 661 671
f 789 671 790
f 669 668 678
f 669 678 679
f 663 662 672
f 663 672 673
f 670 669 679
f 670 679 680
f 664 663 673
f 664 673 674
f 679 678 688
f 679 688 689
f 673 672 682
f 673 682 683
f 680 679 689
f 680 689 690
f 674 673 683
f 674 683 684
f 675 674 684
f 675 684 685
f 676 675 685
f 676 685 686
f 677 676 686
f 677 686 687
f 678 677 687
f 678 687 688
f 790 671 681
f 790 681 791
f 687 686 696
f 687 696 697
f 688 687 697
f 688 697 698
f 791 681 691
f 791 691 792
f 689 688 698
f 689 698 699
f 683 682 692
f 683 692 693
f 690 689 699
f 690 699 700
f 684 683 693
f 684 693 694
f 685 684 694
f 685 694 695
f 686 685 695
f 686 695 696
f 695 694 704
f 695 704 705
f 696 695 705
f 696 705 706
f 697 696 706
f 697 706 707
f 698 697 707
f 698 707 708
f 792 691 701
f 792 701 793
f 699 698 708
f 699 708 709
f 693 692 702
f 693 702 703
f 700 699 709
f 700 709 710
f 694 693 703
f 694 703 704
f 709 708 718
f 709 718 719
f 703 702 712
f 703 712 713
f 710 709 719
f 710 719 720
f 704 703 713
f 704 713 714
f 705 704 714
f 705 714 715
f 706 705 715
f 706 715 716
f 707 706 716
f 707 716 717
f 708 707 717
f 708 717 718
f 793 701 711
f 793 711 794
f 717 716 726
f 717 726 727
f 718 717 727
f 718 727 728
f 794 711 721
f 794 721 795
f 719 718 728
f 719 728 729
f 713 712 722
f 713 722 723
f 720 719 729
f 720 729 730
f 714 713 723
f 714 723 724
f 715 714 724
f 715 724 725
f 716 715 725
f 716 725 726
f 725 724 734
f 725 734 735
f 726 725 735
f 726 735 736
f 727 726 736
f 727 736 737
f 728 727 737
f 728 737 738
f 795 721 731
f 795 731 796
f 729 728 738
f 729 738 739
f 723 722 732
f 723 732 733
f 730 729 739
f 730 739 740
f 724 723 733
f 724 733 734
f 739 738 548
f 739 548 549
f 733 732 542
f 733 542 543
f 740 739 549
f 740 549 550
f 734 733 543
f 734 543 544
f 735 734 544
f 735 544 545
f 736 735 545
f 736 545 546
f 737 736 546
f 737 546 547
f 738 737 547
f 738 547 548
f 541 777 796
f 541 796 731
f 774 755 759
f 774 759 768
f 771 747 755
f 771 755 774
f 756 762 763
f 756 763 748
f 752 764 761
f 752 761 760
f 760 761 762
f 760 762 756
f 747 771 750
f 747 750 741
f 746 772 749
f 746 749 744
f 745 764 752
f 745 752 743
f 765 764 745
f 765 745 753
f 775 765 753
f 775 753 757
f 775 757 749
f 775 749 772
f 775 772 769
f 775 769 773
f 765 775 773
f 765 773 766
f 764 765 766
f 764 766 761
f 761 766 767
f 761 767 762
f 766 773 776
f 766 776 767
f 773 769 770
f 773 770 776
f 776 770 771
f 776 771 774
f 767 776 774
f 767 774 768
f 762 767 768
f 762 768 763
f 748 763 751
f 748 751 742
f 772 746 754
f 772 754 769
f 770 758 750
f 770 750 771
f 769 754 758
f 769 758 770
f 753 721 711
f 753 711 757
f 745 731 721
f 745 721 753
f 743 541 731
f 743 731 745
f 541 743 752
f 541 752 551
f 760 561 551
f 760 551 752
f 561 760 756
f 561 756 571
f 748 581 571
f 748 571 756
f 742 591 581
f 742 581 748
f 757 711 701
f 757 701 749
f 749 701 691
f 749 691 744
f 744 691 681
f 744 681 746
f 746 681 671
f 746 671 754
f 754 671 661
f 754 661 758
f 758 661 651
f 758 651 750
f 750 651 641
f 750 641 741
f 741 641 631
f 741 631 747
f 621 755 747
f 621 747 631
f 755 621 611
f 755 611 759
f 759 611 601
f 759 601 751
f 591 742 751
f 591 751 601
f 768 759 751
f 768 751 763
f 542 777 778
f 542 778 552
f 552 778 779
f 552 779 562
f 562 779 780
f 562 780 572
f 572 780 781
f 572 781 582
f 582 781 782
f 582 782 592
f 592 782 783
f 592 783 602
f 602 783 784
f 602 784 612
f 612 784 785
f 612 785 622
f 622 785 786
f 622 786 632
f 632 786 787
f 632 787 642
f 642 787 788
f 642 788 652
f 652 788 789
f 652 789 662
f 662 789 790
f 662 790 672
f 672 790 791
f 672 791 682
f 682 791 792
f 682 792 692
f 692 792 793
f 692 793 702
f 702 793 794
f 702 794 712
f 712 794 795
f 712 795 722
f 722 795 796
f 722 796 732
f 732 796 777
f 732 777 542
f 804 803 813
f 804 813 814
f 1033 797 807
f 1033 807 1034
f 805 804 814
f 805 814 815
f 1053 798 808
f 1053 808 1054
f 806 805 815
f 806 815 816
f 800 799 809
f 800 809 810
f 801 800 810
f 801 810 811
f 802 801 811
f 802 811 812
f 803 802 812
f 803 812 813
f 811 810 820
f 811 820 821
f 812 811 821
f 812 821 822
f 813 812 822
f 813 822 823
f 814 813 823
f 814 823 824
f 1034 807 817
f 1034 817 1035
f 815 814 824
f 815 824 825
f 1054 808 818
f 1054 818 1055
f 816 815 825
f 816 825 826
f 810 809 819
f 810 819 820
f 1035 817 827
f 1035 827 1036
f 825 824 834
f 825 834 835
f 1055 818 828
f 1055 828 1056
f 826 825 835
f 826 835 836
f 820 819 829
f 820 829 830
f 821 820 830
f 821 830 831
f 822 821 831
f 822 831 832
f 823 822 832
f 823 832 833
f 824 823 833
f 824 833 834
f 832 831 841
f 832 841 842
f 833 832 842
f 833 842 843
f 834 833 843
f 834 843 844
f 1036 827 837
f 1036 837 1037
f 835 834 844
f 835 844 845
f 1056 828 838
f 1056 838 1057
f 836 835 845
f 836 845 846
f 830 829 839
f 830 839 840
f 831 830 840
f 831 840 841
f 846 845 855
f 846 855 856
f 840 839 849
f 840 849 850
f 841 840 850
f 841 850 851
f 842 841 851
f 842 851 852
f 843 842 852
f 843 852 853
f 844 843 853
f 844 853 854
f 1037 837 847
f 1037 847 1038
f 845 844 854
f 845 854 855
f 1057 838 848
f 1057 848 1058
f 854 853 863
f 854 863 864
f 1038 847 857
f 1038 857 1039
f 855 854 864
f 855 864 865
f 1058 848 858
f 1058 858 1059
f 856 855 865
f 856 865 866
f 850 849 859
f 850 859 860
f 851 850 860
f 851 860 861
f 852 851 861
f 852 861 862
f 853 852 862
f 853 862 863
f 862 861 871
f 862 871 872
f 863 862 872
f 863 872 873
f 864 863 873
f 864 873 874
f 1039 857 867
f 1039 867 1040
f 865 864 874
f 865 874 875
f 1059 858 868
f 1059 868 1060
f 866 865 875
f 866 875 876
f 860 859 869
f 860 869 870
f 861 860 870
f 861 870 871
f 876 875 885
f 876 885 886
f 870 869 879
f 870 879 880
f 871 870 880
f 871 880 881
f 872 871 881
f 872 881 882
f 873 872 882
f 873 882 883
f 874 873 883
f 874 883 884
f 1040 867 877
f 1040 877 1041
f 875 874 884
f 875 884 885
f 1060 868 878
f 1060 878 1061
f 884 883 893
f 884 893 894
f 1041 877 887
f 1041 887 1042
f 885 884 894
f 885 894 895
f 1061 878 888
f 1061 888 1062
f 886 885 895
f 886 895 896
f 880 879 889
f 880 889 890
f 881 880 890
f 881 890 891
f 882 881 891
f 882 891 892
f 883 882 892
f 883 892 893
f 892 891 901
f 892 901 902
f 893 892 902
f 893 902 903
f 894 893 903
f 894 903 904
f 1042 887 897
f 1042 897 1043
f 895 894 904
f 895 904 905
f 1062 888 898
f 1062 898 1063
f 896 895 905
f 896 905 906
f 890 889 899
f 890 899 900
f 891 890 900
f 891 900 901
f 906 905 915
f 906 915 916
f 900 899 909
f 900 909 910
f 901 900 910
f 901 910 911
f 902 901 911
f 902 911 912
f 903 902 912
f 903 912 913
f 904 903 913
f 904 913 914
f 1043 897 907
f 1043 907 1044
f 905 904 914
f 905 914 915
f 1063 898 908
f 1063 908 1064
f 914 913 923
f 914 923 924
f 1044 907 917
f 1044 917 1045
f 915 914 924
f 915 924 925
f 1064 908 918
f 1064 918 1065
f 916 915 925
f 916 925 926
f 910 909 919
f 910 919 920
f 911 910 920
f 911 920 921
f 912 911 921
f 912 921 922
f 913 912 922
f 913 922 923
f 921 920 930
f 921 930 931
f 922 921 931
f 922 931 932
f 923 922 932
f 923 932 933
f 924 923 933
f 924 933 934
f 1045 917 927
f 1045 927 1046
f 925 924 934
f 925 934 935
f 1065 918 928
f 1065 928 1066
f 926 925 935
f 926 935 936
f 920 919 929
f 920 929 930
f 935 934 944
f 935 944 945
f 1066 928 938
f 1066 938 1067
f 936 935 945
f 936 945 946
f 930 929 939
f 930 939 940
f 931 930 940
f 931 940 941
f 932 931 941
f 932 941 942
f 933 932 942
f 933 942 943
f 934 933 943
f 934 943 944
f 1046 927 937
f 1046 937 1047
f 943 942 952
f 943 952 953
f 944 943 953
f 944 953 954
f 1047 937 947
f 1047 947 1048
f 945 944 954
f 945 954 955
f 1067 938 948
f 1067 948 1068
f 946 945 955
f 946 955 956
f 940 939 949
f 940 949 950
f 941 940 950
f 941 950 951
f 942 941 951
f 942 951 952
f 951 950 960
f 951 960 961
f 952 951 961
f 952 961 962
f 953 952 962
f 953 962 963
f 954 953 963
f 954 963 964
f 1048 947 957
f 1048 957 1049
f 955 954 964
f 955 964 965
f 1068 948 958
f 1068 958 1069
f 956 955 965
f 956 965 966
f 950 949 959
f 950 959 960
f 965 964 974
f 965 974 975
f 1069 958 968
f 1069 968 1070
f 966 965 975
f 966 975 976
f 960 959 969
f 960 969 970
f 961 960 970
f 961 970 971
f 962 961 971
f 962 971 972
f 963 962 972
f 963 972 973
f 964 963 973
f 964 973 974
f 1049 957 967
f 1049 967 1050
f 973 972 982
f 973 982 983
f 974 973 983
f 974 983 984
f 1050 967 977
f 1050 977 1051
f 975 974 984
f 975 984 985
f 1070 968 978
f 1070 978 1071
f 976 975 985
f 976 985 986
f 970 969 979
f 970 979 980
f 971 970 980
f 971 980 981
f 972 971 981
f 972 981 982
f 981 980 990
f 981 990 991
f 982 981 991
f 982 991 992
f 983 982 992
f 983 992 993
f 984 983 993
f 984 993 994
f 1051 977 987
f 1051 987 1052
f 985 984 994
f 985 994 995
f 1071 978 988
f 1071 988 1072
f 986 985 995
f 986 995 996
f 980 979 989
f 980 989 990
f 995 994 804
f 995 804 805
f 1072 988 798
f 1072 798 1053
f 996 995 805
f 996 805 806
f 990 989 799
f 990 799 800
f 991 990 800
f 991 800 801
f 992 991 801
f 992 801 802
f 993 992 802
f 993 802 803
f 994 993 803
f 994 803 804
f 1052 987 797
f 1052 797 1033
f 1030 1011 1015
f 1030 1015 1024
f 1027 1003 1011
f 1027 1011 1030
f 1012 1018 1019
f 1012 1019 1004
f 1008 1020 1017
f 1008 1017 1016
f 1016 1017 1018
f 1016 1018 1012
f 1003 1027 1006
f 1003 1006 997
f 1002 1028 1005
f 1002 1005 1000
f 1001 1020 1008
f 1001 1008 999
f 1021 1020 1001
f 1021 1001 1009
f 1031 1021 1009
f 1031 1009 1013
f 1031 1013 1005
f 1031 1005 1028
f 1031 1028 1025
f 1031 1025 1029
f 1021 1031 1029
f 1021 1029 1022
f 1020 1021 1022
f 1020 1022 1017
f 1017 1022 1023
f 1017 1023 1018
f 1022 1029 1032
f 1022 1032 1023
f 1029 1025 1026
f 1029 1026 1032
f 1032 1026 1027
f 1032 1027 1030
f 1023 1032 1030
f 1023 1030 1024
f 1018 1023 1024
f 1018 1024 1019
f 1004 1019 1007
f 1004 1007 998
f 1028 1002 1010
f 1028 1010 1025
f 1026 1014 1006
f 1026 1006 1027
f 1025 1010 1014
f 1025 1014 1026
f 1009 977 967
f 1009 967 1013
f 1001 987 977
f 1001 977 1009
f 999 797 987
f 999 987 1001
f 797 999 1008
f 797 1008 807
f 1016 817 807
f 1016 807 1008
f 817 1016 1012
f 817 1012 827
f 1004 837 827
f 1004 827 1012
f 998 847 837
f 998 837 1004
f 1013 967 957
f 1013 957 1005
f 1005 957 947
f 1005 947 1000
f 1000 947 937
f 1000 937 1002
f 1002 937 927
f 1002 927 1010
f 1010 927 917
f 1010 917 1014
f 1014 917 907
f 1014 907 1006
f 1006 907 897
f 1006 897 997
f 997 897 887
f 997 887 1003
f 877 1011 1003
f 877 1003 887
f 1011 877 867
f 1011 867 1015
f 1015 867 857
f 1015 857 1007
f 847 998 1007
f 847 1007 857
f 1024 1015 1007
f 1024 1007 1019
f 798 1033 1034
f 798 1034 808
f 808 1034 1035
f 808 1035 818
f 818 1035 1036
f 818 1036 828
f 828 1036 1037
f 828 1037 838
f 838 1037 1038
f 838 1038 848
f 848 1038 1039
f 848 1039 858
f 858 1039 1040
f 858 1040 868
f 868 1040 1041
f 868 1041 878
f 878 1041 1042
f 878 1042 888
f 888 1042 1043
f 888 1043 898
f 898 1043 1044
f 898 1044 908
f 908 1044 1045
f 908 1045 918
f 918 1045 1046
f 918 1046 928
f 928 1046 1047
f 928 1047 938
f 938 1047 1048
f 938 1048 948
f 948 1048 1049
f 948 1049 958
f 958 1049 1050
f 958 1050 968
f 968 1050 1051
f 968 1051 978
f 978 1051 1052
f 978 1052 988
f 988 1052 1033
f 988 1033 798
f 799 1053 1054
f 799 1054 809
f 809 1054 1055
f 809 1055 819
f 819 1055 1056
f 819 1056 829
f 829 1056 1057
f 829 1057 839
f 839 1057 1058
f 839 1058 849
f 849 1058 1059
f 849 1059 859
f 859 1059 1060
f 859 1060 869
f 869 1060 1061
f 869 1061 879
f 879 1061 1062
f 879 1062 889
f 889 1062 1063
f 889 1063 899
f 899 1063 1064
f 899 1064 909
f 909 1064 1065
f 909 1065 919
f 919 1065 1066
f 919 1066 929
f 929 1066 1067
f 929 1067 939
f 939 1067 1068
f 939 1068 949
f 949 1068 1069
f 949 1069 959
f 959 1069 1070
f 959 1070 969
f 969 1070 1071
f 969 1071 979
f 979 1071 1072
f 979 1072 989
f 989 1072 1053
f 989 1053 799
f 1080 1090 1089
f 1080 1089 1079
f 1309 1310 1083
f 1309 1083 1073
f 1081 1091 1090
f 1081 1090 1080
f 1075 1085 1084
f 1075 1084 1074
f 1082 1092 1091
f 1082 1091 1081
f 1076 1086 1085
f 1076 1085 1075
f 1077 1087 1086
f 1077 1086 1076
f 1078 1088 1087
f 1078 1087 1077
f 1079 1089 1088
f 1079 1088 1078
f 1087 1097 1096
f 1087 1096 1086
f 1088 1098 1097
f 1088 1097 1087
f 1089 1099 1098
f 1089 1098 1088
f 1090 1100 1099
f 1090 1099 1089
f 1310 1311 1093
f 1310 1093 1083
f 1091 1101 1100
f 1091 1100 1090
f 1085 1095 1094
f 1085 1094 1084
f 1092 1102 1101
f 1092 1101 1091
f 1086 1096 1095
f 1086 1095 1085
f 1311 1312 1103
f 1311 1103 1093
f 1101 1111 1110
f 1101 1110 1100
f 1095 1105 1104
f 1095 1104 1094
f 1102 1112 1111
f 1102 1111 1101
f 1096 1106 1105
f 1096 1105 1095
f 1097 1107 1106
f 1097 1106 1096
f 1098 1108 1107
f 1098 1107 1097
f 1099 1109 1108
f 1099 1108 1098
f 1100 1110 1109
f 1100 1109 1099
f 1108 1118 1117
f 1108 1117 1107
f 1109 1119 1118
f 1109 1118 1108
f 1110 1120 1119
f 1110 1119 1109
f 1312 1313 1113
f 1312 1113 1103
f 1111 1121 1120
f 1111 1120 1110
f 1105 1115 1114
f 1105 1114 1104
f 1112 1122 1121
f 1112 1121 1111
f 1106 1116 1115
f 1106 1115 1105
f 1107 1117 1116
f 1107 1116 1106
f 1122 1132 1131
f 1122 1131 1121
f 1116 1126 1125
f 1116 1125 1115
f 1117 1127 1126
f 1117 1126 1116
f 1118 1128 1127
f 1118 1127 1117
f 1119 1129 1128
f 1119 1128 1118
f 1120 1130 1129
f 1120 1129 1119
f 1313 1314 1123
f 1313 1123 1113
f 1121 1131 1130
f 1121 1130 1120
f 1115 1125 1124
f 1115 1124 1114
f 1130 1140 1139
f 1130 1139 1129
f 1314 1315 1133
f 1314 1133 1123
f 1131 1141 1140
f 1131 1140 1130
f 1125 1135 1134
f 1125 1134 1124
f 1132 1142 1141
f 1132 1141 1131
f 1126 1136 1135
f 1126 1135 1125
f 1127 1137 1136
f 1127 1136 1126
f 1128 1138 1137
f 1128 1137 1127
f 1129 1139 1138
f 1129 1138 1128
f 1138 1148 1147
f 1138 1147 1137
f 1139 1149 1148
f 1139 1148 1138
f 1140 1150 1149
f 1140 1149 1139
f 1315 1316 1143
f 1315 1143 1133
f 1141 1151 1150
f 1141 1150 1140
f 1135 1145 1144
f 1135 1144 1134
f 1142 1152 1151
f 1142 1151 1141
f 1136 1146 1145
f 1136 1145 1135
f 1137 1147 1146
f 1137 1146 1136
f 1152 1162 1161
f 1152 1161 1151
f 1146 1156 1155
f 1146 1155 1145
f 1147 1157 1156
f 1147 1156 1146
f 1148 1158 1157
f 1148 1157 1147
f 1149 1159 1158
f 1149 1158 1148
f 1150 1160 1159
f 1150 1159 1149
f 1316 1317 1153
f 1316 1153 1143
f 1151 1161 1160
f 1151 1160 1150
f 1145 1155 1154
f 1145 1154 1144
f 1160 1170 1169
f 1160 1169 1159
f 1317 1318 1163
f 1317 1163 1153
f 1161 1171 1170
f 1161 1170 1160
f 1155 1165 1164
f 1155 1164 1154
f 1162 1172 1171
f 1162 1171 1161
f 1156 1166 1165
f 1156 1165 1155
f 1157 1167 1166
f 1157 1166 1156
f 1158 1168 1167
f 1158 1167 1157
f 1159 1169 1168
f 1159 1168 1158
f 1168 1178 1177
f 1168 1177 1167
f 1169 1179 1178
f 1169 1178 1168
f 1170 1180 1179
f 1170 1179 1169
f 1318 1319 1173
f 1318 1173 1163
f 1171 1181 1180
f 1171 1180 1170
f 1165 1175 1174
f 1165 1174 1164
f 1172 1182 1181
f 1172 1181 1171
f 1166 1176 1175
f 1166 1175 1165
f 1167 1177 1176
f 1167 1176 1166
f 1182 1192 1191
f 1182 1191 1181
f 1176 1186 1185
f 1176 1185 1175
f 1177 1187 1186
f 1177 1186 1176
f 1178 1188 1187
f 1178 1187 1177
f 1179 1189 1188
f 1179 1188 1178
f 1180 1190 1189
f 1180 1189 1179
f 1319 1320 1183
f 1319 1183 1173
f 1181 1191 1190
f 1181 1190 1180
f 1175 1185 1184
f 1175 1184 1174
f 1190 1200 1199
f 1190 1199 1189
f 1320 1321 1193
f 1320 1193 1183
f 1191 1201 1200
f 1191 1200 1190
f 1185 1195 1194
f 1185 1194 1184
f 1192 1202 1201
f 1192 1201 1191
f 1186 1196 1195
f 1186 1195 1185
f 1187 1197 1196
f 1187 1196 1186
f 1188 1198 1197
f 1188 1197 1187
f 1189 1199 1198
f 1189 1198 1188
f 1197 1207 1206
f 1197 1206 1196
f 1198 1208 1207
f 1198 1207 1197
f 1199 1209 1208
f 1199 1208 1198
f 1200 1210 1209
f 1200 1209 1199
f 1321 1322 1203
f 1321 1203 1193
f 1201 1211 1210
f 1201 1210 1200
f 1195 1205 1204
f 1195 1204 1194
f 1202 1212 1211
f 1202 1211 1201
f 1196 1206 1205
f 1196 1205 1195
f 1211 1221 1220
f 1211 1220 1210
f 1205 1215 1214
f 1205 1214 1204
f 1212 1222 1221
f 1212 1221 1211
f 1206 1216 1215
f 1206 1215 1205
f 1207 1217 1216
f 1207 1216 1206
f 1208 1218 1217
f 1208 1217 1207
f 1209 1219 1218
f 1209 1218 1208
f 1210 1220 1219
f 1210 1219 1209
f 1322 1323 1213
f 1322 1213 1203
f 1219 1229 1228
f 1219 1228 1218
f 1220 1230 1229
f 1220 1229 1219
f 1323 1324 1223
f 1323 1223 1213
f 1221 1231 1230
f 1221 1230 1220
f 1215 1225 1224
f 1215 1224 1214
f 1222 1232 1231
f 1222 1231 1221
f 1216 1226 1225
f 1216 1225 1215
f 1217 1227 1226
f 1217 1226 1216
f 1218 1228 1227
f 1218 1227 1217
f 1227 1237 1236
f 1227 1236 1226
f 1228 1238 1237
f 1228 1237 1227
f 1229 1239 1238
f 1229 1238 1228
f 1230 1240 1239
f 1230 1239 1229
f 1324 1325 1233
f 1324 1233 1223
f 1231 1241 1240
f 1231 1240 1230
f 1225 1235 1234
f 1225 1234 1224
f 1232 1242 1241
f 1232 1241 1231
f 1226 1236 1235
f 1226 1235 1225
f 1241 1251 1250
f 1241 1250 1240
f 1235 1245 1244
f 1235 1244 1234
f 1242 1252 1251
f 1242 1251 1241
f 1236 1246 1245
f 1236 1245 1235
f 1237 1247 1246
f 1237 1246 1236
f 1238 1248 1247
f 1238 1247 1237
f 1239 1249 1248
f 1239 1248 1238
f 1240 1250 1249
f 1240 1249 1239
f 1325 1326 1243
f 1325 1243 1233
f 1249 1259 1258
f 1249 1258 1248
f 1250 1260 1259
f 1250 1259 1249
f 1326 1327 1253
f 1326 1253 1243
f 1251 1261 1260
f 1251 1260 1250
f 1245 1255 1254
f 1245 1254 1244
f 1252 1262 1261
f 1252 1261 1251
f 1246 1256 1255
f 1246 1255 1245
f 1247 1257 1256
f 1247 1256 1246
f 1248 1258 1257
f 1248 1257 1247
f 1257 1267 1266
f 1257 1266 1256
f 1258 1268 1267
f 1258 1267 1257
f 1259 1269 1268
f 1259 1268 1258
f 1260 1270 1269
f 1260 1269 1259
f 1327 1328 1263
f 1327 1263 1253
f 1261 1271 1270
f 1261 1270 1260
f 1255 1265 1264
f 1255 1264 1254
f 1262 1272 1271
f 1262 1271 1261
f 1256 1266 1265
f 1256 1265 1255
f 1271 1081 1080
f 1271 1080 1270
f 1265 1075 1074
f 1265 1074 1264
f 1272 1082 1081
f 1272 1081 1271
f 1266 1076 1075
f 1266 1075 1265
f 1267 1077 1076
f 1267 1076 1266
f 1268 1078 1077
f 1268 1077 1267
f 1269 1079 1078
f 1269 1078 1268
f 1270 1080 1079
f 1270 1079 1269
f 1328 1309 1073
f 1328 1073 1263
f 1306 1300 1291
f 1306 1291 1287
f 1303 1306 1287
f 1303 1287 1279
f 1288 1280 1295
f 1288 1295 1294
f 1284 1292 1293
f 1284 1293 1296
f 1292 1288 1294
f 1292 1294 1293
f 1279 1273 1282
f 1279 1282 1303
f 1278 1276 1281
f 1278 1281 1304
f 1277 1275 1284
f 1277 1284 1296
f 1297 1285 1277
f 1297 1277 1296
f 1307 1289 1285
f 1307 1285 1297
f 1307 1304 1281
f 1307 1281 1289
f 1307 1305 1301
f 1307 1301 1304
f 1297 1298 1305
f 1297 1305 1307
f 1296 1293 1298
f 1296 1298 1297
f 1293 1294 1299
f 1293 1299 1298
f 1298 1299 1308
f 1298 1308 1305
f 1305 1308 1302
f 1305 1302 1301
f 1308 1306 1303
f 1308 1303 1302
f 1299 1300 1306
f 1299 1306 1308
f 1294 1295 1300
f 1294 1300 1299
f 1280 1274 1283
f 1280 1283 1295
f 1304 1301 1286
f 1304 1286 1278
f 1302 1303 1282
f 1302 1282 1290
f 1301 1302 1290
f 1301 1290 1286
f 1285 1289 1243
f 1285 1243 1253
f 1277 1285 1253
f 1277 1253 1263
f 1275 1277 1263
f 1275 1263 1073
f 1073 1083 1284
f 1073 1284 1275
f 1292 1284 1083
f 1292 1083 1093
f 1093 1103 1288
f 1093 1288 1292
f 1280 1288 1103
f 1280 1103 1113
f 1274 1280 1113
f 1274 1113 1123
f 1289 1281 1233
f 1289 1233 1243
f 1281 1276 1223
f 1281 1223 1233
f 1276 1278 1213
f 1276 1213 1223
f 1278 1286 1203
f 1278 1203 1213
f 1286 1290 1193
f 1286 1193 1203
f 1290 1282 1183
f 1290 1183 1193
f 1282 1273 1173
f 1282 1173 1183
f 1273 1279 1163
f 1273 1163 1173
f 1153 1163 1279
f 1153 1279 1287
f 1287 1291 1143
f 1287 1143 1153
f 1291 1283 1133
f 1291 1133 1143
f 1123 1133 1283
f 1123 1283 1274
f 1300 1295 1283
f 1300 1283 1291
f 1074 1084 1310
f 1074 1310 1309
f 1084 1094 1311
f 1084 1311 1310
f 1094 1104 1312
f 1094 1312 1311
f 1104 1114 1313
f 1104 1313 1312
f 1114 1124 1314
f 1114 1314 1313
f 1124 1134 1315
f 1124 1315 1314
f 1134 1144 1316
f 1134 1316 1315
f 1144 1154 1317
f 1144 1317 1316
f 1154 1164 1318
f 1154 1318 1317
f 1164 1174 1319
f 1164 1319 1318
f 1174 1184 1320
f 1174 1320 1319
f 1184 1194 1321
f 1184 1321 1320
f 1194 1204 1322
f 1194 1322 1321
f 1204 1214 1323
f 1204 1323 1322
f 1214 1224 1324
f 1214 1324 1323
f 1224 1234 1325
f 1224 1325 1324
f 1234 1244 1326
f 1234 1326 1325
f 1244 1254 1327
f 1244 1327 1326
f 1254 1264 1328
f 1254 1328 1327
f 1264 1074 1309
f 1264 1309 1328
f 1336 1346 1345
f 1336 1345 1335
f 1565 1566 1339
f 1565 1339 1329
f 1337 1347 1346
f 1337 1346 1336
f 1585 1586 1340
f 1585 1340 1330
f 1338 1348 1347
f 1338 1347 1337
f 1332 1342 1341
f 1332 1341 1331
f 1333 1343 1342
f 1333 1342 1332
f 1334 1344 1343
f 1334 1343 1333
f 1335 1345 1344
f 1335 1344 1334
f 1343 1353 1352
f 1343 1352 1342
f 1344 1354 1353
f 1344 1353 1343
f 1345 1355 1354
f 1345 1354 1344
f 1346 1356 1355
f 1346 1355 1345
f 1566 1567 1349
f 1566 1349 1339
f 1347 1357 1356
f 1347 1356 1346
f 1586 1587 1350
f 1586 1350 1340
f 1348 1358 1357
f 1348 1357 1347
f 1342 1352 1351
f 1342 1351 1341
f 1567 1568 1359
f 1567 1359 1349
f 1357 1367 1366
f 1357 1366 1356
f 1587 1588 1360
f 1587 1360 1350
f 1358 1368 1367
f 1358 1367 1357
f 1352 1362 1361
f 1352 1361 1351
f 1353 1363 1362
f 1353 1362 1352
f 1354 1364 1363
f 1354 1363 1353
f 1355 1365 1364
f 1355 1364 1354
f 1356 1366 1365
f 1356 1365 1355
f 1364 1374 1373
f 1364 1373 1363
f 1365 1375 1374
f 1365 1374 1364
f 1366 1376 1375
f 1366 1375 1365
f 1568 1569 1369
f 1568 1369 1359
f 1367 1377 1376
f 1367 1376 1366
f 1588 1589 1370
f 1588 1370 1360
f 1368 1378 1377
f 1368 1377 1367
f 1362 1372 1371
f 1362 1371 1361
f 1363 1373 1372
f 1363 1372 1362
f 1378 1388 1387
f 1378 1387 1377
f 1372 1382 1381
f 1372 1381 1371
f 1373 1383 1382
f 1373 1382 1372
f 1374 1384 1383
f 1374 1383 1373
f 1375 1385 1384
f 1375 1384 1374
f 1376 1386 1385
f 1376 1385 1375
f 1569 1570 1379
f 1569 1379 1369
f 1377 1387 1386
f 1377 1386 1376
f 1589 1590 1380
f 1589 1380 1370
f 1386 1396 1395
f 1386 1395 1385
f 1570 1571 1389
f 1570 1389 1379
f 1387 1397 1396
f 1387 1396 1386
f 1590 1591 1390
f 1590 1390 1380
f 1388 1398 1397
f 1388 1397 1387
f 1382 1392 1391
f 1382 1391 1381
f 1383 1393 1392
f 1383 1392 1382
f 1384 1394 1393
f 1384 1393 1383
f 1385 1395 1394
f 1385 1394 1384
f 1394 1404 1403
f 1394 1403 1393
f 1395 1405 1404
f 1395 1404 1394
f 1396 1406 1405
f 1396 1405 1395
f 1571 1572 1399
f 1571 1399 1389
f 1397 1407 1406
f 1397 1406 1396
f 1591 1592 1400
f 1591 1400 1390
f 1398 1408 1407
f 1398 1407 1397
f 1392 1402 1401
f 1392 1401 1391
f 1393 1403 1402
f 1393 1402 1392
f 1408 1418 1417
f 1408 1417 1407
f 1402 1412 1411
f 1402 1411 1401
f 1403 1413 1412
f 1403 1412 1402
f 1404 1414 1413
f 1404 1413 1403
f 1405 1415 1414
f 1405 1414 1404
f 1406 1416 1415
f 1406 1415 1405
f 1572 1573 1409
f 1572 1409 1399
f 1407 1417 1416
f 1407 1416 1406
f 1592 1593 1410
f 1592 1410 1400
f 1416 1426 1425
f 1416 1425 1415
f 1573 1574 1419
f 1573 1419 1409
f 1417 1427 1426
f 1417 1426 1416
f 1593 1594 1420
f 1593 1420 1410
f 1418 1428 1427
f 1418 1427 1417
f 1412 1422 1421
f 1412 1421 1411
f 1413 1423 1422
f 1413 1422 1412
f 1414 1424 1423
f 1414 1423 1413
f 1415 1425 1424
f 1415 1424 1414
f 1424 1434 1433
f 1424 1433 1423
f 1425 1435 1434
f 1425 1434 1424
f 1426 1436 1435
f 1426 1435 1425
f 1574 1575 1429
f 1574 1429 1419
f 1427 1437 1436
f 1427 1436 1426
f 1594 1595 1430
f 1594 1430 1420
f 1428 1438 1437
f 1428 1437 1427
f 1422 1432 1431
f 1422 1431 1421
f 1423 1433 1432
f 1423 1432 1422
f 1438 1448 1447
f 1438 1447 1437
f 1432 1442 1441
f 1432 1441 1431
f 1433 1443 1442
f 1433 1442 1432
f 1434 1444 1443
f 1434 1443 1433
f 1435 1445 1444
f 1435 1444 1434
f 1436 1446 1445
f 1436 1445 1435
f 1575 1576 1439
f 1575 1439 1429
f 1437 1447 1446
f 1437 1446 1436
f 1595 1596 1440
f 1595 1440 1430
f 1446 1456 1455
f 1446 1455 1445
f 1576 1577 1449
f 1576 1449 1439
f 1447 1457 1456
f 1447 1456 1446
f 1596 1597 1450
f 1596 1450 1440
f 1448 1458 1457
f 1448 1457 1447
f 1442 1452 1451
f 1442 1451 1441
f 1443 1453 1452
f 1443 1452 1442
f 1444 1454 1453
f 1444 1453 1443
f 1445 1455 1454
f 1445 1454 1444
f 1453 1463 1462
f 1453 1462 1452
f 1454 1464 1463
f 1454 1463 1453
f 1455 1465 1464
f 1455 1464 1454
f 1456 1466 1465
f 1456 1465 1455
f 1577 1578 1459
f 1577 1459 1449
f 1457 1467 1466
f 1457 1466 1456
f 1597 1598 1460
f 1597 1460 1450
f 1458 1468 1467
f 1458 1467 1457
f 1452 1462 1461
f 1452 1461 1451
f 1467 1477 1476
f 1467 1476 1466
f 1598 1599 1470
f 1598 1470 1460
f 1468 1478 1477
f 1468 1477 1467
f 1462 1472 1471
f 1462 1471 1461
f 1463 1473 1472
f 1463 1472 1462
f 1464 1474 1473
f 1464 1473 1463
f 1465 1475 1474
f 1465 1474 1464
f 1466 1476 1475
f 1466 1475 1465
f 1578 1579 1469
f 1578 1469 1459
f 1475 1485 1484
f 1475 1484 1474
f 1476 1486 1485
f 1476 1485 1475
f 1579 1580 1479
f 1579 1479 1469
f 1477 1487 1486
f 1477 1486 1476
f 1599 1600 1480
f 1599 1480 1470
f 1478 1488 1487
f 1478 1487 1477
f 1472 1482 1481
f 1472 1481 1471
f 1473 1483 1482
f 1473 1482 1472
f 1474 1484 1483
f 1474 1483 1473
f 1483 1493 1492
f 1483 1492 1482
f 1484 1494 1493
f 1484 1493 1483
f 1485 1495 1494
f 1485 1494 1484
f 1486 1496 1495
f 1486 1495 1485
f 1580 1581 1489
f 1580 1489 1479
f 1487 1497 1496
f 1487 1496 1486
f 1600 1601 1490
f 1600 1490 1480
f 1488 1498 1497
f 1488 1497 1487
f 1482 1492 1491
f 1482 1491 1481
f 1497 1507 1506
f 1497 1506 1496
f 1601 1602 1500
f 1601 1500 1490
f 1498 1508 1507
f 1498 1507 1497
f 1492 1502 1501
f 1492 1501 1491
f 1493 1503 1502
f 1493 1502 1492
f 1494 1504 1503
f 1494 1503 1493
f 1495 1505 1504
f 1495 1504 1494
f 1496 1506 1505
f 1496 1505 1495
f 1581 1582 1499
f 1581 1499 1489
f 1505 1515 1514
f 1505 1514 1504
f 1506 1516 1515
f 1506 1515 1505
f 1582 1583 1509
f 1582 1509 1499
f 1507 1517 1516
f 1507 1516 1506
f 1602 1603 1510
f 1602 1510 1500
f 1508 1518 1517
f 1508 1517 1507
f 1502 1512 1511
f 1502 1511 1501
f 1503 1513 1512
f 1503 1512 1502
f 1504 1514 1513
f 1504 1513 1503
f 1513 1523 1522
f 1513 1522 1512
f 1514 1524 1523
f 1514 1523 1513
f 1515 1525 1524
f 1515 1524 1514
f 1516 1526 1525
f 1516 1525 1515
f 1583 1584 1519
f 1583 1519 1509
f 1517 1527 1526
f 1517 1526 1516
f 1603 1604 1520
f 1603 1520 1510
f 1518 1528 1527
f 1518 1527 1517
f 1512 1522 1521
f 1512 1521 1511
f 1527 1337 1336
f 1527 1336 1526
f 1604 1585 1330
f 1604 1330 1520
f 1528 1338 1337
f 1528 1337 1527
f 1522 1332 1331
f 1522 1331 1521
f 1523 1333 1332
f 1523 1332 1522
f 1524 1334 1333
f 1524 1333 1523
f 1525 1335 1334
f 1525 1334 1524
f 1526 1336 1335
f 1526 1335 1525
f 1584 1565 1329
f 1584 1329 1519
f 1562 1556 1547
f 1562 1547 1543
f 1559 1562 1543
f 1559 1543 1535
f 1544 1536 1551
f 1544 1551 1550
f 1540 1548 1549
f 1540 1549 1552
f 1548 1544 1550
f 1548 1550 1549
f 1535 1529 1538
f 1535 1538 1559
f 1534 1532 1537
f 1534 1537 1560
f 1533 1531 1540
f 1533 1540 1552
f 1553 1541 1533
f 1553 1533 1552
f 1563 1545 1541
f 1563 1541 1553
f 1563 1560 1537
f 1563 1537 1545
f 1563 1561 1557
f 1563 1557 1560
f 1553 1554 1561
f 1553 1561 1563
f 1552 1549 1554
f 1552 1554 1553
f 1549 1550 1555
f 1549 1555 1554
f 1554 1555 1564
f 1554 1564 1561
f 1561 1564 1558
f 1561 1558 1557
f 1564 1562 1559
f 1564 1559 1558
f 1555 1556 1562
f 1555 1562 1564
f 1550 1551 1556
f 1550 1556 1555
f 1536 1530 1539
f 1536 1539 1551
f 1560 1557 1542
f 1560 1542 1534
f 1558 1559 1538
f 1558 1538 1546
f 1557 1558 1546
f 1557 1546 1542
f 1541 1545 1499
f 1541 1499 1509
f 1533 1541 1509
f 1533 1509 1519
f 1531 1533 1519
f 1531 1519 1329
f 1329 1339 1540
f 1329 1540 1531
f 1548 1540 1339
f 1548 1339 1349
f 1349 1359 1544
f 1349 1544 1548
f 1536 1544 1359
f 1536 1359 1369
f 1530 1536 1369
f 1530 1369 1379
f 1545 1537 1489
f 1545 1489 1499
f 1537 1532 1479
f 1537 1479 1489
f 1532 1534 1469
f 1532 1469 1479
f 1534 1542 1459
f 1534 1459 1469
f 1542 1546 1449
f 1542 1449 1459
f 1546 1538 1439
f 1546 1439 1449
f 1538 1529 1429
f 1538 1429 1439
f 1529 1535 1419
f 1529 1419 1429
f 1409 1419 1535
f 1409 1535 1543
f 1543 1547 1399
f 1543 1399 1409
f 1547 1539 1389
f 1547 1389 1399
f 1379 1389 1539
f 1379 1539 1530
f 1556 1551 1539
f 1556 1539 1547
f 1330 1340 1566
f 1330 1566 1565
f 1340 1350 1567
f 1340 1567 1566
f 1350 1360 1568
f 1350 1568 1567
f 1360 1370 1569
f 1360 1569 1568
f 1370 1380 1570
f 1370 1570 1569
f 1380 1390 1571
f 1380 1571 1570
f 1390 1400 1572
f 1390 1572 1571
f 1400 1410 1573
f 1400 1573 1572
f 1410 1420 1574
f 1410 1574 1573
f 1420 1430 1575
f 1420 1575 1574
f 1430 1440 1576
f 1430 1576 1575
f 1440 1450 1577
f 1440 1577 1576
f 1450 1460 1578
f 1450 1578 1577
f 1460 1470 1579
f 1460 1579 1578
f 1470 1480 1580
f 1470 1580 1579
f 1480 1490 1581
f 1480 1581 1580
f 1490 1500 1582
f 1490 1582 1581
f 1500 1510 1583
f 1500 1583 1582
f 1510 1520 1584
f 1510 1584 1583
f 1520 1330 1565
f 1520 1565 1584
f 1331 1341 1586
f 1331 1586 1585
f 1341 1351 1587
f 1341 1587 1586
f 1351 1361 1588
f 1351 1588 1587
f 1361 1371 1589
f 1361 1589 1588
f 1371 1381 1590
f 1371 1590 1589
f 1381 1391 1591
f 1381 1591 1590
f 1391 1401 1592
f 1391 1592 1591
f 1401 1411 1593
f 1401 1593 1592
f 1411 1421 1594
f 1411 1594 1593
f 1421 1431 1595
f 1421 1595 1594
f 1431 1441 1596
f 1431 1596 1595
f 1441 1451 1597
f 1441 1597 1596
f 1451 1461 1598
f 1451 1598 1597
f 1461 1471 1599
f 1461 1599 1598
f 1471 1481 1600
f 1471 1600 1599
f 1481 1491 1601
f 1481 1601 1600
f 1491 1501 1602
f 1491 1602 1601
f 1501 1511 1603
f 1501 1603 1602
f 1511 1521 1604
f 1511 1604 1603
f 1521 1331 1585
f 1521 1585 1604

