global_vertex,is_face_component,distance_to_face,displacement_magnitude,nearest_face_local,neighbor_jump,relative_jump
0,0,0.03997291510879083,0.02156165911120379,203,0.0030798359084966585,0.1400106107374791
1,0,0.042936543357440855,0.02146274254942979,203,0.0018779397973856774,0.08537191778133714
2,0,0.14255534103993306,0.06336667326452378,106,0.004427773203132915,0.06859751772284002
3,0,0.13009835422972077,0.07161809007671051,134,0.00509983717986048,0.06655689151219847
4,0,0.09405204698340912,0.02188026234279318,200,0.0021471163301701977,0.09495640240391631
5,0,0.03511663677774109,0.02193411426376534,203,0.0020667280971758254,0.09395431175914201
6,0,0.06174781511539418,0.022632707789354396,203,0.002059532054625102,0.09362717669664075
7,0,0.12528474197949171,0.05895921984745066,106,0.005631638830790815,0.08724847158622871
8,0,0.10981025342393393,0.07169750664047495,134,0.005541319298925687,0.07231858084989656
9,0,0.09284811473332025,0.026252820155097317,101,0.01655311898430241,0.4503286388701337
10,0,0.10096609357292474,0.06639620161346332,134,0.010881490526286113,0.14201202095413834
11,0,0.1105941843159441,0.061218902722117365,131,0.010217168712225087,0.1527817692346322
12,0,0.09866070974530332,0.02806693198994656,101,0.015621689603639756,0.42498904422363626
13,0,0.0714535024153652,0.023176927485321647,203,0.0020085582169597337,0.0913098850112389
14,0,0.04499660842885049,0.022939484688751233,203,0.001860800782965874,0.0845927711164986
15,0,0.09488817865770684,0.07028846254336862,134,0.0068864625521280354,0.0898737596554685
16,0,0.11874674841753816,0.05741672936375054,131,0.01096967533391378,0.16403432816368377
17,0,0.1186889309171099,0.03198458664273826,101,0.014895198728483456,0.40522481445697056
18,0,0.07488422511231653,0.022638518123118862,203,0.0017064465563443126,0.07757576430792969
19,0,0.04764542488785572,0.023089585812961416,203,0.0033378444485113196,0.15173978538710226
20,0,0.09314911486131146,0.02196331464401605,445,0.006418525050249946,0.2585176293471128
257,0,0.04464604983948972,0.022057108137719106,207,0.0013289640650024986,0.06398595268181881
258,0,0.11132829164153649,0.022056729419264075,445,0.006371951552380091,0.25664179803610954
269,0,0.05273549802457164,0.02141227820197053,207,0.0007427660633546966,0.03576213641516717
270,0,0.03997290663823431,0.024294970233900662,445,0.002779974598304063,0.11196847206676751
271,0,0.042936543171906566,0.024640889448881754,445,0.0019686552899326657,0.07929112912556557
272,0,0.1717218259566093,0.058232407283346735,376,0.017805320134317945,0.2601665236163829
273,0,0.14255534852636495,0.06320367681638249,351,0.0036573452682307278,0.05708634245582316
274,0,0.1300983549188086,0.07115742867251666,380,0.004943209377365782,0.06507696947886853
275,0,0.09405203939838995,0.025721904537478666,443,0.0020250276052423293,0.07711365796722242
276,0,0.035116635751878365,0.025229623192103937,445,0.0022757856170639293,0.09166135490936704
277,0,0.061747811864121156,0.02643257694218858,445,0.002547800695474606,0.10261725095508845
278,0,0.12528474052246982,0.05844064558034567,351,0.005702387865399815,0.08900676382069377
279,0,0.10981025456669517,0.07078424833655136,380,0.005504873975096068,0.0724712405067595
280,0,0.09284811771190467,0.03022353898794979,346,0.014358366763805008,0.3639675659676623
281,0,0.10096609228065533,0.06642959782608363,380,0.010541903391643815,0.1387833435517495
282,0,0.11059419121940091,0.06202266225037316,376,0.008998330200581987,0.13148116793056486
283,0,0.09866071802496172,0.03204893856276271,346,0.013125354214759745,0.33271216041451285
284,0,0.07145349774709281,0.026880669082668868,445,0.0027835887851989168,0.11211403993800897
285,0,0.044996606399644166,0.026463355225600806,445,0.00247324933235523,0.09961456084991134
286,0,0.09488818273262173,0.0701185425379434,380,0.006487604458735976,0.08540881138583653
287,0,0.11874674946628692,0.05934688569263833,376,0.010492251263333661,0.1533099385744735
288,0,0.11868893357820433,0.03557487770206265,346,0.011415857973755501,0.28937845846188925
289,0,0.07488422476896052,0.026206556086563675,445,0.002303011004830183,0.09275790632083403
290,0,0.04764542489965747,0.025929901342580136,445,0.00296980325086722,0.1196141621370856
291,0,0.11544714324861013,0.06785734320947373,379,0.007924938820580315,0.1247476061193023
292,0,0.12915388245830975,0.05993271928659076,379,0.0036226530054587185,0.05702470397099906
526,0,0.16517103252660195,0.06947141011140438,380,0.01899014475070974,0.25000378822711283
527,0,0.1388500055415559,0.038244841251532095,445,0.01811512583167197,0.7296192425308237
528,0,0.05616287801687962,0.024679056416563868,207,0.003925658629580389,0.1890096308336465
540,0,0.011583257890684321,0.01899173298934184,247,0.0023780081342327205,0.11655838912859653
541,0,0.0073667752755870435,0.01910296315380552,247,0.002008078796850244,0.09842625280996996
542,0,0.01013641428002522,0.01889751705933792,247,0.0016906699837249506,0.08286841706478604
543,0,0.008558791593028758,0.018682809289935497,433,0.0021794175230266557,0.11396306698346109
544,0,0.015128614762155136,0.018575949392465752,433,0.002377701062722474,0.12433143379584262
545,0,0.023733635788108793,0.0185439872783659,433,0.002534413489117992,0.1325260218257906
546,0,0.032922401671430304,0.01854328651062954,433,0.002631748416802646,0.13761572435702096
547,0,0.041679170982045675,0.018559146648995106,433,0.00269449900147399,0.140896990570858
548,0,0.050362605825502095,0.01857679764186139,433,0.0027378368627843596,0.14316315368061158
549,0,0.05893960824862258,0.01845719702683709,433,0.0027204083567257393,0.14225180650532512
550,0,0.010984452444437109,0.019371632322256867,247,0.0019126693690532915,0.09374974685037948
551,0,0.004966677936065523,0.019586756317834218,247,0.0013536676348156933,0.0663502015229833
552,0,0.0070847447762710635,0.019424040456867592,247,0.0010657967973900868,0.052240173636869634
553,0,0.01584876158519971,0.019092643741052143,434,0.0018208815815312866,0.0875649901315751
554,0,0.02371102857043526,0.018906027181891574,433,0.002968973225468525,0.15524941457582003
555,0,0.030740746767593273,0.018837749604846885,433,0.003016910862151317,0.15775610273565596
556,0,0.038506529535864385,0.01868641803864521,433,0.002795231833237567,0.14616437157170617
557,0,0.046716828761153045,0.018673109636657335,433,0.002815974018814046,0.14724899306311864
558,0,0.05433717527310744,0.018670569696897257,433,0.002827436214888003,0.14784835826283488
559,0,0.06213912458280529,0.018672422554728042,433,0.0028390451902082147,0.14845539863855386
560,0,0.012121661433293728,0.01969833100759497,247,0.001992887458573515,0.09768164731735063
561,0,0.008055260684360233,0.019833834287939816,247,0.0013650841871833443,0.06690978537562853
562,0,0.010136416276939307,0.01981328444719786,434,0.0018026475198653922,0.08668812617401347
563,0,0.01718635551717994,0.019633360771157994,434,0.0017787967621044915,0.08554115901857247
564,0,0.025799285548082567,0.01949165538394124,434,0.0020098525389848363,0.0966524784078082
565,0,0.03425549624485104,0.019227855700770888,434,0.0019080872029605949,0.09175865075032524
566,0,0.0426998425453186,0.019187439766366315,434,0.0019309995818086161,0.09286049188489845
567,0,0.050803624040058476,0.019166701834407343,434,0.0019445904194819671,0.09351406627370962
568,0,0.058705317547039164,0.019152248983889782,434,0.0019522600069082207,0.09388289165703212
569,0,0.06615761256024136,0.019397613606781525,434,0.0018846801303555533,0.09063302012038288
570,0,0.015164018452830993,0.02010691540219603,247,0.0023455908828744865,0.11496945318514917
571,0,0.013238166779622439,0.020109470958076445,247,0.001880394938831645,0.09216781130418666
572,0,0.015929752713454193,0.020089697299316117,434,0.002013448493483823,0.09682540547973376
573,0,0.022257466520361223,0.020047144571662383,434,0.002039431139070111,0.09807489370973836
574,0,0.029837808793830706,0.01999429474951102,434,0.0020397259212046087,0.09808906958748904
575,0,0.037527593094236686,0.02048687119634847,434,0.002232257537768583,0.1073477876037715
576,0,0.045587425452081665,0.019931429203767854,434,0.001877582017821999,0.09029167658642785
577,0,0.05324553993194927,0.01990604927541333,434,0.001873039172699481,0.09007321417110262
578,0,0.06070996434748255,0.019889903755789314,434,0.0018747455634286062,0.0901552733719161
579,0,0.06783846085507177,0.020126359135593845,434,0.0021609052391353837,0.10391650278599272
580,0,0.013917485680790253,0.020463084276651756,248,0.0013582848973769377,0.06286148805038855
581,0,0.015640997046850975,0.020724373808636027,248,0.001280858551187502,0.059278193157563296
582,0,0.02211486369702285,0.020748696984713447,249,0.0032409753279009443,0.14623322193246194
583,0,0.02840138405428336,0.02111868770638642,434,0.0030755902470292825,0.14790309944450405
584,0,0.03545100082272012,0.021138891286097073,434,0.0030931769941314603,0.14874883447311238
585,0,0.042692307529494156,0.021546370679247487,434,0.003378756168429975,0.16248214795866214
586,0,0.050073213857125265,0.021407727385369238,434,0.0031348410144411932,0.15075242963507532
587,0,0.05728878339130883,0.02139204177753838,434,0.003108837465835439,0.14950193619269894
588,0,0.06414680892550854,0.021223193072912983,434,0.0028344491618971365,0.1363067842562553
589,0,0.07097911637140111,0.020879068727637867,434,0.0026948640276482534,0.1295942275326384
590,0,0.009824787926978426,0.02060503275747288,248,0.0010601892785365842,0.04906560898422687
591,0,0.010906059828054317,0.021011865323211646,248,0.0007054400616698369,0.032647798773704266
592,0,0.017295222112979607,0.021248895337472953,249,0.0025827099457581557,0.11653220357275496
593,0,0.025630370530263506,0.021959950704992258,249,0.0020805968606464574,0.09387679685668869
594,0,0.0341677254216753,0.022013569188937883,435,0.0019382766029260486,0.08767911286973828
595,0,0.04180250873914029,0.022609955176529316,435,0.0022504616319599666,0.10180099122063316
596,0,0.050076435298768984,0.022768566805526573,435,0.0021175236192766834,0.09578745992115795
597,0,0.05720260986579105,0.022882984578712115,435,0.0016773537485230252,0.07587610995108322
598,0,0.06436630025858248,0.022875565307083165,435,0.00161712596020784,0.0731516695685238
599,0,0.0713581324912977,0.02235610529102453,435,0.0009672403223566274,0.043753700203594946
600,0,0.006213741861543701,0.02093244661400257,248,0.0007977286561009066,0.036918919204491106
601,0,0.0063924049891257795,0.021280806227974645,248,0.0005591704279805421,0.025878433342305607
602,0,0.014744460344078364,0.021665204403636007,435,0.0011821524471754988,0.05347537997861932
603,0,0.023013221419362354,0.022316028547358445,435,0.001451996564583691,0.06568194161783573
604,0,0.03170259948499649,0.022949926777760126,435,0.001856517360307748,0.08398068414658676
605,0,0.03977792016011141,0.023271937523768063,435,0.001920125952253737,0.08685805722342117
606,0,0.047852077253258296,0.023307217871297626,435,0.0019095834973953028,0.08638116291016301
607,0,0.05581423503787003,0.02330676402798253,435,0.001881475620041588,0.08510968610065878
608,0,0.06320612373772891,0.02401834882877387,435,0.00289933240549046,0.13115305258502716
609,0,0.07047490712611616,0.023885750117023787,435,0.002918125864195177,0.13200318604095193
610,0,0.0035119692151555325,0.02105496082313817,248,0.0007324938233507997,0.03389984811910309
611,0,0.0030895603614268176,0.021418379271637082,248,0.0008144958004904826,0.03769490342453208
612,0,0.013177274343190248,0.021977901252379587,435,0.0015084395112321006,0.0682351724015204
613,0,0.01912120345861634,0.022785204167456052,258,0.0015951901180247003,0.06772256881516787
614,0,0.02584704383667508,0.023211892682337466,258,0.0011142499235137911,0.04730462298493866
615,0,0.03379370632824703,0.02368031812476843,258,0.001303368789179867,0.05533351888242378
616,0,0.042866543859178825,0.024074584674336534,310,0.004716196327519755,0.18333021551194786
617,0,0.04987684418362994,0.02417056784243039,311,0.007598821638145874,0.2510156610372231
618,0,0.05742809170402321,0.02406869389696856,436,0.002110974511601231,0.08913480448190991
619,0,0.06197407742316224,0.024073721193324012,312,0.010113518236383111,0.3085044889613585
620,0,0.004901467175468993,0.020974680377095142,248,0.0015728485081483777,0.07279150190875076
621,0,0.005489778461003641,0.02146113563039123,248,0.0014316432949375015,0.06625651809199058
622,0,0.011003950026826727,0.02223580400106697,438,0.0013535820951338163,0.05932389048788531
623,0,0.012513488480891384,0.022404653664357305,258,0.002278795830068169,0.0967445232224787
624,0,0.020753850399762,0.023278746573289582,258,0.0021899805094233913,0.09297393713606589
625,0,0.028604583297216584,0.02389889689537443,436,0.0021049791309860726,0.08888165264327336
626,0,0.03493751542192291,0.02410873949309121,255,0.004110011968716274,0.15847815002768428
627,0,0.04016964205195139,0.024240689786259473,255,0.0039246599720249315,0.15133115343420325
628,0,0.046234517419951604,0.024192211777302904,312,0.009649124773670484,0.2943385513971433
629,0,0.05121259479352516,0.024165587831522783,312,0.009650320760225758,0.29437503397545245
630,0,0.008114947498949057,0.020824314634163316,248,0.0019603915896383114,0.09072701369507497
631,0,0.009703957550613035,0.021144833161757394,248,0.002595334337645681,0.1201121935226835
632,0,0.0041165191371958605,0.02213221942881839,438,0.0009898748716666414,0.043383573626286726
633,0,0.009297570958750402,0.02259973411724466,438,0.000860454337106809,0.037711417022920864
634,0,0.012847573246029784,0.02281211382908728,436,0.0017940583438899992,0.07575318358082678
635,0,0.018485220901301187,0.02389643206759233,255,0.0035219457712833057,0.13580287711549843
636,0,0.02225746675966971,0.02414966837217063,255,0.0032658946124931817,0.1259297881156681
637,0,0.029075020457576584,0.024325212943666897,304,0.005494571310579287,0.19491678647842328
638,0,0.03594373031646269,0.02431795442910397,304,0.005508351945714848,0.19540564665775764
639,0,0.04474683375949068,0.024174342395218335,304,0.0054576651602554265,0.1936075618245243
640,0,0.011866815857895499,0.02061665130024678,248,0.0026426232542582154,0.12230072677685964
641,0,0.013684345415335038,0.02095995617741957,438,0.0019062165371337004,0.08354438308666902
642,0,0.007300963025539827,0.021882154060796657,438,0.0012647564841730197,0.05543090103707786
643,0,0.0042194493530080335,0.02265300567150413,436,0.0013393404058577416,0.05655295436054191
644,0,0.005867519659191617,0.02289137177512246,436,0.0010515969946648263,0.04440313798109939
645,0,0.012539169150968497,0.023508664750372256,255,0.003025872249621398,0.11667475423189215
646,0,0.017108165681305562,0.023695360229173526,255,0.0028139758789729576,0.1085042318408262
647,0,0.025386499140050738,0.02376561623183419,304,0.005443010539817376,0.19308769751457422
648,0,0.03296634653811217,0.023718219008900598,304,0.005523457211644077,0.19594149735973296
649,0,0.042484536967878045,0.024359338940032314,304,0.004387189518811304,0.1556330483930626
650,0,0.011652481440053871,0.0203651548436634,261,0.002613105652203159,0.14326428914377737
651,0,0.013136501923316573,0.020663465331419294,261,0.002733388760880884,0.1498588461017745
652,0,0.008387909543676526,0.021244363437954907,257,0.001874802277099011,0.09065908560068296
653,0,0.008272030867604417,0.02150764623047274,437,0.0018988850044929476,0.08662692374535237
654,0,0.014005818783484251,0.022054925317257144,437,0.0017223320432996272,0.07857259719576024
655,0,0.02046241055415028,0.02225377081896271,256,0.001480945497642859,0.06246745639455066
656,0,0.024666532035026764,0.022982262573265032,255,0.003248043407205576,0.12524146262871635
657,0,0.031247689897392433,0.023108639538109137,255,0.003145795768403013,0.12129889098525949
658,0,0.0388310321080073,0.0235653930561354,304,0.004924730473118095,0.17470200746040396
659,0,0.046823455601556124,0.024647053402723027,304,0.003633240147624618,0.12888712404475466
660,0,0.008426173996174045,0.019953573127627168,261,0.00217497696344367,0.11924375438441834
661,0,0.008744728331251894,0.02028183133623891,261,0.002406865493467111,0.13195711152954342
662,0,0.00955359178106854,0.02033654838567613,257,0.0016492015889356389,0.07974980073922874
663,0,0.006711609889534722,0.020847350460571647,254,0.002214896391082469,0.10720071706544504
664,0,0.01148562301450385,0.021029770109731456,254,0.0021585679270985435,0.1044744262309917
665,0,0.017285918451054302,0.02135218027225762,305,0.005196375818729412,0.24399795718195313
666,0,0.02453793935088479,0.021467596867849766,305,0.005339308520577637,0.2507094208023792
667,0,0.033165828252008075,0.02152879392185728,305,0.005443364301790066,0.2555954026740701
668,0,0.043016402741932025,0.022705277895663047,305,0.0046518365849113515,0.21842889418652098
669,0,0.05292126617792223,0.02286747565965975,305,0.0047885293923024715,0.22484736100423755
670,0,0.006484029175944542,0.019260764751284395,261,0.001793858017551961,0.09834879561519809
671,0,0.006126828929568717,0.019395479358075868,261,0.0018334959727542921,0.10052195821594752
672,0,0.010469531700095265,0.019863443130810437,439,0.0012208000057851135,0.062225753352541546
673,0,0.015011185669843097,0.020073955147854206,254,0.002691408553021402,0.1302638479892775
674,0,0.017714914665281266,0.02040298964753374,305,0.005455378339344863,0.2561595267334409
675,0,0.018898353890045516,0.020496456057429613,305,0.005411397840197211,0.2540944043631167
676,0,0.025445581608179023,0.020866939210088115,305,0.0051996738177459674,0.2441528160780182
677,0,0.034065557966858485,0.020957466807643127,305,0.005297303449551071,0.2487370554694439
678,0,0.043712633021634584,0.021020276774587038,305,0.00545595876411694,0.256186780816599
679,0,0.05343755849201005,0.02176261468378036,305,0.004593276812210468,0.21567919604872368
680,0,0.007934520762459455,0.019117145008721765,261,0.0020272164188700624,0.11114273888816871
681,0,0.00772910328697969,0.019015420217000433,439,0.0014161751171037316,0.07218427516653769
682,0,0.010288694265270022,0.01909558567644144,260,0.0024995653709400573,0.14720135222198724
683,0,0.017264180109029227,0.018960717050278655,313,0.004094464368789511,0.25458195698035563
684,0,0.022454157494867184,0.01923138952922883,313,0.004092479829753303,0.25445856408056805
685,0,0.029664777896960502,0.019357017240967497,305,0.0059063735834504645,0.27733619333709886
686,0,0.03476672552981223,0.019638511308069838,305,0.005602199849414566,0.2630535909383922
687,0,0.041843538381863644,0.019704890500483,305,0.005635066562993369,0.26459686095046636
688,0,0.04971207345250949,0.019762832040965413,305,0.005671332636715177,0.266299749311858
689,0,0.05834246358581537,0.020537266343772148,305,0.005441273959840962,0.2554972498107697
690,0,0.009372243007823666,0.01898090747538426,253,0.0018281476135776531,0.10572708693038835
691,0,0.010067411284113672,0.018434721609224124,432,0.0015061394453708945,0.08089152460845621
692,0,0.012487745432418927,0.018132148183881935,260,0.0027212503525510783,0.1602565535141127
693,0,0.012384249983418468,0.018005262872621386,313,0.0038381256019047495,0.23864355355428135
694,0,0.018145578297207858,0.018123864189434454,313,0.003928413249529955,0.24425737845376952
695,0,0.026631828850505218,0.018235940089546182,313,0.004031542145612461,0.2506696350571088
696,0,0.03660016179683501,0.018518861309726235,313,0.004012234013235477,0.2494691112074846
697,0,0.046168356932906995,0.018580046509626635,313,0.004075417518861197,0.25339767891799825
698,0,0.05583151777574656,0.01863421546060704,313,0.00413491245790734,0.25709690222257714
699,0,0.06525412212578607,0.018671770369994064,313,0.004186324939483989,0.26029358168882666
700,0,0.006126831298591503,0.018326829500683175,253,0.0012171981141674876,0.07039410268202853
701,0,0.005913041632823152,0.01823323537775964,432,0.001126804677346213,0.060518266463719675
702,0,0.011812458523821361,0.01793858460125921,432,0.0009942894815088265,0.05340115904181382
703,0,0.017357119187128955,0.01775801253996038,313,0.00459922816303347,0.28596671038814936
704,0,0.02244460656908249,0.01734990363313839,313,0.004484891630477061,0.27885759535116483
705,0,0.03016847085779127,0.01737721262587632,313,0.004539105941844747,0.2822284844934749
706,0,0.0394652574214055,0.017427800368862063,313,0.004450417523292044,0.2767140950341974
707,0,0.048883169617738594,0.017493728174031282,313,0.004025107618668619,0.2502695547745466
708,0,0.05812236265594428,0.018108195195795648,313,0.004667076669113129,0.2901853343399459
709,0,0.06708488119636276,0.018152275041702668,313,0.004691350038865684,0.29169458229462775
710,0,0.005440719015773567,0.0183309413661857,253,0.001308889605349356,0.07569688796422509
711,0,0.00513652926331586,0.01810188726058569,253,0.0013725880747030392,0.0793807554794472
712,0,0.009314854662918799,0.017835492879259892,252,0.0019104465936575538,0.11949987717971919
713,0,0.01591291464999101,0.01714016099623848,252,0.0014111870378840546,0.08827081493123605
714,0,0.021572307412170828,0.01710296655108469,314,0.003035072334599373,0.2077197500445629
715,0,0.02923871090408914,0.017183236715919186,314,0.0029490362340798913,0.2018314563485661
716,0,0.03869961796685466,0.017226047806679187,314,0.0029924875413405087,0.20480525521997797
717,0,0.04854411654438671,0.017265898185776035,314,0.003032942091980186,0.20757395666120676
718,0,0.05655204470951778,0.01731544783291044,433,0.0036747321466053828,0.19215397753996355
719,0,0.06386110101213334,0.017881412725803222,433,0.003752437747880912,0.196217250662066
720,0,0.008355881389697884,0.01858190303796352,253,0.0018392638926656847,0.10636997364082348
721,0,0.008811928606406188,0.01827035881362652,432,0.0014328038009328874,0.07695282417473029
722,0,0.011798833469568054,0.017886670910467844,252,0.0022850521403345,0.1429317370219948
723,0,0.013046387028832958,0.01782948193439433,433,0.002766574353200191,0.14466585452181974
724,0,0.018192808075962325,0.01733857780639834,433,0.0030013057069658367,0.15694009968580416
725,0,0.026022800302899742,0.017275178633465678,433,0.003109513568402225,0.16259835453175336
726,0,0.03451593790768983,0.01725948953193654,433,0.0031906980815535235,0.16684354207040927
727,0,0.043309610232479534,0.017258705352469535,433,0.003253759145451448,0.1701410434317212
728,0,0.05132660235371709,0.017453393224008185,433,0.003170313156202451,0.165777601933335
729,0,0.05981834107388299,0.018132414441289785,433,0.0029781958384824817,0.15573167061605434
730,0,0.012015022964917696,0.018773813632243154,253,0.002168969215849013,0.12543779021467089
731,0,0.012297345813426591,0.01874850032180069,247,0.0025578439354720086,0.1253730651586536
732,0,0.007539456076853255,0.018423111574778005,251,0.0017049676130894778,0.09241340031298921
733,0,0.003242009823381158,0.018327812904686488,433,0.0016705181771196557,0.08735241086425284
734,0,0.012414523241566668,0.018028609127743362,433,0.0023281570592891144,0.12174074774222969
735,0,0.022250239345186804,0.01744785764994293,433,0.0025958634516381734,0.1357392777167927
736,0,0.03157207540730412,0.017927111009915828,433,0.0025182994004726276,0.131683406335979
737,0,0.040937912952565075,0.017582277997984938,433,0.002864106590018544,0.14976587446758066
738,0,0.04971638973591002,0.01815461412134003,433,0.002802165205742716,0.14652692183427737
739,0,0.05855165520789485,0.018172019935792223,433,0.0028764146104699544,0.1504094683381071
740,0,0.011684653085141234,0.02057498607085034,248,0.002300174028021547,0.10645216070319359
741,0,0.010131129337250633,0.020530501960161512,248,0.0011483401810661923,0.0531452368419002
742,0,0.013447166374184543,0.018975730559118692,247,0.002496959828494863,0.12238882245122527
743,0,0.009960307899889484,0.01905546432353599,253,0.0018732130185686604,0.10833335020784496
744,0,0.012876764746146442,0.018840906163949043,253,0.0021506011742544154,0.12437551301342642
745,0,0.010173381383168546,0.019174493816148306,261,0.002174765195673489,0.11923214415387412
746,0,0.009570414837748687,0.020667168077561728,248,0.002080984950898872,0.09630808004755845
747,0,0.012876762931812518,0.02038275386203676,248,0.001320687275096457,0.061121468347400135
748,0,0.008621214431447612,0.018711051995967662,253,0.00151931286752983,0.08786627645752788
749,0,0.01281413255215892,0.02023992045302188,261,0.0027210460598808806,0.1491821538741224
750,0,0.008426178954247352,0.02076847497425476,248,0.0009910195015984096,0.04586442849930504
751,0,0.01392904490444694,0.019365071350729117,247,0.0023895807212944067,0.1171256210427951
752,0,0.009933348140893873,0.018612734201475422,253,0.001657146186409155,0.09583757766910772
753,0,0.009366524518155034,0.019343926704573914,261,0.0021986855787678424,0.12054358622173311
754,0,0.007337593750440288,0.020646987264968747,248,0.001576074889743139,0.0729408189986019
755,0,0.015980174703178373,0.01981217085876812,248,0.0022337733040631276,0.10337913211860865
756,0,0.007974972147568928,0.018487397834772278,253,0.0014325237763241614,0.0828470112065376
757,0,0.010484879890637733,0.019870893544265716,261,0.002546236102209976,0.13959814631596612
758,0,0.006687589259538911,0.02082020016378018,248,0.0009962356703453604,0.046105833030849544
759,0,0.014751729890263764,0.019659088292125624,247,0.0025867841109569988,0.12679157175964878
760,0,0.017835590269206114,0.019595796248203214,247,0.002832691452560699,0.13884475324360152
761,0,0.014579866967832754,0.019981051119779394,248,0.0018312805710928397,0.08475174976838097
762,0,0.01121633180847914,0.02040872362075336,248,0.0012927132716767046,0.0598268301716476
763,0,0.015575720156901254,0.019435256496662976,253,0.002449735831365621,0.14167533916608352
764,0,0.01307103260012002,0.019323759125291953,253,0.002236860423579139,0.1293641359693471
765,0,0.016743820967282254,0.019527232810063678,253,0.0024262272267763555,0.1403157682744544
766,0,0.013778072150348191,0.020083556943799527,248,0.001945075215870769,0.09001817120671116
767,0,0.01003539759848607,0.02040468606997399,248,0.0013290672405395934,0.0615092935367869
768,0,0.012649871355025743,0.019574369975961767,261,0.002684373450215584,0.1471715672182341
769,0,0.013443165734785089,0.019952315013279983,261,0.00272924117373352,0.14963145341146059
770,0,0.012081777381739,0.020336376882808132,248,0.0020520691819473687,0.09496985691931566
771,0,0.011480952429032246,0.019160570491717915,253,0.001873789123648152,0.10836666803807272
772,0,0.015678664800820866,0.019645303350194578,253,0.0023604375354978743,0.13651095932070087
773,0,0.010520625745277738,0.020423785362214966,248,0.0018298508011303195,0.08468557994820014
774,0,0.011684665437439798,0.019230474663220695,253,0.002064826041255784,0.11941488791091376
775,0,0.014051692689654926,0.01987774266232952,248,0.0023486293747008707,0.10869467639496193
776,0,0.00865845700783342,0.019053985489511528,247,0.0021421806675856504,0.10499927407387474
777,0,0.0070847624665404,0.01948471856878918,247,0.0015795582352880742,0.07742225974319096
778,0,0.00929756932118282,0.0195614438459335,247,0.0016376747239986596,0.08027084726835591
779,0,0.013824704538705357,0.020101487153367584,247,0.0019478366970773512,0.09547347817216655
780,0,0.014627609614660236,0.02061128429863428,248,0.0013527317587564186,0.06260448853746602
781,0,0.010194448183256455,0.020853730895400137,248,0.000845870999588409,0.03914694909402429
782,0,0.005662881419666132,0.02124820698155582,248,0.0005618996515025279,0.026004741933489582
783,0,0.0015007671785123322,0.021423249340589413,248,0.0004371519016513218,0.020231410284342735
784,0,0.004405962504527234,0.0213149306582715,248,0.0011365859304028432,0.05260124957601636
785,0,0.008799744227112535,0.021081025290496172,248,0.002523903943815783,0.1168063915831611
786,0,0.013091523429792279,0.020882559727892516,248,0.0029635317737374224,0.1371523879426923
787,0,0.011974783718071865,0.02058269746612952,261,0.002664005916004646,0.14605491113971641
788,0,0.007791299046840627,0.01993619440781093,261,0.0021148259369422094,0.11594595659130781
789,0,0.005430856140803205,0.019217350818296907,261,0.001728339936292779,0.0947567474598749
790,0,0.0071149676686264925,0.01900608407733943,261,0.001870333232543395,0.1025415718635017
791,0,0.009547970525682414,0.0186739216607052,253,0.0016701282308741866,0.09658836701100475
792,0,0.005157367224437307,0.018224605077201514,253,0.0012457869595910028,0.07204747865828037
793,0,0.004219450286530236,0.018082527389799947,253,0.001282180996374775,0.07415225152356092
794,0,0.008239553126141011,0.018290266751548604,253,0.001676107250960372,0.0969341511105576
795,0,0.012742803667788334,0.018763492188094158,247,0.002603056450137782,0.12758916265724182
796,0,0.013550448205402632,0.01931633857492006,247,0.00252015940088828,0.12352595261815864
797,0,0.008193872029883071,0.01910228386220008,247,0.002120208673914988,0.10392231384344962
798,0,0.009400806940092979,0.018938417798357584,247,0.001658007507242089,0.08126746137881173
799,0,0.008394307764247134,0.018705195987731175,433,0.0021885579558064707,0.11444102576930093
800,0,0.01500403708108917,0.018602137383400812,433,0.0023835824876694525,0.12463897708119709
801,0,0.023663482844372193,0.018555255328456782,433,0.0025342409344354428,0.13251699883655707
802,0,0.03253406644403523,0.01855304106501704,433,0.002628877854284161,0.1374656208981298
803,0,0.04111958996837634,0.018566209914112956,433,0.0026918300533021046,0.14075742964869675
804,0,0.04960840377554794,0.018582266777514497,433,0.0027355786583666,0.1430450707990139
805,0,0.057974554504790256,0.018461458342460033,433,0.0027217590852825473,0.14232243692256716
806,0,0.012839218708352099,0.019574684156525596,434,0.0028676758249276115,0.1379046324908022
807,0,0.006566213373939414,0.01952360780921198,247,0.0015594259844127739,0.0764354747537801
808,0,0.006358756842811336,0.019465807045900934,247,0.0010273535693290582,0.050355873633353226
809,0,0.014925196671779621,0.019113122531055043,434,0.0018032590709794172,0.08671753526234063
810,0,0.02337849685628653,0.018916147811536315,433,0.002956903491512923,0.15461828085099588
811,0,0.030106198424116878,0.01872472797080765,433,0.002754618923130587,0.1440406978166712
812,0,0.038024438720487365,0.018694251808334797,433,0.0027890552187422564,0.14584139264544585
813,0,0.04590627526182773,0.01867723878941017,433,0.002808746161765209,0.14687104402476295
814,0,0.0536578798331531,0.018673789289755018,433,0.002822725926553123,0.14760205442277313
815,0,0.061076313500574825,0.0186740552025188,433,0.0028350188267869977,0.1482448576479342
816,0,0.01366866074005056,0.019713683819126877,434,0.0028751916370453076,0.13826606292131013
817,0,0.008968767861155757,0.01957236416955108,247,0.0016599129341908151,0.08136085613745388
818,0,0.009343595715387145,0.01982477472370897,434,0.001771443838538195,0.08518756179069589
819,0,0.01637791684901662,0.019637237832023435,434,0.0017604752798319923,0.0846600910618973
820,0,0.025244580655017883,0.019535549166390755,434,0.0018186070195543998,0.08745560795149271
821,0,0.0337015405851217,0.01923180168305428,434,0.0018969268493209321,0.09122195673011328
822,0,0.042085061633613016,0.01919112769360927,434,0.0019235405410191373,0.09250179154999119
823,0,0.049902647884436976,0.019168568144940713,434,0.0019386127820484405,0.09322660564574461
824,0,0.05766664464601786,0.019398475333887027,434,0.0018582688979778316,0.08936292143523221
825,0,0.06494027069966762,0.019401574772732796,434,0.001885699844341305,0.09068205749107465
826,0,0.014550404808602426,0.019814515866316,435,0.002335153805346688,0.10563209283861061
827,0,0.013075128684135377,0.020092227129935192,434,0.002337691465137414,0.1124180353910114
828,0,0.015465145770347606,0.020093994975072638,434,0.002009382583724977,0.09662987857039469
829,0,0.021334838686151342,0.020041527094186027,434,0.0020207531683318785,0.09717668245868284
830,0,0.029227705154105096,0.01998899224447741,434,0.00202916082446925,0.09758100107784284
831,0,0.03699509439503705,0.019963690232433853,434,0.0018796832347166528,0.0903927227162316
832,0,0.044858154833139326,0.01993354073879637,434,0.0018756375754799758,0.09019816964110114
833,0,0.05239271526620284,0.019908309627583824,434,0.0018724134882952333,0.09004312542220257
834,0,0.059583902530017316,0.019888645381634904,434,0.0018718681262751067,0.09001689932359468
835,0,0.06669929008150391,0.02012669011466807,434,0.002163039588276107,0.10401914222358186
836,0,0.01224489713125018,0.01993676475510572,435,0.0021932028195961397,0.09921085425852141
837,0,0.014066948295700045,0.020602628068169378,435,0.0016322885773530562,0.07383755971344383
838,0,0.021716014414060816,0.020749435267096425,249,0.0032517320544428944,0.14671856681186726
839,0,0.02772879466420598,0.02111134766593103,434,0.0030604415693371214,0.14717460956022232
840,0,0.03498812947715412,0.021210908088407674,434,0.0030464834442407453,0.14650337256232177
841,0,0.04221101454309411,0.021539201007087585,434,0.003365554158158714,0.16184727202227767
842,0,0.049517522422497094,0.021402038664613314,434,0.003125814307121339,0.15031834125425983
843,0,0.05635637051119866,0.021384679313147904,434,0.0030980162238322465,0.14898154982664866
844,0,0.06306426718945209,0.02088273232224862,434,0.0026753698490515456,0.12865676538586424
845,0,0.06971598656997263,0.020877340432586135,434,0.0026937850212518963,0.12954233882916244
846,0,0.009452006945770848,0.020415935858498862,435,0.0017600884979987698,0.0796186663161461
847,0,0.009775537097945045,0.020839287421151955,435,0.0014019570084810866,0.06341837207319564
848,0,0.017057944596644687,0.021242329578729353,249,0.002603478014839635,0.11746926150989993
849,0,0.025136016765291203,0.02194124473959297,435,0.0018832156770761236,0.08518839863162599
850,0,0.03327720668299097,0.021991437877874904,435,0.0018889335476726756,0.08544704996170592
851,0,0.04132902722546707,0.0226305814184942,435,0.0021922680084781533,0.09916856751296504
852,0,0.04909007252225032,0.022751390086559964,435,0.002089728761149442,0.09453014272542964
853,0,0.05631068224623636,0.02286865309168763,435,0.0016556036293137223,0.07489223017138416
854,0,0.06333072017995531,0.022863491682769077,435,0.0015999660957844103,0.07237543273661859
855,0,0.07030501909365006,0.02215184008976334,435,0.0007222005941945418,0.0326691800939988
856,0,0.007818777754783669,0.02063913759163588,435,0.0016553741160494145,0.07488184800024514
857,0,0.005634402666947112,0.021261442435394778,248,0.0006945248271278593,0.03214264121283263
858,0,0.014101219521821464,0.021653675177686165,435,0.0011685099758783277,0.052858254549317286
859,0,0.02212698668142818,0.022294932131161443,435,0.0014135087577655033,0.06394092242943596
860,0,0.030754705986391708,0.022910972062712767,435,0.0017991803416797538,0.08138700947687812
861,0,0.0392950571920566,0.023249798207702784,435,0.001891392634205165,0.0855582882263133
862,0,0.04727027812582551,0.02328473510696056,435,0.0018844167553349158,0.08524273013212444
863,0,0.05491245754918274,0.02328901319092363,435,0.0018630997547955676,0.08427844273706833
864,0,0.06214257960484258,0.02383790193263074,435,0.0028271141400442413,0.12788621572709016
865,0,0.06924596228891686,0.023868301711854435,435,0.002904431963907241,0.1313837341901891
866,0,0.007016294818534903,0.02068213398766093,435,0.0016682939122982091,0.07546628278723168
867,0,0.0024065728210465524,0.02147759429271803,248,0.0008054294445945736,0.03727531205315493
868,0,0.012279893476834442,0.02195635910568322,435,0.0014812763293268446,0.06700642946123167
869,0,0.019000230119580137,0.022759624473919396,258,0.0016366019897882014,0.06948067796064164
870,0,0.02597329901332139,0.023178297956752306,258,0.001162151737755727,0.049338257643726506
871,0,0.033884034674662084,0.023346705560879148,258,0.0019232641812750098,0.08165070068728168
872,0,0.04298272684637166,0.02404289166703188,438,0.0014542877679165032,0.06373755134018723
873,0,0.05029441284457551,0.02414729589727969,438,0.0014801432685460979,0.06487072892385487
874,0,0.05665720962719576,0.024045187474952063,436,0.0021064459879624213,0.08894358991872184
875,0,0.06224603983055148,0.024051599150050958,312,0.010133648560333523,0.3091185478039685
876,0,0.006838247124358705,0.020841838393398975,435,0.001811251569761546,0.08193305877028755
877,0,0.004734508442425691,0.021342829369269206,248,0.001525801347407087,0.07061415712750888
878,0,0.010707558039987445,0.022207634340485675,438,0.0013436253767757274,0.058887514096961205
879,0,0.01268797362721491,0.02238036304082027,258,0.0023034179696475392,0.09778983720931896
880,0,0.021145489270825626,0.02324891677761836,258,0.002225719998572053,0.094491229643047
881,0,0.02832008769149033,0.02386893131352777,436,0.002082056827936186,0.08791377027927601
882,0,0.03478369065983369,0.024071472555831912,436,0.0019017852815719266,0.080301897681799
883,0,0.0399447331430015,0.024202357868171192,255,0.003938983472937504,0.15188345399775938
884,0,0.04662261208419046,0.024157578914088845,255,0.003566699397605528,0.13752853435459192
885,0,0.05190219246425538,0.024135042018798986,312,0.00968143771955035,0.2953242310214349
886,0,0.009525475579087912,0.02070100423122338,435,0.0021153525824926266,0.09568925176090554
887,0,0.009245513985203865,0.021072127092728783,248,0.0025910613371712726,0.11991443886253816
888,0,0.0037196034834239876,0.02212657799684182,438,0.0009591569214292302,0.04203728785429863
889,0,0.00847061955185093,0.022579216223157866,438,0.0008465309962063269,0.037101194152970716
890,0,0.012603161609259042,0.02279178915114997,436,0.0017986837816909907,0.07594849029427538
891,0,0.019135229222272256,0.023848504977667235,255,0.003553288580428839,0.1370114260072931
892,0,0.022917477579659614,0.02409700860184761,255,0.003317428731237944,0.1279168946896005
893,0,0.029916789210109145,0.024270586452924577,255,0.0029373176012049114,0.11326017126614468
894,0,0.03673908818157848,0.024272422347542802,304,0.005554190797306118,0.19703175379933366
895,0,0.04471685549614036,0.024139589406015426,304,0.00548575920640075,0.19460418210375874
896,0,0.011480944103060553,0.020594107433841304,435,0.002298352026299044,0.10396734213478721
897,0,0.013103803332895361,0.02089391519947022,248,0.0029992867362241544,0.13880712926496003
898,0,0.007084753652139213,0.021873560408267653,438,0.0012596872104333537,0.05520872829907682
899,0,0.004514175380664767,0.02243404993450419,436,0.0016888598728049522,0.07131123267122108
900,0,0.005894875009226226,0.022850736132609163,436,0.0010827783909954892,0.04571975627759335
901,0,0.013867296995409778,0.023441291231588363,255,0.0031079284156536094,0.11983876190148808
902,0,0.018110087145544074,0.02363375645911478,255,0.0028879611676622253,0.1113570341611079
903,0,0.0261523022219154,0.023713732967183633,255,0.0028252794023249234,0.10894008494374886
904,0,0.03389036282773903,0.023677878896628285,304,0.0055696216037592556,0.19757915286590413
905,0,0.04259169516488747,0.024313623071905422,304,0.004441923181928029,0.15757469390530907
906,0,0.012157005932440774,0.020451795395754847,439,0.0024656921565574634,0.12567951445787248
907,0,0.012055122234639521,0.02062836774942442,439,0.002125706091327552,0.10834998551124381
908,0,0.009058004182279885,0.020964423291390415,257,0.001970056454652741,0.09526525487098528
909,0,0.0075961353986681215,0.02151630705538644,437,0.001885308199922395,0.08600755142346031
910,0,0.013475042633164432,0.02206494715371939,437,0.0017273600096828674,0.07880197246569211
911,0,0.02034941282838649,0.022236409668522226,256,0.001499703216700081,0.06325867187083474
912,0,0.025074057250429223,0.02295937527636021,255,0.0032811852924650325,0.12651938218328856
913,0,0.031549985099169266,0.0230772810633738,255,0.003183254773637398,0.12274327457747489
914,0,0.0391870777089973,0.02353252350367581,304,0.004970947300046776,0.17634152306170722
915,0,0.046726006524667796,0.024602405410065458,304,0.003688521165586796,0.13084818665826503
916,0,0.009737070347152705,0.020131872176381134,439,0.0019510862371964514,0.09944938596821655
917,0,0.00811494976459494,0.020305063219101454,439,0.0018271909682760358,0.09313428406056992
918,0,0.010162832534948143,0.020325146884179825,257,0.0017042613261551126,0.08241230306851717
919,0,0.007900666050745402,0.02086319101140657,254,0.0023159182547302,0.11209016303046904
920,0,0.012231767760164505,0.021039144330804418,254,0.0022263431506586305,0.10775473884252715
921,0,0.0184125641497918,0.021354295217809037,305,0.005247988615597735,0.24642145722113956
922,0,0.025219084194113738,0.0214624968507562,305,0.00536445379337376,0.25189012739656413
923,0,0.033763545316052,0.021515964522261684,305,0.00546120064361219,0.25643291541756935
924,0,0.04296651685033937,0.02268086674812045,305,0.004668348230959301,0.21920420529679327
925,0,0.05258886906682247,0.02284194589538384,305,0.004892693121556568,0.22973841162048572
926,0,0.009519854086744191,0.01970153687353657,439,0.0019346790100693216,0.09861308840631139
927,0,0.005420974546822762,0.01944441794547883,439,0.0011918858544716989,0.0607519617081276
928,0,0.009775533812667186,0.019862031074050174,439,0.001205127850007431,0.06142692332689988
929,0,0.015167554958044529,0.02008280736236981,254,0.00271516286245068,0.1314135536885895
930,0,0.0186469707986069,0.020404880982189715,305,0.0054997977576500085,0.25824525873277043
931,0,0.019676842940924248,0.02050943272626693,305,0.005448139691788424,0.2558196330694443
932,0,0.026090728054255143,0.020869609162517,305,0.005223528993375213,0.24527294563076787
933,0,0.03432275276088589,0.020960956875867225,305,0.005312044475028159,0.24942922636482312
934,0,0.043664761243416825,0.02102164423123298,305,0.005466876385453601,0.2566994222028956
935,0,0.05311950468912333,0.02174817792842872,305,0.004622300700555459,0.21704202462631234
936,0,0.009824779080539182,0.019408258608257664,439,0.0019164547595513612,0.09768417481490276
937,0,0.006727559910561955,0.019136132687181423,439,0.00135668579643137,0.06915202764218749
938,0,0.010606921643954952,0.019115655784156034,260,0.002529116630426535,0.14894164891790296
939,0,0.01778137708574337,0.01897933677157869,313,0.004127528015542658,0.2566377589454395
940,0,0.02305976725387748,0.01925389836892607,313,0.004124548137458279,0.2564524787412529
941,0,0.030359846126204265,0.019359685310369152,305,0.005929692642790022,0.2784311493296483
942,0,0.035224903738199184,0.01964019779020266,305,0.005618940890511338,0.2638396733872383
943,0,0.042042995273450685,0.019704665022918816,305,0.005647015274381686,0.2651579175929051
944,0,0.04969697934086832,0.01975908907130245,305,0.005679845645632796,0.26669948113608133
945,0,0.05806328885609045,0.02053035065987345,305,0.0054486200467506185,0.25584218833364886
946,0,0.01001935321026765,0.019289132291261363,432,0.0018889852245009941,0.10145335164175574
947,0,0.00893280970343041,0.01878602370073756,432,0.0013019051999855814,0.06992254060285691
948,0,0.012449034772724387,0.01829323620092372,260,0.0026934560434380013,0.15861972499460808
949,0,0.01325435903455542,0.018039874934547853,313,0.003894991045927742,0.24217928246043136
950,0,0.018977629506197566,0.018150752236792456,313,0.0039686639117384875,0.2467600482615502
951,0,0.027221328866284242,0.018251859705223823,313,0.004054619891771344,0.25210454259339327
952,0,0.03680908115479796,0.018528375275683722,313,0.004025470393018952,0.2502921110348365
953,0,0.04637349205054437,0.018587776887529942,313,0.004086173243656336,0.25406643878997587
954,0,0.055443094000473134,0.018638116344256002,313,0.0041417793685042045,0.25752386687062356
955,0,0.06493366117993582,0.018675603949623,313,0.004192948688043117,0.2607054272243704
956,0,0.00889671892918398,0.019215196684428417,432,0.0016807628737027251,0.09027017503390786
957,0,0.00511560046865471,0.018375473261450597,432,0.0010404948192853042,0.055882748797181775
958,0,0.011139568215456112,0.01796949802700763,432,0.0009779903486663675,0.052525767517161474
959,0,0.01766336883024306,0.0177796871042749,313,0.004616045339676909,0.2870123538118426
960,0,0.022936189858670977,0.017382141008701536,313,0.004511909682265603,0.2805374996997176
961,0,0.03039337723768782,0.017405880860692384,313,0.004552595502272301,0.2830672263613072
962,0,0.039572465310473155,0.017444502989386247,313,0.00446326838424951,0.2775131244155183
963,0,0.04857061647848939,0.01806132052828036,313,0.00463708456428841,0.2883205119718631
964,0,0.05758195385924137,0.018114249528541956,313,0.00467010883103679,0.29037386540210175
965,0,0.06631627976858623,0.01815718931434241,313,0.004694229995312943,0.2918736496603008
966,0,0.008596300617550555,0.019224257001801647,432,0.0017214388327056994,0.0924547936950647
967,0,0.004116523735981605,0.018256621820805438,432,0.0011367490490282232,0.06105235737349786
968,0,0.00993334614435136,0.01788189734470706,252,0.0019526949106443432,0.12214254131266702
969,0,0.01589267743681976,0.01718677745904339,252,0.001447354504039084,0.09053311725247142
970,0,0.0225233133804465,0.01714080321247387,314,0.003074101138107212,0.21039087363419448
971,0,0.029954404658018165,0.017212569637759446,314,0.0029781322918430676,0.20382278478477847
972,0,0.03900602885333754,0.01724637190773685,314,0.0030124085217159303,0.2061686431752016
973,0,0.0484965899870888,0.01728063792878615,314,0.0030472881815204406,0.20855580019074885
974,0,0.05566704097742755,0.01733159680333587,433,0.003670106135852327,0.19191208062588141
975,0,0.0629059100594189,0.01788570264398182,433,0.0037516557750264484,0.19617636082620346
976,0,0.0090875557868659,0.019243498170279,432,0.0018005709507206002,0.09670481031297838
977,0,0.007638384508186292,0.018359752167233165,432,0.0013962013402990783,0.07498698438865345
978,0,0.012041760493665328,0.017906206994354086,252,0.0022861065908930792,0.1429976937007424
979,0,0.012872586946414497,0.0178575347035878,433,0.002777514308627356,0.14523791144068432
980,0,0.01801507566072926,0.01736499270769573,433,0.00299376460158298,0.1565457707016624
981,0,0.02589264386221496,0.017295819567180324,433,0.0031096899734356213,0.16260757885817304
982,0,0.03423200708046341,0.01727467993250244,433,0.0031894123582226147,0.16677631081594133
983,0,0.0428327588325676,0.017270369929035204,433,0.003251657452520515,0.17003114463090127
984,0,0.05094803464196138,0.017464173014451172,433,0.003169760937245726,0.16574872606843538
985,0,0.05887133056410137,0.018138332901712663,433,0.0029824276717623373,0.15595295575047194
986,0,0.011254509176787782,0.01934980720713798,432,0.001970191531265303,0.1058147684960692
987,0,0.012064019112422683,0.018818569978350803,247,0.0025674277976789157,0.1258428194561207
988,0,0.008193868091182584,0.01844277245770353,251,0.0017611018223159431,0.09545601127443637
989,0,0.00281719633314753,0.018373571888950783,433,0.0016081596642834868,0.08409164632498818
990,0,0.0121746276481706,0.018052890770410734,433,0.0023374332166493047,0.12222580364887414
991,0,0.021939578566868553,0.017956738516233136,433,0.0024030508302930933,0.12565698855033208
992,0,0.03129228471953589,0.01793882531573115,433,0.0025203709888536167,0.13179173095158409
993,0,0.04034147833197733,0.01813971049110127,433,0.0027250847442007687,0.1424963376488195
994,0,0.04904089217517248,0.018161702548752486,433,0.002802837367366388,0.1465620695741358
995,0,0.057254136207790234,0.018178470190336804,433,0.002876301784209857,0.150403568584388
996,0,0.012117224679426393,0.020501829167309193,435,0.0023179126065770894,0.10485217679842977
997,0,0.010454151061688365,0.02031142070237495,435,0.0018847736461205023,0.08525887430237568
998,0,0.013656882988599574,0.019493397474007093,432,0.0020970454878614167,0.11262782288038463
999,0,0.011373007514553954,0.01951879964990899,432,0.0019344273279658162,0.10389394971651068
1000,0,0.01250919873217706,0.01944157987665146,432,0.0020133314094142093,0.10813171897871772
1001,0,0.011666283793672261,0.01963424894386284,439,0.0024286044589165215,0.12378910659836834
1002,0,0.011023424842665738,0.02055753136561548,435,0.002203756887378218,0.09968827388939493
1003,0,0.012192231687287582,0.020020226429869354,435,0.0021473350061843185,0.09713599601426876
1004,0,0.010910965030917338,0.019347174582814014,432,0.0018014237712849171,0.09675061347939638
1005,0,0.013132427057634885,0.020408494074065378,439,0.002520858299034412,0.12849140400482092
1006,0,0.009775534739051375,0.020339935324498633,435,0.0018789690654273147,0.08499630058870075
1007,0,0.015061112775542172,0.019564340190217338,432,0.002176488154771931,0.11689451841452272
1008,0,0.01163406796388521,0.019404310752108554,432,0.0019314913192460582,0.10373626297486475
1009,0,0.011753300936698597,0.01976163654246328,439,0.00208341912078351,0.1061945639953277
1010,0,0.009981818671028807,0.02046226533983343,435,0.001955810418567685,0.08847226561086895
1011,0,0.013994322269852826,0.019783765911071255,435,0.002362702373436325,0.1068782689557265
1012,0,0.010747552598582621,0.01935144546821575,432,0.0018401595069421036,0.09883102689913013
1013,0,0.01232348415641046,0.020001506680052735,439,0.002245889117128771,0.1144758695915435
1014,0,0.009587209699730152,0.020490621001916592,435,0.0018731400535252321,0.0847326217145348
1015,0,0.016080523060957898,0.01967757592307328,435,0.002485328713503825,0.11242534551608438
1016,0,0.015589479973959972,0.019797141706603096,435,0.002410397143120922,0.10903577067047608
1017,0,0.013746898895769173,0.019899002810495673,435,0.0022999680013413956,0.10404044174189134
1018,0,0.011634063003104253,0.02021312347111681,435,0.002004876842147824,0.0906918149180746
1019,0,0.014203524870686145,0.019538338921397197,432,0.002099124157919133,0.11273946379825807
1020,0,0.013479025269636574,0.019507108563082038,432,0.0020258703175321034,0.10880515688494825
1021,0,0.015238101441045704,0.019755352354192995,432,0.0023193721332934137,0.12456851095236401
1022,0,0.013526673574438017,0.019949429381481764,435,0.002375116072802409,0.10743981014453657
1023,0,0.011657085489653949,0.020194435416520294,435,0.0020602444913660097,0.09319640397301382
1024,0,0.013637235385370493,0.0197686641628891,439,0.002592975515720938,0.13216731170202115
1025,0,0.014101217936437278,0.019874420111579458,439,0.0026557916099332096,0.13536912917130353
1026,0,0.012717512010928092,0.02015047946582398,435,0.002444480105703131,0.11057753406929607
1027,0,0.012976318216543582,0.019666637355783226,432,0.002242602430402168,0.12044537459224976
1028,0,0.015000456419232722,0.019798895295152774,432,0.002383724993058934,0.12802476525560696
1029,0,0.011979249755886193,0.020036373216165207,435,0.002336531348350007,0.10569440682841401
1030,0,0.012988716367782456,0.01962355294108319,432,0.0021599800641139404,0.11600790421302652
1031,0,0.01405168905173323,0.01990527247630724,435,0.0024768963376097736,0.11204390189928663
1032,0,0.01055117102891427,0.019061752562777316,247,0.002339505539832943,0.11467117927598693
1033,0,0.009631858665392672,0.019478133548863897,247,0.0021145732135487982,0.1036460909942401
1034,0,0.011125121745216945,0.0197348275894385,434,0.002639003004826325,0.12690790791594575
1035,0,0.013936732782503207,0.019848451891176018,434,0.002802168907961711,0.13475444820872212
1036,0,0.012615908794918357,0.020564302068959456,435,0.0016194981803747985,0.07325897838061833
1037,0,0.008992637916418045,0.020781245099749462,435,0.0014200639634721983,0.0642374511189811
1038,0,0.005528712393206948,0.020977620566479335,435,0.001273524440907093,0.057608647304568224
1039,0,0.003291255569004036,0.021252254374457488,435,0.0010930522174961575,0.04944487727173986
1040,0,0.0050523148017616835,0.021033057639555285,435,0.0016015194882467365,0.07244570138291484
1041,0,0.008621214106551398,0.020847091677852404,435,0.0020128923185037425,0.09105439983245386
1042,0,0.011839666663876168,0.020673517628923745,435,0.0026413666951652834,0.11948381786487493
1043,0,0.011725895454714768,0.02046883540126158,439,0.0021893985592614305,0.11159647288123635
1044,0,0.008081847900412375,0.02008098840986678,439,0.0017970222676464511,0.09159654641685497
1045,0,0.006590666452453832,0.01961229198157107,439,0.0017040235465617744,0.08685628146527083
1046,0,0.007424769509378734,0.019227384932360765,439,0.001400185079961973,0.07136924231712256
1047,0,0.008968758071182404,0.018909217529642322,432,0.0012786258888621777,0.06867225864895522
1048,0,0.006324935627292961,0.01880200316280299,432,0.0011710406900923179,0.06289408798849909
1049,0,0.00544072045864335,0.018519965431917515,432,0.0013501216581392112,0.07251214332739513
1050,0,0.007424772721060247,0.018613945524825534,432,0.001517831103997378,0.08151945855866556
1051,0,0.011278314529609491,0.018873278654562276,432,0.0020252909776335808,0.10877404177950298
1052,0,0.006655444745619939,0.019148569726709905,247,0.0019223975329952536,0.09422657411683451
1053,0,0.003339787892277023,0.01971554830418537,247,0.0011226645691179845,0.05502755513086742
1054,0,0.007278892628971772,0.01985592407587191,247,0.001282710255719855,0.06287221602531524
1055,0,0.012847564959609967,0.020108476592173668,434,0.0022733953922842707,0.10932607980093406
1056,0,0.015862283675451647,0.020730455264769097,435,0.0017558002721631432,0.07942468583034483
1057,0,0.01148095120202151,0.021015907878439332,435,0.0014335669290109656,0.06484826592103902
1058,0,0.007099876665330161,0.02128127234708038,435,0.0011032148130214472,0.049904588418624794
1059,0,0.004319927385037816,0.02142772270568723,248,0.0009055624017919885,0.041909469956604384
1060,0,0.006484021790910294,0.02164770292934866,248,0.0015411241214096363,0.07132329581904566
1061,0,0.010591750450614834,0.0212000538985474,248,0.00265652794374752,0.12294423645135007
1062,0,0.012371253403572355,0.02100786703234751,438,0.001859912691383723,0.08151500911347973
1063,0,0.013435201104572296,0.02072781502944124,439,0.0021376754904210236,0.10896008124538456
1064,0,0.008291454212386392,0.020131480652545705,439,0.0014751322682099077,0.07518939732063047
1065,0,0.004998961248109449,0.01953329220629948,439,0.0011339382559649679,0.05779829775419192
1066,0,0.006598789296734657,0.019049033986704225,439,0.0013254946108842126,0.0675621726213542
1067,0,0.009737063979624426,0.0184765690278023,432,0.0014605780594943148,0.07844452013077775
1068,0,0.0051051027213367475,0.018302203655535275,432,0.0009936533605782265,0.053366994348717355
1069,0,0.004466407425952105,0.01814917100308469,432,0.0011684738755554458,0.0627562298758835
1070,0,0.008445251119001742,0.018278589464008697,432,0.0014233754438897584,0.07644644730629646
1071,0,0.011830613362877681,0.018765925105097257,247,0.0024942712608308714,0.12225704194489861
1072,0,0.011583254307909319,0.02489597647675284,1,0.0018510497265692763,0.07126883982821536
1073,0,0.007366774652546431,0.0248853393591944,1,0.0016389355615395425,0.06310205195870862
1074,0,0.010136417084275885,0.02423243315203277,1,0.0018787556806668293,0.07233557033065628
1075,0,0.00855878715421759,0.023854262233668884,187,0.0020513551633760253,0.08648587779824861
1076,0,0.015128615949497824,0.02359843374361746,187,0.0022862170807743066,0.09638774142977168
1077,0,0.023733630757814924,0.023590542984533405,187,0.002435885791215442,0.10269782855292517
1078,0,0.03292239287902535,0.023627914574139677,187,0.00252601996911257,0.10649791818841638
1079,0,0.04167917495471808,0.02368360790457926,187,0.002583646524035495,0.10892747464747239
1080,0,0.05036260061074884,0.023739290409890784,187,0.002622093920647738,0.11054843083508589
1081,0,0.05893960731612403,0.023850588825015277,187,0.002431501838443415,0.10251299951381775
1082,0,0.010984443109834922,0.025318093977899688,1,0.0014086673324069632,0.05423629902726655
1083,0,0.004966678857546546,0.025388805257287834,1,0.0010226833703531203,0.03937520222742012
1084,0,0.007084751444376853,0.024907181006772208,1,0.0011153339714475468,0.04294242181888118
1085,0,0.01584875523727024,0.02446933524349394,188,0.002007292573035535,0.07604135964361729
1086,0,0.023711024179273628,0.024047793878938992,187,0.002956719237183876,0.12465635556252118
1087,0,0.030740744656336815,0.023960809008366626,187,0.002991072743840246,0.12610471186457395
1088,0,0.03850652883762181,0.02382022385783449,187,0.0027232957236638447,0.11481513556027298
1089,0,0.04671682566152904,0.02383118317423468,187,0.0027350353080484034,0.11531008069635279
1090,0,0.05433716962944887,0.023859015950248204,187,0.002738065427501631,0.11543783163164897
1091,0,0.0621391192962525,0.023890251984669802,187,0.0027424230071847254,0.1156215487717604
1092,0,0.012121662248474852,0.025821909978933272,1,0.0014834777660660543,0.05711663915935514
1093,0,0.008055254762886162,0.025744759982180936,1,0.0010360889787281238,0.03989134295684755
1094,0,0.01013641833736653,0.0256173378115879,188,0.0015771122155648863,0.05974503108968986
1095,0,0.017186353575121723,0.025261151899834484,188,0.001704638755145972,0.06457606149883773
1096,0,0.025799282016199587,0.024885077933582876,188,0.002144799760170637,0.08125048242471243
1097,0,0.034255493720372794,0.024586060054996473,188,0.0021017918720733922,0.07962123398816319
1098,0,0.04269983692741461,0.024548305396524826,188,0.002122679011972561,0.08041249209290342
1099,0,0.05080362789129533,0.024539820476677715,188,0.0021234652958595154,0.08044227853093097
1100,0,0.058705315567479925,0.024542480184674014,188,0.0021127645470394806,0.0800369068873495
1101,0,0.06615760251696702,0.025123266626966487,188,0.0016433311195791936,0.062253571978546605
1102,0,0.015164018626478917,0.026530645925250045,1,0.0018991264404974013,0.07311988228008988
1103,0,0.013238167825307207,0.026332438057677793,1,0.0015426450349426263,0.05939468849974359
1104,0,0.015929750529229885,0.026100444023162004,188,0.0017163466216343877,0.0650195853270352
1105,0,0.022257469685229264,0.026043940931046995,188,0.0017406797125505413,0.06594138484069449
1106,0,0.02983781386764283,0.025987758701937418,188,0.0017202963454765474,0.06516921093478625
1107,0,0.037527589316879925,0.026606641190947657,188,0.002059250871909371,0.0780096724567121
1108,0,0.04558741953585002,0.02582052142194579,188,0.0016122921339207208,0.06107773607742547
1109,0,0.0532455334632089,0.0257995982126078,188,0.0015921287536713048,0.060313895833221214
1110,0,0.06070995718151101,0.025794139880801023,188,0.0015752900626167523,0.05967600329099423
1111,0,0.0678384554350849,0.026394209722643676,188,0.0015990237767400726,0.060575096883813614
1112,0,0.01391748450462575,0.027170615407250322,2,0.0018304750797161083,0.06335222114009498
1113,0,0.0156409967339233,0.02740948639193742,2,0.001642024748073565,0.056830008837705025
1114,0,0.022114856047901407,0.027283920669711883,3,0.003513593880690506,0.11965462681572522
1115,0,0.02840138029816509,0.027670209959307395,188,0.0030649726009670383,0.11610897533263663
1116,0,0.03545099993817526,0.027698193630994482,188,0.0030905017918921507,0.11707608616372557
1117,0,0.04269230432914227,0.02827559110039592,188,0.0035423911103860404,0.13419480550155408
1118,0,0.05007320988537085,0.02808530057851617,188,0.003250054723951673,0.12312035796142577
1119,0,0.05728877644201961,0.02807611436967445,188,0.0032167158420517636,0.12185739612779864
1120,0,0.06414680889355448,0.02789648517018941,188,0.002861186129311355,0.1083890242951855
1121,0,0.07097910810004097,0.027575792915628727,188,0.002457295444248149,0.09308861554951207
1122,0,0.009824787919644846,0.027510515232229527,2,0.0014230874664693952,0.04925265188065223
1123,0,0.010906052253739558,0.027979584124622398,2,0.000959226389314803,0.03319855212052984
1124,0,0.017295219110985582,0.02826215516177033,3,0.0026576843866741627,0.09050682699247559
1125,0,0.02563035961855198,0.029150960317665692,3,0.002077148266606183,0.07073680371757966
1126,0,0.0341677206252056,0.029226843483897924,189,0.0019420812537974004,0.06599644177850791
1127,0,0.04180250653650566,0.03000835128838892,189,0.002265334120139092,0.07698132664444299
1128,0,0.050076426901932605,0.030292087274615728,189,0.0021895451102923206,0.07440583966828117
1129,0,0.05720260404494361,0.030639113707824992,189,0.0018863770568457881,0.06410348349792759
1130,0,0.06436630473526422,0.03064372344111227,189,0.001833786790989523,0.06231634384457232
1131,0,0.07135812619129864,0.030004512871805073,189,0.0009511991346388815,0.032323960795262834
1132,0,0.006213742964212392,0.028020366307156524,2,0.0009687055287143864,0.03352662243523379
1133,0,0.006392403849452788,0.028484744138665554,2,0.0006075273057458228,0.021026347011631905
1134,0,0.014744457517870894,0.029055003171622584,189,0.0010698998510304,0.03635768744963548
1135,0,0.023013223511598697,0.029925236504931004,189,0.0014540095259418298,0.049410628333178094
1136,0,0.03170259183834184,0.0307730339865286,189,0.0020844948374137127,0.07083598685996366
1137,0,0.039777910548396044,0.03133881947962614,189,0.002334727914453416,0.079339489310037
1138,0,0.04785207222617007,0.03139897739691509,189,0.0023493925724700766,0.0798378285258169
1139,0,0.05581423358542244,0.03140736211482087,189,0.0023273037469975113,0.07908719881791702
1140,0,0.06320612070853422,0.032575660562170386,189,0.0035687497708341734,0.1212744245444898
1141,0,0.07047490057149706,0.03234962382499687,189,0.0034771098373987375,0.11816028628702377
1142,0,0.003511975414278973,0.02821277542445194,2,0.0008231210880083782,0.028487986408790585
1143,0,0.003089563059625113,0.028761681386327315,2,0.0007555203290756111,0.02614834339665457
1144,0,0.013177263457706194,0.029692806152154933,189,0.0011835756249428124,0.040220654861512876
1145,0,0.01912120435139483,0.03087753999127147,12,0.0017880501300648081,0.055788300685120334
1146,0,0.025847045319838766,0.031480367043562385,12,0.0011618914922387575,0.036251753148637704
1147,0,0.03379370068103521,0.03216218464967794,12,0.0012878303422124923,0.04018112532458353
1148,0,0.04286655547334425,0.0327609638150861,64,0.004876667545431705,0.13994800206904903
1149,0,0.04987685139743584,0.032896849459821194,65,0.008867981767662545,0.21820548809837673
1150,0,0.057428085591729426,0.03276567334466083,190,0.00208865193842659,0.06485624744384712
1151,0,0.06197406644754645,0.03277245340986267,66,0.012381545622756712,0.2812008106700891
1152,0,0.004901464506818393,0.028264195956195195,2,0.0014770673167503138,0.05112087912395147
1153,0,0.005489774763266734,0.02896668236463094,2,0.0012737236333895065,0.04408321216062233
1154,0,0.011003962578530523,0.03024709028812456,192,0.0014069736543240049,0.045463047299965226
1155,0,0.012513486583402724,0.03051650789530269,12,0.0024898183573344138,0.07768391547571997
1156,0,0.020753848240078275,0.03169459863405913,12,0.0021968884595669706,0.06854431645579799
1157,0,0.028604588766995082,0.03258251721390333,190,0.002097913390749441,0.06514383152259635
1158,0,0.03493750910590221,0.03286632634169788,9,0.004225459648166315,0.11968391746945747
1159,0,0.04016962970737217,0.03304218663561235,9,0.004006776221571462,0.11348982467013928
1160,0,0.046234513163935266,0.032968644552531956,66,0.01191571840978359,0.27062127610216935
1161,0,0.05121258950047438,0.03293020696856733,66,0.011933087625314202,0.27101575330531713
1162,0,0.008114957752336133,0.028117691451030373,2,0.0018272191021981323,0.06323953268558842
1163,0,0.009703962336927153,0.028721476345389723,2,0.0022530325567383922,0.07797681506402217
1164,0,0.004116528278246118,0.030161136253419207,192,0.0010011260254764128,0.03234903490167209
1165,0,0.009297564955970923,0.030830212282898083,192,0.0006216463924892339,0.02008704232572822
1166,0,0.012847576248219006,0.031134414240538845,190,0.0018984813406422722,0.05895112217164154
1167,0,0.01848522209812204,0.032592250761857046,9,0.0038180772581738465,0.1081450259873136
1168,0,0.022257461416585658,0.03292703455631836,9,0.0034810022787197404,0.09859755485254336
1169,0,0.029075015875720502,0.03317959719071995,58,0.006238123164826554,0.16350905556349674
1170,0,0.03594373675407994,0.033166429449319516,58,0.006253479074263445,0.16391155326721346
1171,0,0.04474682933070005,0.0329670609793582,58,0.006291516263858497,0.16490855585639677
1172,0,0.011866818661128233,0.027959828070419652,2,0.002386351717168407,0.08259095323359725
1173,0,0.013684344018381086,0.028515226645911246,192,0.002457589700091236,0.07941123590749595
1174,0,0.007300958646540887,0.029857301210495523,192,0.001255714591467414,0.04057546613733032
1175,0,0.0042194472752364025,0.030917518104291067,190,0.0015451703704155583,0.047980206774932976
1176,0,0.005867514341328905,0.0312507514095127,190,0.001157951062569854,0.035956378973545144
1177,0,0.01253917477480475,0.03207129122592311,9,0.0036540713022123277,0.1034996437254534
1178,0,0.017108172626493445,0.03231490295326078,9,0.0033873561651307396,0.09594507804212458
1179,0,0.025386508803600726,0.032402710522420164,58,0.00651698646496877,0.17081841346374932
1180,0,0.03296634099010836,0.03233536110713958,58,0.006606255662209435,0.17315827142199444
1181,0,0.042484539633002964,0.03307215746898113,58,0.005449164663843065,0.14282946076133332
1182,0,0.011652490472396899,0.02764651608158094,15,0.0028431732448022697,0.11353942212292124
1183,0,0.01313651028163497,0.028131753732524786,15,0.0032585343562768296,0.13012647345908968
1184,0,0.008387915531674074,0.02900593874339162,11,0.0014543820079592838,0.05119754244927792
1185,0,0.008272027606131353,0.029364938559478592,191,0.0018812948403190601,0.06350608400160065
1186,0,0.014005817994322886,0.03011550604899397,191,0.001779042210929853,0.06005438470800443
1187,0,0.02046240652688241,0.03038251055232854,10,0.00205784207421239,0.06346145846271505
1188,0,0.024666541711139814,0.03134149616549358,9,0.004163467415725944,0.1179280201591233
1189,0,0.031247688449410168,0.03150599122745669,9,0.004011968347968679,0.1136368889137856
1190,0,0.038831040320130454,0.03206721728368069,58,0.006308849253580657,0.16536287532151125
1191,0,0.04682345915920031,0.03338386358910043,58,0.004821399866936751,0.12637495572095142
1192,0,0.008426182500450628,0.027131282325520225,15,0.002338587641953135,0.09338927549933028
1193,0,0.008744728781231613,0.027618704490854105,15,0.0027986971410645157,0.1117633111786109
1194,0,0.009553587163557942,0.02774652534032396,11,0.001346042298097441,0.04738373915396829
1195,0,0.00671160829578871,0.028462537561999242,8,0.0017893838485364684,0.06339906156538108
1196,0,0.011485621001817905,0.02871129544756207,8,0.0017685935938749576,0.06266244899546036
1197,0,0.017285909783118145,0.029119604166494874,59,0.00466743881629923,0.16382696369642832
1198,0,0.024537929217914853,0.029271912399559934,59,0.004802846545374722,0.16857977096151755
1199,0,0.033165827016007,0.0293519516389959,59,0.004898990856805423,0.17195443343451478
1200,0,0.043016398558030175,0.03087312642029034,59,0.004526089072036118,0.15886559187490049
1201,0,0.05292126055672142,0.03105247324463641,59,0.004635586289861533,0.16270894096539107
1202,0,0.006484023172082271,0.026155406788099012,15,0.0016330491769009417,0.06521426725670386
1203,0,0.006126834396790891,0.026390651210653763,15,0.0018594959936112235,0.07425720572619854
1204,0,0.010469527018437782,0.027081403757452608,193,0.00116054795445642,0.04383372558671909
1205,0,0.015011181789432825,0.027381326781585932,8,0.002283977972166616,0.08092286078797385
1206,0,0.017714903722148782,0.02782900320274029,59,0.00484172441434188,0.1699443830064864
1207,0,0.01889834396347732,0.02795329070685105,59,0.004794987728796769,0.16830392673326178
1208,0,0.025445579274093952,0.02845230185800239,59,0.00460556544670122,0.16165521026293694
1209,0,0.0340655502884072,0.02857394304875897,59,0.0046941068637807734,0.16476301137023106
1210,0,0.043712624047864024,0.028626560564919402,59,0.004788498607602348,0.16807615877224905
1211,0,0.0534375554744236,0.029565263652075548,59,0.004068072032193793,0.14278920739256692
1212,0,0.007934518378660414,0.025861050784098817,15,0.0016344496009868328,0.06527019186197713
1213,0,0.0077291115206212235,0.025778657123417027,193,0.0014638339125234274,0.05528879162614107
1214,0,0.010288697068793543,0.026000715960105968,14,0.00286275678235159,0.12270048137479338
1215,0,0.017264187527529343,0.025778833527742708,67,0.004885270060201933,0.22513830960253897
1216,0,0.02245417234366253,0.02615539938307934,67,0.005072560365737339,0.23376960782629394
1217,0,0.029664770852893856,0.026325788392442692,59,0.005322278390702474,0.1868118132906232
1218,0,0.03476672178437735,0.02671536984462315,59,0.0049913026442763506,0.17519457443045888
1219,0,0.04184353231016474,0.02680373451578971,59,0.005002940402828762,0.1756030594096761
1220,0,0.04971207117011822,0.02688106999335374,59,0.005020882768687971,0.17623283591793582
1221,0,0.05834245586866053,0.027956260220433748,59,0.004747376281069994,0.16663276633346602
1222,0,0.009372247900658647,0.025617402164047967,7,0.0024687047290674414,0.10629773578311394
1223,0,0.010067414182663803,0.024835656030936605,186,0.0012584042620794333,0.05107682721687572
1224,0,0.012487741268516095,0.024410175261778966,14,0.0021366993759850557,0.09158096964535914
1225,0,0.012384253536975863,0.024272364016011343,67,0.003832323900946465,0.17661314815272075
1226,0,0.01814559284816289,0.024413348919386235,67,0.003935843164797318,0.18138384696516613
1227,0,0.026631837321876607,0.024551569648189258,67,0.004056543951921681,0.18694635852460934
1228,0,0.036600168298416336,0.024976034100274807,67,0.00425673596846457,0.19617223378738374
1229,0,0.04616836077633254,0.025052175610265452,67,0.00433020645124265,0.19955813059441832
1230,0,0.05583152919651853,0.025119891670714625,67,0.004398513621039646,0.20270607544748007
1231,0,0.06525413420321044,0.025164656532426048,67,0.004450458466339414,0.20509996043628081
1232,0,0.00612683250143168,0.024437633611653357,7,0.0013260052732069192,0.05709526802405794
1233,0,0.005913044899829544,0.024319213104541004,186,0.0010956239256135407,0.04446980642831415
1234,0,0.011812462217315247,0.02389136306694623,186,0.001027078910450362,0.04168766240546849
1235,0,0.017357116804818128,0.023711142764786405,67,0.004077542714338435,0.1879140892367284
1236,0,0.022444610113588514,0.02310765736035884,67,0.003788234388407586,0.17458127720149788
1237,0,0.03016847006573751,0.02312828885121782,67,0.0038259342040507286,0.17631867813565907
1238,0,0.03946527072193601,0.023193628163694198,67,0.003746968517537098,0.17267953414582857
1239,0,0.048883178812402325,0.023386625948014356,67,0.0035035460969396084,0.16146138005868035
1240,0,0.05812237441254271,0.024151042595800087,67,0.0042161324747916834,0.1943010164714892
1241,0,0.06708489022211558,0.024210574177277983,67,0.004255157036920599,0.19609946852069285
1242,0,0.005440717963844445,0.024381357829659694,7,0.0013190144540852328,0.056794256633284905
1243,0,0.005136531124309477,0.024002807888587954,7,0.0012314063147455304,0.05302201658435052
1244,0,0.009314854965081335,0.023556816875610717,6,0.0023287233379405362,0.10955881985538947
1245,0,0.015912921841035352,0.02250415853490651,6,0.001401950350991587,0.06595718067837279
1246,0,0.021572301620274514,0.022419920488505784,68,0.003772845696002707,0.1978969197869817
1247,0,0.029238707428901483,0.022586685983676802,68,0.0038108083774358245,0.19988817475148452
1248,0,0.03869961985608384,0.022648446794175728,68,0.003873024216249771,0.2031515795804411
1249,0,0.0485441176128653,0.022705837946639194,68,0.003930836347794108,0.20618399693349254
1250,0,0.0565520528832871,0.022776963304966015,187,0.0026972511482989386,0.11371708681545714
1251,0,0.06386110099039084,0.02361161632980386,187,0.0027712913538358017,0.11683864873829837
1252,0,0.008355888256654691,0.02452783968042208,7,0.001633616016457571,0.07034040225380317
1253,0,0.008811930673586734,0.024089449979922357,186,0.001435506795049777,0.058265165455058096
1254,0,0.01179884079979469,0.023327145077430146,6,0.002280672646744158,0.10729819192465097
1255,0,0.013046385543988855,0.023142815283712627,187,0.0021422903803153736,0.09031973953032942
1256,0,0.018192813666178722,0.02251527293951854,187,0.002339758140483098,0.09864505192862383
1257,0,0.026022804724495027,0.022467675763922862,187,0.002423451911080221,0.102173611656148
1258,0,0.03451594498275109,0.022481144600408873,187,0.0024770190761697667,0.10443202276732223
1259,0,0.043309612357939675,0.022508964717185175,187,0.0025154595358092354,0.10605268648964723
1260,0,0.051326599795736526,0.022777156796530265,187,0.002387446018840923,0.10065559017853123
1261,0,0.05981833898771598,0.023679585984994346,187,0.00232735933259191,0.09812231369037722
1262,0,0.01201501571429683,0.024686277239441435,7,0.0018820821877039405,0.08103888357123698
1263,0,0.012297351285386641,0.024551176346028387,1,0.002118745285324573,0.0815756142091584
1264,0,0.007539450871429559,0.023739296671512276,5,0.0015873351649962999,0.06899313280216411
1265,0,0.003242010961980242,0.023343314112264275,187,0.0013652123026361642,0.057557845897411614
1266,0,0.012414527830819812,0.02320347380703699,187,0.0018799220124158479,0.07925819396796065
1267,0,0.02225024600368497,0.022343073896695837,187,0.0022967664663760016,0.09683250735343223
1268,0,0.03157207586780602,0.023058556645378744,187,0.002132722307115679,0.08991634609349927
1269,0,0.04093791291122814,0.02280674097534565,187,0.002247670836646657,0.09476261779505261
1270,0,0.04971638824866705,0.023594379247103944,187,0.002278881020437673,0.09607845046489043
1271,0,0.05855165672208686,0.023687894734681515,187,0.0022716947778937146,0.09577547587249342
1272,0,0.011684657974527984,0.02781056008279351,2,0.0021797626070174324,0.07544096297344588
1273,0,0.01013112557119392,0.02741843786752268,2,0.0015266610554778865,0.052837304295672766
1274,0,0.013447166274940574,0.0249268813595466,1,0.0019154104403358077,0.07374684640730272
1275,0,0.009960308969208728,0.02571023177166551,7,0.002544877658677594,0.10957759742480341
1276,0,0.012876757016756942,0.024814189234553665,7,0.0019416268324427542,0.08360276285547069
1277,0,0.0101733852905019,0.025901031409022782,15,0.0017244947252720404,0.06886605834497089
1278,0,0.0095704170484363,0.027903392008672152,2,0.001982660207644611,0.06861930507125422
1279,0,0.01287676324457347,0.02719132134959346,2,0.00176808102651471,0.06119278073031083
1280,0,0.008621215275562956,0.02498842843743245,7,0.001822996057468232,0.0784947470504573
1281,0,0.012814135344825254,0.027393380068748675,15,0.0027133882418953394,0.10835658134555619
1282,0,0.008426184337231126,0.027799115237144668,2,0.0012130133861944002,0.04198204779712239
1283,0,0.013929039509445759,0.025487464718405517,1,0.0017389520453635707,0.0669528716657767
1284,0,0.009933353237884973,0.024680066375894386,7,0.0016392587740334307,0.0705833686753539
1285,0,0.00936652055206731,0.02614899782621213,15,0.0018151001048936882,0.07248429809250524
1286,0,0.007337596625605721,0.027772905919997183,2,0.0016282050900619138,0.05635171441013467
1287,0,0.015980173533719826,0.026255546188207628,2,0.002918932033200408,0.10102340627816633
1288,0,0.00797497732646934,0.024587972000410675,7,0.0014937732156623178,0.06431903691388269
1289,0,0.010484891047240328,0.026858630343553114,15,0.0023157679882188412,0.092477994309282
1290,0,0.006687594458944112,0.02790574102460623,2,0.0011512378542857457,0.03984401423310848
1291,0,0.014751731582224502,0.025998258553710435,1,0.0019082367511162829,0.07347064609748648
1292,0,0.017835588097040684,0.025992592380943418,1,0.0020885746926417766,0.08041399056038817
1293,0,0.014579870017153789,0.026591931115092445,2,0.0024382619061535512,0.08438755008894533
1294,0,0.011216333394162269,0.027268503827739345,2,0.0016952832070383289,0.05867326893302393
1295,0,0.015575723644357546,0.02574873998778982,7,0.002680620441192121,0.11542242376644718
1296,0,0.013071034090468852,0.025679574648621622,7,0.0025545065162720262,0.10999219774067548
1297,0,0.01674382225533045,0.025969726586813624,7,0.002841510904874186,0.12235006148558392
1298,0,0.013778074851854272,0.0269040239802653,2,0.0023229751228704986,0.0803975073563172
1299,0,0.010035395836761994,0.027308249243846353,2,0.001682003365644412,0.05821365740483896
1300,0,0.012649873962206123,0.026350757528331742,15,0.0021533575126814904,0.08599228628113753
1301,0,0.013443170875883466,0.026926883809420456,15,0.0024442565862913715,0.09760906439134938
1302,0,0.012081781113532064,0.02740599284258298,2,0.002120598268276628,0.07339330206123273
1303,0,0.011480950983873224,0.025758691847271413,7,0.0025371202601737583,0.10924357858212208
1304,0,0.015678671059812414,0.026385871791073403,7,0.003165870408721231,0.13631636552863546
1305,0,0.010520626018308023,0.027477953858752104,2,0.0019402224427993598,0.0671505461173849
1306,0,0.011684666201526658,0.025624715798742478,7,0.0024584090372448105,0.10585442285217472
1307,0,0.014051695556775356,0.026707832228466975,2,0.002676763311124318,0.09264201578332384
1308,0,0.008658458584488382,0.02487769938672551,1,0.0017172173440417942,0.066116045444967
1309,0,0.007084760036938435,0.02533922191144371,1,0.0011818863669112037,0.04550481219900039
1310,0,0.009297566558266737,0.025484327737690913,1,0.0012008574000713804,0.04623523208143881
1311,0,0.013824700310285225,0.02634852171156863,1,0.0015950555773741816,0.06141259136872122
1312,0,0.014627606266098343,0.027298663526672543,2,0.0017609121667260565,0.060944668534910956
1313,0,0.010194442158014266,0.027868425186717134,2,0.001094254699949458,0.03787184349187526
1314,0,0.0056628751980066705,0.02843744689031475,2,0.0006258112817038198,0.02165915021176662
1315,0,0.0015007572330326688,0.028690591767582395,2,0.00043542158809439243,0.015069817144085618
1316,0,0.004405962737949651,0.028690442973364403,2,0.0010271818399891226,0.03555047091281518
1317,0,0.008799754261375805,0.02862337017908525,2,0.0021892517863335596,0.07576938076680177
1318,0,0.013091527365471964,0.028399259931513633,2,0.002580554967511631,0.08931227241363071
1319,0,0.011974779805520464,0.028014519624574748,15,0.003140341527449422,0.1254065551394199
1320,0,0.007791302126262339,0.027143791571873833,15,0.0023601115559038245,0.09424881255225255
1321,0,0.005430853771507763,0.026118480401431717,15,0.0016123900554248637,0.06438926486958262
1322,0,0.007114965577710136,0.025766843855323157,15,0.0016178418350530212,0.06460697650908756
1323,0,0.009547974697562831,0.025098547685327814,7,0.002087783086497808,0.08989597349895763
1324,0,0.0051573640693672144,0.02432164392332262,7,0.001351716047751783,0.05820232513265818
1325,0,0.004219454309765627,0.02399910451806718,7,0.0011531562429524236,0.04965271714625391
1326,0,0.008239552478435917,0.024136866668911593,7,0.0014074057381321167,0.06060021740555398
1327,0,0.012742799851853599,0.02460746909542272,1,0.0021142731837792937,0.08140343002407076
1328,0,0.013550451915799705,0.025443182128855206,1,0.0018578783706355284,0.07153175526112682
1329,0,0.008193873419171186,0.02493745512965099,1,0.001690644288493874,0.06509293363310822
1330,0,0.009400808057422525,0.024300519395641512,1,0.0018153110510831672,0.06989283468781711
1331,0,0.008394300952134162,0.02389322140485447,187,0.0020639677041887467,0.08701762709399671
1332,0,0.015004033110040763,0.023648134782517653,187,0.002291923264048629,0.09662831618648286
1333,0,0.023663484177451528,0.0236157002602071,187,0.0024340877345563417,0.10262202183194889
1334,0,0.03253406985791048,0.02364929177908741,187,0.0025217918264661366,0.10631965816072268
1335,0,0.04111959289547137,0.023699010626111856,187,0.0025800864158205196,0.10877737919373236
1336,0,0.0496084042519259,0.02375109826260545,187,0.002619242888352379,0.11042823027932767
1337,0,0.05797455348800283,0.023858157787548556,187,0.0024330637882451606,0.10257885188404234
1338,0,0.012839225575166105,0.025868546961380842,188,0.002070867655051372,0.07844974581555833
1339,0,0.006566215560663504,0.02538702952442961,1,0.0011590717478063778,0.04462640714516256
1340,0,0.006358756975431602,0.02495946899052945,1,0.0010655591445576258,0.04102599887563068
1341,0,0.014925194299589498,0.024501272169918983,188,0.0019764666667827493,0.0748735957335642
1342,0,0.023378489063765433,0.02407070487974147,187,0.0029457748845652973,0.12419493768615814
1343,0,0.030106193981275675,0.023854737038469277,187,0.0026925650605267044,0.11351951965514429
1344,0,0.038024439496621106,0.023838840359161062,187,0.0027164476411545256,0.11452641791760082
1345,0,0.0459062705015709,0.023842846047297604,187,0.002726721320270186,0.11495955995580015
1346,0,0.053657877098566814,0.02386901085113139,187,0.0027322273818983596,0.11519169751131743
1347,0,0.061076315608832366,0.023895326732916215,187,0.0027377010261610225,0.11542246833894566
1348,0,0.013668663648656376,0.02607470613185704,188,0.0020860297742560942,0.07902412554220781
1349,0,0.008968763279371355,0.02551223363473797,1,0.0012075182849964699,0.04649168847697833
1350,0,0.009343593934937475,0.025630086634489666,188,0.001543354858058727,0.05846621633332271
1351,0,0.01637791608639202,0.025269441403413084,188,0.0016812064141109918,0.06368838468686296
1352,0,0.025244574155071437,0.02515128228190398,188,0.001746772286203401,0.06617218706181352
1353,0,0.03370153553588322,0.024600101801645673,188,0.0020810338512428166,0.07883486724289074
1354,0,0.04208505819652146,0.02455980335831627,188,0.0021074858365829775,0.07983693587880317
1355,0,0.049902640428095585,0.02454727634743296,188,0.002111906293334313,0.08000439404914306
1356,0,0.05766663975575826,0.025103954501914147,188,0.0016435364119969994,0.06226134897866317
1357,0,0.06494026440252687,0.025131439528592904,188,0.0016392956255802651,0.06210069717861243
1358,0,0.014550415455972411,0.02626885657887854,189,0.0031850198484964605,0.10823438853738969
1359,0,0.013075130948575634,0.026341045564020466,188,0.0018579333045954244,0.07038324980944068
1360,0,0.015465145472361393,0.0261126096361509,188,0.0017060688604462453,0.06463023753322711
1361,0,0.021334842572379092,0.026037199069464573,188,0.001717338356767678,0.06505715478200891
1362,0,0.029227700840363767,0.025986159337530054,188,0.0017013426571488763,0.06445119690431639
1363,0,0.03699508723051483,0.025852352632452953,188,0.0016273871426070988,0.06164957348656237
1364,0,0.044858144314700525,0.0258279431745216,188,0.0016051693444394187,0.060807906654505625
1365,0,0.05239270415535544,0.02580614767814399,188,0.0015874992432578692,0.06013851817724276
1366,0,0.059583890846430954,0.025793865280084875,188,0.0015701388603610285,0.05948086261813648
1367,0,0.06669928036232325,0.026395512210507163,188,0.0016005327044800203,0.060632258913151514
1368,0,0.01224490022842572,0.026469168956297258,189,0.002973444203076327,0.10104455560047348
1369,0,0.014066949075240174,0.027291439613594683,189,0.002211174641833182,0.07514086149923786
1370,0,0.021716004111808917,0.02728923663496058,3,0.00352219716858916,0.11994760979493606
1371,0,0.02772879624532232,0.027668585329695808,188,0.0030453056195769348,0.11536393994263984
1372,0,0.03498812371143386,0.027828295163046746,188,0.0030711819582416255,0.11634420161505074
1373,0,0.042211013043397805,0.028271476603773688,188,0.0035265090348827093,0.13359315199500543
1374,0,0.049517514000413036,0.028081563519135447,188,0.003238423974016023,0.12267975550483208
1375,0,0.05635636638763982,0.02806907905490876,188,0.003202596536262207,0.12132252083164874
1376,0,0.06306426561822392,0.027566600487565106,188,0.0024495091267365816,0.0927936499933445
1377,0,0.06971597400826945,0.027573922451196522,188,0.0024546173509003267,0.0929871625465186
1378,0,0.009452013625831262,0.027311485245441306,189,0.0021481415403495404,0.07299884998244378
1379,0,0.00977553909139549,0.02785266929281436,189,0.0016681406556884886,0.05668730257616306
1380,0,0.017057940249719517,0.02825439877044165,3,0.0026788880251623574,0.09122891199620455
1381,0,0.02513601241804477,0.02912968439765368,189,0.0018945650125120994,0.06438172929138247
1382,0,0.03327720478069938,0.02920235967282246,189,0.0018947574118033169,0.06438826746716489
1383,0,0.04132903100134578,0.03007382413571129,189,0.0022238822290614993,0.07557269489396279
1384,0,0.049090070919319315,0.03027126838339176,189,0.002159636470923385,0.07338947448122897
1385,0,0.05631067814899852,0.03062114428222304,189,0.001861040677638431,0.06324249435446769
1386,0,0.0633307125402778,0.030628327680454592,189,0.0018132578431222946,0.06161872240878305
1387,0,0.07030501342437818,0.029709857271474818,189,0.0006117773494238925,0.020789618428022672
1388,0,0.007818785373726583,0.027687164931272122,189,0.001835014114518762,0.06235805115505813
1389,0,0.005634396424649174,0.028452079723327514,2,0.0007448429764053919,0.02577880326193751
1390,0,0.014101226073593752,0.02903663054765427,189,0.0010593178112005062,0.03599808510335575
1391,0,0.02212698496923832,0.029898212208610622,189,0.001408869522798668,0.04787666594952691
1392,0,0.030754694692274227,0.03072206147535563,189,0.0020161477067461037,0.06851339226150745
1393,0,0.03929504328933228,0.03131130116062381,189,0.0022981392879844226,0.07809612261165867
1394,0,0.04727027230454356,0.03136876760216331,189,0.002315092976172961,0.07867224840108075
1395,0,0.05491245072966236,0.03138474785102103,189,0.0023013612950876262,0.0782056139132099
1396,0,0.0621425707761901,0.03228219460483954,189,0.0033779261163829856,0.11478979256715868
1397,0,0.06924595508664314,0.03232519628805058,189,0.0034549922565387968,0.11740867940412411
1398,0,0.007016298482483523,0.02777182075263274,189,0.001782634984096276,0.060578086375223494
1399,0,0.002406569704870413,0.02879895519517515,2,0.0007800106249975806,0.026995945563014358
1400,0,0.012279885614858118,0.029657242388906786,189,0.001151474453509675,0.03912978233114553
1401,0,0.01900022478615715,0.030842992968051944,12,0.0018371217944015653,0.05731936780628605
1402,0,0.025973298364822678,0.03143741870972528,12,0.001221067328539246,0.03809807685808843
1403,0,0.03388403236617064,0.03175716510763938,12,0.0019333453943942017,0.060321605293441605
1404,0,0.04298273078723241,0.032717867379899006,192,0.0019290968715133991,0.062334232091905264
1405,0,0.050294407525877036,0.03286540768679457,192,0.002014404368549353,0.06509074338894913
1406,0,0.05665721109821414,0.032733709188226115,190,0.002080024437248649,0.06458834864226885
1407,0,0.06224604441508632,0.03274238432819193,66,0.012409743675270273,0.2818412246755553
1408,0,0.006838253256972861,0.028073441070305502,189,0.0016951996581501603,0.05760683046772496
1409,0,0.004734511981503518,0.028745543622745458,2,0.0014216766473967826,0.049203823834388594
1410,0,0.010707566480951697,0.030203940122865026,192,0.0014083203016140682,0.045506561042568984
1411,0,0.012687968743037632,0.030480030304380065,12,0.0025241589147524932,0.07875536269675791
1412,0,0.02114548944959421,0.03165297714210649,12,0.0022355665681499594,0.06975109803047415
1413,0,0.02832008496425815,0.03254116527075233,190,0.0020711669907588085,0.06431330964189884
1414,0,0.034783690659833666,0.03281555838522398,190,0.00193470048008802,0.06007578896120064
1415,0,0.03994472555981451,0.032990474035169845,9,0.004034810416858368,0.11428387847597712
1416,0,0.04662259857082719,0.03292195137778557,9,0.003726571183974831,0.10555316466469
1417,0,0.05190218752773917,0.03288908545526592,66,0.011974444698324064,0.27195502557484225
1418,0,0.009525477069464832,0.02793277381687339,189,0.001957825012385846,0.06653145134364614
1419,0,0.00924551473296111,0.02860437508087879,2,0.0022692038499514643,0.0785364989161043
1420,0,0.00371960382309733,0.030144832220659383,192,0.000987530980502136,0.03190974297121468
1421,0,0.008470615830085751,0.030797852601517194,192,0.0006142834775317461,0.019849127031472964
1422,0,0.012603156665855583,0.031104622219197915,190,0.001909911308146975,0.05930604238937708
1423,0,0.01913521984352933,0.03252583372875393,9,0.0038676296823747986,0.10954857228577417
1424,0,0.02291748134835938,0.03285526008232053,9,0.0035491769783560045,0.10052856728767869
1425,0,0.029916778902187965,0.03310641494540265,9,0.0031545862216828336,0.08935199207736355
1426,0,0.03673908917915355,0.03310569239631182,58,0.006313827095123732,0.16549335081036376
1427,0,0.04471686725457074,0.032920723262148524,58,0.006332327171601753,0.16597826108751726
1428,0,0.011480944103060551,0.02781037403807318,189,0.002136910540259705,0.0726171944558823
1429,0,0.013103809922438616,0.02840567995191007,2,0.0026304837764251246,0.09104029426904968
1430,0,0.007084749577430423,0.0298419140194239,192,0.0012629397645613034,0.04080893062695202
1431,0,0.0045141787559422365,0.0306175402150103,190,0.001955135582717562,0.06071033416631527
1432,0,0.005894872342069845,0.031192636499130278,190,0.0012096457308906458,0.037561587643528974
1433,0,0.013867304051923723,0.03197943239760989,9,0.0037555917923874312,0.10637515810241562
1434,0,0.01811008751042909,0.032231886605291,9,0.003479064247694778,0.09854266114521722
1435,0,0.02615231018925479,0.032333346132836546,9,0.0033855084925227047,0.09589274368933375
1436,0,0.0338903588376783,0.03228147767778955,58,0.006664338115729661,0.17468068559513092
1437,0,0.04259169484889511,0.033014204304731,58,0.005514906749564857,0.14455264353011144
1438,0,0.012157005617046496,0.027634268280241427,193,0.0025495248028899525,0.09629517690956285
1439,0,0.01205511928450318,0.028066768557513708,193,0.0024627650020900924,0.0930182719909714
1440,0,0.009058007307051556,0.028611636964135052,11,0.0014764871181032267,0.05197569241864426
1441,0,0.007596138645048509,0.029370935130254593,191,0.0018706213769451518,0.06314578435739578
1442,0,0.013475041565750375,0.030125806023074648,191,0.001789864327799765,0.060419702386172947
1443,0,0.020349403975561533,0.030357981635974127,10,0.0020820804079159753,0.0642089405104442
1444,0,0.025074066975189737,0.031310352782857105,9,0.00420135588683862,0.11900119113394526
1445,0,0.03154999030672594,0.03146392848166451,9,0.004058266713220825,0.11494826570760096
1446,0,0.03918708563899844,0.03202560968286988,58,0.0063603331957788,0.16671233421212264
1447,0,0.04672601274200589,0.03333011096792868,58,0.00488262587810097,0.1279797664944591
1448,0,0.009737068563823498,0.027227530074337848,193,0.001999763017042844,0.07553075509799376
1449,0,0.00811495072858736,0.027629671630842755,193,0.002053090155642317,0.07754491328139179
1450,0,0.010162835165056028,0.02772567860675171,11,0.0013914858788755659,0.04898345617687055
1451,0,0.007900661478294048,0.028474937185318298,8,0.0018655105882506517,0.06609628265735568
1452,0,0.01223176047379935,0.028720873648409605,8,0.001823566185282216,0.06461016452328736
1453,0,0.018412546567216036,0.029121742015305336,59,0.004710874969755336,0.16535157139144857
1454,0,0.025219075228542772,0.02926457804594888,59,0.004822927323807796,0.16928460568754825
1455,0,0.033763534873143826,0.029334126801984394,59,0.0049113591256171605,0.1723885593021174
1456,0,0.04296650590539798,0.030842882052562633,59,0.004531449562941244,0.15905374494631136
1457,0,0.052588863703687296,0.030989662314979675,59,0.0046516191411312855,0.16327169356832774
1458,0,0.009519856206750188,0.026608114963044768,193,0.0018866593270510429,0.07125884535836728
1459,0,0.005420970639267497,0.026394780717380165,193,0.0011874974277907664,0.04485160323176447
1460,0,0.009775530383963829,0.027076191844481744,193,0.0011530821635885042,0.043551743763447226
1461,0,0.015167550171448189,0.027391384827922492,8,0.002299785600785235,0.08148293559853738
1462,0,0.01864696512783247,0.027829965710161733,59,0.00487877523850719,0.17124486583322557
1463,0,0.019676840567380238,0.02797034150140809,59,0.00482624905527732,0.16940119836337864
1464,0,0.026090713987980477,0.028455670511484486,59,0.004626087680025495,0.162375540042525
1465,0,0.034322746359447986,0.028578481174469532,59,0.004706935559793047,0.16521329821888472
1466,0,0.04366475359886278,0.028628124465984055,59,0.0047978200332204155,0.16840334053433176
1467,0,0.053119496905966644,0.029548120821053393,59,0.004091804476108679,0.1436222154684509
1468,0,0.009824793074711574,0.026176642137883392,193,0.0018557566345562225,0.07009165520693302
1469,0,0.006727566728959273,0.025905264312588022,193,0.0013868401144746705,0.05238074719541418
1470,0,0.010606931420222341,0.026023467930755172,14,0.0028892337843084972,0.12383531088790528
1471,0,0.01778138461211894,0.025802219166339433,67,0.004917825339598993,0.22663862391101539
1472,0,0.02305977346144148,0.026184923564637422,67,0.005107870978234399,0.23539690202101649
1473,0,0.0303598384720835,0.026327930397921702,59,0.005340566685101071,0.18745373188033151
1474,0,0.03522489429727363,0.026716882629489923,59,0.005004691128636171,0.17566450983346982
1475,0,0.042042981827307424,0.02680283431708649,59,0.00501283626338713,0.17595040382108637
1476,0,0.049696966678996625,0.026875468410265915,59,0.005028609120953639,0.17650403065276837
1477,0,0.05806328366263916,0.02794655854779611,59,0.004753766804740508,0.16685707352432078
1478,0,0.010019354183044954,0.02598587089551343,186,0.002112034882068536,0.08572447185546779
1479,0,0.008932810996791548,0.02522486830907766,186,0.001291939556038037,0.05243797678288268
1480,0,0.012449037756959366,0.024667960129761943,14,0.002195302223766569,0.09409274349812032
1481,0,0.013254360674257332,0.024314636778291866,67,0.003889215996840334,0.17923502783213438
1482,0,0.01897763800430653,0.024446095411424503,67,0.003976770975429925,0.18327001047056243
1483,0,0.027221340999880973,0.02457078503040318,67,0.004079960012933332,0.1880254907585999
1484,0,0.03680908676435618,0.02498780599151061,67,0.004270659568665312,0.19681390472351357
1485,0,0.04637349968699904,0.025061658222939744,67,0.004341410317660265,0.20007446224347566
1486,0,0.05544309569279658,0.025124440538053586,67,0.004404922029705023,0.2030014077988927
1487,0,0.06493366114288027,0.025169097295890817,67,0.004456625176570255,0.2053841540837294
1488,0,0.008896719814583377,0.025602462732484017,186,0.0018511647516624718,0.07513612677566281
1489,0,0.005115605043003277,0.024491878189562177,186,0.001016274019203176,0.041249107340168796
1490,0,0.011139571095630216,0.023932300703076944,186,0.0010027628100126656,0.04070070670445067
1491,0,0.017663377808578944,0.023740346928597403,67,0.00410012301690213,0.18895470543334744
1492,0,0.022936195563854962,0.023148722918627733,67,0.003818463018670653,0.1759743675803634
1493,0,0.03039338495804308,0.023167715885678047,67,0.003846338021981082,0.17725899075331766
1494,0,0.03957247111213932,0.02321507488987232,67,0.0037619303688108665,0.17336905301843752
1495,0,0.0485706255642451,0.02408995686286345,67,0.004174175162991514,0.19236740827015134
1496,0,0.057581965213176774,0.02415964622075776,67,0.00422180356365262,0.19456236934329016
1497,0,0.06631628841126591,0.0242174695597681,67,0.0042600397175501705,0.1963244874960461
1498,0,0.008596299373300123,0.025563119513525058,186,0.0018639512004409399,0.07565511042396678
1499,0,0.0041165191371958666,0.02419486930989133,186,0.0011593360232799122,0.04705578924972688
1500,0,0.009933350926303802,0.02362297763164191,6,0.002392890573100982,0.11257767849051567
1501,0,0.015892684720880228,0.022567086006369832,6,0.0014556910033514693,0.06848550267990967
1502,0,0.02252331818678145,0.02246959353543702,68,0.003823320417026953,0.20054446824844901
1503,0,0.029954399608655136,0.022626100811958465,68,0.003850019806907487,0.20194493024538343
1504,0,0.03900602646128158,0.022675816441814357,68,0.003900069699144547,0.20457019517998662
1505,0,0.048496589977666454,0.02272562492462352,68,0.0039503113208108395,0.20720551689043887
1506,0,0.05566704197827113,0.02279912705891604,187,0.002692662364709489,0.11352362203478668
1507,0,0.06290590679391009,0.023617455644448507,187,0.0027717272923827294,0.11685702806556957
1508,0,0.009087554601068429,0.02552899073302564,186,0.0019054914195018003,0.07734116843843718
1509,0,0.0076383819088141685,0.024222460309176297,186,0.0013807555227484322,0.05604288970511839
1510,0,0.012041765799761232,0.023364732067547685,6,0.002306175206851484,0.10849800400328147
1511,0,0.012872589395463532,0.02318900534456729,187,0.002151524727027554,0.09070906293738971
1512,0,0.018015079254030533,0.022552476347390757,187,0.0023286912886410147,0.09817846944056234
1513,0,0.025892652841385342,0.022499824672726428,187,0.0024176564948229563,0.1019292748045075
1514,0,0.034232014246024144,0.022504021455432253,187,0.002472201173546238,0.10422889824506418
1515,0,0.04283275713561644,0.022525921618624458,187,0.0025113703693734326,0.10588028574940608
1516,0,0.05094803687929889,0.022793195220166054,187,0.0023854745283275096,0.10057247142334559
1517,0,0.05887133678481066,0.02368980557672292,187,0.00233190724059281,0.09831405514140716
1518,0,0.011254509176787764,0.025616381812550527,186,0.002056344402239502,0.08346407501673479
1519,0,0.0120640173661016,0.024672119698401773,1,0.002076731759538862,0.07995801572065644
1520,0,0.008193869919812085,0.023787088847226218,5,0.0016511965941336552,0.07176885412338856
1521,0,0.0028172014431524298,0.023384637720764986,187,0.001312962850743198,0.055354990052593575
1522,0,0.012174635591696353,0.023245228476602483,187,0.001885658253998102,0.07950003599383763
1523,0,0.02193958186617283,0.023049666241200743,187,0.002043233472642328,0.08614346437084693
1524,0,0.03129228157089539,0.023078896997315957,187,0.0021318176030053993,0.08987820344003675
1525,0,0.0403414808223719,0.023537517712974812,187,0.0022167423446149154,0.0934586613519669
1526,0,0.04904089424526127,0.023604601635613717,187,0.002281241330645358,0.09617796199942737
1527,0,0.057254138614792734,0.023696934608640936,187,0.002273388702201184,0.09584689233575186
1528,0,0.01211723506386254,0.027665447118677047,189,0.0022275775031141607,0.07569826890812684
1529,0,0.010454152014515586,0.027183022981284277,189,0.0022895866110349077,0.07780548274000275
1530,0,0.013656878554402526,0.0258314595164306,186,0.002237381120660347,0.09081209620939347
1531,0,0.01137300966555905,0.02620633891351978,186,0.0022812415301154405,0.09259232742992142
1532,0,0.012509200122074142,0.025789472165978173,186,0.0021635409251404706,0.08781502839749904
1533,0,0.011666285974422227,0.026397761773638083,193,0.0022924095937903828,0.08658397326945023
1534,0,0.011023427940101027,0.02772372605483741,189,0.0021262217568875992,0.0722539647155607
1535,0,0.011911920770291464,0.02671541652436766,189,0.0027553516499104194,0.09363326296830564
1536,0,0.010910967870624493,0.025776967081942086,186,0.0020105529447645674,0.08160546532195255
1537,0,0.013132426349940092,0.027543814051170526,193,0.0025586674608088,0.09664049375477302
1538,0,0.009775536947528805,0.027240128074487103,189,0.002244089181039735,0.07625937415990243
1539,0,0.015061112982890725,0.025927959502163558,186,0.002335842068134895,0.09480848509118028
1540,0,0.01163405869401559,0.025777690398621097,186,0.002102751776317066,0.08534768388454952
1541,0,0.011753303525396625,0.026657090715287823,193,0.0020130170817970693,0.07603135917481317
1542,0,0.009981818354202827,0.027506780254941014,189,0.00209378937080472,0.07115183674039405
1543,0,0.013994335455740713,0.026271942038628204,189,0.0031839049298326666,0.10819650100588761
1544,0,0.010747551351735888,0.025745992376228904,186,0.0020257856120112568,0.08222373747539047
1545,0,0.012258042491756214,0.02696892894814716,193,0.002177217522485204,0.0822331856747041
1546,0,0.009587211118140716,0.027520522180874384,189,0.0020462055099419855,0.06953482638262265
1547,0,0.01608052958747319,0.026104034985600696,189,0.00336232670008142,0.11425968808892846
1548,0,0.015589483486238485,0.026395192619000463,189,0.0031054177572871723,0.10552932418044322
1549,0,0.013746899645425541,0.026545283275582046,189,0.00294736362509995,0.10015827685049726
1550,0,0.011634064468795955,0.02706286965771702,189,0.0024240431460716997,0.08237462878831801
1551,0,0.014203526641749946,0.0259388418517177,186,0.0022908315019675774,0.09298157065649544
1552,0,0.013479028383359123,0.025932966857250807,186,0.0022385623321083165,0.09086003989081017
1553,0,0.015238100995868887,0.026373369860164454,186,0.0026712417658450852,0.10842187859656112
1554,0,0.013526686325146309,0.026751778793320132,189,0.0028074213066318424,0.09540271111138564
1555,0,0.011657083836869383,0.02706249357349392,189,0.0024454660425917156,0.08310262868026164
1556,0,0.01363723934667499,0.026558623206377228,193,0.002438059394944531,0.0920851448419265
1557,0,0.014101221911643027,0.02670702055864014,193,0.002507124531204446,0.09469372488276113
1558,0,0.012717518592500697,0.027145322897329283,189,0.002580055969428851,0.08767630769246185
1559,0,0.012976318108076769,0.026413361464533037,186,0.0026321254162125344,0.10683420197169398
1560,0,0.015000458306658512,0.026571810280675758,186,0.0028153505726880535,0.11427104873159026
1561,0,0.011979262754251672,0.026900673797438813,189,0.002684662090437671,0.09123106718634774
1562,0,0.012988714539772631,0.02621671791127953,186,0.002484017803971382,0.10082272605103482
1563,0,0.014051692552635825,0.026721865553264654,189,0.0028732704936978723,0.09764041977155001
1564,0,0.01055117253026887,0.024975185193057713,1,0.0018175323686308346,0.06997835952393576
1565,0,0.009631855699921001,0.02553438638600097,1,0.0015509912091217501,0.05971603165018007
1566,0,0.011125118993255816,0.026016416374097857,188,0.0019156726912602268,0.0725705649651683
1567,0,0.013936730164547176,0.026239856189048952,188,0.0020589963663895975,0.07800003113883928
1568,0,0.012615920567445787,0.027261045129098042,189,0.002209919397082293,0.0750982053606454
1569,0,0.00899264729904941,0.0277825446067963,189,0.0017027407004826254,0.057863092640211646
1570,0,0.00552871362391838,0.028074896838669088,189,0.0014399909318454423,0.048934243873315894
1571,0,0.003291263234124592,0.028495273603984593,189,0.0010617152874273644,0.036079556926386744
1572,0,0.005052310155997943,0.02832064615275857,189,0.0014350429621608266,0.048766100345554605
1573,0,0.008621215184520086,0.028142347497424447,189,0.0017820784941699655,0.06055917555213086
1574,0,0.011839666514163273,0.028021840506928908,189,0.002261164192182413,0.07683962278572161
1575,0,0.011725887353548129,0.027764588558317232,193,0.0023949788249994523,0.09045799804989538
1576,0,0.008081847520251819,0.02719616184637694,193,0.001871607441683345,0.07069033786133805
1577,0,0.006590666440694738,0.02653210575089664,193,0.0016834156126398433,0.06358236015108534
1578,0,0.007424779764363361,0.025998674643659212,193,0.0014079172203638613,0.05317682638555997
1579,0,0.008968763279371425,0.025365823793597416,186,0.0013461178965264655,0.054636998050858844
1580,0,0.006324935980371719,0.025085064486100157,186,0.0012338798236810093,0.050081415376329874
1581,0,0.005440723393777692,0.02458711189097016,186,0.0013490025526887788,0.05475408211424171
1582,0,0.007424777304121605,0.02464896755161614,186,0.0015014150831566726,0.06094028850195023
1583,0,0.011278315139212935,0.02480124237285101,186,0.001911083868395382,0.07756815793176952
1584,0,0.0066554421908315104,0.024910531867524986,1,0.0015841348594836612,0.060992123521219826
1585,0,0.003339785215219659,0.02547531930985622,1,0.0008518416275966542,0.03279747898977912
1586,0,0.007278895671308944,0.02574547126081238,1,0.0009693081205245527,0.03732015633847285
1587,0,0.012847572321368756,0.02631503707640593,188,0.0018380353047990291,0.06962946285330296
1588,0,0.01586228644493921,0.027418467911072063,189,0.0022573162929951773,0.0767088622142041
1589,0,0.011480951856989018,0.027984438173000073,189,0.001716256409068989,0.05832238787982693
1590,0,0.007099876050566014,0.028486499060162047,189,0.001146636526601329,0.03896537831307934
1591,0,0.004319923952791269,0.02878204711353174,2,0.0008449725952646186,0.02924426085102797
1592,0,0.006484025485522137,0.02927896169847749,2,0.0013775942520597101,0.04767814468763264
1593,0,0.010591748016021744,0.028805582710354313,2,0.00231024522053504,0.07995692906230795
1594,0,0.012371255256618096,0.02858407897704665,192,0.002387197520588368,0.07713667804605248
1595,0,0.013435189693260772,0.028223091275831395,193,0.0025311753102869278,0.0956021192721529
1596,0,0.008291451127004268,0.0274202754372262,193,0.001647271108824995,0.06221718755687724
1597,0,0.0049989560440855995,0.026570024364480995,193,0.0011029156937507345,0.041656963574417304
1598,0,0.0065988005929183404,0.025819520533026184,193,0.0013701840899027309,0.051751651596521835
1599,0,0.009737060781093031,0.024883633764838327,186,0.0012192877192700197,0.04948914275123631
1600,0,0.005105112941444151,0.024459761565615773,186,0.0008984886312691741,0.036468367088831395
1601,0,0.00446640971969657,0.02404178769336254,186,0.0012165808189551573,0.04937927354319097
1602,0,0.008445254821460342,0.024083355558614787,186,0.0014216123663285147,0.057701210487279775
1603,0,0.011830616678918323,0.02454249864424198,1,0.002090726051477171,0.08049682185662617
